experiment,participant_id,item_index,nll_base,nll_ours,delta_log_likelihood
hilton2021_comprehension,1,0,3.25,0.369140625,2.880859375
hilton2021_comprehension,1,1,0.72265625,0.400390625,0.322265625
hilton2021_comprehension,1,2,0.53125,0.08251953125,0.44873046875
hilton2021_comprehension,1,3,1.09375,2.03125,-0.9375
hilton2021_comprehension,1,4,1.296875,1.71875,-0.421875
hilton2021_comprehension,1,5,0.52734375,0.44140625,0.0859375
hilton2021_comprehension,1,6,0.8125,0.58203125,0.23046875
hilton2021_comprehension,1,7,0.318359375,0.53125,-0.212890625
hilton2021_comprehension,1,8,0.3359375,0.390625,-0.0546875
hilton2021_comprehension,1,9,0.271484375,0.038330078125,0.233154296875
hilton2021_comprehension,1,10,0.19140625,0.12451171875,0.06689453125
hilton2021_comprehension,1,11,1.4140625,2.015625,-0.6015625
hilton2021_comprehension,1,12,0.1650390625,0.10400390625,0.06103515625
hilton2021_comprehension,1,13,0.06787109375,0.0155029296875,0.0523681640625
hilton2021_comprehension,1,14,0.90234375,0.69140625,0.2109375
hilton2021_comprehension,1,15,1.5,1.6015625,-0.1015625
hilton2021_comprehension,1,16,0.05322265625,0.023193359375,0.030029296875
hilton2021_comprehension,1,17,0.8359375,0.4765625,0.359375
hilton2021_comprehension,1,18,0.71484375,0.83203125,-0.1171875
hilton2021_comprehension,1,19,0.2041015625,0.22265625,-0.0185546875
hilton2021_comprehension,1,20,1.9140625,0.9765625,0.9375
hilton2021_comprehension,1,21,0.578125,0.1787109375,0.3994140625
hilton2021_comprehension,1,22,0.98046875,0.828125,0.15234375
hilton2021_comprehension,1,23,0.08251953125,0.0966796875,-0.01416015625
hilton2021_comprehension,1,24,0.2041015625,0.431640625,-0.2275390625
hilton2021_comprehension,1,25,0.578125,0.828125,-0.25
hilton2021_comprehension,1,26,0.03076171875,0.06787109375,-0.037109375
hilton2021_comprehension,1,27,0.390625,0.25390625,0.13671875
hilton2021_comprehension,1,28,0.08251953125,0.158203125,-0.07568359375
hilton2021_comprehension,1,29,0.3515625,0.5234375,-0.171875
hilton2021_comprehension,1,30,0.060546875,0.05322265625,0.00732421875
hilton2021_comprehension,1,31,0.76171875,2.46875,-1.70703125
hilton2021_comprehension,1,32,0.05322265625,0.3125,-0.25927734375
hilton2021_comprehension,1,33,0.828125,1.140625,-0.3125
hilton2021_comprehension,1,34,0.1318359375,0.2041015625,-0.072265625
hilton2021_comprehension,1,35,0.5234375,0.1787109375,0.3447265625
hilton2021_comprehension,1,36,0.578125,0.283203125,0.294921875
hilton2021_comprehension,1,37,1.140625,1.40625,-0.265625
hilton2021_comprehension,1,38,1.40625,1.21875,0.1875
hilton2021_comprehension,1,39,0.4765625,0.3125,0.1640625
hilton2021_comprehension,1,40,1.2265625,0.4765625,0.75
hilton2021_comprehension,1,41,0.828125,1.40625,-0.578125
hilton2021_comprehension,1,42,0.1455078125,0.22265625,-0.0771484375
hilton2021_comprehension,1,43,0.08251953125,0.1845703125,-0.10205078125
hilton2021_comprehension,1,44,0.03076171875,0.25390625,-0.22314453125
hilton2021_comprehension,1,45,2.578125,1.0546875,1.5234375
hilton2021_comprehension,1,46,0.11083984375,0.2041015625,-0.09326171875
hilton2021_comprehension,1,47,1.2265625,1.21875,0.0078125
hilton2021_comprehension,1,48,0.08251953125,0.2041015625,-0.12158203125
hilton2021_comprehension,1,49,10.0625,9.5,0.5625
hilton2021_comprehension,1,50,0.69921875,0.87109375,-0.171875
hilton2021_comprehension,1,51,1.265625,0.466796875,0.798828125
hilton2021_comprehension,1,52,0.1455078125,0.060546875,0.0849609375
hilton2021_comprehension,1,53,0.71484375,0.12451171875,0.59033203125
hilton2021_comprehension,1,54,0.294921875,0.330078125,-0.03515625
hilton2021_comprehension,1,55,0.08251953125,0.158203125,-0.07568359375
hilton2021_comprehension,1,56,1.8203125,0.73046875,1.08984375
hilton2021_comprehension,1,57,0.494140625,1.0,-0.505859375
hilton2021_comprehension,1,58,0.1982421875,0.341796875,-0.1435546875
hilton2021_comprehension,1,59,0.44140625,0.2109375,0.23046875
hilton2021_comprehension,1,60,0.36328125,0.294921875,0.068359375
hilton2021_comprehension,1,61,0.138671875,0.341796875,-0.203125
hilton2021_comprehension,1,62,0.71484375,0.859375,-0.14453125
hilton2021_comprehension,1,63,0.48046875,0.92578125,-0.4453125
hilton2021_comprehension,1,64,0.69921875,0.171875,0.52734375
hilton2021_comprehension,1,65,1.515625,1.2421875,0.2734375
hilton2021_comprehension,1,66,2.03125,0.65625,1.375
hilton2021_comprehension,1,67,0.90625,0.70703125,0.19921875
hilton2021_comprehension,1,68,0.1845703125,0.265625,-0.0810546875
hilton2021_comprehension,1,69,0.7734375,0.71484375,0.05859375
hilton2021_comprehension,1,70,0.400390625,0.84765625,-0.447265625
hilton2021_comprehension,1,71,0.306640625,0.25390625,0.052734375
hilton2021_comprehension,1,72,1.0625,1.0,0.0625
hilton2021_comprehension,2,0,0.81640625,1.296875,-0.48046875
hilton2021_comprehension,2,1,1.15625,0.3359375,0.8203125
hilton2021_comprehension,2,2,0.78125,0.2890625,0.4921875
hilton2021_comprehension,2,3,0.78125,0.6484375,0.1328125
hilton2021_comprehension,2,4,0.283203125,0.19140625,0.091796875
hilton2021_comprehension,2,5,1.09375,1.5,-0.40625
hilton2021_comprehension,2,6,0.451171875,0.8359375,-0.384765625
hilton2021_comprehension,2,7,1.078125,0.58203125,0.49609375
hilton2021_comprehension,2,8,0.22265625,0.90234375,-0.6796875
hilton2021_comprehension,2,9,0.84375,0.1650390625,0.6787109375
hilton2021_comprehension,2,10,1.15625,0.486328125,0.669921875
hilton2021_comprehension,2,11,0.52734375,0.3515625,0.17578125
hilton2021_comprehension,2,12,0.435546875,0.25390625,0.181640625
hilton2021_comprehension,2,13,0.69921875,0.431640625,0.267578125
hilton2021_comprehension,2,14,0.69140625,0.25390625,0.4375
hilton2021_comprehension,2,15,0.5234375,0.25390625,0.26953125
hilton2021_comprehension,2,16,0.6328125,0.3125,0.3203125
hilton2021_comprehension,2,17,0.08984375,0.038330078125,0.051513671875
hilton2021_comprehension,2,18,0.2294921875,0.25390625,-0.0244140625
hilton2021_comprehension,2,19,1.90625,2.578125,-0.671875
hilton2021_comprehension,2,20,0.431640625,0.3125,0.119140625
hilton2021_comprehension,2,21,0.25390625,0.578125,-0.32421875
hilton2021_comprehension,2,22,0.828125,0.2041015625,0.6240234375
hilton2021_comprehension,2,23,0.3515625,0.1845703125,0.1669921875
hilton2021_comprehension,2,24,0.038330078125,0.05322265625,-0.014892578125
hilton2021_comprehension,2,25,0.6328125,1.5,-0.8671875
hilton2021_comprehension,2,26,0.431640625,0.25390625,0.177734375
hilton2021_comprehension,2,27,0.1650390625,0.431640625,-0.2666015625
hilton2021_comprehension,2,28,0.05322265625,0.03076171875,0.0224609375
hilton2021_comprehension,2,29,0.7578125,0.5234375,0.234375
hilton2021_comprehension,2,30,0.060546875,0.05322265625,0.00732421875
hilton2021_comprehension,2,31,0.2041015625,0.3125,-0.1083984375
hilton2021_comprehension,2,32,1.40625,0.578125,0.828125
hilton2021_comprehension,2,33,0.1787109375,1.3125,-1.1337890625
hilton2021_comprehension,2,34,0.9765625,0.9765625,0.0
hilton2021_comprehension,2,35,0.10400390625,0.08984375,0.01416015625
hilton2021_comprehension,2,36,0.431640625,1.0546875,-0.623046875
hilton2021_comprehension,2,37,0.1845703125,0.08984375,0.0947265625
hilton2021_comprehension,2,38,0.6328125,0.390625,0.2421875
hilton2021_comprehension,2,39,0.7578125,0.8984375,-0.140625
hilton2021_comprehension,2,40,0.1787109375,0.578125,-0.3994140625
hilton2021_comprehension,2,41,0.390625,0.11083984375,0.27978515625
hilton2021_comprehension,2,42,0.2041015625,0.7578125,-0.5537109375
hilton2021_comprehension,2,43,0.578125,0.6328125,-0.0546875
hilton2021_comprehension,2,44,0.1455078125,0.023193359375,0.122314453125
hilton2021_comprehension,2,45,0.22265625,0.22265625,0.0
hilton2021_comprehension,2,46,0.22265625,0.3125,-0.08984375
hilton2021_comprehension,2,47,0.158203125,0.060546875,0.09765625
hilton2021_comprehension,2,48,1.0546875,0.5234375,0.53125
hilton2021_comprehension,2,49,0.390625,1.0546875,-0.6640625
hilton2021_comprehension,2,50,0.22265625,0.0458984375,0.1767578125
hilton2021_comprehension,2,51,0.12451171875,0.11083984375,0.013671875
hilton2021_comprehension,2,52,0.5234375,0.5234375,0.0
hilton2021_comprehension,2,53,0.9765625,0.25390625,0.72265625
hilton2021_comprehension,2,54,0.25390625,0.1455078125,0.1083984375
hilton2021_comprehension,2,55,1.21875,1.703125,-0.484375
hilton2021_comprehension,2,56,1.90625,1.0546875,0.8515625
hilton2021_comprehension,2,57,0.431640625,0.22265625,0.208984375
hilton2021_comprehension,2,58,0.03076171875,0.03076171875,0.0
hilton2021_comprehension,2,59,0.08984375,0.158203125,-0.068359375
hilton2021_comprehension,2,60,0.0458984375,0.023193359375,0.022705078125
hilton2021_comprehension,2,61,0.12451171875,0.1455078125,-0.02099609375
hilton2021_comprehension,2,62,0.08984375,0.023193359375,0.066650390625
hilton2021_comprehension,2,63,0.22265625,0.06787109375,0.15478515625
hilton2021_comprehension,2,64,0.10400390625,0.25390625,-0.14990234375
hilton2021_comprehension,2,65,0.6328125,0.08984375,0.54296875
hilton2021_comprehension,2,66,0.023193359375,0.0155029296875,0.0076904296875
hilton2021_comprehension,2,67,0.4765625,0.431640625,0.044921875
hilton2021_comprehension,2,68,0.578125,0.9765625,-0.3984375
hilton2021_comprehension,2,69,0.4765625,0.22265625,0.25390625
hilton2021_comprehension,2,70,0.8984375,0.2041015625,0.6943359375
hilton2021_comprehension,2,71,0.0155029296875,0.08251953125,-0.0670166015625
hilton2021_comprehension,2,72,0.023193359375,0.007781982421875,0.015411376953125
hilton2021_comprehension,3,0,3.25,0.5078125,2.7421875
hilton2021_comprehension,3,1,0.69921875,0.12451171875,0.57470703125
hilton2021_comprehension,3,2,0.318359375,0.32421875,-0.005859375
hilton2021_comprehension,3,3,0.2041015625,0.023193359375,0.180908203125
hilton2021_comprehension,3,4,0.265625,0.060546875,0.205078125
hilton2021_comprehension,3,5,0.12451171875,0.11083984375,0.013671875
hilton2021_comprehension,3,6,0.2294921875,0.1318359375,0.09765625
hilton2021_comprehension,3,7,0.271484375,0.2353515625,0.0361328125
hilton2021_comprehension,3,8,0.038330078125,0.007781982421875,0.030548095703125
hilton2021_comprehension,3,9,0.060546875,0.0155029296875,0.0450439453125
hilton2021_comprehension,3,10,0.248046875,1.0703125,-0.822265625
hilton2021_comprehension,3,11,1.234375,0.318359375,0.916015625
hilton2021_comprehension,3,12,3.046875,2.578125,0.46875
hilton2021_comprehension,3,13,0.65625,0.3515625,0.3046875
hilton2021_comprehension,3,14,0.216796875,0.25390625,-0.037109375
hilton2021_comprehension,3,15,0.060546875,0.08984375,-0.029296875
hilton2021_comprehension,3,16,0.78515625,0.76953125,0.015625
hilton2021_comprehension,3,17,0.1845703125,0.1318359375,0.052734375
hilton2021_comprehension,3,18,1.71875,1.9140625,-0.1953125
hilton2021_comprehension,3,19,1.3203125,1.6015625,-0.28125
hilton2021_comprehension,3,20,1.703125,2.125,-0.421875
hilton2021_comprehension,3,21,0.1845703125,0.12451171875,0.06005859375
hilton2021_comprehension,3,22,0.2890625,0.1845703125,0.1044921875
hilton2021_comprehension,3,23,0.390625,0.158203125,0.232421875
hilton2021_comprehension,3,24,0.08984375,0.06787109375,0.02197265625
hilton2021_comprehension,3,25,0.1318359375,0.1455078125,-0.013671875
hilton2021_comprehension,3,26,0.69921875,0.90234375,-0.203125
hilton2021_comprehension,3,27,0.357421875,0.90234375,-0.544921875
hilton2021_comprehension,3,28,0.10400390625,0.08251953125,0.021484375
hilton2021_comprehension,3,29,0.76171875,0.390625,0.37109375
hilton2021_comprehension,3,30,0.318359375,0.63671875,-0.318359375
hilton2021_comprehension,3,31,1.140625,2.234375,-1.09375
hilton2021_comprehension,3,32,0.05322265625,0.2890625,-0.23583984375
hilton2021_comprehension,3,33,1.5,1.40625,0.09375
hilton2021_comprehension,3,34,6.84375,9.1875,-2.34375
hilton2021_comprehension,3,35,0.341796875,0.44140625,-0.099609375
hilton2021_comprehension,3,36,0.060546875,0.0966796875,-0.0361328125
hilton2021_comprehension,3,37,0.138671875,0.171875,-0.033203125
hilton2021_comprehension,3,38,1.75,1.34375,0.40625
hilton2021_comprehension,3,39,1.8359375,2.046875,-0.2109375
hilton2021_comprehension,3,40,0.9765625,0.5859375,0.390625
hilton2021_comprehension,3,41,0.369140625,0.5078125,-0.138671875
hilton2021_comprehension,3,42,1.53125,1.421875,0.109375
hilton2021_comprehension,3,43,0.11767578125,0.0966796875,0.02099609375
hilton2021_comprehension,3,44,0.03076171875,0.038330078125,-0.007568359375
hilton2021_comprehension,3,45,1.25,1.25,0.0
hilton2021_comprehension,3,46,0.05322265625,0.10400390625,-0.05078125
hilton2021_comprehension,3,47,0.8515625,1.2421875,-0.390625
hilton2021_comprehension,3,48,0.11767578125,0.2041015625,-0.08642578125
hilton2021_comprehension,3,49,0.0751953125,0.12451171875,-0.04931640625
hilton2021_comprehension,3,50,0.69140625,0.86328125,-0.171875
hilton2021_comprehension,3,51,0.345703125,0.265625,0.080078125
hilton2021_comprehension,3,52,0.158203125,0.271484375,-0.11328125
hilton2021_comprehension,3,53,1.921875,1.0703125,0.8515625
hilton2021_comprehension,3,54,2.25,1.0,1.25
hilton2021_comprehension,3,55,0.171875,0.1318359375,0.0400390625
hilton2021_comprehension,3,56,0.341796875,0.6640625,-0.322265625
hilton2021_comprehension,3,57,0.10400390625,0.341796875,-0.23779296875
hilton2021_comprehension,3,58,0.86328125,0.84765625,0.015625
hilton2021_comprehension,3,59,1.1015625,0.859375,0.2421875
hilton2021_comprehension,3,60,0.59765625,0.451171875,0.146484375
hilton2021_comprehension,3,61,0.08984375,0.4453125,-0.35546875
hilton2021_comprehension,3,62,0.265625,0.546875,-0.28125
hilton2021_comprehension,3,63,0.74609375,0.84375,-0.09765625
hilton2021_comprehension,3,64,0.36328125,0.6484375,-0.28515625
hilton2021_comprehension,3,65,2.046875,1.5078125,0.5390625
hilton2021_comprehension,3,66,0.859375,0.76953125,0.08984375
hilton2021_comprehension,3,67,1.328125,1.515625,-0.1875
hilton2021_comprehension,3,68,1.171875,0.91015625,0.26171875
hilton2021_comprehension,3,69,1.421875,1.15625,0.265625
hilton2021_comprehension,3,70,1.6171875,0.84765625,0.76953125
hilton2021_comprehension,3,71,0.0966796875,0.05322265625,0.04345703125
hilton2021_comprehension,3,72,0.45703125,0.78515625,-0.328125
hilton2021_comprehension,4,0,0.94140625,1.71875,-0.77734375
hilton2021_comprehension,4,1,0.98828125,0.546875,0.44140625
hilton2021_comprehension,4,2,1.234375,1.140625,0.09375
hilton2021_comprehension,4,3,0.9375,0.58984375,0.34765625
hilton2021_comprehension,4,4,0.2421875,0.10400390625,0.13818359375
hilton2021_comprehension,4,5,1.53125,0.70703125,0.82421875
hilton2021_comprehension,4,6,0.12451171875,0.2294921875,-0.10498046875
hilton2021_comprehension,4,7,0.373046875,0.52734375,-0.154296875
hilton2021_comprehension,4,8,0.37890625,0.90234375,-0.5234375
hilton2021_comprehension,4,9,2.578125,0.90234375,1.67578125
hilton2021_comprehension,4,10,0.515625,0.2890625,0.2265625
hilton2021_comprehension,4,11,0.341796875,1.140625,-0.798828125
hilton2021_comprehension,4,12,0.515625,0.83203125,-0.31640625
hilton2021_comprehension,4,13,1.8203125,0.431640625,1.388671875
hilton2021_comprehension,4,14,0.9921875,0.90234375,0.08984375
hilton2021_comprehension,4,15,0.3515625,0.283203125,0.068359375
hilton2021_comprehension,4,16,0.1650390625,0.390625,-0.2255859375
hilton2021_comprehension,4,17,0.39453125,0.76171875,-0.3671875
hilton2021_comprehension,4,18,0.98046875,1.2265625,-0.24609375
hilton2021_comprehension,4,19,0.3515625,0.828125,-0.4765625
hilton2021_comprehension,4,20,0.431640625,0.5234375,-0.091796875
hilton2021_comprehension,4,21,0.9765625,0.9765625,0.0
hilton2021_comprehension,4,22,0.1455078125,0.08251953125,0.06298828125
hilton2021_comprehension,4,23,1.609375,0.431640625,1.177734375
hilton2021_comprehension,4,24,0.431640625,0.283203125,0.1484375
hilton2021_comprehension,4,25,0.30078125,0.19140625,0.109375
hilton2021_comprehension,4,26,0.1318359375,0.12451171875,0.00732421875
hilton2021_comprehension,4,27,1.0546875,0.7578125,0.296875
hilton2021_comprehension,4,28,2.25,0.9765625,1.2734375
hilton2021_comprehension,4,29,0.1845703125,0.05322265625,0.13134765625
hilton2021_comprehension,4,30,0.10400390625,0.08984375,0.01416015625
hilton2021_comprehension,4,31,1.3203125,1.59375,-0.2734375
hilton2021_comprehension,4,32,0.3125,0.390625,-0.078125
hilton2021_comprehension,4,33,0.283203125,0.318359375,-0.03515625
hilton2021_comprehension,4,34,0.58203125,1.2265625,-0.64453125
hilton2021_comprehension,4,35,0.1455078125,0.283203125,-0.1376953125
hilton2021_comprehension,4,36,1.2265625,1.5,-0.2734375
hilton2021_comprehension,4,37,0.283203125,0.22265625,0.060546875
hilton2021_comprehension,4,38,0.578125,0.9765625,-0.3984375
hilton2021_comprehension,4,39,1.0625,0.578125,0.484375
hilton2021_comprehension,4,40,0.11083984375,0.038330078125,0.072509765625
hilton2021_comprehension,4,41,0.390625,0.1787109375,0.2119140625
hilton2021_comprehension,4,42,1.3125,1.8046875,-0.4921875
hilton2021_comprehension,4,43,1.2265625,0.4765625,0.75
hilton2021_comprehension,4,44,0.90625,0.640625,0.265625
hilton2021_comprehension,4,45,0.1318359375,0.0458984375,0.0859375
hilton2021_comprehension,4,46,0.25390625,0.1455078125,0.1083984375
hilton2021_comprehension,4,47,0.283203125,0.283203125,0.0
hilton2021_comprehension,4,48,0.1455078125,0.283203125,-0.1376953125
hilton2021_comprehension,4,49,0.318359375,0.22265625,0.095703125
hilton2021_comprehension,4,50,0.25390625,0.08251953125,0.17138671875
hilton2021_comprehension,4,51,0.2041015625,0.08251953125,0.12158203125
hilton2021_comprehension,4,52,0.11083984375,0.10400390625,0.0068359375
hilton2021_comprehension,4,53,0.4765625,0.1455078125,0.3310546875
hilton2021_comprehension,4,54,0.038330078125,0.0155029296875,0.0228271484375
hilton2021_comprehension,4,55,0.578125,0.12451171875,0.45361328125
hilton2021_comprehension,4,56,0.828125,0.828125,0.0
hilton2021_comprehension,4,57,0.283203125,0.10400390625,0.17919921875
hilton2021_comprehension,4,58,1.6015625,1.8125,-0.2109375
hilton2021_comprehension,4,59,0.431640625,0.8984375,-0.466796875
hilton2021_comprehension,4,60,1.90625,0.578125,1.328125
hilton2021_comprehension,4,61,0.3515625,0.283203125,0.068359375
hilton2021_comprehension,4,62,0.8984375,0.7578125,0.140625
hilton2021_comprehension,4,63,0.25390625,0.10400390625,0.14990234375
hilton2021_comprehension,4,64,0.7578125,0.6328125,0.125
hilton2021_comprehension,4,65,0.8984375,0.345703125,0.552734375
hilton2021_comprehension,4,66,2.6875,1.140625,1.546875
hilton2021_comprehension,4,67,0.08984375,0.06787109375,0.02197265625
hilton2021_comprehension,4,68,0.2041015625,0.6328125,-0.4287109375
hilton2021_comprehension,4,69,0.2041015625,0.03076171875,0.17333984375
hilton2021_comprehension,4,70,1.703125,1.40625,0.296875
hilton2021_comprehension,4,71,1.59375,0.828125,0.765625
hilton2021_comprehension,4,72,0.283203125,0.25390625,0.029296875
hilton2021_comprehension,5,0,0.77734375,0.76953125,0.0078125
hilton2021_comprehension,5,1,0.77734375,0.6171875,0.16015625
hilton2021_comprehension,5,2,0.294921875,0.08984375,0.205078125
hilton2021_comprehension,5,3,1.9609375,0.8828125,1.078125
hilton2021_comprehension,5,4,0.384765625,0.15234375,0.232421875
hilton2021_comprehension,5,5,1.265625,2.125,-0.859375
hilton2021_comprehension,5,6,0.5546875,0.1650390625,0.3896484375
hilton2021_comprehension,5,7,0.4609375,0.158203125,0.302734375
hilton2021_comprehension,5,8,0.22265625,0.1318359375,0.0908203125
hilton2021_comprehension,5,9,0.9921875,2.46875,-1.4765625
hilton2021_comprehension,5,10,0.12451171875,0.98046875,-0.85595703125
hilton2021_comprehension,5,11,1.609375,0.390625,1.21875
hilton2021_comprehension,5,12,0.451171875,0.2294921875,0.2216796875
hilton2021_comprehension,5,13,0.53125,0.76171875,-0.23046875
hilton2021_comprehension,5,14,0.11767578125,0.578125,-0.46044921875
hilton2021_comprehension,5,15,0.90234375,0.69140625,0.2109375
hilton2021_comprehension,5,16,1.0625,0.390625,0.671875
hilton2021_comprehension,5,17,0.90234375,0.3125,0.58984375
hilton2021_comprehension,5,18,0.2109375,0.3125,-0.1015625
hilton2021_comprehension,5,19,0.08984375,0.06787109375,0.02197265625
hilton2021_comprehension,5,20,0.4453125,0.2041015625,0.2412109375
hilton2021_comprehension,5,21,0.1318359375,0.2294921875,-0.09765625
hilton2021_comprehension,5,22,0.435546875,0.11083984375,0.32470703125
hilton2021_comprehension,5,23,0.1845703125,0.03076171875,0.15380859375
hilton2021_comprehension,5,24,0.63671875,0.345703125,0.291015625
hilton2021_comprehension,5,25,0.1318359375,0.023193359375,0.108642578125
hilton2021_comprehension,5,26,0.318359375,0.10400390625,0.21435546875
hilton2021_comprehension,5,27,1.3203125,1.2265625,0.09375
hilton2021_comprehension,5,28,0.36328125,0.25390625,0.109375
hilton2021_comprehension,5,29,1.6015625,1.2265625,0.375
hilton2021_comprehension,5,30,1.140625,0.69140625,0.44921875
hilton2021_comprehension,5,31,0.3515625,0.4765625,-0.125
hilton2021_comprehension,5,32,0.318359375,0.12451171875,0.19384765625
hilton2021_comprehension,5,33,0.1787109375,0.060546875,0.1181640625
hilton2021_comprehension,5,34,0.283203125,0.25390625,0.029296875
hilton2021_comprehension,5,35,0.318359375,0.3125,0.005859375
hilton2021_comprehension,5,36,0.060546875,0.0155029296875,0.0450439453125
hilton2021_comprehension,5,37,0.08251953125,0.11083984375,-0.0283203125
hilton2021_comprehension,5,38,0.283203125,0.08251953125,0.20068359375
hilton2021_comprehension,5,39,0.2294921875,0.2294921875,0.0
hilton2021_comprehension,5,40,0.08251953125,0.283203125,-0.20068359375
hilton2021_comprehension,5,41,1.2265625,0.4765625,0.75
hilton2021_comprehension,5,42,0.4765625,0.06787109375,0.40869140625
hilton2021_comprehension,5,43,0.0751953125,0.11767578125,-0.04248046875
hilton2021_comprehension,5,44,0.0155029296875,0.0458984375,-0.0303955078125
hilton2021_comprehension,5,45,0.03076171875,0.12451171875,-0.09375
hilton2021_comprehension,5,46,2.125,1.0546875,1.0703125
hilton2021_comprehension,5,47,0.1787109375,0.06787109375,0.11083984375
hilton2021_comprehension,5,48,0.431640625,0.4765625,-0.044921875
hilton2021_comprehension,5,49,0.05322265625,0.0458984375,0.00732421875
hilton2021_comprehension,5,50,0.12451171875,0.03076171875,0.09375
hilton2021_comprehension,5,51,0.828125,1.140625,-0.3125
hilton2021_comprehension,5,52,1.8046875,1.0546875,0.75
hilton2021_comprehension,5,53,0.1455078125,0.2041015625,-0.05859375
hilton2021_comprehension,5,54,0.0458984375,0.023193359375,0.022705078125
hilton2021_comprehension,5,55,1.2265625,1.21875,0.0078125
hilton2021_comprehension,5,56,0.023193359375,0.08251953125,-0.059326171875
hilton2021_comprehension,5,57,0.2294921875,0.578125,-0.3486328125
hilton2021_comprehension,5,58,0.05322265625,0.060546875,-0.00732421875
hilton2021_comprehension,5,59,2.8125,2.015625,0.796875
hilton2021_comprehension,5,60,0.22265625,0.12451171875,0.09814453125
hilton2021_comprehension,5,61,0.05322265625,0.0458984375,0.00732421875
hilton2021_comprehension,5,62,0.023193359375,0.0155029296875,0.0076904296875
hilton2021_comprehension,5,63,0.060546875,0.283203125,-0.22265625
hilton2021_comprehension,5,64,0.03076171875,0.03076171875,0.0
hilton2021_comprehension,5,65,0.158203125,0.023193359375,0.135009765625
hilton2021_comprehension,5,66,0.03076171875,0.03076171875,0.0
hilton2021_comprehension,5,67,0.25390625,0.3125,-0.05859375
hilton2021_comprehension,5,68,0.828125,1.140625,-0.3125
hilton2021_comprehension,5,69,0.431640625,0.08251953125,0.34912109375
hilton2021_comprehension,5,70,0.06787109375,0.0155029296875,0.0523681640625
hilton2021_comprehension,5,71,1.3125,1.3125,0.0
hilton2021_comprehension,5,72,0.431640625,0.3515625,0.080078125
hilton2021_comprehension,6,0,0.90234375,0.470703125,0.431640625
hilton2021_comprehension,6,1,0.52734375,0.466796875,0.060546875
hilton2021_comprehension,6,2,0.259765625,0.259765625,0.0
hilton2021_comprehension,6,3,1.875,2.484375,-0.609375
hilton2021_comprehension,6,4,1.1953125,2.25,-1.0546875
hilton2021_comprehension,6,5,1.4296875,1.6015625,-0.171875
hilton2021_comprehension,6,6,0.3359375,0.1455078125,0.1904296875
hilton2021_comprehension,6,7,0.306640625,0.53125,-0.224609375
hilton2021_comprehension,6,8,0.171875,0.4765625,-0.3046875
hilton2021_comprehension,6,9,0.06787109375,0.0458984375,0.02197265625
hilton2021_comprehension,6,10,1.6171875,1.0625,0.5546875
hilton2021_comprehension,6,11,0.11767578125,0.10400390625,0.013671875
hilton2021_comprehension,6,12,0.138671875,0.138671875,0.0
hilton2021_comprehension,6,13,0.08984375,0.1455078125,-0.0556640625
hilton2021_comprehension,6,14,0.90234375,0.828125,0.07421875
hilton2021_comprehension,6,15,0.0458984375,0.0155029296875,0.0303955078125
hilton2021_comprehension,6,16,0.390625,0.05322265625,0.33740234375
hilton2021_comprehension,6,17,0.0458984375,0.48046875,-0.4345703125
hilton2021_comprehension,6,18,0.0155029296875,0.08984375,-0.0743408203125
hilton2021_comprehension,6,19,0.3515625,0.578125,-0.2265625
hilton2021_comprehension,6,20,0.03076171875,0.1455078125,-0.11474609375
hilton2021_comprehension,6,21,0.038330078125,0.03076171875,0.007568359375
hilton2021_comprehension,6,22,0.0458984375,0.11083984375,-0.06494140625
hilton2021_comprehension,6,23,0.10400390625,0.1455078125,-0.04150390625
hilton2021_comprehension,6,24,0.023193359375,0.038330078125,-0.01513671875
hilton2021_comprehension,6,25,0.0458984375,0.390625,-0.3447265625
hilton2021_comprehension,6,26,0.007781982421875,0.0155029296875,-0.007720947265625
hilton2021_comprehension,6,27,0.03076171875,0.11767578125,-0.0869140625
hilton2021_comprehension,6,28,0.060546875,1.140625,-1.080078125
hilton2021_comprehension,6,29,0.64453125,0.52734375,0.1171875
hilton2021_comprehension,6,30,2.9375,0.8984375,2.0390625
hilton2021_comprehension,6,31,0.10400390625,0.4765625,-0.37255859375
hilton2021_comprehension,6,32,0.0155029296875,0.060546875,-0.0450439453125
hilton2021_comprehension,6,33,1.328125,1.2265625,0.1015625
hilton2021_comprehension,6,34,0.03076171875,0.158203125,-0.12744140625
hilton2021_comprehension,6,35,0.08251953125,0.2041015625,-0.12158203125
hilton2021_comprehension,6,36,0.03076171875,0.06787109375,-0.037109375
hilton2021_comprehension,6,37,0.76171875,0.8984375,-0.13671875
hilton2021_comprehension,6,38,0.08251953125,0.10400390625,-0.021484375
hilton2021_comprehension,6,39,0.4765625,0.2294921875,0.2470703125
hilton2021_comprehension,6,40,0.390625,0.10400390625,0.28662109375
hilton2021_comprehension,6,41,0.2294921875,0.22265625,0.0068359375
hilton2021_comprehension,6,42,0.08984375,0.0751953125,0.0146484375
hilton2021_comprehension,6,43,4.375,2.8125,1.5625
hilton2021_comprehension,6,44,2.015625,1.5,0.515625
hilton2021_comprehension,6,45,1.3125,1.3125,0.0
hilton2021_comprehension,6,46,0.390625,0.158203125,0.232421875
hilton2021_comprehension,6,47,0.431640625,0.6328125,-0.201171875
hilton2021_comprehension,6,48,0.283203125,0.1845703125,0.0986328125
hilton2021_comprehension,6,49,0.11083984375,0.431640625,-0.32080078125
hilton2021_comprehension,6,50,3.046875,0.431640625,2.615234375
hilton2021_comprehension,6,51,1.3203125,0.6328125,0.6875
hilton2021_comprehension,6,52,1.40625,0.9765625,0.4296875
hilton2021_comprehension,6,53,1.2265625,1.21875,0.0078125
hilton2021_comprehension,6,54,0.7578125,0.5234375,0.234375
hilton2021_comprehension,6,55,0.2041015625,0.038330078125,0.165771484375
hilton2021_comprehension,6,56,1.2265625,1.140625,0.0859375
hilton2021_comprehension,6,57,0.640625,0.4765625,0.1640625
hilton2021_comprehension,6,58,1.0546875,0.431640625,0.623046875
hilton2021_comprehension,6,59,2.015625,2.234375,-0.21875
hilton2021_comprehension,6,60,0.1455078125,0.10400390625,0.04150390625
hilton2021_comprehension,6,61,0.828125,0.69140625,0.13671875
hilton2021_comprehension,6,62,1.5,0.6328125,0.8671875
hilton2021_comprehension,6,63,0.1318359375,0.05322265625,0.07861328125
hilton2021_comprehension,6,64,0.7578125,0.431640625,0.326171875
hilton2021_comprehension,6,65,0.158203125,0.05322265625,0.10498046875
hilton2021_comprehension,6,66,0.4765625,0.4765625,0.0
hilton2021_comprehension,6,67,0.7578125,1.59375,-0.8359375
hilton2021_comprehension,6,68,1.0546875,0.7578125,0.296875
hilton2021_comprehension,6,69,0.8984375,0.431640625,0.466796875
hilton2021_comprehension,6,70,0.345703125,0.4765625,-0.130859375
hilton2021_comprehension,6,71,1.2265625,1.59375,-0.3671875
hilton2021_comprehension,6,72,0.05322265625,0.0458984375,0.00732421875
hilton2021_comprehension,7,0,0.82421875,1.1328125,-0.30859375
hilton2021_comprehension,7,1,1.0078125,0.400390625,0.607421875
hilton2021_comprehension,7,2,0.37890625,0.15234375,0.2265625
hilton2021_comprehension,7,3,1.0703125,0.83984375,0.23046875
hilton2021_comprehension,7,4,2.15625,3.171875,-1.015625
hilton2021_comprehension,7,5,0.2294921875,0.53125,-0.3017578125
hilton2021_comprehension,7,6,0.318359375,0.138671875,0.1796875
hilton2021_comprehension,7,7,0.1845703125,0.259765625,-0.0751953125
hilton2021_comprehension,7,8,0.71484375,0.283203125,0.431640625
hilton2021_comprehension,7,9,0.494140625,1.5,-1.005859375
hilton2021_comprehension,7,10,0.11083984375,0.11083984375,0.0
hilton2021_comprehension,7,11,0.19140625,0.11767578125,0.07373046875
hilton2021_comprehension,7,12,0.11083984375,0.03076171875,0.080078125
hilton2021_comprehension,7,13,1.234375,1.90625,-0.671875
hilton2021_comprehension,7,14,0.765625,0.53125,0.234375
hilton2021_comprehension,7,15,2.125,2.015625,0.109375
hilton2021_comprehension,7,16,0.58984375,0.6328125,-0.04296875
hilton2021_comprehension,7,17,0.2109375,0.578125,-0.3671875
hilton2021_comprehension,7,18,0.63671875,1.3125,-0.67578125
hilton2021_comprehension,7,19,6.21875,6.8125,-0.59375
hilton2021_comprehension,7,20,0.77734375,1.453125,-0.67578125
hilton2021_comprehension,7,21,0.578125,0.58984375,-0.01171875
hilton2021_comprehension,7,22,0.2421875,0.3359375,-0.09375
hilton2021_comprehension,7,23,0.2294921875,0.494140625,-0.2646484375
hilton2021_comprehension,7,24,1.484375,1.1640625,0.3203125
hilton2021_comprehension,7,25,0.91796875,0.81640625,0.1015625
hilton2021_comprehension,7,26,0.08251953125,0.1455078125,-0.06298828125
hilton2021_comprehension,7,27,1.421875,0.39453125,1.02734375
hilton2021_comprehension,7,28,1.40625,1.1640625,0.2421875
hilton2021_comprehension,7,29,1.1875,0.7890625,0.3984375
hilton2021_comprehension,7,30,1.171875,0.5546875,0.6171875
hilton2021_comprehension,7,31,0.2109375,0.158203125,0.052734375
hilton2021_comprehension,7,32,0.08251953125,0.10400390625,-0.021484375
hilton2021_comprehension,7,33,0.421875,1.5390625,-1.1171875
hilton2021_comprehension,7,34,0.171875,0.66796875,-0.49609375
hilton2021_comprehension,7,35,0.171875,0.306640625,-0.134765625
hilton2021_comprehension,7,36,0.1650390625,0.45703125,-0.2919921875
hilton2021_comprehension,7,37,0.06787109375,0.3125,-0.24462890625
hilton2021_comprehension,7,38,0.1318359375,0.42578125,-0.2939453125
hilton2021_comprehension,7,39,0.060546875,0.08251953125,-0.02197265625
hilton2021_comprehension,7,40,2.265625,1.265625,1.0
hilton2021_comprehension,7,41,0.55859375,1.0078125,-0.44921875
hilton2021_comprehension,7,42,0.158203125,0.158203125,0.0
hilton2021_comprehension,7,43,0.69140625,0.466796875,0.224609375
hilton2021_comprehension,7,44,1.71875,1.015625,0.703125
hilton2021_comprehension,7,45,0.4765625,0.384765625,0.091796875
hilton2021_comprehension,7,46,0.1455078125,0.30078125,-0.1552734375
hilton2021_comprehension,7,47,1.1640625,1.4375,-0.2734375
hilton2021_comprehension,7,48,1.4375,1.3515625,0.0859375
hilton2021_comprehension,7,49,0.138671875,0.50390625,-0.365234375
hilton2021_comprehension,7,50,0.54296875,0.71484375,-0.171875
hilton2021_comprehension,7,51,0.357421875,0.40625,-0.048828125
hilton2021_comprehension,7,52,0.466796875,0.57421875,-0.107421875
hilton2021_comprehension,7,53,0.2109375,0.11083984375,0.10009765625
hilton2021_comprehension,7,54,0.54296875,0.265625,0.27734375
hilton2021_comprehension,7,55,0.9296875,1.328125,-0.3984375
hilton2021_comprehension,7,56,1.0703125,0.70703125,0.36328125
hilton2021_comprehension,7,57,0.72265625,0.45703125,0.265625
hilton2021_comprehension,7,58,0.5859375,0.2109375,0.375
hilton2021_comprehension,7,59,1.078125,0.59765625,0.48046875
hilton2021_comprehension,7,60,0.19140625,0.65234375,-0.4609375
hilton2021_comprehension,7,61,0.451171875,1.0703125,-0.619140625
hilton2021_comprehension,7,62,1.1484375,0.216796875,0.931640625
hilton2021_comprehension,7,63,0.5546875,1.0703125,-0.515625
hilton2021_comprehension,7,64,0.41015625,0.490234375,-0.080078125
hilton2021_comprehension,7,65,1.5234375,2.25,-0.7265625
hilton2021_comprehension,7,66,1.078125,0.77734375,0.30078125
hilton2021_comprehension,7,67,0.15234375,0.08251953125,0.06982421875
hilton2021_comprehension,7,68,0.22265625,0.40625,-0.18359375
hilton2021_comprehension,7,69,0.390625,0.83984375,-0.44921875
hilton2021_comprehension,7,70,0.0966796875,0.19140625,-0.0947265625
hilton2021_comprehension,7,71,0.19140625,0.259765625,-0.068359375
hilton2021_comprehension,7,72,0.54296875,0.84375,-0.30078125
hilton2021_comprehension,8,0,3.375,0.22265625,3.15234375
hilton2021_comprehension,8,1,0.8515625,0.1982421875,0.6533203125
hilton2021_comprehension,8,2,0.73828125,0.984375,-0.24609375
hilton2021_comprehension,8,3,0.490234375,0.357421875,0.1328125
hilton2021_comprehension,8,4,1.171875,0.52734375,0.64453125
hilton2021_comprehension,8,5,0.1455078125,0.05322265625,0.09228515625
hilton2021_comprehension,8,6,0.39453125,0.32421875,0.0703125
hilton2021_comprehension,8,7,0.64453125,0.98046875,-0.3359375
hilton2021_comprehension,8,8,0.12451171875,0.10400390625,0.0205078125
hilton2021_comprehension,8,9,0.2353515625,0.2041015625,0.03125
hilton2021_comprehension,8,10,0.42578125,0.83203125,-0.40625
hilton2021_comprehension,8,11,0.435546875,0.2109375,0.224609375
hilton2021_comprehension,8,12,0.10400390625,0.10400390625,0.0
hilton2021_comprehension,8,13,0.259765625,0.3515625,-0.091796875
hilton2021_comprehension,8,14,0.11767578125,0.3515625,-0.23388671875
hilton2021_comprehension,8,15,0.1318359375,0.11083984375,0.02099609375
hilton2021_comprehension,8,16,0.060546875,0.12451171875,-0.06396484375
hilton2021_comprehension,8,17,2.703125,2.234375,0.46875
hilton2021_comprehension,8,18,0.03076171875,0.038330078125,-0.007568359375
hilton2021_comprehension,8,19,0.060546875,0.023193359375,0.037353515625
hilton2021_comprehension,8,20,2.9375,2.703125,0.234375
hilton2021_comprehension,8,21,0.1845703125,0.1455078125,0.0390625
hilton2021_comprehension,8,22,1.140625,1.140625,0.0
hilton2021_comprehension,8,23,0.578125,0.69140625,-0.11328125
hilton2021_comprehension,8,24,0.06787109375,0.12451171875,-0.056640625
hilton2021_comprehension,8,25,0.3125,0.2294921875,0.0830078125
hilton2021_comprehension,8,26,0.431640625,0.3125,0.119140625
hilton2021_comprehension,8,27,0.0458984375,0.12451171875,-0.07861328125
hilton2021_comprehension,8,28,0.1787109375,0.578125,-0.3994140625
hilton2021_comprehension,8,29,0.11083984375,0.08984375,0.02099609375
hilton2021_comprehension,8,30,0.0458984375,0.0155029296875,0.0303955078125
hilton2021_comprehension,8,31,1.2265625,0.9765625,0.25
hilton2021_comprehension,8,32,0.4765625,0.318359375,0.158203125
hilton2021_comprehension,8,33,0.2041015625,0.060546875,0.1435546875
hilton2021_comprehension,8,34,0.1787109375,0.12451171875,0.05419921875
hilton2021_comprehension,8,35,0.4765625,0.828125,-0.3515625
hilton2021_comprehension,8,36,0.2041015625,0.2041015625,0.0
hilton2021_comprehension,8,37,1.40625,0.63671875,0.76953125
hilton2021_comprehension,8,38,0.1787109375,0.5234375,-0.3447265625
hilton2021_comprehension,8,39,0.10400390625,0.25390625,-0.14990234375
hilton2021_comprehension,8,40,0.0155029296875,0.0155029296875,0.0
hilton2021_comprehension,8,41,0.25390625,0.431640625,-0.177734375
hilton2021_comprehension,8,42,0.08251953125,0.283203125,-0.20068359375
hilton2021_comprehension,8,43,0.11767578125,0.4765625,-0.35888671875
hilton2021_comprehension,8,44,2.234375,0.8984375,1.3359375
hilton2021_comprehension,8,45,1.0546875,1.5,-0.4453125
hilton2021_comprehension,8,46,0.060546875,0.11083984375,-0.05029296875
hilton2021_comprehension,8,47,1.140625,1.40625,-0.265625
hilton2021_comprehension,8,48,0.828125,2.015625,-1.1875
hilton2021_comprehension,8,49,0.8984375,1.5,-0.6015625
hilton2021_comprehension,8,50,0.1455078125,0.283203125,-0.1376953125
hilton2021_comprehension,8,51,0.023193359375,0.023193359375,0.0
hilton2021_comprehension,8,52,0.3515625,0.4765625,-0.125
hilton2021_comprehension,8,53,0.6328125,0.25390625,0.37890625
hilton2021_comprehension,8,54,0.2041015625,0.1455078125,0.05859375
hilton2021_comprehension,8,55,0.431640625,0.69140625,-0.259765625
hilton2021_comprehension,8,56,0.5234375,0.25390625,0.26953125
hilton2021_comprehension,8,57,0.828125,0.345703125,0.482421875
hilton2021_comprehension,8,58,0.69140625,0.390625,0.30078125
hilton2021_comprehension,8,59,1.8046875,1.0546875,0.75
hilton2021_comprehension,8,60,2.578125,1.140625,1.4375
hilton2021_comprehension,8,61,0.431640625,0.390625,0.041015625
hilton2021_comprehension,8,62,0.431640625,0.390625,0.041015625
hilton2021_comprehension,8,63,0.158203125,0.1787109375,-0.0205078125
hilton2021_comprehension,8,64,1.2265625,0.6328125,0.59375
hilton2021_comprehension,8,65,0.25390625,0.431640625,-0.177734375
hilton2021_comprehension,8,66,2.125,1.0546875,1.0703125
hilton2021_comprehension,8,67,0.06787109375,0.12451171875,-0.056640625
hilton2021_comprehension,8,68,0.828125,1.59375,-0.765625
hilton2021_comprehension,8,69,0.25390625,0.6328125,-0.37890625
hilton2021_comprehension,8,70,0.390625,0.25390625,0.13671875
hilton2021_comprehension,8,71,0.431640625,0.431640625,0.0
hilton2021_comprehension,8,72,0.431640625,0.283203125,0.1484375
hilton2021_comprehension,9,0,0.87890625,1.890625,-1.01171875
hilton2021_comprehension,9,1,1.5859375,1.421875,0.1640625
hilton2021_comprehension,9,2,0.341796875,0.5,-0.158203125
hilton2021_comprehension,9,3,0.93359375,0.71484375,0.21875
hilton2021_comprehension,9,4,0.6875,0.90625,-0.21875
hilton2021_comprehension,9,5,0.37890625,0.06787109375,0.31103515625
hilton2021_comprehension,9,6,0.65625,0.1845703125,0.4716796875
hilton2021_comprehension,9,7,0.2041015625,0.11767578125,0.08642578125
hilton2021_comprehension,9,8,1.8203125,0.52734375,1.29296875
hilton2021_comprehension,9,9,0.2109375,0.11083984375,0.10009765625
hilton2021_comprehension,9,10,0.2353515625,0.05322265625,0.18212890625
hilton2021_comprehension,9,11,0.435546875,0.10400390625,0.33154296875
hilton2021_comprehension,9,12,0.40625,0.1318359375,0.2744140625
hilton2021_comprehension,9,13,3.90625,4.40625,-0.5
hilton2021_comprehension,9,14,0.515625,0.3359375,0.1796875
hilton2021_comprehension,9,15,2.828125,3.125,-0.296875
hilton2021_comprehension,9,16,1.546875,1.75,-0.203125
hilton2021_comprehension,9,17,0.318359375,0.294921875,0.0234375
hilton2021_comprehension,9,18,0.37890625,0.22265625,0.15625
hilton2021_comprehension,9,19,0.15234375,0.03076171875,0.12158203125
hilton2021_comprehension,9,20,2.640625,1.953125,0.6875
hilton2021_comprehension,9,21,2.5625,3.203125,-0.640625
hilton2021_comprehension,9,22,0.25390625,0.1787109375,0.0751953125
hilton2021_comprehension,9,23,2.015625,2.078125,-0.0625
hilton2021_comprehension,9,24,0.27734375,0.39453125,-0.1171875
hilton2021_comprehension,9,25,1.484375,1.3046875,0.1796875
hilton2021_comprehension,9,26,1.515625,1.125,0.390625
hilton2021_comprehension,9,27,1.6953125,1.9375,-0.2421875
hilton2021_comprehension,9,28,0.30078125,0.318359375,-0.017578125
hilton2021_comprehension,9,29,0.19140625,0.1318359375,0.0595703125
hilton2021_comprehension,9,30,0.490234375,0.578125,-0.087890625
hilton2021_comprehension,9,31,2.46875,2.703125,-0.234375
hilton2021_comprehension,9,32,1.578125,1.0078125,0.5703125
hilton2021_comprehension,9,33,0.1787109375,0.060546875,0.1181640625
hilton2021_comprehension,9,34,0.22265625,0.0458984375,0.1767578125
hilton2021_comprehension,9,35,0.25390625,0.19140625,0.0625
hilton2021_comprehension,9,36,0.27734375,0.330078125,-0.052734375
hilton2021_comprehension,9,37,0.2890625,0.330078125,-0.041015625
hilton2021_comprehension,9,38,0.138671875,0.0458984375,0.0927734375
hilton2021_comprehension,9,39,2.53125,2.171875,0.359375
hilton2021_comprehension,9,40,0.1845703125,0.158203125,0.0263671875
hilton2021_comprehension,9,41,1.078125,1.84375,-0.765625
hilton2021_comprehension,9,42,0.19140625,0.12451171875,0.06689453125
hilton2021_comprehension,9,43,1.75,1.7421875,0.0078125
hilton2021_comprehension,9,44,0.27734375,0.53515625,-0.2578125
hilton2021_comprehension,9,45,0.2041015625,0.1845703125,0.01953125
hilton2021_comprehension,9,46,0.216796875,0.216796875,0.0
hilton2021_comprehension,9,47,0.2041015625,0.515625,-0.3115234375
hilton2021_comprehension,9,48,0.431640625,0.486328125,-0.0546875
hilton2021_comprehension,9,49,0.22265625,0.435546875,-0.212890625
hilton2021_comprehension,9,50,2.375,2.703125,-0.328125
hilton2021_comprehension,9,51,1.796875,1.375,0.421875
hilton2021_comprehension,9,52,3.03125,3.390625,-0.359375
hilton2021_comprehension,9,53,1.40625,0.90234375,0.50390625
hilton2021_comprehension,9,54,3.03125,1.96875,1.0625
hilton2021_comprehension,9,55,0.259765625,0.5234375,-0.263671875
hilton2021_comprehension,9,56,2.53125,2.1875,0.34375
hilton2021_comprehension,9,57,0.421875,0.466796875,-0.044921875
hilton2021_comprehension,9,58,1.578125,1.0625,0.515625
hilton2021_comprehension,9,59,0.53515625,0.37890625,0.15625
hilton2021_comprehension,9,60,0.94140625,0.486328125,0.455078125
hilton2021_comprehension,9,61,1.6640625,1.21875,0.4453125
hilton2021_comprehension,9,62,1.921875,0.84375,1.078125
hilton2021_comprehension,9,63,1.765625,1.0546875,0.7109375
hilton2021_comprehension,9,64,1.71875,1.0078125,0.7109375
hilton2021_comprehension,9,65,0.466796875,0.306640625,0.16015625
hilton2021_comprehension,9,66,1.15625,0.8828125,0.2734375
hilton2021_comprehension,9,67,2.125,1.375,0.75
hilton2021_comprehension,9,68,1.1484375,1.0546875,0.09375
hilton2021_comprehension,9,69,1.578125,1.1796875,0.3984375
hilton2021_comprehension,9,70,0.369140625,0.48046875,-0.111328125
hilton2021_comprehension,9,71,1.546875,0.890625,0.65625
hilton2021_comprehension,9,72,1.234375,0.486328125,0.748046875
hilton2021_comprehension,10,0,3.3125,0.42578125,2.88671875
hilton2021_comprehension,10,1,0.9375,0.216796875,0.720703125
hilton2021_comprehension,10,2,0.466796875,0.03076171875,0.43603515625
hilton2021_comprehension,10,3,0.451171875,0.1318359375,0.3193359375
hilton2021_comprehension,10,4,0.416015625,0.0458984375,0.3701171875
hilton2021_comprehension,10,5,1.7578125,2.59375,-0.8359375
hilton2021_comprehension,10,6,3.0625,5.5,-2.4375
hilton2021_comprehension,10,7,1.234375,1.765625,-0.53125
hilton2021_comprehension,10,8,0.93359375,0.546875,0.38671875
hilton2021_comprehension,10,9,0.859375,1.078125,-0.21875
hilton2021_comprehension,10,10,0.68359375,0.37890625,0.3046875
hilton2021_comprehension,10,11,0.40625,0.15234375,0.25390625
hilton2021_comprehension,10,12,0.44140625,0.3359375,0.10546875
hilton2021_comprehension,10,13,2.328125,1.046875,1.28125
hilton2021_comprehension,10,14,1.15625,0.87109375,0.28515625
hilton2021_comprehension,10,15,0.73046875,0.8671875,-0.13671875
hilton2021_comprehension,10,16,1.6015625,1.546875,0.0546875
hilton2021_comprehension,10,17,0.060546875,0.0751953125,-0.0146484375
hilton2021_comprehension,10,18,1.390625,0.8046875,0.5859375
hilton2021_comprehension,10,19,0.431640625,0.265625,0.166015625
hilton2021_comprehension,10,20,0.84765625,0.9375,-0.08984375
hilton2021_comprehension,10,21,1.015625,0.72265625,0.29296875
hilton2021_comprehension,10,22,0.94921875,0.92578125,0.0234375
hilton2021_comprehension,10,23,0.421875,0.283203125,0.138671875
hilton2021_comprehension,10,24,0.466796875,0.390625,0.076171875
hilton2021_comprehension,10,25,1.09375,1.4296875,-0.3359375
hilton2021_comprehension,10,26,0.5546875,0.5,0.0546875
hilton2021_comprehension,10,27,0.494140625,0.55078125,-0.056640625
hilton2021_comprehension,10,28,0.369140625,0.62109375,-0.251953125
hilton2021_comprehension,10,29,0.71484375,0.546875,0.16796875
hilton2021_comprehension,10,30,0.421875,1.0078125,-0.5859375
hilton2021_comprehension,10,31,0.83984375,0.546875,0.29296875
hilton2021_comprehension,10,32,0.271484375,0.08984375,0.181640625
hilton2021_comprehension,10,33,0.65625,1.328125,-0.671875
hilton2021_comprehension,10,34,0.921875,1.078125,-0.15625
hilton2021_comprehension,10,35,0.8359375,0.91796875,-0.08203125
hilton2021_comprehension,10,36,0.2890625,0.357421875,-0.068359375
hilton2021_comprehension,10,37,0.435546875,0.2353515625,0.2001953125
hilton2021_comprehension,10,38,0.486328125,0.4453125,0.041015625
hilton2021_comprehension,10,39,0.158203125,0.038330078125,0.119873046875
hilton2021_comprehension,10,40,0.1982421875,0.294921875,-0.0966796875
hilton2021_comprehension,10,41,0.2109375,0.138671875,0.072265625
hilton2021_comprehension,10,42,0.0458984375,0.05322265625,-0.00732421875
hilton2021_comprehension,10,43,0.8359375,0.69921875,0.13671875
hilton2021_comprehension,10,44,0.08984375,0.0751953125,0.0146484375
hilton2021_comprehension,10,45,1.71875,0.921875,0.796875
hilton2021_comprehension,10,46,0.32421875,0.10400390625,0.22021484375
hilton2021_comprehension,10,47,0.98046875,0.357421875,0.623046875
hilton2021_comprehension,10,48,1.0625,1.5078125,-0.4453125
hilton2021_comprehension,10,49,1.5078125,1.8125,-0.3046875
hilton2021_comprehension,10,50,0.91796875,0.91015625,0.0078125
hilton2021_comprehension,10,51,0.158203125,0.4453125,-0.287109375
hilton2021_comprehension,10,52,0.1650390625,0.53515625,-0.3701171875
hilton2021_comprehension,10,53,0.90234375,0.44140625,0.4609375
hilton2021_comprehension,10,54,0.765625,0.259765625,0.505859375
hilton2021_comprehension,10,55,0.69921875,0.357421875,0.341796875
hilton2021_comprehension,10,56,0.08984375,0.0458984375,0.0439453125
hilton2021_comprehension,10,57,0.494140625,0.44140625,0.052734375
hilton2021_comprehension,10,58,0.259765625,0.1650390625,0.0947265625
hilton2021_comprehension,10,59,0.330078125,0.2041015625,0.1259765625
hilton2021_comprehension,10,60,1.5,0.83203125,0.66796875
hilton2021_comprehension,10,61,0.2294921875,0.435546875,-0.2060546875
hilton2021_comprehension,10,62,1.8203125,1.609375,0.2109375
hilton2021_comprehension,10,63,0.06787109375,0.259765625,-0.19189453125
hilton2021_comprehension,10,64,0.98046875,0.640625,0.33984375
hilton2021_comprehension,10,65,0.63671875,0.435546875,0.201171875
hilton2021_comprehension,10,66,1.4140625,0.357421875,1.056640625
hilton2021_comprehension,10,67,0.52734375,0.53125,-0.00390625
hilton2021_comprehension,10,68,0.2109375,0.060546875,0.150390625
hilton2021_comprehension,10,69,0.431640625,0.1650390625,0.2666015625
hilton2021_comprehension,10,70,0.48046875,0.39453125,0.0859375
hilton2021_comprehension,10,71,0.39453125,0.53125,-0.13671875
hilton2021_comprehension,10,72,0.259765625,0.2109375,0.048828125
hilton2021_comprehension,11,0,3.28125,0.65234375,2.62890625
hilton2021_comprehension,11,1,0.67578125,1.1171875,-0.44140625
hilton2021_comprehension,11,2,1.3046875,0.435546875,0.869140625
hilton2021_comprehension,11,3,0.318359375,0.060546875,0.2578125
hilton2021_comprehension,11,4,0.384765625,0.038330078125,0.346435546875
hilton2021_comprehension,11,5,0.216796875,0.19140625,0.025390625
hilton2021_comprehension,11,6,0.3359375,0.1318359375,0.2041015625
hilton2021_comprehension,11,7,1.40625,3.296875,-1.890625
hilton2021_comprehension,11,8,0.2041015625,0.259765625,-0.0556640625
hilton2021_comprehension,11,9,1.9296875,2.015625,-0.0859375
hilton2021_comprehension,11,10,0.0966796875,0.10400390625,-0.00732421875
hilton2021_comprehension,11,11,0.37890625,0.5859375,-0.20703125
hilton2021_comprehension,11,12,1.5078125,0.69921875,0.80859375
hilton2021_comprehension,11,13,1.3203125,2.125,-0.8046875
hilton2021_comprehension,11,14,0.341796875,0.283203125,0.05859375
hilton2021_comprehension,11,15,0.2294921875,0.2294921875,0.0
hilton2021_comprehension,11,16,0.390625,0.283203125,0.107421875
hilton2021_comprehension,11,17,0.283203125,0.25390625,0.029296875
hilton2021_comprehension,11,18,0.259765625,0.2041015625,0.0556640625
hilton2021_comprehension,11,19,0.76171875,1.0546875,-0.29296875
hilton2021_comprehension,11,20,0.65234375,0.90625,-0.25390625
hilton2021_comprehension,11,21,1.0625,0.90625,0.15625
hilton2021_comprehension,11,22,0.2041015625,0.1455078125,0.05859375
hilton2021_comprehension,11,23,1.5,0.69921875,0.80078125
hilton2021_comprehension,11,24,0.0751953125,0.2041015625,-0.12890625
hilton2021_comprehension,11,25,2.015625,1.90625,0.109375
hilton2021_comprehension,11,26,1.3125,1.6015625,-0.2890625
hilton2021_comprehension,11,27,0.52734375,0.390625,0.13671875
hilton2021_comprehension,11,28,0.8984375,0.578125,0.3203125
hilton2021_comprehension,11,29,0.578125,0.3515625,0.2265625
hilton2021_comprehension,11,30,1.40625,1.59375,-0.1875
hilton2021_comprehension,11,31,1.5,0.8984375,0.6015625
hilton2021_comprehension,11,32,0.06787109375,0.060546875,0.00732421875
hilton2021_comprehension,11,33,0.11083984375,0.25390625,-0.14306640625
hilton2021_comprehension,11,34,0.1318359375,0.2294921875,-0.09765625
hilton2021_comprehension,11,35,0.2041015625,0.25390625,-0.0498046875
hilton2021_comprehension,11,36,0.4765625,0.3125,0.1640625
hilton2021_comprehension,11,37,1.40625,0.9765625,0.4296875
hilton2021_comprehension,11,38,0.578125,0.4765625,0.1015625
hilton2021_comprehension,11,39,1.5,1.90625,-0.40625
hilton2021_comprehension,11,40,0.8984375,1.140625,-0.2421875
hilton2021_comprehension,11,41,0.6328125,0.578125,0.0546875
hilton2021_comprehension,11,42,0.345703125,0.69140625,-0.345703125
hilton2021_comprehension,11,43,0.2294921875,0.6328125,-0.4033203125
hilton2021_comprehension,11,44,0.3515625,0.390625,-0.0390625
hilton2021_comprehension,11,45,0.9765625,0.8984375,0.078125
hilton2021_comprehension,11,46,0.2041015625,0.283203125,-0.0791015625
hilton2021_comprehension,11,47,0.52734375,0.9765625,-0.44921875
hilton2021_comprehension,11,48,0.283203125,0.3125,-0.029296875
hilton2021_comprehension,11,49,0.3125,0.283203125,0.029296875
hilton2021_comprehension,11,50,0.5234375,0.5234375,0.0
hilton2021_comprehension,11,51,0.12451171875,0.345703125,-0.22119140625
hilton2021_comprehension,11,52,0.22265625,0.2041015625,0.0185546875
hilton2021_comprehension,11,53,0.828125,1.3125,-0.484375
hilton2021_comprehension,11,54,0.158203125,0.345703125,-0.1875
hilton2021_comprehension,11,55,0.69140625,0.22265625,0.46875
hilton2021_comprehension,11,56,0.1982421875,0.2353515625,-0.037109375
hilton2021_comprehension,11,57,0.3125,0.390625,-0.078125
hilton2021_comprehension,11,58,0.060546875,0.08251953125,-0.02197265625
hilton2021_comprehension,11,59,0.08251953125,0.2041015625,-0.12158203125
hilton2021_comprehension,11,60,0.390625,0.345703125,0.044921875
hilton2021_comprehension,11,61,1.0546875,1.21875,-0.1640625
hilton2021_comprehension,11,62,0.12451171875,0.060546875,0.06396484375
hilton2021_comprehension,11,63,0.03076171875,0.08984375,-0.05908203125
hilton2021_comprehension,11,64,1.140625,1.3125,-0.171875
hilton2021_comprehension,11,65,0.283203125,0.25390625,0.029296875
hilton2021_comprehension,11,66,0.4765625,0.345703125,0.130859375
hilton2021_comprehension,11,67,1.40625,1.8046875,-0.3984375
hilton2021_comprehension,11,68,1.703125,0.7578125,0.9453125
hilton2021_comprehension,11,69,0.0966796875,0.1318359375,-0.03515625
hilton2021_comprehension,11,70,0.12451171875,0.3125,-0.18798828125
hilton2021_comprehension,11,71,0.05322265625,0.2294921875,-0.17626953125
hilton2021_comprehension,11,72,0.578125,0.431640625,0.146484375
hilton2021_comprehension,12,0,3.3125,0.27734375,3.03515625
hilton2021_comprehension,12,1,0.5546875,0.11083984375,0.44384765625
hilton2021_comprehension,12,2,0.451171875,0.03076171875,0.42041015625
hilton2021_comprehension,12,3,0.78125,2.9375,-2.15625
hilton2021_comprehension,12,4,0.73828125,0.1650390625,0.5732421875
hilton2021_comprehension,12,5,0.12451171875,0.11083984375,0.013671875
hilton2021_comprehension,12,6,0.357421875,0.390625,-0.033203125
hilton2021_comprehension,12,7,1.0625,3.046875,-1.984375
hilton2021_comprehension,12,8,0.32421875,0.384765625,-0.060546875
hilton2021_comprehension,12,9,0.060546875,0.25390625,-0.193359375
hilton2021_comprehension,12,10,0.8359375,0.98046875,-0.14453125
hilton2021_comprehension,12,11,0.294921875,0.8359375,-0.541015625
hilton2021_comprehension,12,12,2.8125,1.8046875,1.0078125
hilton2021_comprehension,12,13,0.40625,1.2265625,-0.8203125
hilton2021_comprehension,12,14,0.5859375,0.5234375,0.0625
hilton2021_comprehension,12,15,1.2265625,0.828125,0.3984375
hilton2021_comprehension,12,16,1.140625,0.828125,0.3125
hilton2021_comprehension,12,17,0.63671875,0.52734375,0.109375
hilton2021_comprehension,12,18,0.259765625,0.11083984375,0.14892578125
hilton2021_comprehension,12,19,0.0966796875,0.2041015625,-0.107421875
hilton2021_comprehension,12,20,1.2265625,1.59375,-0.3671875
hilton2021_comprehension,12,21,0.1845703125,0.1650390625,0.01953125
hilton2021_comprehension,12,22,0.283203125,0.1455078125,0.1376953125
hilton2021_comprehension,12,23,1.2265625,0.390625,0.8359375
hilton2021_comprehension,12,24,0.08984375,0.08251953125,0.00732421875
hilton2021_comprehension,12,25,0.7578125,0.3515625,0.40625
hilton2021_comprehension,12,26,0.69140625,0.390625,0.30078125
hilton2021_comprehension,12,27,0.3515625,0.390625,-0.0390625
hilton2021_comprehension,12,28,0.828125,0.5234375,0.3046875
hilton2021_comprehension,12,29,1.921875,2.578125,-0.65625
hilton2021_comprehension,12,30,1.8046875,1.703125,0.1015625
hilton2021_comprehension,12,31,0.3515625,0.5234375,-0.171875
hilton2021_comprehension,12,32,1.0546875,0.8984375,0.15625
hilton2021_comprehension,12,33,0.12451171875,0.283203125,-0.15869140625
hilton2021_comprehension,12,34,1.703125,1.140625,0.5625
hilton2021_comprehension,12,35,0.6328125,0.25390625,0.37890625
hilton2021_comprehension,12,36,1.40625,0.9765625,0.4296875
hilton2021_comprehension,12,37,0.5234375,0.578125,-0.0546875
hilton2021_comprehension,12,38,0.69140625,0.828125,-0.13671875
hilton2021_comprehension,12,39,0.345703125,0.2041015625,0.1416015625
hilton2021_comprehension,12,40,0.4765625,0.3125,0.1640625
hilton2021_comprehension,12,41,0.3515625,0.060546875,0.291015625
hilton2021_comprehension,12,42,0.7578125,1.21875,-0.4609375
hilton2021_comprehension,12,43,0.828125,0.7578125,0.0703125
hilton2021_comprehension,12,44,0.828125,0.345703125,0.482421875
hilton2021_comprehension,12,45,0.9765625,0.6328125,0.34375
hilton2021_comprehension,12,46,0.828125,0.69140625,0.13671875
hilton2021_comprehension,12,47,0.431640625,0.22265625,0.208984375
hilton2021_comprehension,12,48,0.5234375,0.345703125,0.177734375
hilton2021_comprehension,12,49,0.7578125,0.578125,0.1796875
hilton2021_comprehension,12,50,0.7578125,0.4765625,0.28125
hilton2021_comprehension,12,51,1.0546875,0.158203125,0.896484375
hilton2021_comprehension,12,52,0.1787109375,0.22265625,-0.0439453125
hilton2021_comprehension,12,53,0.22265625,0.2041015625,0.0185546875
hilton2021_comprehension,12,54,0.828125,0.7578125,0.0703125
hilton2021_comprehension,12,55,0.4765625,0.3125,0.1640625
hilton2021_comprehension,12,56,0.390625,0.4765625,-0.0859375
hilton2021_comprehension,12,57,0.7578125,0.6328125,0.125
hilton2021_comprehension,12,58,0.12451171875,0.03076171875,0.09375
hilton2021_comprehension,12,59,0.578125,1.40625,-0.828125
hilton2021_comprehension,12,60,0.431640625,0.25390625,0.177734375
hilton2021_comprehension,12,61,0.431640625,0.12451171875,0.30712890625
hilton2021_comprehension,12,62,0.828125,0.431640625,0.396484375
hilton2021_comprehension,12,63,0.7578125,0.6328125,0.125
hilton2021_comprehension,12,64,0.22265625,0.22265625,0.0
hilton2021_comprehension,12,65,0.69140625,0.6328125,0.05859375
hilton2021_comprehension,12,66,0.4765625,0.8984375,-0.421875
hilton2021_comprehension,12,67,0.345703125,0.1787109375,0.1669921875
hilton2021_comprehension,12,68,1.0546875,1.703125,-0.6484375
hilton2021_comprehension,12,69,0.1787109375,0.1455078125,0.033203125
hilton2021_comprehension,12,70,0.2041015625,0.0458984375,0.158203125
hilton2021_comprehension,12,71,1.140625,1.8046875,-0.6640625
hilton2021_comprehension,12,72,0.7578125,1.140625,-0.3828125
hilton2021_comprehension,13,0,0.81640625,1.4140625,-0.59765625
hilton2021_comprehension,13,1,1.0625,0.330078125,0.732421875
hilton2021_comprehension,13,2,1.625,2.25,-0.625
hilton2021_comprehension,13,3,1.078125,1.1015625,-0.0234375
hilton2021_comprehension,13,4,0.470703125,0.44140625,0.029296875
hilton2021_comprehension,13,5,0.55078125,0.10400390625,0.44677734375
hilton2021_comprehension,13,6,0.55859375,0.11083984375,0.44775390625
hilton2021_comprehension,13,7,0.138671875,0.05322265625,0.08544921875
hilton2021_comprehension,13,8,0.330078125,0.1455078125,0.1845703125
hilton2021_comprehension,13,9,1.0,0.90234375,0.09765625
hilton2021_comprehension,13,10,0.12451171875,0.2294921875,-0.10498046875
hilton2021_comprehension,13,11,0.06787109375,0.11083984375,-0.04296875
hilton2021_comprehension,13,12,0.494140625,1.0546875,-0.560546875
hilton2021_comprehension,13,13,1.0,0.2294921875,0.7705078125
hilton2021_comprehension,13,14,2.25,2.46875,-0.21875
hilton2021_comprehension,13,15,2.8125,1.90625,0.90625
hilton2021_comprehension,13,16,0.08251953125,0.1650390625,-0.08251953125
hilton2021_comprehension,13,17,0.05322265625,0.08984375,-0.03662109375
hilton2021_comprehension,13,18,0.023193359375,0.158203125,-0.135009765625
hilton2021_comprehension,13,19,0.0966796875,0.390625,-0.2939453125
hilton2021_comprehension,13,20,0.765625,0.9765625,-0.2109375
hilton2021_comprehension,13,21,0.060546875,0.158203125,-0.09765625
hilton2021_comprehension,13,22,0.32421875,0.390625,-0.06640625
hilton2021_comprehension,13,23,2.8125,0.9765625,1.8359375
hilton2021_comprehension,13,24,0.05322265625,0.1787109375,-0.12548828125
hilton2021_comprehension,13,25,1.2265625,1.0546875,0.171875
hilton2021_comprehension,13,26,0.52734375,0.76171875,-0.234375
hilton2021_comprehension,13,27,0.06787109375,0.390625,-0.32275390625
hilton2021_comprehension,13,28,4.25,2.6875,1.5625
hilton2021_comprehension,13,29,0.19140625,0.15234375,0.0390625
hilton2021_comprehension,13,30,1.703125,0.828125,0.875
hilton2021_comprehension,13,31,0.2041015625,0.1455078125,0.05859375
hilton2021_comprehension,13,32,1.8046875,0.8984375,0.90625
hilton2021_comprehension,13,33,0.1650390625,0.05322265625,0.11181640625
hilton2021_comprehension,13,34,0.1455078125,0.1787109375,-0.033203125
hilton2021_comprehension,13,35,2.015625,1.59375,0.421875
hilton2021_comprehension,13,36,0.3125,0.2041015625,0.1083984375
hilton2021_comprehension,13,37,1.2265625,1.59375,-0.3671875
hilton2021_comprehension,13,38,0.283203125,0.578125,-0.294921875
hilton2021_comprehension,13,39,0.1787109375,0.08251953125,0.09619140625
hilton2021_comprehension,13,40,2.234375,2.125,0.109375
hilton2021_comprehension,13,41,0.25390625,0.6328125,-0.37890625
hilton2021_comprehension,13,42,0.2041015625,0.2041015625,0.0
hilton2021_comprehension,13,43,0.1650390625,0.10400390625,0.06103515625
hilton2021_comprehension,13,44,0.25390625,0.22265625,0.03125
hilton2021_comprehension,13,45,0.1787109375,0.69140625,-0.5126953125
hilton2021_comprehension,13,46,0.390625,0.10400390625,0.28662109375
hilton2021_comprehension,13,47,0.4765625,1.3125,-0.8359375
hilton2021_comprehension,13,48,0.2041015625,0.2041015625,0.0
hilton2021_comprehension,13,49,1.40625,1.21875,0.1875
hilton2021_comprehension,13,50,1.8046875,1.40625,0.3984375
hilton2021_comprehension,13,51,1.6015625,2.015625,-0.4140625
hilton2021_comprehension,13,52,1.0546875,0.6328125,0.421875
hilton2021_comprehension,13,53,0.8984375,0.578125,0.3203125
hilton2021_comprehension,13,54,0.158203125,0.22265625,-0.064453125
hilton2021_comprehension,13,55,0.2294921875,0.4765625,-0.2470703125
hilton2021_comprehension,13,56,1.0546875,0.7578125,0.296875
hilton2021_comprehension,13,57,0.3515625,0.3125,0.0390625
hilton2021_comprehension,13,58,0.9765625,0.4765625,0.5
hilton2021_comprehension,13,59,1.90625,0.6328125,1.2734375
hilton2021_comprehension,13,60,0.3125,0.5234375,-0.2109375
hilton2021_comprehension,13,61,0.3125,0.390625,-0.078125
hilton2021_comprehension,13,62,0.283203125,0.1455078125,0.1376953125
hilton2021_comprehension,13,63,1.3125,0.69140625,0.62109375
hilton2021_comprehension,13,64,0.283203125,0.3125,-0.029296875
hilton2021_comprehension,13,65,1.40625,0.345703125,1.060546875
hilton2021_comprehension,13,66,0.25390625,0.25390625,0.0
hilton2021_comprehension,13,67,0.390625,0.1455078125,0.2451171875
hilton2021_comprehension,13,68,0.828125,0.828125,0.0
hilton2021_comprehension,13,69,1.140625,0.7578125,0.3828125
hilton2021_comprehension,13,70,0.05322265625,0.03076171875,0.0224609375
hilton2021_comprehension,13,71,0.6328125,0.828125,-0.1953125
hilton2021_comprehension,13,72,0.390625,1.2265625,-0.8359375
hilton2021_comprehension,14,0,0.8515625,1.90625,-1.0546875
hilton2021_comprehension,14,1,0.6328125,0.1982421875,0.4345703125
hilton2021_comprehension,14,2,0.25390625,0.08984375,0.1640625
hilton2021_comprehension,14,3,2.765625,3.34375,-0.578125
hilton2021_comprehension,14,4,0.416015625,0.55078125,-0.134765625
hilton2021_comprehension,14,5,2.59375,3.953125,-1.359375
hilton2021_comprehension,14,6,0.671875,0.318359375,0.353515625
hilton2021_comprehension,14,7,0.50390625,0.3515625,0.15234375
hilton2021_comprehension,14,8,1.28125,2.5,-1.21875
hilton2021_comprehension,14,9,1.5859375,1.8671875,-0.28125
hilton2021_comprehension,14,10,0.248046875,0.1318359375,0.1162109375
hilton2021_comprehension,14,11,0.515625,0.341796875,0.173828125
hilton2021_comprehension,14,12,1.375,1.9375,-0.5625
hilton2021_comprehension,14,13,1.375,1.9375,-0.5625
hilton2021_comprehension,14,14,2.1875,2.59375,-0.40625
hilton2021_comprehension,14,15,1.6171875,1.40625,0.2109375
hilton2021_comprehension,14,16,0.48046875,1.0625,-0.58203125
hilton2021_comprehension,14,17,2.109375,2.5625,-0.453125
hilton2021_comprehension,14,18,0.578125,0.5234375,0.0546875
hilton2021_comprehension,14,19,0.5546875,0.53125,0.0234375
hilton2021_comprehension,14,20,0.451171875,0.73046875,-0.279296875
hilton2021_comprehension,14,21,1.390625,1.2265625,0.1640625
hilton2021_comprehension,14,22,0.248046875,0.32421875,-0.076171875
hilton2021_comprehension,14,23,0.2294921875,0.22265625,0.0068359375
hilton2021_comprehension,14,24,0.171875,0.1455078125,0.0263671875
hilton2021_comprehension,14,25,1.390625,1.84375,-0.453125
hilton2021_comprehension,14,26,2.15625,1.234375,0.921875
hilton2021_comprehension,14,27,0.76953125,1.65625,-0.88671875
hilton2021_comprehension,14,28,0.265625,0.515625,-0.25
hilton2021_comprehension,14,29,0.5,0.83203125,-0.33203125
hilton2021_comprehension,14,30,0.890625,0.5859375,0.3046875
hilton2021_comprehension,14,31,1.515625,1.734375,-0.21875
hilton2021_comprehension,14,32,1.9609375,1.6328125,0.328125
hilton2021_comprehension,14,33,1.75,0.97265625,0.77734375
hilton2021_comprehension,14,34,0.63671875,0.4453125,0.19140625
hilton2021_comprehension,14,35,0.2421875,0.42578125,-0.18359375
hilton2021_comprehension,14,36,2.046875,1.171875,0.875
hilton2021_comprehension,14,37,0.294921875,0.39453125,-0.099609375
hilton2021_comprehension,14,38,0.138671875,0.48046875,-0.341796875
hilton2021_comprehension,14,39,0.1845703125,0.2421875,-0.0576171875
hilton2021_comprehension,14,40,0.1982421875,0.1455078125,0.052734375
hilton2021_comprehension,14,41,0.470703125,0.76171875,-0.291015625
hilton2021_comprehension,14,42,0.341796875,0.357421875,-0.015625
hilton2021_comprehension,14,43,0.88671875,0.65625,0.23046875
hilton2021_comprehension,14,44,1.3671875,1.03125,0.3359375
hilton2021_comprehension,14,45,0.5625,0.5625,0.0
hilton2021_comprehension,14,46,0.1845703125,0.357421875,-0.1728515625
hilton2021_comprehension,14,47,0.22265625,0.283203125,-0.060546875
hilton2021_comprehension,14,48,2.46875,3.4375,-0.96875
hilton2021_comprehension,14,49,1.234375,1.625,-0.390625
hilton2021_comprehension,14,50,2.3125,2.671875,-0.359375
hilton2021_comprehension,14,51,0.2890625,0.494140625,-0.205078125
hilton2021_comprehension,14,52,1.4453125,0.70703125,0.73828125
hilton2021_comprehension,14,53,0.1787109375,0.15234375,0.0263671875
hilton2021_comprehension,14,54,0.44140625,0.515625,-0.07421875
hilton2021_comprehension,14,55,0.6015625,0.53515625,0.06640625
hilton2021_comprehension,14,56,1.5625,1.796875,-0.234375
hilton2021_comprehension,14,57,0.76953125,0.76171875,0.0078125
hilton2021_comprehension,14,58,1.34375,1.890625,-0.546875
hilton2021_comprehension,14,59,0.3515625,0.6484375,-0.296875
hilton2021_comprehension,14,60,0.10400390625,0.2041015625,-0.10009765625
hilton2021_comprehension,14,61,0.369140625,0.30078125,0.068359375
hilton2021_comprehension,14,62,0.390625,0.515625,-0.125
hilton2021_comprehension,14,63,0.36328125,0.32421875,0.0390625
hilton2021_comprehension,14,64,0.1318359375,0.216796875,-0.0849609375
hilton2021_comprehension,14,65,0.1787109375,0.25390625,-0.0751953125
hilton2021_comprehension,14,66,0.90234375,0.6484375,0.25390625
hilton2021_comprehension,14,67,1.921875,2.046875,-0.125
hilton2021_comprehension,14,68,0.11083984375,0.19140625,-0.08056640625
hilton2021_comprehension,14,69,0.765625,0.3125,0.453125
hilton2021_comprehension,14,70,0.890625,0.97265625,-0.08203125
hilton2021_comprehension,14,71,0.5234375,0.306640625,0.216796875
hilton2021_comprehension,14,72,0.2890625,0.357421875,-0.068359375
hilton2021_comprehension,15,0,3.21875,0.341796875,2.876953125
hilton2021_comprehension,15,1,0.546875,0.294921875,0.251953125
hilton2021_comprehension,15,2,1.1796875,0.8515625,0.328125
hilton2021_comprehension,15,3,0.64453125,0.10400390625,0.54052734375
hilton2021_comprehension,15,4,0.83984375,2.8125,-1.97265625
hilton2021_comprehension,15,5,0.36328125,0.2294921875,0.1337890625
hilton2021_comprehension,15,6,1.5390625,0.1650390625,1.3740234375
hilton2021_comprehension,15,7,0.10400390625,0.023193359375,0.080810546875
hilton2021_comprehension,15,8,0.11767578125,0.171875,-0.05419921875
hilton2021_comprehension,15,9,0.060546875,0.1455078125,-0.0849609375
hilton2021_comprehension,15,10,0.78125,0.486328125,0.294921875
hilton2021_comprehension,15,11,0.158203125,0.11767578125,0.04052734375
hilton2021_comprehension,15,12,2.703125,2.359375,0.34375
hilton2021_comprehension,15,13,0.58984375,0.58203125,0.0078125
hilton2021_comprehension,15,14,2.359375,2.125,0.234375
hilton2021_comprehension,15,15,0.11083984375,0.0458984375,0.06494140625
hilton2021_comprehension,15,16,0.023193359375,0.038330078125,-0.01513671875
hilton2021_comprehension,15,17,1.4140625,1.140625,0.2734375
hilton2021_comprehension,15,18,1.234375,0.69921875,0.53515625
hilton2021_comprehension,15,19,5.21875,7.5625,-2.34375
hilton2021_comprehension,15,20,0.0966796875,0.2294921875,-0.1328125
hilton2021_comprehension,15,21,0.87890625,0.79296875,0.0859375
hilton2021_comprehension,15,22,0.466796875,0.53515625,-0.068359375
hilton2021_comprehension,15,23,0.25390625,0.36328125,-0.109375
hilton2021_comprehension,15,24,0.96875,1.1796875,-0.2109375
hilton2021_comprehension,15,25,0.1787109375,0.55859375,-0.3798828125
hilton2021_comprehension,15,26,1.3671875,1.625,-0.2578125
hilton2021_comprehension,15,27,0.75390625,0.66796875,0.0859375
hilton2021_comprehension,15,28,0.2890625,0.6640625,-0.375
hilton2021_comprehension,15,29,0.158203125,0.71484375,-0.556640625
hilton2021_comprehension,15,30,0.27734375,0.2421875,0.03515625
hilton2021_comprehension,15,31,0.038330078125,0.08251953125,-0.044189453125
hilton2021_comprehension,15,32,0.259765625,0.171875,0.087890625
hilton2021_comprehension,15,33,0.494140625,0.15234375,0.341796875
hilton2021_comprehension,15,34,0.0458984375,0.248046875,-0.2021484375
hilton2021_comprehension,15,35,0.038330078125,0.0966796875,-0.058349609375
hilton2021_comprehension,15,36,0.7890625,0.45703125,0.33203125
hilton2021_comprehension,15,37,0.11083984375,0.11083984375,0.0
hilton2021_comprehension,15,38,1.7421875,0.70703125,1.03515625
hilton2021_comprehension,15,39,0.5546875,0.984375,-0.4296875
hilton2021_comprehension,15,40,1.625,1.15625,0.46875
hilton2021_comprehension,15,41,0.306640625,0.36328125,-0.056640625
hilton2021_comprehension,15,42,0.271484375,1.625,-1.353515625
hilton2021_comprehension,15,43,1.546875,1.25,0.296875
hilton2021_comprehension,15,44,0.0751953125,0.060546875,0.0146484375
hilton2021_comprehension,15,45,0.369140625,0.59375,-0.224609375
hilton2021_comprehension,15,46,0.318359375,0.369140625,-0.05078125
hilton2021_comprehension,15,47,0.70703125,0.2421875,0.46484375
hilton2021_comprehension,15,48,0.306640625,0.78125,-0.474609375
hilton2021_comprehension,15,49,0.400390625,0.400390625,0.0
hilton2021_comprehension,15,50,0.1650390625,0.06787109375,0.09716796875
hilton2021_comprehension,15,51,0.5859375,0.330078125,0.255859375
hilton2021_comprehension,15,52,0.431640625,0.30078125,0.130859375
hilton2021_comprehension,15,53,1.1640625,1.4140625,-0.25
hilton2021_comprehension,15,54,0.53515625,0.11767578125,0.41748046875
hilton2021_comprehension,15,55,0.19140625,0.138671875,0.052734375
hilton2021_comprehension,15,56,0.1982421875,0.11083984375,0.08740234375
hilton2021_comprehension,15,57,0.70703125,0.490234375,0.216796875
hilton2021_comprehension,15,58,0.259765625,0.40625,-0.146484375
hilton2021_comprehension,15,59,0.2890625,0.06787109375,0.22119140625
hilton2021_comprehension,15,60,0.265625,0.294921875,-0.029296875
hilton2021_comprehension,15,61,0.12451171875,0.65234375,-0.52783203125
hilton2021_comprehension,15,62,0.25390625,0.171875,0.08203125
hilton2021_comprehension,15,63,0.10400390625,0.11767578125,-0.013671875
hilton2021_comprehension,15,64,1.1484375,1.71875,-0.5703125
hilton2021_comprehension,15,65,0.63671875,0.84375,-0.20703125
hilton2021_comprehension,15,66,0.0966796875,0.2109375,-0.1142578125
hilton2021_comprehension,15,67,0.765625,0.494140625,0.271484375
hilton2021_comprehension,15,68,2.125,0.39453125,1.73046875
hilton2021_comprehension,15,69,0.138671875,0.494140625,-0.35546875
hilton2021_comprehension,15,70,0.828125,0.765625,0.0625
hilton2021_comprehension,15,71,1.078125,0.83984375,0.23828125
hilton2021_comprehension,15,72,0.5859375,0.1650390625,0.4208984375
hilton2021_comprehension,16,0,0.94140625,1.71875,-0.77734375
hilton2021_comprehension,16,1,0.36328125,0.11083984375,0.25244140625
hilton2021_comprehension,16,2,1.1171875,1.921875,-0.8046875
hilton2021_comprehension,16,3,0.2421875,0.08984375,0.15234375
hilton2021_comprehension,16,4,0.22265625,0.08984375,0.1328125
hilton2021_comprehension,16,5,0.54296875,0.1455078125,0.3974609375
hilton2021_comprehension,16,6,0.1982421875,1.3203125,-1.1220703125
hilton2021_comprehension,16,7,0.859375,0.11767578125,0.74169921875
hilton2021_comprehension,16,8,0.08984375,0.038330078125,0.051513671875
hilton2021_comprehension,16,9,1.3203125,0.90234375,0.41796875
hilton2021_comprehension,16,10,0.0751953125,0.318359375,-0.2431640625
hilton2021_comprehension,16,11,1.609375,1.2265625,0.3828125
hilton2021_comprehension,16,12,0.1845703125,0.330078125,-0.1455078125
hilton2021_comprehension,16,13,0.265625,0.060546875,0.205078125
hilton2021_comprehension,16,14,1.2265625,0.828125,0.3984375
hilton2021_comprehension,16,15,1.3125,0.578125,0.734375
hilton2021_comprehension,16,16,0.1845703125,0.11083984375,0.07373046875
hilton2021_comprehension,16,17,1.0546875,0.3125,0.7421875
hilton2021_comprehension,16,18,0.2041015625,0.158203125,0.0458984375
hilton2021_comprehension,16,19,0.11767578125,0.0155029296875,0.1021728515625
hilton2021_comprehension,16,20,0.11767578125,0.578125,-0.46044921875
hilton2021_comprehension,16,21,0.431640625,1.0546875,-0.623046875
hilton2021_comprehension,16,22,0.0458984375,0.023193359375,0.022705078125
hilton2021_comprehension,16,23,0.038330078125,0.05322265625,-0.014892578125
hilton2021_comprehension,16,24,2.46875,1.90625,0.5625
hilton2021_comprehension,16,25,0.08251953125,0.283203125,-0.20068359375
hilton2021_comprehension,16,26,0.90234375,0.76171875,0.140625
hilton2021_comprehension,16,27,0.5234375,0.03076171875,0.49267578125
hilton2021_comprehension,16,28,1.8046875,2.125,-0.3203125
hilton2021_comprehension,16,29,0.390625,0.390625,0.0
hilton2021_comprehension,16,30,0.1455078125,0.578125,-0.4326171875
hilton2021_comprehension,16,31,1.90625,0.9765625,0.9296875
hilton2021_comprehension,16,32,0.2041015625,0.8984375,-0.6943359375
hilton2021_comprehension,16,33,1.8046875,0.578125,1.2265625
hilton2021_comprehension,16,34,0.69140625,1.3125,-0.62109375
hilton2021_comprehension,16,35,0.25390625,0.158203125,0.095703125
hilton2021_comprehension,16,36,0.05322265625,0.0155029296875,0.0377197265625
hilton2021_comprehension,16,37,1.8046875,1.21875,0.5859375
hilton2021_comprehension,16,38,0.08251953125,0.22265625,-0.14013671875
hilton2021_comprehension,16,39,0.1455078125,0.10400390625,0.04150390625
hilton2021_comprehension,16,40,0.11083984375,0.1455078125,-0.03466796875
hilton2021_comprehension,16,41,0.05322265625,0.03076171875,0.0224609375
hilton2021_comprehension,16,42,0.3125,0.283203125,0.029296875
hilton2021_comprehension,16,43,0.060546875,0.0458984375,0.0146484375
hilton2021_comprehension,16,44,0.060546875,0.4765625,-0.416015625
hilton2021_comprehension,16,45,0.11083984375,0.1455078125,-0.03466796875
hilton2021_comprehension,16,46,0.1787109375,0.5234375,-0.3447265625
hilton2021_comprehension,16,47,0.52734375,1.3125,-0.78515625
hilton2021_comprehension,16,48,2.015625,2.46875,-0.453125
hilton2021_comprehension,16,49,0.12451171875,0.11083984375,0.013671875
hilton2021_comprehension,16,50,1.3125,1.5,-0.1875
hilton2021_comprehension,16,51,1.40625,0.7578125,0.6484375
hilton2021_comprehension,16,52,0.038330078125,0.023193359375,0.01513671875
hilton2021_comprehension,16,53,0.25390625,0.2041015625,0.0498046875
hilton2021_comprehension,16,54,0.08984375,0.22265625,-0.1328125
hilton2021_comprehension,16,55,0.3125,0.7578125,-0.4453125
hilton2021_comprehension,16,56,0.2041015625,0.4765625,-0.2724609375
hilton2021_comprehension,16,57,0.7578125,0.69140625,0.06640625
hilton2021_comprehension,16,58,0.25390625,0.12451171875,0.12939453125
hilton2021_comprehension,16,59,1.59375,2.46875,-0.875
hilton2021_comprehension,16,60,0.283203125,0.2041015625,0.0791015625
hilton2021_comprehension,16,61,0.2294921875,0.060546875,0.1689453125
hilton2021_comprehension,16,62,2.015625,1.8046875,0.2109375
hilton2021_comprehension,16,63,2.359375,1.0546875,1.3046875
hilton2021_comprehension,16,64,0.9765625,0.6328125,0.34375
hilton2021_comprehension,16,65,0.6328125,0.6328125,0.0
hilton2021_comprehension,16,66,1.140625,1.40625,-0.265625
hilton2021_comprehension,16,67,0.69140625,0.390625,0.30078125
hilton2021_comprehension,16,68,0.138671875,0.06787109375,0.07080078125
hilton2021_comprehension,16,69,1.59375,0.5234375,1.0703125
hilton2021_comprehension,16,70,1.0546875,0.5234375,0.53125
hilton2021_comprehension,16,71,0.318359375,0.345703125,-0.02734375
hilton2021_comprehension,16,72,1.703125,1.0546875,0.6484375
hilton2021_comprehension,17,0,0.83203125,0.77734375,0.0546875
hilton2021_comprehension,17,1,0.58984375,0.19140625,0.3984375
hilton2021_comprehension,17,2,0.78125,0.11767578125,0.66357421875
hilton2021_comprehension,17,3,0.248046875,0.2041015625,0.0439453125
hilton2021_comprehension,17,4,1.125,0.416015625,0.708984375
hilton2021_comprehension,17,5,0.345703125,0.0966796875,0.2490234375
hilton2021_comprehension,17,6,0.39453125,2.578125,-2.18359375
hilton2021_comprehension,17,7,0.5,0.400390625,0.099609375
hilton2021_comprehension,17,8,1.8125,2.125,-0.3125
hilton2021_comprehension,17,9,1.9453125,1.328125,0.6171875
hilton2021_comprehension,17,10,0.494140625,1.0546875,-0.560546875
hilton2021_comprehension,17,11,0.83984375,0.52734375,0.3125
hilton2021_comprehension,17,12,0.30078125,0.357421875,-0.056640625
hilton2021_comprehension,17,13,1.234375,0.25390625,0.98046875
hilton2021_comprehension,17,14,0.435546875,0.9765625,-0.541015625
hilton2021_comprehension,17,15,5.84375,5.3125,0.53125
hilton2021_comprehension,17,16,1.0234375,1.28125,-0.2578125
hilton2021_comprehension,17,17,0.94140625,0.8828125,0.05859375
hilton2021_comprehension,17,18,0.1845703125,0.25390625,-0.0693359375
hilton2021_comprehension,17,19,0.486328125,0.515625,-0.029296875
hilton2021_comprehension,17,20,0.451171875,0.48046875,-0.029296875
hilton2021_comprehension,17,21,1.828125,2.140625,-0.3125
hilton2021_comprehension,17,22,0.466796875,0.330078125,0.13671875
hilton2021_comprehension,17,23,0.5625,0.6015625,-0.0390625
hilton2021_comprehension,17,24,0.76171875,0.3515625,0.41015625
hilton2021_comprehension,17,25,1.5625,1.125,0.4375
hilton2021_comprehension,17,26,0.87109375,0.578125,0.29296875
hilton2021_comprehension,17,27,0.99609375,0.95703125,0.0390625
hilton2021_comprehension,17,28,0.158203125,0.294921875,-0.13671875
hilton2021_comprehension,17,29,0.1650390625,0.138671875,0.0263671875
hilton2021_comprehension,17,30,0.318359375,0.30078125,0.017578125
hilton2021_comprehension,17,31,0.97265625,0.91796875,0.0546875
hilton2021_comprehension,17,32,2.625,2.046875,0.578125
hilton2021_comprehension,17,33,0.30078125,0.294921875,0.005859375
hilton2021_comprehension,17,34,1.359375,1.265625,0.09375
hilton2021_comprehension,17,35,0.30078125,0.283203125,0.017578125
hilton2021_comprehension,17,36,0.5,0.283203125,0.216796875
hilton2021_comprehension,17,37,0.53515625,0.384765625,0.150390625
hilton2021_comprehension,17,38,0.369140625,0.1787109375,0.1904296875
hilton2021_comprehension,17,39,0.58984375,0.27734375,0.3125
hilton2021_comprehension,17,40,1.828125,2.8125,-0.984375
hilton2021_comprehension,17,41,0.2421875,0.22265625,0.01953125
hilton2021_comprehension,17,42,0.83984375,1.6484375,-0.80859375
hilton2021_comprehension,17,43,1.296875,1.9375,-0.640625
hilton2021_comprehension,17,44,1.40625,1.359375,0.046875
hilton2021_comprehension,17,45,0.12451171875,0.390625,-0.26611328125
hilton2021_comprehension,17,46,0.1318359375,0.36328125,-0.2314453125
hilton2021_comprehension,17,47,0.4765625,0.3125,0.1640625
hilton2021_comprehension,17,48,2.171875,1.640625,0.53125
hilton2021_comprehension,17,49,0.390625,0.69140625,-0.30078125
hilton2021_comprehension,17,50,0.400390625,0.15234375,0.248046875
hilton2021_comprehension,17,51,2.046875,0.8828125,1.1640625
hilton2021_comprehension,17,52,1.1484375,0.5625,0.5859375
hilton2021_comprehension,17,53,0.1318359375,0.40625,-0.2744140625
hilton2021_comprehension,17,54,0.546875,0.5078125,0.0390625
hilton2021_comprehension,17,55,0.2421875,0.2041015625,0.0380859375
hilton2021_comprehension,17,56,1.4609375,1.0078125,0.453125
hilton2021_comprehension,17,57,3.53125,3.875,-0.34375
hilton2021_comprehension,17,58,0.2294921875,0.0966796875,0.1328125
hilton2021_comprehension,17,59,1.640625,1.359375,0.28125
hilton2021_comprehension,17,60,0.1455078125,0.2109375,-0.0654296875
hilton2021_comprehension,17,61,0.52734375,0.546875,-0.01953125
hilton2021_comprehension,17,62,0.83203125,0.8828125,-0.05078125
hilton2021_comprehension,17,63,0.158203125,0.11767578125,0.04052734375
hilton2021_comprehension,17,64,0.2041015625,0.2890625,-0.0849609375
hilton2021_comprehension,17,65,2.875,2.765625,0.109375
hilton2021_comprehension,17,66,0.546875,0.53515625,0.01171875
hilton2021_comprehension,17,67,0.41015625,0.1650390625,0.2451171875
hilton2021_comprehension,17,68,0.08984375,0.2041015625,-0.1142578125
hilton2021_comprehension,17,69,1.15625,1.4375,-0.28125
hilton2021_comprehension,17,70,0.283203125,0.69140625,-0.408203125
hilton2021_comprehension,17,71,0.421875,0.32421875,0.09765625
hilton2021_comprehension,17,72,1.75,1.4453125,0.3046875
hilton2021_comprehension,18,0,0.76953125,1.046875,-0.27734375
hilton2021_comprehension,18,1,0.76171875,0.66015625,0.1015625
hilton2021_comprehension,18,2,1.109375,1.4296875,-0.3203125
hilton2021_comprehension,18,3,0.6484375,0.138671875,0.509765625
hilton2021_comprehension,18,4,0.15234375,0.023193359375,0.129150390625
hilton2021_comprehension,18,5,0.2353515625,0.59375,-0.3583984375
hilton2021_comprehension,18,6,0.0458984375,0.060546875,-0.0146484375
hilton2021_comprehension,18,7,0.64453125,2.359375,-1.71484375
hilton2021_comprehension,18,8,0.4453125,0.52734375,-0.08203125
hilton2021_comprehension,18,9,0.11083984375,0.03076171875,0.080078125
hilton2021_comprehension,18,10,0.038330078125,0.023193359375,0.01513671875
hilton2021_comprehension,18,11,0.1650390625,0.06787109375,0.09716796875
hilton2021_comprehension,18,12,0.05322265625,0.060546875,-0.00732421875
hilton2021_comprehension,18,13,1.609375,1.9140625,-0.3046875
hilton2021_comprehension,18,14,2.359375,2.46875,-0.109375
hilton2021_comprehension,18,15,0.283203125,0.283203125,0.0
hilton2021_comprehension,18,16,2.25,0.90234375,1.34765625
hilton2021_comprehension,18,17,0.2041015625,1.0546875,-0.8505859375
hilton2021_comprehension,18,18,0.038330078125,0.03076171875,0.007568359375
hilton2021_comprehension,18,19,2.015625,1.140625,0.875
hilton2021_comprehension,18,20,0.0751953125,0.12451171875,-0.04931640625
hilton2021_comprehension,18,21,0.98046875,0.283203125,0.697265625
hilton2021_comprehension,18,22,0.1455078125,0.08251953125,0.06298828125
hilton2021_comprehension,18,23,0.265625,1.140625,-0.875
hilton2021_comprehension,18,24,0.52734375,0.318359375,0.208984375
hilton2021_comprehension,18,25,0.08984375,0.08251953125,0.00732421875
hilton2021_comprehension,18,26,0.060546875,0.023193359375,0.037353515625
hilton2021_comprehension,18,27,1.5,2.578125,-1.078125
hilton2021_comprehension,18,28,0.05322265625,0.2041015625,-0.15087890625
hilton2021_comprehension,18,29,0.1318359375,0.2041015625,-0.072265625
hilton2021_comprehension,18,30,0.431640625,0.390625,0.041015625
hilton2021_comprehension,18,31,1.0546875,1.59375,-0.5390625
hilton2021_comprehension,18,32,0.0155029296875,0.023193359375,-0.0076904296875
hilton2021_comprehension,18,33,0.4765625,1.0546875,-0.578125
hilton2021_comprehension,18,34,0.0458984375,0.05322265625,-0.00732421875
hilton2021_comprehension,18,35,0.05322265625,0.6328125,-0.57958984375
hilton2021_comprehension,18,36,2.015625,1.703125,0.3125
hilton2021_comprehension,18,37,1.5,0.52734375,0.97265625
hilton2021_comprehension,18,38,1.40625,0.828125,0.578125
hilton2021_comprehension,18,39,1.3125,1.703125,-0.390625
hilton2021_comprehension,18,40,0.2294921875,0.431640625,-0.2021484375
hilton2021_comprehension,18,41,1.5,0.3515625,1.1484375
hilton2021_comprehension,18,42,0.431640625,0.9765625,-0.544921875
hilton2021_comprehension,18,43,1.8046875,0.828125,0.9765625
hilton2021_comprehension,18,44,0.3515625,0.390625,-0.0390625
hilton2021_comprehension,18,45,0.25390625,0.3125,-0.05859375
hilton2021_comprehension,18,46,0.158203125,0.2294921875,-0.0712890625
hilton2021_comprehension,18,47,1.5,0.578125,0.921875
hilton2021_comprehension,18,48,0.5234375,1.703125,-1.1796875
hilton2021_comprehension,18,49,2.6875,0.8984375,1.7890625
hilton2021_comprehension,18,50,0.060546875,0.08251953125,-0.02197265625
hilton2021_comprehension,18,51,0.038330078125,0.060546875,-0.022216796875
hilton2021_comprehension,18,52,1.2265625,1.40625,-0.1796875
hilton2021_comprehension,18,53,1.40625,0.9765625,0.4296875
hilton2021_comprehension,18,54,0.05322265625,0.060546875,-0.00732421875
hilton2021_comprehension,18,55,0.1455078125,0.2041015625,-0.05859375
hilton2021_comprehension,18,56,0.11083984375,0.0458984375,0.06494140625
hilton2021_comprehension,18,57,0.12451171875,0.2041015625,-0.07958984375
hilton2021_comprehension,18,58,0.9765625,0.69140625,0.28515625
hilton2021_comprehension,18,59,0.11083984375,0.11083984375,0.0
hilton2021_comprehension,18,60,0.828125,0.431640625,0.396484375
hilton2021_comprehension,18,61,1.0546875,1.3125,-0.2578125
hilton2021_comprehension,18,62,0.038330078125,0.283203125,-0.244873046875
hilton2021_comprehension,18,63,1.0546875,1.5,-0.4453125
hilton2021_comprehension,18,64,0.2041015625,0.283203125,-0.0791015625
hilton2021_comprehension,18,65,0.4765625,0.1787109375,0.2978515625
hilton2021_comprehension,18,66,0.8984375,0.8984375,0.0
hilton2021_comprehension,18,67,1.3125,1.21875,0.09375
hilton2021_comprehension,18,68,0.578125,0.4765625,0.1015625
hilton2021_comprehension,18,69,0.2353515625,0.3515625,-0.1162109375
hilton2021_comprehension,18,70,0.578125,0.4765625,0.1015625
hilton2021_comprehension,18,71,0.158203125,0.345703125,-0.1875
hilton2021_comprehension,18,72,0.1318359375,0.283203125,-0.1513671875
hilton2021_comprehension,19,0,0.890625,0.890625,0.0
hilton2021_comprehension,19,1,0.87890625,0.1318359375,0.7470703125
hilton2021_comprehension,19,2,1.125,1.734375,-0.609375
hilton2021_comprehension,19,3,0.486328125,0.158203125,0.328125
hilton2021_comprehension,19,4,0.283203125,0.0155029296875,0.2677001953125
hilton2021_comprehension,19,5,0.6875,0.06787109375,0.61962890625
hilton2021_comprehension,19,6,0.94921875,1.234375,-0.28515625
hilton2021_comprehension,19,7,0.22265625,0.08984375,0.1328125
hilton2021_comprehension,19,8,1.25,2.125,-0.875
hilton2021_comprehension,19,9,0.40625,0.52734375,-0.12109375
hilton2021_comprehension,19,10,0.341796875,0.45703125,-0.115234375
hilton2021_comprehension,19,11,0.08984375,0.08984375,0.0
hilton2021_comprehension,19,12,1.234375,0.83203125,0.40234375
hilton2021_comprehension,19,13,0.11767578125,0.060546875,0.05712890625
hilton2021_comprehension,19,14,0.283203125,1.140625,-0.857421875
hilton2021_comprehension,19,15,0.10400390625,0.283203125,-0.17919921875
hilton2021_comprehension,19,16,0.1845703125,1.703125,-1.5185546875
hilton2021_comprehension,19,17,2.703125,1.8046875,0.8984375
hilton2021_comprehension,19,18,1.5,1.5,0.0
hilton2021_comprehension,19,19,0.5859375,0.4765625,0.109375
hilton2021_comprehension,19,20,1.140625,0.828125,0.3125
hilton2021_comprehension,19,21,1.703125,1.2265625,0.4765625
hilton2021_comprehension,19,22,0.1318359375,0.05322265625,0.07861328125
hilton2021_comprehension,19,23,0.390625,0.828125,-0.4375
hilton2021_comprehension,19,24,0.52734375,0.345703125,0.181640625
hilton2021_comprehension,19,25,0.283203125,0.4765625,-0.193359375
hilton2021_comprehension,19,26,0.3515625,1.3125,-0.9609375
hilton2021_comprehension,19,27,0.0458984375,0.08251953125,-0.03662109375
hilton2021_comprehension,19,28,0.3515625,0.3515625,0.0
hilton2021_comprehension,19,29,0.1787109375,0.2041015625,-0.025390625
hilton2021_comprehension,19,30,0.5234375,0.22265625,0.30078125
hilton2021_comprehension,19,31,0.1787109375,0.12451171875,0.05419921875
hilton2021_comprehension,19,32,1.2265625,1.21875,0.0078125
hilton2021_comprehension,19,33,1.703125,0.828125,0.875
hilton2021_comprehension,19,34,0.345703125,0.158203125,0.1875
hilton2021_comprehension,19,35,0.060546875,0.08984375,-0.029296875
hilton2021_comprehension,19,36,0.283203125,0.060546875,0.22265625
hilton2021_comprehension,19,37,0.69140625,0.12451171875,0.56689453125
hilton2021_comprehension,19,38,0.08984375,0.283203125,-0.193359375
hilton2021_comprehension,19,39,0.828125,1.140625,-0.3125
hilton2021_comprehension,19,40,1.59375,0.7578125,0.8359375
hilton2021_comprehension,19,41,0.1787109375,0.5234375,-0.3447265625
hilton2021_comprehension,19,42,0.12451171875,0.158203125,-0.03369140625
hilton2021_comprehension,19,43,0.1455078125,0.390625,-0.2451171875
hilton2021_comprehension,19,44,0.25390625,0.25390625,0.0
hilton2021_comprehension,19,45,0.2041015625,0.158203125,0.0458984375
hilton2021_comprehension,19,46,0.25390625,0.060546875,0.193359375
hilton2021_comprehension,19,47,0.7578125,0.4765625,0.28125
hilton2021_comprehension,19,48,0.060546875,0.05322265625,0.00732421875
hilton2021_comprehension,19,49,1.59375,2.359375,-0.765625
hilton2021_comprehension,19,50,0.2041015625,0.7578125,-0.5537109375
hilton2021_comprehension,19,51,0.060546875,0.2041015625,-0.1435546875
hilton2021_comprehension,19,52,0.06787109375,0.22265625,-0.15478515625
hilton2021_comprehension,19,53,0.038330078125,0.08984375,-0.051513671875
hilton2021_comprehension,19,54,0.90625,0.7578125,0.1484375
hilton2021_comprehension,19,55,0.03076171875,0.0458984375,-0.01513671875
hilton2021_comprehension,19,56,0.03076171875,0.023193359375,0.007568359375
hilton2021_comprehension,19,57,0.05322265625,0.08984375,-0.03662109375
hilton2021_comprehension,19,58,0.69140625,0.69140625,0.0
hilton2021_comprehension,19,59,2.015625,1.90625,0.109375
hilton2021_comprehension,19,60,2.015625,0.4765625,1.5390625
hilton2021_comprehension,19,61,0.7578125,0.390625,0.3671875
hilton2021_comprehension,19,62,0.11083984375,0.5234375,-0.41259765625
hilton2021_comprehension,19,63,0.08251953125,0.10400390625,-0.021484375
hilton2021_comprehension,19,64,0.5234375,0.4765625,0.046875
hilton2021_comprehension,19,65,0.69140625,0.390625,0.30078125
hilton2021_comprehension,19,66,1.703125,2.125,-0.421875
hilton2021_comprehension,19,67,0.2294921875,0.1318359375,0.09765625
hilton2021_comprehension,19,68,0.9765625,0.578125,0.3984375
hilton2021_comprehension,19,69,0.1787109375,0.283203125,-0.1044921875
hilton2021_comprehension,19,70,0.578125,1.140625,-0.5625
hilton2021_comprehension,19,71,0.023193359375,0.08251953125,-0.059326171875
hilton2021_comprehension,19,72,0.1455078125,0.08251953125,0.06298828125
hilton2021_comprehension,20,0,0.76171875,0.984375,-0.22265625
hilton2021_comprehension,20,1,0.9296875,0.216796875,0.712890625
hilton2021_comprehension,20,2,1.28125,0.6796875,0.6015625
hilton2021_comprehension,20,3,1.4921875,2.40625,-0.9140625
hilton2021_comprehension,20,4,1.1640625,3.53125,-2.3671875
hilton2021_comprehension,20,5,0.6328125,0.58984375,0.04296875
hilton2021_comprehension,20,6,0.79296875,1.15625,-0.36328125
hilton2021_comprehension,20,7,0.9296875,1.1484375,-0.21875
hilton2021_comprehension,20,8,0.55859375,0.90234375,-0.34375
hilton2021_comprehension,20,9,0.67578125,0.4609375,0.21484375
hilton2021_comprehension,20,10,0.41015625,0.357421875,0.052734375
hilton2021_comprehension,20,11,0.30078125,0.39453125,-0.09375
hilton2021_comprehension,20,12,0.2353515625,0.1318359375,0.103515625
hilton2021_comprehension,20,13,0.369140625,0.318359375,0.05078125
hilton2021_comprehension,20,14,0.1982421875,0.1455078125,0.052734375
hilton2021_comprehension,20,15,0.0966796875,0.1845703125,-0.087890625
hilton2021_comprehension,20,16,1.8125,2.25,-0.4375
hilton2021_comprehension,20,17,1.703125,0.90234375,0.80078125
hilton2021_comprehension,20,18,0.90234375,0.76171875,0.140625
hilton2021_comprehension,20,19,0.2294921875,0.2041015625,0.025390625
hilton2021_comprehension,20,20,0.10400390625,0.3515625,-0.24755859375
hilton2021_comprehension,20,21,0.2041015625,0.318359375,-0.1142578125
hilton2021_comprehension,20,22,3.53125,1.9140625,1.6171875
hilton2021_comprehension,20,23,0.65234375,0.259765625,0.392578125
hilton2021_comprehension,20,24,0.1845703125,0.2041015625,-0.01953125
hilton2021_comprehension,20,25,0.69140625,0.25390625,0.4375
hilton2021_comprehension,20,26,1.40625,1.140625,0.265625
hilton2021_comprehension,20,27,0.5234375,0.8984375,-0.375
hilton2021_comprehension,20,28,0.63671875,0.69921875,-0.0625
hilton2021_comprehension,20,29,1.140625,0.5234375,0.6171875
hilton2021_comprehension,20,30,0.7578125,0.828125,-0.0703125
hilton2021_comprehension,20,31,0.25390625,0.2294921875,0.0244140625
hilton2021_comprehension,20,32,0.4765625,0.7578125,-0.28125
hilton2021_comprehension,20,33,1.140625,0.828125,0.3125
hilton2021_comprehension,20,34,0.2294921875,0.6328125,-0.4033203125
hilton2021_comprehension,20,35,0.390625,0.158203125,0.232421875
hilton2021_comprehension,20,36,0.58203125,0.69140625,-0.109375
hilton2021_comprehension,20,37,8.625,7.3125,1.3125
hilton2021_comprehension,20,38,1.171875,1.71875,-0.546875
hilton2021_comprehension,20,39,0.51953125,0.72265625,-0.203125
hilton2021_comprehension,20,40,1.09375,0.84375,0.25
hilton2021_comprehension,20,41,0.6875,0.59765625,0.08984375
hilton2021_comprehension,20,42,0.62890625,0.5546875,0.07421875
hilton2021_comprehension,20,43,0.4609375,0.72265625,-0.26171875
hilton2021_comprehension,20,44,0.2041015625,0.30078125,-0.0966796875
hilton2021_comprehension,20,45,0.494140625,0.265625,0.228515625
hilton2021_comprehension,20,46,0.42578125,0.6640625,-0.23828125
hilton2021_comprehension,20,47,0.42578125,0.546875,-0.12109375
hilton2021_comprehension,20,48,1.078125,0.65625,0.421875
hilton2021_comprehension,20,49,1.4296875,0.71484375,0.71484375
hilton2021_comprehension,20,50,0.53515625,0.53515625,0.0
hilton2021_comprehension,20,51,0.9296875,0.65625,0.2734375
hilton2021_comprehension,20,52,0.357421875,0.318359375,0.0390625
hilton2021_comprehension,20,53,0.546875,0.44140625,0.10546875
hilton2021_comprehension,20,54,1.0625,0.71484375,0.34765625
hilton2021_comprehension,20,55,0.369140625,0.44140625,-0.072265625
hilton2021_comprehension,20,56,0.11083984375,0.216796875,-0.10595703125
hilton2021_comprehension,20,57,1.0625,0.84375,0.21875
hilton2021_comprehension,20,58,0.73046875,0.50390625,0.2265625
hilton2021_comprehension,20,59,1.7421875,0.86328125,0.87890625
hilton2021_comprehension,20,60,0.216796875,0.10400390625,0.11279296875
hilton2021_comprehension,20,61,0.259765625,0.259765625,0.0
hilton2021_comprehension,20,62,0.11767578125,0.0966796875,0.02099609375
hilton2021_comprehension,20,63,0.3359375,0.15234375,0.18359375
hilton2021_comprehension,20,64,0.08984375,0.0458984375,0.0439453125
hilton2021_comprehension,20,65,0.283203125,0.171875,0.111328125
hilton2021_comprehension,20,66,0.369140625,0.171875,0.197265625
hilton2021_comprehension,20,67,0.8515625,0.984375,-0.1328125
hilton2021_comprehension,20,68,1.0,0.6171875,0.3828125
hilton2021_comprehension,20,69,0.640625,0.39453125,0.24609375
hilton2021_comprehension,20,70,0.53125,0.9921875,-0.4609375
hilton2021_comprehension,20,71,0.10400390625,0.038330078125,0.065673828125
hilton2021_comprehension,20,72,3.265625,3.25,0.015625
hilton2021_comprehension,21,0,0.76171875,0.90234375,-0.140625
hilton2021_comprehension,21,1,0.87890625,0.3515625,0.52734375
hilton2021_comprehension,21,2,0.306640625,0.08984375,0.216796875
hilton2021_comprehension,21,3,1.296875,2.9375,-1.640625
hilton2021_comprehension,21,4,0.216796875,0.171875,0.044921875
hilton2021_comprehension,21,5,0.72265625,0.259765625,0.462890625
hilton2021_comprehension,21,6,0.5234375,0.1650390625,0.3583984375
hilton2021_comprehension,21,7,0.265625,0.1650390625,0.1005859375
hilton2021_comprehension,21,8,0.1787109375,0.023193359375,0.155517578125
hilton2021_comprehension,21,9,1.0234375,2.921875,-1.8984375
hilton2021_comprehension,21,10,0.12451171875,0.08251953125,0.0419921875
hilton2021_comprehension,21,11,0.5,0.2294921875,0.2705078125
hilton2021_comprehension,21,12,3.296875,5.0,-1.703125
hilton2021_comprehension,21,13,1.015625,0.63671875,0.37890625
hilton2021_comprehension,21,14,0.283203125,0.431640625,-0.1484375
hilton2021_comprehension,21,15,0.1318359375,0.2109375,-0.0791015625
hilton2021_comprehension,21,16,0.7890625,0.294921875,0.494140625
hilton2021_comprehension,21,17,0.2041015625,0.22265625,-0.0185546875
hilton2021_comprehension,21,18,1.2265625,1.140625,0.0859375
hilton2021_comprehension,21,19,1.125,0.96484375,0.16015625
hilton2021_comprehension,21,20,0.7890625,0.74609375,0.04296875
hilton2021_comprehension,21,21,0.66015625,0.48046875,0.1796875
hilton2021_comprehension,21,22,0.5703125,0.248046875,0.322265625
hilton2021_comprehension,21,23,0.27734375,0.10400390625,0.17333984375
hilton2021_comprehension,21,24,0.431640625,0.6640625,-0.232421875
hilton2021_comprehension,21,25,0.12451171875,0.384765625,-0.26025390625
hilton2021_comprehension,21,26,1.5234375,2.359375,-0.8359375
hilton2021_comprehension,21,27,0.6015625,0.2041015625,0.3974609375
hilton2021_comprehension,21,28,0.0458984375,0.0458984375,0.0
hilton2021_comprehension,21,29,0.05322265625,0.06787109375,-0.0146484375
hilton2021_comprehension,21,30,1.4296875,1.25,0.1796875
hilton2021_comprehension,21,31,0.08251953125,0.416015625,-0.33349609375
hilton2021_comprehension,21,32,1.046875,0.81640625,0.23046875
hilton2021_comprehension,21,33,1.8203125,1.3359375,0.484375
hilton2021_comprehension,21,34,0.42578125,0.66796875,-0.2421875
hilton2021_comprehension,21,35,0.22265625,0.2421875,-0.01953125
hilton2021_comprehension,21,36,1.0546875,0.9375,0.1171875
hilton2021_comprehension,21,37,0.0458984375,0.038330078125,0.007568359375
hilton2021_comprehension,21,38,0.369140625,0.171875,0.197265625
hilton2021_comprehension,21,39,0.384765625,0.216796875,0.16796875
hilton2021_comprehension,21,40,0.216796875,0.19140625,0.025390625
hilton2021_comprehension,21,41,0.921875,2.359375,-1.4375
hilton2021_comprehension,21,42,0.060546875,0.060546875,0.0
hilton2021_comprehension,21,43,0.39453125,0.1650390625,0.2294921875
hilton2021_comprehension,21,44,0.1845703125,0.08251953125,0.10205078125
hilton2021_comprehension,21,45,1.0234375,0.859375,0.1640625
hilton2021_comprehension,21,46,1.234375,0.5,0.734375
hilton2021_comprehension,21,47,1.2578125,0.72265625,0.53515625
hilton2021_comprehension,21,48,0.92578125,1.0,-0.07421875
hilton2021_comprehension,21,49,1.6015625,2.25,-0.6484375
hilton2021_comprehension,21,50,0.55078125,0.431640625,0.119140625
hilton2021_comprehension,21,51,0.5,1.09375,-0.59375
hilton2021_comprehension,21,52,0.431640625,0.466796875,-0.03515625
hilton2021_comprehension,21,53,0.318359375,0.11767578125,0.20068359375
hilton2021_comprehension,21,54,1.9140625,0.84375,1.0703125
hilton2021_comprehension,21,55,0.1318359375,0.2890625,-0.1572265625
hilton2021_comprehension,21,56,0.6484375,1.3359375,-0.6875
hilton2021_comprehension,21,57,0.76953125,0.7734375,-0.00390625
hilton2021_comprehension,21,58,0.038330078125,0.1318359375,-0.093505859375
hilton2021_comprehension,21,59,1.2265625,1.5078125,-0.28125
hilton2021_comprehension,21,60,1.90625,1.9140625,-0.0078125
hilton2021_comprehension,21,61,0.83984375,0.32421875,0.515625
hilton2021_comprehension,21,62,2.25,0.59765625,1.65234375
hilton2021_comprehension,21,63,1.2265625,1.0625,0.1640625
hilton2021_comprehension,21,64,0.369140625,0.1455078125,0.2236328125
hilton2021_comprehension,21,65,0.59375,0.8359375,-0.2421875
hilton2021_comprehension,21,66,0.73046875,0.12451171875,0.60595703125
hilton2021_comprehension,21,67,0.08984375,0.1318359375,-0.0419921875
hilton2021_comprehension,21,68,1.234375,1.0625,0.171875
hilton2021_comprehension,21,69,0.10400390625,0.10400390625,0.0
hilton2021_comprehension,21,70,0.83984375,0.4453125,0.39453125
hilton2021_comprehension,21,71,0.08984375,0.2353515625,-0.1455078125
hilton2021_comprehension,21,72,1.75,1.25,0.5
hilton2021_comprehension,22,0,0.8046875,0.8125,-0.0078125
hilton2021_comprehension,22,1,0.6015625,0.216796875,0.384765625
hilton2021_comprehension,22,2,0.953125,0.306640625,0.646484375
hilton2021_comprehension,22,3,1.0625,2.9375,-1.875
hilton2021_comprehension,22,4,0.369140625,0.08984375,0.279296875
hilton2021_comprehension,22,5,0.25390625,0.400390625,-0.146484375
hilton2021_comprehension,22,6,1.3359375,0.259765625,1.076171875
hilton2021_comprehension,22,7,0.138671875,0.11767578125,0.02099609375
hilton2021_comprehension,22,8,0.486328125,0.63671875,-0.150390625
hilton2021_comprehension,22,9,1.4140625,2.46875,-1.0546875
hilton2021_comprehension,22,10,0.1845703125,0.11767578125,0.06689453125
hilton2021_comprehension,22,11,0.0966796875,0.10400390625,-0.00732421875
hilton2021_comprehension,22,12,0.984375,0.52734375,0.45703125
hilton2021_comprehension,22,13,0.08984375,0.05322265625,0.03662109375
hilton2021_comprehension,22,14,0.08984375,0.06787109375,0.02197265625
hilton2021_comprehension,22,15,0.25390625,0.578125,-0.32421875
hilton2021_comprehension,22,16,0.8515625,1.8125,-0.9609375
hilton2021_comprehension,22,17,0.578125,1.140625,-0.5625
hilton2021_comprehension,22,18,0.10400390625,0.11767578125,-0.013671875
hilton2021_comprehension,22,19,0.11767578125,0.11083984375,0.0068359375
hilton2021_comprehension,22,20,0.431640625,0.390625,0.041015625
hilton2021_comprehension,22,21,0.15234375,0.76171875,-0.609375
hilton2021_comprehension,22,22,0.357421875,0.138671875,0.21875
hilton2021_comprehension,22,23,3.046875,0.9765625,2.0703125
hilton2021_comprehension,22,24,0.2041015625,0.158203125,0.0458984375
hilton2021_comprehension,22,25,2.015625,1.90625,0.109375
hilton2021_comprehension,22,26,0.10400390625,0.10400390625,0.0
hilton2021_comprehension,22,27,0.7578125,0.3515625,0.40625
hilton2021_comprehension,22,28,0.08984375,0.08984375,0.0
hilton2021_comprehension,22,29,0.1650390625,0.023193359375,0.141845703125
hilton2021_comprehension,22,30,0.58203125,0.318359375,0.263671875
hilton2021_comprehension,22,31,0.10400390625,0.390625,-0.28662109375
hilton2021_comprehension,22,32,0.2041015625,0.283203125,-0.0791015625
hilton2021_comprehension,22,33,1.140625,0.7578125,0.3828125
hilton2021_comprehension,22,34,0.1787109375,0.05322265625,0.12548828125
hilton2021_comprehension,22,35,0.11083984375,0.12451171875,-0.013671875
hilton2021_comprehension,22,36,0.1318359375,0.0751953125,0.056640625
hilton2021_comprehension,22,37,0.03076171875,0.023193359375,0.007568359375
hilton2021_comprehension,22,38,1.2265625,0.828125,0.3984375
hilton2021_comprehension,22,39,0.283203125,0.158203125,0.125
hilton2021_comprehension,22,40,0.05322265625,0.05322265625,0.0
hilton2021_comprehension,22,41,0.1318359375,0.4765625,-0.3447265625
hilton2021_comprehension,22,42,0.023193359375,0.08984375,-0.066650390625
hilton2021_comprehension,22,43,1.8046875,1.0546875,0.75
hilton2021_comprehension,22,44,0.9765625,1.59375,-0.6171875
hilton2021_comprehension,22,45,0.0751953125,0.06787109375,0.00732421875
hilton2021_comprehension,22,46,0.08984375,0.023193359375,0.066650390625
hilton2021_comprehension,22,47,2.8125,0.9765625,1.8359375
hilton2021_comprehension,22,48,1.2265625,1.703125,-0.4765625
hilton2021_comprehension,22,49,0.8984375,0.828125,0.0703125
hilton2021_comprehension,22,50,1.90625,1.21875,0.6875
hilton2021_comprehension,22,51,0.8984375,0.6328125,0.265625
hilton2021_comprehension,22,52,0.390625,0.25390625,0.13671875
hilton2021_comprehension,22,53,0.1455078125,0.345703125,-0.2001953125
hilton2021_comprehension,22,54,1.2265625,0.828125,0.3984375
hilton2021_comprehension,22,55,0.578125,0.6328125,-0.0546875
hilton2021_comprehension,22,56,0.1787109375,0.1455078125,0.033203125
hilton2021_comprehension,22,57,0.1455078125,0.828125,-0.6826171875
hilton2021_comprehension,22,58,1.140625,1.40625,-0.265625
hilton2021_comprehension,22,59,0.12451171875,0.08984375,0.03466796875
hilton2021_comprehension,22,60,0.431640625,0.283203125,0.1484375
hilton2021_comprehension,22,61,0.060546875,0.08984375,-0.029296875
hilton2021_comprehension,22,62,0.25390625,0.390625,-0.13671875
hilton2021_comprehension,22,63,1.140625,1.40625,-0.265625
hilton2021_comprehension,22,64,0.5234375,0.4765625,0.046875
hilton2021_comprehension,22,65,0.08251953125,0.22265625,-0.14013671875
hilton2021_comprehension,22,66,0.038330078125,0.05322265625,-0.014892578125
hilton2021_comprehension,22,67,0.578125,0.8984375,-0.3203125
hilton2021_comprehension,22,68,1.0546875,1.21875,-0.1640625
hilton2021_comprehension,22,69,0.390625,0.4765625,-0.0859375
hilton2021_comprehension,22,70,0.69140625,0.578125,0.11328125
hilton2021_comprehension,22,71,0.08251953125,0.0751953125,0.00732421875
hilton2021_comprehension,22,72,0.9765625,0.69140625,0.28515625
hilton2021_comprehension,23,0,3.21875,0.4453125,2.7734375
hilton2021_comprehension,23,1,0.74609375,0.63671875,0.109375
hilton2021_comprehension,23,2,0.6015625,0.416015625,0.185546875
hilton2021_comprehension,23,3,1.03125,1.328125,-0.296875
hilton2021_comprehension,23,4,0.2421875,0.1650390625,0.0771484375
hilton2021_comprehension,23,5,0.79296875,1.9140625,-1.12109375
hilton2021_comprehension,23,6,1.0234375,1.40625,-0.3828125
hilton2021_comprehension,23,7,0.470703125,0.53125,-0.060546875
hilton2021_comprehension,23,8,0.2890625,0.318359375,-0.029296875
hilton2021_comprehension,23,9,0.79296875,0.69921875,0.09375
hilton2021_comprehension,23,10,0.171875,0.08984375,0.08203125
hilton2021_comprehension,23,11,0.984375,1.90625,-0.921875
hilton2021_comprehension,23,12,0.69921875,0.69921875,0.0
hilton2021_comprehension,23,13,0.435546875,0.39453125,0.041015625
hilton2021_comprehension,23,14,0.87890625,0.39453125,0.484375
hilton2021_comprehension,23,15,1.9140625,1.40625,0.5078125
hilton2021_comprehension,23,16,0.12451171875,0.1845703125,-0.06005859375
hilton2021_comprehension,23,17,0.259765625,0.25390625,0.005859375
hilton2021_comprehension,23,18,0.4765625,0.318359375,0.158203125
hilton2021_comprehension,23,19,0.9765625,1.140625,-0.1640625
hilton2021_comprehension,23,20,0.431640625,0.158203125,0.2734375
hilton2021_comprehension,23,21,0.52734375,0.3125,0.21484375
hilton2021_comprehension,23,22,0.11767578125,0.038330078125,0.079345703125
hilton2021_comprehension,23,23,0.318359375,0.390625,-0.072265625
hilton2021_comprehension,23,24,0.10400390625,0.08251953125,0.021484375
hilton2021_comprehension,23,25,0.08984375,0.1787109375,-0.0888671875
hilton2021_comprehension,23,26,0.69921875,0.69140625,0.0078125
hilton2021_comprehension,23,27,0.283203125,0.12451171875,0.15869140625
hilton2021_comprehension,23,28,0.05322265625,0.10400390625,-0.05078125
hilton2021_comprehension,23,29,0.259765625,0.345703125,-0.0859375
hilton2021_comprehension,23,30,0.828125,0.431640625,0.396484375
hilton2021_comprehension,23,31,0.3125,0.1455078125,0.1669921875
hilton2021_comprehension,23,32,0.0751953125,0.1787109375,-0.103515625
hilton2021_comprehension,23,33,0.22265625,0.11083984375,0.11181640625
hilton2021_comprehension,23,34,0.038330078125,0.12451171875,-0.086181640625
hilton2021_comprehension,23,35,0.48046875,0.69921875,-0.21875
hilton2021_comprehension,23,36,0.6328125,0.390625,0.2421875
hilton2021_comprehension,23,37,0.08984375,0.0458984375,0.0439453125
hilton2021_comprehension,23,38,1.140625,0.4765625,0.6640625
hilton2021_comprehension,23,39,0.023193359375,0.12451171875,-0.101318359375
hilton2021_comprehension,23,40,0.0458984375,0.0458984375,0.0
hilton2021_comprehension,23,41,0.6328125,0.4765625,0.15625
hilton2021_comprehension,23,42,1.5,1.703125,-0.203125
hilton2021_comprehension,23,43,1.8125,0.4765625,1.3359375
hilton2021_comprehension,23,44,0.1650390625,0.0458984375,0.119140625
hilton2021_comprehension,23,45,0.11083984375,0.0966796875,0.01416015625
hilton2021_comprehension,23,46,0.2041015625,0.25390625,-0.0498046875
hilton2021_comprehension,23,47,1.2265625,1.703125,-0.4765625
hilton2021_comprehension,23,48,0.1318359375,0.22265625,-0.0908203125
hilton2021_comprehension,23,49,2.578125,1.0546875,1.5234375
hilton2021_comprehension,23,50,0.1787109375,0.08984375,0.0888671875
hilton2021_comprehension,23,51,1.3125,1.3125,0.0
hilton2021_comprehension,23,52,1.40625,0.578125,0.828125
hilton2021_comprehension,23,53,0.4765625,0.1650390625,0.3115234375
hilton2021_comprehension,23,54,0.90234375,1.0546875,-0.15234375
hilton2021_comprehension,23,55,0.05322265625,0.0155029296875,0.0377197265625
hilton2021_comprehension,23,56,0.1318359375,0.060546875,0.0712890625
hilton2021_comprehension,23,57,2.8125,0.8984375,1.9140625
hilton2021_comprehension,23,58,0.1787109375,0.08984375,0.0888671875
hilton2021_comprehension,23,59,0.4765625,0.11083984375,0.36572265625
hilton2021_comprehension,23,60,1.59375,1.703125,-0.109375
hilton2021_comprehension,23,61,3.046875,2.8125,0.234375
hilton2021_comprehension,23,62,0.69140625,0.431640625,0.259765625
hilton2021_comprehension,23,63,0.283203125,0.6328125,-0.349609375
hilton2021_comprehension,23,64,0.9765625,0.5234375,0.453125
hilton2021_comprehension,23,65,0.2041015625,0.345703125,-0.1416015625
hilton2021_comprehension,23,66,0.06787109375,0.158203125,-0.09033203125
hilton2021_comprehension,23,67,0.158203125,0.1455078125,0.0126953125
hilton2021_comprehension,23,68,0.22265625,0.1455078125,0.0771484375
hilton2021_comprehension,23,69,1.8046875,0.578125,1.2265625
hilton2021_comprehension,23,70,0.0458984375,0.060546875,-0.0146484375
hilton2021_comprehension,23,71,0.1787109375,0.08984375,0.0888671875
hilton2021_comprehension,23,72,0.25390625,0.1787109375,0.0751953125
hilton2021_comprehension,24,0,0.81640625,1.125,-0.30859375
hilton2021_comprehension,24,1,0.9765625,1.34375,-0.3671875
hilton2021_comprehension,24,2,1.0625,0.265625,0.796875
hilton2021_comprehension,24,3,0.466796875,0.70703125,-0.240234375
hilton2021_comprehension,24,4,0.470703125,1.5078125,-1.037109375
hilton2021_comprehension,24,5,3.109375,5.59375,-2.484375
hilton2021_comprehension,24,6,0.83203125,0.609375,0.22265625
hilton2021_comprehension,24,7,0.515625,0.486328125,0.029296875
hilton2021_comprehension,24,8,1.640625,1.34375,0.296875
hilton2021_comprehension,24,9,2.5,2.890625,-0.390625
hilton2021_comprehension,24,10,0.625,0.2294921875,0.3955078125
hilton2021_comprehension,24,11,1.640625,1.9765625,-0.3359375
hilton2021_comprehension,24,12,1.1953125,1.296875,-0.1015625
hilton2021_comprehension,24,13,0.671875,0.27734375,0.39453125
hilton2021_comprehension,24,14,1.0625,0.84375,0.21875
hilton2021_comprehension,24,15,1.484375,1.078125,0.40625
hilton2021_comprehension,24,16,0.265625,0.431640625,-0.166015625
hilton2021_comprehension,24,17,0.466796875,0.435546875,0.03125
hilton2021_comprehension,24,18,0.62890625,0.3515625,0.27734375
hilton2021_comprehension,24,19,1.5546875,1.734375,-0.1796875
hilton2021_comprehension,24,20,2.46875,3.03125,-0.5625
hilton2021_comprehension,24,21,0.58984375,1.3046875,-0.71484375
hilton2021_comprehension,24,22,1.15625,1.296875,-0.140625
hilton2021_comprehension,24,23,0.58984375,0.546875,0.04296875
hilton2021_comprehension,24,24,0.95703125,1.0546875,-0.09765625
hilton2021_comprehension,24,25,1.2265625,1.28125,-0.0546875
hilton2021_comprehension,24,26,1.109375,1.375,-0.265625
hilton2021_comprehension,24,27,1.15625,0.6484375,0.5078125
hilton2021_comprehension,24,28,0.6796875,0.72265625,-0.04296875
hilton2021_comprehension,24,29,0.357421875,0.3515625,0.005859375
hilton2021_comprehension,24,30,0.318359375,0.431640625,-0.11328125
hilton2021_comprehension,24,31,0.19140625,0.41015625,-0.21875
hilton2021_comprehension,24,32,0.76171875,1.1875,-0.42578125
hilton2021_comprehension,24,33,1.53125,0.82421875,0.70703125
hilton2021_comprehension,24,34,0.373046875,0.4765625,-0.103515625
hilton2021_comprehension,24,35,0.796875,1.171875,-0.375
hilton2021_comprehension,24,36,0.341796875,0.5078125,-0.166015625
hilton2021_comprehension,24,37,2.1875,3.21875,-1.03125
hilton2021_comprehension,24,38,0.66015625,0.53515625,0.125
hilton2021_comprehension,24,39,0.91015625,1.328125,-0.41796875
hilton2021_comprehension,24,40,0.06787109375,0.15234375,-0.08447265625
hilton2021_comprehension,24,41,0.2890625,0.216796875,0.072265625
hilton2021_comprehension,24,42,0.2353515625,0.283203125,-0.0478515625
hilton2021_comprehension,24,43,1.0546875,0.83203125,0.22265625
hilton2021_comprehension,24,44,0.76953125,1.078125,-0.30859375
hilton2021_comprehension,24,45,0.2294921875,0.11083984375,0.11865234375
hilton2021_comprehension,24,46,1.28125,1.1875,0.09375
hilton2021_comprehension,24,47,1.3671875,0.8828125,0.484375
hilton2021_comprehension,24,48,1.09375,0.87890625,0.21484375
hilton2021_comprehension,24,49,0.83203125,0.67578125,0.15625
hilton2021_comprehension,24,50,0.4765625,0.8046875,-0.328125
hilton2021_comprehension,24,51,0.4453125,0.8125,-0.3671875
hilton2021_comprehension,24,52,0.138671875,0.3515625,-0.212890625
hilton2021_comprehension,24,53,0.25390625,0.431640625,-0.177734375
hilton2021_comprehension,24,54,0.22265625,0.0751953125,0.1474609375
hilton2021_comprehension,24,55,2.03125,3.0,-0.96875
hilton2021_comprehension,24,56,1.4921875,0.82421875,0.66796875
hilton2021_comprehension,24,57,0.330078125,1.0234375,-0.693359375
hilton2021_comprehension,24,58,0.5859375,1.21875,-0.6328125
hilton2021_comprehension,24,59,0.40625,0.6171875,-0.2109375
hilton2021_comprehension,24,60,0.6484375,0.357421875,0.291015625
hilton2021_comprehension,24,61,0.1982421875,0.431640625,-0.2333984375
hilton2021_comprehension,24,62,0.06787109375,0.27734375,-0.20947265625
hilton2021_comprehension,24,63,0.81640625,1.015625,-0.19921875
hilton2021_comprehension,24,64,0.91796875,0.6875,0.23046875
hilton2021_comprehension,24,65,0.158203125,0.15234375,0.005859375
hilton2021_comprehension,24,66,0.1318359375,0.171875,-0.0400390625
hilton2021_comprehension,24,67,0.5234375,0.40625,0.1171875
hilton2021_comprehension,24,68,1.171875,1.578125,-0.40625
hilton2021_comprehension,24,69,0.11083984375,0.19140625,-0.08056640625
hilton2021_comprehension,24,70,0.283203125,0.77734375,-0.494140625
hilton2021_comprehension,24,71,0.69140625,2.484375,-1.79296875
hilton2021_comprehension,24,72,1.4296875,1.25,0.1796875
hilton2021_comprehension,25,0,0.859375,1.140625,-0.28125
hilton2021_comprehension,25,1,0.5078125,0.61328125,-0.10546875
hilton2021_comprehension,25,2,0.341796875,0.1787109375,0.1630859375
hilton2021_comprehension,25,3,2.0625,1.625,0.4375
hilton2021_comprehension,25,4,1.015625,0.76953125,0.24609375
hilton2021_comprehension,25,5,0.74609375,0.15234375,0.59375
hilton2021_comprehension,25,6,0.421875,0.330078125,0.091796875
hilton2021_comprehension,25,7,0.2353515625,0.08251953125,0.15283203125
hilton2021_comprehension,25,8,0.39453125,0.1845703125,0.2099609375
hilton2021_comprehension,25,9,0.12451171875,0.05322265625,0.0712890625
hilton2021_comprehension,25,10,0.25390625,0.271484375,-0.017578125
hilton2021_comprehension,25,11,0.494140625,1.328125,-0.833984375
hilton2021_comprehension,25,12,0.08251953125,0.1787109375,-0.09619140625
hilton2021_comprehension,25,13,3.171875,1.8125,1.359375
hilton2021_comprehension,25,14,0.0966796875,0.10400390625,-0.00732421875
hilton2021_comprehension,25,15,0.06787109375,0.08251953125,-0.0146484375
hilton2021_comprehension,25,16,0.05322265625,0.0155029296875,0.0377197265625
hilton2021_comprehension,25,17,0.70703125,2.015625,-1.30859375
hilton2021_comprehension,25,18,4.0,3.046875,0.953125
hilton2021_comprehension,25,19,0.76171875,0.25390625,0.5078125
hilton2021_comprehension,25,20,0.1318359375,0.2109375,-0.0791015625
hilton2021_comprehension,25,21,0.1318359375,0.0458984375,0.0859375
hilton2021_comprehension,25,22,0.038330078125,0.283203125,-0.244873046875
hilton2021_comprehension,25,23,0.1845703125,0.578125,-0.3935546875
hilton2021_comprehension,25,24,1.8125,0.76171875,1.05078125
hilton2021_comprehension,25,25,0.08251953125,0.08251953125,0.0
hilton2021_comprehension,25,26,0.05322265625,0.05322265625,0.0
hilton2021_comprehension,25,27,0.08984375,0.05322265625,0.03662109375
hilton2021_comprehension,25,28,0.283203125,0.03076171875,0.25244140625
hilton2021_comprehension,25,29,1.703125,1.3125,0.390625
hilton2021_comprehension,25,30,0.12451171875,0.1787109375,-0.05419921875
hilton2021_comprehension,25,31,0.1787109375,0.390625,-0.2119140625
hilton2021_comprehension,25,32,0.06787109375,0.08251953125,-0.0146484375
hilton2021_comprehension,25,33,0.9765625,0.3515625,0.625
hilton2021_comprehension,25,34,0.03076171875,0.1318359375,-0.10107421875
hilton2021_comprehension,25,35,0.6328125,0.3515625,0.28125
hilton2021_comprehension,25,36,0.8984375,0.060546875,0.837890625
hilton2021_comprehension,25,37,2.578125,1.90625,0.671875
hilton2021_comprehension,25,38,0.431640625,0.158203125,0.2734375
hilton2021_comprehension,25,39,0.828125,1.5,-0.671875
hilton2021_comprehension,25,40,0.2041015625,0.1787109375,0.025390625
hilton2021_comprehension,25,41,0.4765625,0.2294921875,0.2470703125
hilton2021_comprehension,25,42,2.015625,1.3125,0.703125
hilton2021_comprehension,25,43,0.08251953125,0.03076171875,0.0517578125
hilton2021_comprehension,25,44,0.10400390625,0.10400390625,0.0
hilton2021_comprehension,25,45,0.08984375,0.060546875,0.029296875
hilton2021_comprehension,25,46,1.6015625,1.703125,-0.1015625
hilton2021_comprehension,25,47,0.038330078125,0.038330078125,0.0
hilton2021_comprehension,25,48,1.3125,1.5,-0.1875
hilton2021_comprehension,25,49,0.25390625,0.4765625,-0.22265625
hilton2021_comprehension,25,50,2.234375,2.015625,0.21875
hilton2021_comprehension,25,51,0.283203125,0.2294921875,0.0537109375
hilton2021_comprehension,25,52,0.3515625,0.158203125,0.193359375
hilton2021_comprehension,25,53,1.2265625,1.8046875,-0.578125
hilton2021_comprehension,25,54,1.6015625,0.6328125,0.96875
hilton2021_comprehension,25,55,0.283203125,0.5234375,-0.240234375
hilton2021_comprehension,25,56,0.69140625,0.6328125,0.05859375
hilton2021_comprehension,25,57,0.431640625,0.08984375,0.341796875
hilton2021_comprehension,25,58,0.7578125,0.431640625,0.326171875
hilton2021_comprehension,25,59,0.12451171875,0.05322265625,0.0712890625
hilton2021_comprehension,25,60,0.7578125,0.69140625,0.06640625
hilton2021_comprehension,25,61,0.25390625,0.1318359375,0.1220703125
hilton2021_comprehension,25,62,0.578125,0.8984375,-0.3203125
hilton2021_comprehension,25,63,2.25,1.40625,0.84375
hilton2021_comprehension,25,64,1.2265625,1.5,-0.2734375
hilton2021_comprehension,25,65,0.10400390625,0.038330078125,0.065673828125
hilton2021_comprehension,25,66,0.08984375,0.12451171875,-0.03466796875
hilton2021_comprehension,25,67,1.703125,1.3125,0.390625
hilton2021_comprehension,25,68,0.1787109375,0.390625,-0.2119140625
hilton2021_comprehension,25,69,0.1787109375,0.158203125,0.0205078125
hilton2021_comprehension,25,70,1.21875,0.3125,0.90625
hilton2021_comprehension,25,71,2.46875,2.46875,0.0
hilton2021_comprehension,25,72,0.11083984375,0.3125,-0.20166015625
hilton2021_comprehension,26,0,3.25,0.6640625,2.5859375
hilton2021_comprehension,26,1,0.93359375,0.93359375,0.0
hilton2021_comprehension,26,2,1.21875,1.546875,-0.328125
hilton2021_comprehension,26,3,0.83203125,0.83984375,-0.0078125
hilton2021_comprehension,26,4,0.25390625,0.1455078125,0.1083984375
hilton2021_comprehension,26,5,0.369140625,0.91015625,-0.541015625
hilton2021_comprehension,26,6,0.515625,0.65234375,-0.13671875
hilton2021_comprehension,26,7,0.671875,0.37890625,0.29296875
hilton2021_comprehension,26,8,0.41015625,0.4765625,-0.06640625
hilton2021_comprehension,26,9,0.138671875,0.2294921875,-0.0908203125
hilton2021_comprehension,26,10,2.03125,0.83203125,1.19921875
hilton2021_comprehension,26,11,0.90625,1.0546875,-0.1484375
hilton2021_comprehension,26,12,0.1845703125,0.431640625,-0.2470703125
hilton2021_comprehension,26,13,0.05322265625,0.58203125,-0.52880859375
hilton2021_comprehension,26,14,0.1318359375,1.140625,-1.0087890625
hilton2021_comprehension,26,15,0.1318359375,0.4765625,-0.3447265625
hilton2021_comprehension,26,16,0.2109375,0.69140625,-0.48046875
hilton2021_comprehension,26,17,1.8125,0.83203125,0.98046875
hilton2021_comprehension,26,18,0.11767578125,0.1455078125,-0.02783203125
hilton2021_comprehension,26,19,0.69140625,0.52734375,0.1640625
hilton2021_comprehension,26,20,0.060546875,0.060546875,0.0
hilton2021_comprehension,26,21,7.5,7.875,-0.375
hilton2021_comprehension,26,22,0.1455078125,0.1650390625,-0.01953125
hilton2021_comprehension,26,23,0.96875,1.0234375,-0.0546875
hilton2021_comprehension,26,24,1.3984375,1.015625,0.3828125
hilton2021_comprehension,26,25,0.216796875,0.94921875,-0.732421875
hilton2021_comprehension,26,26,0.578125,0.74609375,-0.16796875
hilton2021_comprehension,26,27,0.138671875,0.294921875,-0.15625
hilton2021_comprehension,26,28,1.4609375,1.0859375,0.375
hilton2021_comprehension,26,29,0.486328125,0.416015625,0.0703125
hilton2021_comprehension,26,30,0.138671875,0.060546875,0.078125
hilton2021_comprehension,26,31,0.8671875,0.78125,0.0859375
hilton2021_comprehension,26,32,1.28125,0.3515625,0.9296875
hilton2021_comprehension,26,33,1.4609375,0.92578125,0.53515625
hilton2021_comprehension,26,34,0.435546875,0.78515625,-0.349609375
hilton2021_comprehension,26,35,0.306640625,0.369140625,-0.0625
hilton2021_comprehension,26,36,0.6171875,1.5234375,-0.90625
hilton2021_comprehension,26,37,0.357421875,0.3359375,0.021484375
hilton2021_comprehension,26,38,0.30078125,0.2421875,0.05859375
hilton2021_comprehension,26,39,0.72265625,1.0,-0.27734375
hilton2021_comprehension,26,40,0.3359375,0.41015625,-0.07421875
hilton2021_comprehension,26,41,0.3125,0.1787109375,0.1337890625
hilton2021_comprehension,26,42,3.359375,4.375,-1.015625
hilton2021_comprehension,26,43,0.55859375,0.3515625,0.20703125
hilton2021_comprehension,26,44,1.3984375,1.1875,0.2109375
hilton2021_comprehension,26,45,1.0078125,0.1982421875,0.8095703125
hilton2021_comprehension,26,46,0.1787109375,0.27734375,-0.0986328125
hilton2021_comprehension,26,47,1.578125,0.4453125,1.1328125
hilton2021_comprehension,26,48,0.060546875,0.08984375,-0.029296875
hilton2021_comprehension,26,49,0.52734375,0.41015625,0.1171875
hilton2021_comprehension,26,50,0.490234375,0.171875,0.318359375
hilton2021_comprehension,26,51,0.138671875,0.038330078125,0.100341796875
hilton2021_comprehension,26,52,0.466796875,0.62109375,-0.154296875
hilton2021_comprehension,26,53,0.19140625,0.2109375,-0.01953125
hilton2021_comprehension,26,54,0.6171875,0.2041015625,0.4130859375
hilton2021_comprehension,26,55,0.5078125,0.373046875,0.134765625
hilton2021_comprehension,26,56,0.05322265625,0.08984375,-0.03662109375
hilton2021_comprehension,26,57,0.03076171875,0.11767578125,-0.0869140625
hilton2021_comprehension,26,58,0.023193359375,0.03076171875,-0.007568359375
hilton2021_comprehension,26,59,1.8125,1.625,0.1875
hilton2021_comprehension,26,60,3.46875,3.609375,-0.140625
hilton2021_comprehension,26,61,0.93359375,0.73828125,0.1953125
hilton2021_comprehension,26,62,2.90625,3.046875,-0.140625
hilton2021_comprehension,26,63,1.015625,0.171875,0.84375
hilton2021_comprehension,26,64,0.470703125,1.1171875,-0.646484375
hilton2021_comprehension,26,65,0.9375,0.138671875,0.798828125
hilton2021_comprehension,26,66,0.369140625,0.2041015625,0.1650390625
hilton2021_comprehension,26,67,0.73828125,0.283203125,0.455078125
hilton2021_comprehension,26,68,0.94140625,0.76953125,0.171875
hilton2021_comprehension,26,69,0.2109375,0.3515625,-0.140625
hilton2021_comprehension,26,70,0.515625,0.330078125,0.185546875
hilton2021_comprehension,26,71,0.1318359375,0.0458984375,0.0859375
hilton2021_comprehension,26,72,0.32421875,0.2294921875,0.0947265625
hilton2021_comprehension,27,0,3.25,0.435546875,2.814453125
hilton2021_comprehension,27,1,0.58984375,0.36328125,0.2265625
hilton2021_comprehension,27,2,0.72265625,0.66796875,0.0546875
hilton2021_comprehension,27,3,1.0625,0.494140625,0.568359375
hilton2021_comprehension,27,4,0.9765625,0.1845703125,0.7919921875
hilton2021_comprehension,27,5,0.86328125,0.25390625,0.609375
hilton2021_comprehension,27,6,0.37890625,0.283203125,0.095703125
hilton2021_comprehension,27,7,0.54296875,0.58203125,-0.0390625
hilton2021_comprehension,27,8,0.84765625,0.19140625,0.65625
hilton2021_comprehension,27,9,1.078125,1.2265625,-0.1484375
hilton2021_comprehension,27,10,0.265625,0.11083984375,0.15478515625
hilton2021_comprehension,27,11,0.11767578125,0.023193359375,0.094482421875
hilton2021_comprehension,27,12,1.328125,1.6015625,-0.2734375
hilton2021_comprehension,27,13,0.2353515625,0.158203125,0.0771484375
hilton2021_comprehension,27,14,0.25390625,0.25390625,0.0
hilton2021_comprehension,27,15,0.318359375,0.390625,-0.072265625
hilton2021_comprehension,27,16,0.2109375,0.22265625,-0.01171875
hilton2021_comprehension,27,17,0.1318359375,0.03076171875,0.10107421875
hilton2021_comprehension,27,18,0.357421875,0.25390625,0.103515625
hilton2021_comprehension,27,19,0.2353515625,0.0458984375,0.189453125
hilton2021_comprehension,27,20,0.64453125,0.8984375,-0.25390625
hilton2021_comprehension,27,21,0.431640625,0.390625,0.041015625
hilton2021_comprehension,27,22,0.76171875,0.828125,-0.06640625
hilton2021_comprehension,27,23,3.46875,6.375,-2.90625
hilton2021_comprehension,27,24,0.40625,0.08984375,0.31640625
hilton2021_comprehension,27,25,0.3125,0.0966796875,0.2158203125
hilton2021_comprehension,27,26,1.625,2.359375,-0.734375
hilton2021_comprehension,27,27,1.8203125,2.59375,-0.7734375
hilton2021_comprehension,27,28,1.34375,1.53125,-0.1875
hilton2021_comprehension,27,29,0.11767578125,0.37890625,-0.26123046875
hilton2021_comprehension,27,30,1.8203125,0.7890625,1.03125
hilton2021_comprehension,27,31,0.158203125,1.0078125,-0.849609375
hilton2021_comprehension,27,32,0.19140625,0.32421875,-0.1328125
hilton2021_comprehension,27,33,1.0703125,1.15625,-0.0859375
hilton2021_comprehension,27,34,1.078125,0.6796875,0.3984375
hilton2021_comprehension,27,35,0.2109375,0.78125,-0.5703125
hilton2021_comprehension,27,36,1.6171875,0.92578125,0.69140625
hilton2021_comprehension,27,37,0.0966796875,0.216796875,-0.1201171875
hilton2021_comprehension,27,38,0.5859375,0.1650390625,0.4208984375
hilton2021_comprehension,27,39,0.83984375,0.7734375,0.06640625
hilton2021_comprehension,27,40,1.921875,1.0703125,0.8515625
hilton2021_comprehension,27,41,0.11767578125,0.271484375,-0.15380859375
hilton2021_comprehension,27,42,0.10400390625,0.03076171875,0.0732421875
hilton2021_comprehension,27,43,0.265625,0.10400390625,0.16162109375
hilton2021_comprehension,27,44,0.6015625,0.86328125,-0.26171875
hilton2021_comprehension,27,45,0.11767578125,0.22265625,-0.10498046875
hilton2021_comprehension,27,46,0.2353515625,0.1650390625,0.0703125
hilton2021_comprehension,27,47,0.400390625,0.494140625,-0.09375
hilton2021_comprehension,27,48,1.5390625,0.40625,1.1328125
hilton2021_comprehension,27,49,2.125,1.15625,0.96875
hilton2021_comprehension,27,50,0.72265625,0.4609375,0.26171875
hilton2021_comprehension,27,51,0.259765625,0.2109375,0.048828125
hilton2021_comprehension,27,52,0.2294921875,0.265625,-0.0361328125
hilton2021_comprehension,27,53,0.318359375,0.1845703125,0.1337890625
hilton2021_comprehension,27,54,0.318359375,0.32421875,-0.005859375
hilton2021_comprehension,27,55,0.2294921875,0.53515625,-0.3056640625
hilton2021_comprehension,27,56,0.259765625,0.58984375,-0.330078125
hilton2021_comprehension,27,57,0.08984375,0.1845703125,-0.0947265625
hilton2021_comprehension,27,58,0.10400390625,0.1455078125,-0.04150390625
hilton2021_comprehension,27,59,0.65234375,1.1484375,-0.49609375
hilton2021_comprehension,27,60,1.140625,1.8125,-0.671875
hilton2021_comprehension,27,61,2.625,0.921875,1.703125
hilton2021_comprehension,27,62,0.10400390625,0.2109375,-0.10693359375
hilton2021_comprehension,27,63,0.765625,1.5078125,-0.7421875
hilton2021_comprehension,27,64,0.1318359375,0.32421875,-0.1923828125
hilton2021_comprehension,27,65,0.32421875,0.2109375,0.11328125
hilton2021_comprehension,27,66,0.54296875,0.0751953125,0.4677734375
hilton2021_comprehension,27,67,0.2890625,0.2353515625,0.0537109375
hilton2021_comprehension,27,68,1.140625,0.83984375,0.30078125
hilton2021_comprehension,27,69,0.765625,0.90625,-0.140625
hilton2021_comprehension,27,70,2.578125,0.65234375,1.92578125
hilton2021_comprehension,27,71,0.2109375,0.15234375,0.05859375
hilton2021_comprehension,27,72,1.5078125,0.59375,0.9140625
hilton2021_comprehension,28,0,4.75,2.53125,2.21875
hilton2021_comprehension,28,1,1.65625,1.15625,0.5
hilton2021_comprehension,28,2,1.28125,1.703125,-0.421875
hilton2021_comprehension,28,3,0.83984375,0.318359375,0.521484375
hilton2021_comprehension,28,4,0.83203125,0.1982421875,0.6337890625
hilton2021_comprehension,28,5,1.0703125,0.859375,0.2109375
hilton2021_comprehension,28,6,0.5703125,0.5,0.0703125
hilton2021_comprehension,28,7,0.39453125,0.4765625,-0.08203125
hilton2021_comprehension,28,8,0.490234375,0.578125,-0.087890625
hilton2021_comprehension,28,9,0.3359375,0.94921875,-0.61328125
hilton2021_comprehension,28,10,1.7578125,2.484375,-0.7265625
hilton2021_comprehension,28,11,0.357421875,0.2353515625,0.1220703125
hilton2021_comprehension,28,12,0.306640625,0.2294921875,0.0771484375
hilton2021_comprehension,28,13,0.138671875,0.12451171875,0.01416015625
hilton2021_comprehension,28,14,0.345703125,0.2353515625,0.1103515625
hilton2021_comprehension,28,15,0.42578125,0.51953125,-0.09375
hilton2021_comprehension,28,16,0.05322265625,0.36328125,-0.31005859375
hilton2021_comprehension,28,17,1.828125,2.9375,-1.109375
hilton2021_comprehension,28,18,3.109375,1.953125,1.15625
hilton2021_comprehension,28,19,0.451171875,0.1455078125,0.3056640625
hilton2021_comprehension,28,20,2.046875,1.109375,0.9375
hilton2021_comprehension,28,21,1.1015625,1.0234375,0.078125
hilton2021_comprehension,28,22,0.3515625,0.74609375,-0.39453125
hilton2021_comprehension,28,23,1.171875,0.79296875,0.37890625
hilton2021_comprehension,28,24,0.2353515625,0.171875,0.0634765625
hilton2021_comprehension,28,25,1.0625,0.70703125,0.35546875
hilton2021_comprehension,28,26,0.451171875,0.42578125,0.025390625
hilton2021_comprehension,28,27,0.283203125,0.158203125,0.125
hilton2021_comprehension,28,28,0.138671875,0.1650390625,-0.0263671875
hilton2021_comprehension,28,29,1.65625,1.7265625,-0.0703125
hilton2021_comprehension,28,30,0.306640625,0.265625,0.041015625
hilton2021_comprehension,28,31,1.421875,1.515625,-0.09375
hilton2021_comprehension,28,32,1.6328125,1.71875,-0.0859375
hilton2021_comprehension,28,33,0.1650390625,0.2353515625,-0.0703125
hilton2021_comprehension,28,34,3.296875,2.9375,0.359375
hilton2021_comprehension,28,35,0.44140625,1.046875,-0.60546875
hilton2021_comprehension,28,36,0.3125,0.171875,0.140625
hilton2021_comprehension,28,37,0.138671875,0.1455078125,-0.0068359375
hilton2021_comprehension,28,38,0.1787109375,0.57421875,-0.3955078125
hilton2021_comprehension,28,39,1.375,1.1875,0.1875
hilton2021_comprehension,28,40,0.431640625,0.283203125,0.1484375
hilton2021_comprehension,28,41,0.384765625,0.306640625,0.078125
hilton2021_comprehension,28,42,0.75390625,1.0,-0.24609375
hilton2021_comprehension,28,43,0.060546875,0.171875,-0.111328125
hilton2021_comprehension,28,44,1.0234375,1.8203125,-0.796875
hilton2021_comprehension,28,45,0.87109375,1.2421875,-0.37109375
hilton2021_comprehension,28,46,0.11767578125,0.11083984375,0.0068359375
hilton2021_comprehension,28,47,1.921875,1.7109375,0.2109375
hilton2021_comprehension,28,48,0.283203125,0.79296875,-0.509765625
hilton2021_comprehension,28,49,1.4375,0.9921875,0.4453125
hilton2021_comprehension,28,50,0.70703125,0.42578125,0.28125
hilton2021_comprehension,28,51,1.4296875,0.609375,0.8203125
hilton2021_comprehension,28,52,0.1650390625,0.55859375,-0.3935546875
hilton2021_comprehension,28,53,0.0458984375,0.1650390625,-0.119140625
hilton2021_comprehension,28,54,0.3359375,0.4453125,-0.109375
hilton2021_comprehension,28,55,0.11083984375,0.4609375,-0.35009765625
hilton2021_comprehension,28,56,0.421875,0.357421875,0.064453125
hilton2021_comprehension,28,57,1.34375,0.92578125,0.41796875
hilton2021_comprehension,28,58,0.50390625,1.15625,-0.65234375
hilton2021_comprehension,28,59,0.41015625,0.2109375,0.19921875
hilton2021_comprehension,28,60,0.06787109375,0.59765625,-0.52978515625
hilton2021_comprehension,28,61,0.0751953125,0.2109375,-0.1357421875
hilton2021_comprehension,28,62,2.375,1.09375,1.28125
hilton2021_comprehension,28,63,0.1845703125,0.400390625,-0.2158203125
hilton2021_comprehension,28,64,0.451171875,0.400390625,0.05078125
hilton2021_comprehension,28,65,0.4453125,0.54296875,-0.09765625
hilton2021_comprehension,28,66,1.2578125,0.70703125,0.55078125
hilton2021_comprehension,28,67,0.373046875,0.294921875,0.078125
hilton2021_comprehension,28,68,1.8671875,2.421875,-0.5546875
hilton2021_comprehension,28,69,0.62109375,0.40625,0.21484375
hilton2021_comprehension,28,70,1.6015625,0.91015625,0.69140625
hilton2021_comprehension,28,71,0.294921875,0.84765625,-0.552734375
hilton2021_comprehension,28,72,1.421875,0.70703125,0.71484375
hilton2021_comprehension,29,0,0.84375,0.9921875,-0.1484375
hilton2021_comprehension,29,1,1.03125,1.34375,-0.3125
hilton2021_comprehension,29,2,0.44140625,0.6015625,-0.16015625
hilton2021_comprehension,29,3,1.390625,0.4453125,0.9453125
hilton2021_comprehension,29,4,0.32421875,0.1318359375,0.1923828125
hilton2021_comprehension,29,5,0.90234375,0.84375,0.05859375
hilton2021_comprehension,29,6,0.72265625,2.578125,-1.85546875
hilton2021_comprehension,29,7,0.11767578125,0.060546875,0.05712890625
hilton2021_comprehension,29,8,0.9921875,0.83203125,0.16015625
hilton2021_comprehension,29,9,0.038330078125,0.060546875,-0.022216796875
hilton2021_comprehension,29,10,1.6015625,2.359375,-0.7578125
hilton2021_comprehension,29,11,2.140625,1.3203125,0.8203125
hilton2021_comprehension,29,12,4.34375,5.96875,-1.625
hilton2021_comprehension,29,13,1.359375,1.15625,0.203125
hilton2021_comprehension,29,14,0.41015625,0.1845703125,0.2255859375
hilton2021_comprehension,29,15,0.515625,0.6484375,-0.1328125
hilton2021_comprehension,29,16,0.3359375,0.27734375,0.05859375
hilton2021_comprehension,29,17,0.30078125,0.306640625,-0.005859375
hilton2021_comprehension,29,18,0.77734375,0.37890625,0.3984375
hilton2021_comprehension,29,19,1.234375,1.84375,-0.609375
hilton2021_comprehension,29,20,0.5546875,0.70703125,-0.15234375
hilton2021_comprehension,29,21,0.77734375,0.640625,0.13671875
hilton2021_comprehension,29,22,0.1650390625,0.15234375,0.0126953125
hilton2021_comprehension,29,23,0.11083984375,0.10400390625,0.0068359375
hilton2021_comprehension,29,24,0.265625,0.6328125,-0.3671875
hilton2021_comprehension,29,25,0.08251953125,0.15234375,-0.06982421875
hilton2021_comprehension,29,26,0.138671875,0.2421875,-0.103515625
hilton2021_comprehension,29,27,1.9375,2.140625,-0.203125
hilton2021_comprehension,29,28,1.203125,0.94921875,0.25390625
hilton2021_comprehension,29,29,2.828125,3.921875,-1.09375
hilton2021_comprehension,29,30,0.5625,0.90625,-0.34375
hilton2021_comprehension,29,31,0.248046875,0.22265625,0.025390625
hilton2021_comprehension,29,32,0.76171875,0.65625,0.10546875
hilton2021_comprehension,29,33,0.421875,0.283203125,0.138671875
hilton2021_comprehension,29,34,0.1455078125,0.1455078125,0.0
hilton2021_comprehension,29,35,0.1650390625,0.171875,-0.0068359375
hilton2021_comprehension,29,36,0.0751953125,0.62890625,-0.5537109375
hilton2021_comprehension,29,37,1.96875,0.75390625,1.21484375
hilton2021_comprehension,29,38,0.06787109375,0.158203125,-0.09033203125
hilton2021_comprehension,29,39,0.19140625,0.1455078125,0.0458984375
hilton2021_comprehension,29,40,0.0966796875,0.1455078125,-0.048828125
hilton2021_comprehension,29,41,0.25390625,0.41015625,-0.15625
hilton2021_comprehension,29,42,1.40625,0.69140625,0.71484375
hilton2021_comprehension,29,43,2.5,2.5,0.0
hilton2021_comprehension,29,44,0.1455078125,0.060546875,0.0849609375
hilton2021_comprehension,29,45,2.1875,0.96484375,1.22265625
hilton2021_comprehension,29,46,0.0751953125,0.12451171875,-0.04931640625
hilton2021_comprehension,29,47,1.46875,1.265625,0.203125
hilton2021_comprehension,29,48,0.61328125,0.58984375,0.0234375
hilton2021_comprehension,29,49,2.3125,3.390625,-1.078125
hilton2021_comprehension,29,50,1.1171875,1.203125,-0.0859375
hilton2021_comprehension,29,51,1.8359375,1.359375,0.4765625
hilton2021_comprehension,29,52,0.1455078125,0.22265625,-0.0771484375
hilton2021_comprehension,29,53,1.359375,1.1171875,0.2421875
hilton2021_comprehension,29,54,3.34375,3.546875,-0.203125
hilton2021_comprehension,29,55,0.08251953125,0.1455078125,-0.06298828125
hilton2021_comprehension,29,56,0.341796875,0.431640625,-0.08984375
hilton2021_comprehension,29,57,0.1650390625,0.37890625,-0.2138671875
hilton2021_comprehension,29,58,0.53125,0.58984375,-0.05859375
hilton2021_comprehension,29,59,0.265625,0.3515625,-0.0859375
hilton2021_comprehension,29,60,0.341796875,0.41015625,-0.068359375
hilton2021_comprehension,29,61,0.1318359375,0.265625,-0.1337890625
hilton2021_comprehension,29,62,1.40625,1.234375,0.171875
hilton2021_comprehension,29,63,0.53125,0.62890625,-0.09765625
hilton2021_comprehension,29,64,0.390625,0.283203125,0.107421875
hilton2021_comprehension,29,65,0.625,0.390625,0.234375
hilton2021_comprehension,29,66,0.41015625,0.2421875,0.16796875
hilton2021_comprehension,29,67,1.46875,1.1484375,0.3203125
hilton2021_comprehension,29,68,1.25,0.890625,0.359375
hilton2021_comprehension,29,69,1.84375,1.03125,0.8125
hilton2021_comprehension,29,70,0.53125,1.1171875,-0.5859375
hilton2021_comprehension,29,71,2.53125,2.90625,-0.375
hilton2021_comprehension,29,72,0.451171875,1.1484375,-0.697265625
hilton2021_comprehension,30,0,0.796875,0.984375,-0.1875
hilton2021_comprehension,30,1,0.6015625,0.1455078125,0.4560546875
hilton2021_comprehension,30,2,0.62890625,0.61328125,0.015625
hilton2021_comprehension,30,3,1.1171875,0.71484375,0.40234375
hilton2021_comprehension,30,4,0.1650390625,0.05322265625,0.11181640625
hilton2021_comprehension,30,5,1.328125,3.65625,-2.328125
hilton2021_comprehension,30,6,0.2890625,0.259765625,0.029296875
hilton2021_comprehension,30,7,0.2353515625,0.08984375,0.1455078125
hilton2021_comprehension,30,8,0.0751953125,0.08984375,-0.0146484375
hilton2021_comprehension,30,9,0.138671875,0.11767578125,0.02099609375
hilton2021_comprehension,30,10,2.46875,2.8125,-0.34375
hilton2021_comprehension,30,11,1.2265625,1.703125,-0.4765625
hilton2021_comprehension,30,12,2.015625,2.125,-0.109375
hilton2021_comprehension,30,13,0.32421875,0.318359375,0.005859375
hilton2021_comprehension,30,14,0.2294921875,0.3515625,-0.1220703125
hilton2021_comprehension,30,15,0.1455078125,0.4765625,-0.3310546875
hilton2021_comprehension,30,16,0.1455078125,0.138671875,0.0068359375
hilton2021_comprehension,30,17,1.0625,0.69921875,0.36328125
hilton2021_comprehension,30,18,0.11767578125,0.1787109375,-0.06103515625
hilton2021_comprehension,30,19,1.0625,1.2265625,-0.1640625
hilton2021_comprehension,30,20,0.2041015625,0.3125,-0.1083984375
hilton2021_comprehension,30,21,0.265625,1.2265625,-0.9609375
hilton2021_comprehension,30,22,6.84375,6.8125,0.03125
hilton2021_comprehension,30,23,1.796875,0.70703125,1.08984375
hilton2021_comprehension,30,24,1.4375,1.1015625,0.3359375
hilton2021_comprehension,30,25,1.0546875,0.76171875,0.29296875
hilton2021_comprehension,30,26,0.609375,0.8125,-0.203125
hilton2021_comprehension,30,27,0.1650390625,0.08251953125,0.08251953125
hilton2021_comprehension,30,28,0.486328125,0.44140625,0.044921875
hilton2021_comprehension,30,29,2.65625,3.5,-0.84375
hilton2021_comprehension,30,30,0.41015625,0.25390625,0.15625
hilton2021_comprehension,30,31,0.1982421875,0.171875,0.0263671875
hilton2021_comprehension,30,32,0.91796875,0.91796875,0.0
hilton2021_comprehension,30,33,1.453125,1.2265625,0.2265625
hilton2021_comprehension,30,34,0.27734375,0.248046875,0.029296875
hilton2021_comprehension,30,35,0.390625,0.37890625,0.01171875
hilton2021_comprehension,30,36,0.1787109375,0.12451171875,0.05419921875
hilton2021_comprehension,30,37,0.1845703125,0.0458984375,0.138671875
hilton2021_comprehension,30,38,0.1455078125,0.431640625,-0.2861328125
hilton2021_comprehension,30,39,0.259765625,0.25390625,0.005859375
hilton2021_comprehension,30,40,1.6953125,1.265625,0.4296875
hilton2021_comprehension,30,41,0.30078125,0.4765625,-0.17578125
hilton2021_comprehension,30,42,1.1875,0.248046875,0.939453125
hilton2021_comprehension,30,43,0.060546875,0.0966796875,-0.0361328125
hilton2021_comprehension,30,44,1.1171875,1.03125,0.0859375
hilton2021_comprehension,30,45,0.44140625,0.0966796875,0.3447265625
hilton2021_comprehension,30,46,0.32421875,0.2294921875,0.0947265625
hilton2021_comprehension,30,47,0.53515625,0.400390625,0.134765625
hilton2021_comprehension,30,48,0.6796875,0.74609375,-0.06640625
hilton2021_comprehension,30,49,1.734375,1.734375,0.0
hilton2021_comprehension,30,50,0.1787109375,0.1787109375,0.0
hilton2021_comprehension,30,51,0.05322265625,0.357421875,-0.30419921875
hilton2021_comprehension,30,52,0.1982421875,0.1455078125,0.052734375
hilton2021_comprehension,30,53,2.875,3.0,-0.125
hilton2021_comprehension,30,54,1.734375,1.640625,0.09375
hilton2021_comprehension,30,55,0.77734375,0.515625,0.26171875
hilton2021_comprehension,30,56,0.05322265625,0.138671875,-0.08544921875
hilton2021_comprehension,30,57,0.0751953125,0.038330078125,0.036865234375
hilton2021_comprehension,30,58,0.4609375,0.318359375,0.142578125
hilton2021_comprehension,30,59,0.08251953125,0.357421875,-0.27490234375
hilton2021_comprehension,30,60,0.1455078125,0.3515625,-0.2060546875
hilton2021_comprehension,30,61,2.75,3.28125,-0.53125
hilton2021_comprehension,30,62,0.3515625,0.59765625,-0.24609375
hilton2021_comprehension,30,63,1.640625,1.4609375,0.1796875
hilton2021_comprehension,30,64,1.34375,0.72265625,0.62109375
hilton2021_comprehension,30,65,0.06787109375,0.038330078125,0.029541015625
hilton2021_comprehension,30,66,1.5,1.671875,-0.171875
hilton2021_comprehension,30,67,0.1455078125,0.390625,-0.2451171875
hilton2021_comprehension,30,68,0.0751953125,0.06787109375,0.00732421875
hilton2021_comprehension,30,69,0.25390625,0.515625,-0.26171875
hilton2021_comprehension,30,70,0.08984375,0.1455078125,-0.0556640625
hilton2021_comprehension,30,71,0.038330078125,0.138671875,-0.100341796875
hilton2021_comprehension,30,72,0.15234375,0.470703125,-0.318359375
hilton2021_comprehension,31,0,0.84375,0.83203125,0.01171875
hilton2021_comprehension,31,1,1.171875,1.453125,-0.28125
hilton2021_comprehension,31,2,0.78125,1.3515625,-0.5703125
hilton2021_comprehension,31,3,2.078125,2.140625,-0.0625
hilton2021_comprehension,31,4,1.46875,2.9375,-1.46875
hilton2021_comprehension,31,5,0.306640625,0.2421875,0.064453125
hilton2021_comprehension,31,6,0.373046875,0.318359375,0.0546875
hilton2021_comprehension,31,7,0.19140625,0.1650390625,0.0263671875
hilton2021_comprehension,31,8,0.1650390625,0.1650390625,0.0
hilton2021_comprehension,31,9,1.0625,1.234375,-0.171875
hilton2021_comprehension,31,10,0.69921875,0.431640625,0.267578125
hilton2021_comprehension,31,11,0.83984375,1.3203125,-0.48046875
hilton2021_comprehension,31,12,0.4765625,0.431640625,0.044921875
hilton2021_comprehension,31,13,0.11083984375,0.060546875,0.05029296875
hilton2021_comprehension,31,14,1.3203125,1.3125,0.0078125
hilton2021_comprehension,31,15,0.06787109375,0.1845703125,-0.11669921875
hilton2021_comprehension,31,16,0.0458984375,0.08251953125,-0.03662109375
hilton2021_comprehension,31,17,0.038330078125,0.1455078125,-0.107177734375
hilton2021_comprehension,31,18,0.41015625,0.7578125,-0.34765625
hilton2021_comprehension,31,19,0.3125,0.25390625,0.05859375
hilton2021_comprehension,31,20,0.10400390625,0.08251953125,0.021484375
hilton2021_comprehension,31,21,2.03125,2.578125,-0.546875
hilton2021_comprehension,31,22,0.578125,0.390625,0.1875
hilton2021_comprehension,31,23,0.76171875,1.2265625,-0.46484375
hilton2021_comprehension,31,24,0.828125,0.48046875,0.34765625
hilton2021_comprehension,31,25,0.10400390625,0.22265625,-0.11865234375
hilton2021_comprehension,31,26,1.90625,2.234375,-0.328125
hilton2021_comprehension,31,27,2.359375,1.5,0.859375
hilton2021_comprehension,31,28,0.1650390625,0.3125,-0.1474609375
hilton2021_comprehension,31,29,0.578125,0.578125,0.0
hilton2021_comprehension,31,30,1.40625,1.59375,-0.1875
hilton2021_comprehension,31,31,0.0155029296875,0.11083984375,-0.0953369140625
hilton2021_comprehension,31,32,0.10400390625,0.22265625,-0.11865234375
hilton2021_comprehension,31,33,0.1318359375,0.1787109375,-0.046875
hilton2021_comprehension,31,34,0.25390625,0.1787109375,0.0751953125
hilton2021_comprehension,31,35,0.39453125,0.69140625,-0.296875
hilton2021_comprehension,31,36,1.90625,0.9765625,0.9296875
hilton2021_comprehension,31,37,1.0546875,1.8046875,-0.75
hilton2021_comprehension,31,38,0.12451171875,0.10400390625,0.0205078125
hilton2021_comprehension,31,39,1.140625,0.9765625,0.1640625
hilton2021_comprehension,31,40,0.58203125,0.8984375,-0.31640625
hilton2021_comprehension,31,41,0.828125,0.6328125,0.1953125
hilton2021_comprehension,31,42,0.05322265625,0.25390625,-0.20068359375
hilton2021_comprehension,31,43,0.0155029296875,0.06787109375,-0.0523681640625
hilton2021_comprehension,31,44,0.25390625,0.283203125,-0.029296875
hilton2021_comprehension,31,45,0.83203125,0.7578125,0.07421875
hilton2021_comprehension,31,46,9.125,7.1875,1.9375
hilton2021_comprehension,31,47,1.4765625,1.03125,0.4453125
hilton2021_comprehension,31,48,0.50390625,0.5,0.00390625
hilton2021_comprehension,31,49,0.11083984375,0.248046875,-0.13720703125
hilton2021_comprehension,31,50,2.484375,1.515625,0.96875
hilton2021_comprehension,31,51,1.328125,0.6328125,0.6953125
hilton2021_comprehension,31,52,0.490234375,0.80078125,-0.310546875
hilton2021_comprehension,31,53,0.87890625,0.7890625,0.08984375
hilton2021_comprehension,31,54,1.03125,0.78515625,0.24609375
hilton2021_comprehension,31,55,0.369140625,0.4453125,-0.076171875
hilton2021_comprehension,31,56,1.7421875,1.078125,0.6640625
hilton2021_comprehension,31,57,0.451171875,0.330078125,0.12109375
hilton2021_comprehension,31,58,1.1015625,1.0703125,0.03125
hilton2021_comprehension,31,59,1.3359375,0.9296875,0.40625
hilton2021_comprehension,31,60,1.71875,0.9921875,0.7265625
hilton2021_comprehension,31,61,0.08251953125,0.15234375,-0.06982421875
hilton2021_comprehension,31,62,0.69921875,0.55078125,0.1484375
hilton2021_comprehension,31,63,2.578125,1.6015625,0.9765625
hilton2021_comprehension,31,64,0.11083984375,0.0751953125,0.03564453125
hilton2021_comprehension,31,65,0.11767578125,0.1845703125,-0.06689453125
hilton2021_comprehension,31,66,1.203125,1.53125,-0.328125
hilton2021_comprehension,31,67,0.515625,0.494140625,0.021484375
hilton2021_comprehension,31,68,3.171875,1.15625,2.015625
hilton2021_comprehension,31,69,1.171875,0.431640625,0.740234375
hilton2021_comprehension,31,70,0.890625,0.83984375,0.05078125
hilton2021_comprehension,31,71,0.66015625,0.44140625,0.21875
hilton2021_comprehension,31,72,1.265625,0.91796875,0.34765625
hilton2021_comprehension,32,0,3.1875,0.357421875,2.830078125
hilton2021_comprehension,32,1,1.171875,1.0234375,0.1484375
hilton2021_comprehension,32,2,0.98828125,0.77734375,0.2109375
hilton2021_comprehension,32,3,0.98046875,0.90625,0.07421875
hilton2021_comprehension,32,4,0.283203125,0.10400390625,0.17919921875
hilton2021_comprehension,32,5,0.515625,1.3203125,-0.8046875
hilton2021_comprehension,32,6,0.369140625,0.318359375,0.05078125
hilton2021_comprehension,32,7,0.11767578125,0.023193359375,0.094482421875
hilton2021_comprehension,32,8,0.7734375,0.828125,-0.0546875
hilton2021_comprehension,32,9,0.2890625,0.3125,-0.0234375
hilton2021_comprehension,32,10,0.8359375,1.90625,-1.0703125
hilton2021_comprehension,32,11,0.53125,0.52734375,0.00390625
hilton2021_comprehension,32,12,0.63671875,0.69921875,-0.0625
hilton2021_comprehension,32,13,0.76171875,0.9765625,-0.21484375
hilton2021_comprehension,32,14,0.06787109375,0.0458984375,0.02197265625
hilton2021_comprehension,32,15,0.9765625,1.2265625,-0.25
hilton2021_comprehension,32,16,0.318359375,0.2294921875,0.0888671875
hilton2021_comprehension,32,17,1.703125,2.125,-0.421875
hilton2021_comprehension,32,18,0.63671875,0.12451171875,0.51220703125
hilton2021_comprehension,32,19,0.3515625,0.5234375,-0.171875
hilton2021_comprehension,32,20,0.36328125,0.25390625,0.109375
hilton2021_comprehension,32,21,0.060546875,0.03076171875,0.02978515625
hilton2021_comprehension,32,22,0.32421875,0.3515625,-0.02734375
hilton2021_comprehension,32,23,0.08251953125,0.06787109375,0.0146484375
hilton2021_comprehension,32,24,0.1787109375,0.345703125,-0.1669921875
hilton2021_comprehension,32,25,0.9765625,0.7578125,0.21875
hilton2021_comprehension,32,26,1.3125,1.8046875,-0.4921875
hilton2021_comprehension,32,27,2.140625,2.359375,-0.21875
hilton2021_comprehension,32,28,0.1650390625,0.2294921875,-0.064453125
hilton2021_comprehension,32,29,0.4765625,0.2294921875,0.2470703125
hilton2021_comprehension,32,30,0.7578125,1.5,-0.7421875
hilton2021_comprehension,32,31,1.3125,0.4765625,0.8359375
hilton2021_comprehension,32,32,0.3515625,0.345703125,0.005859375
hilton2021_comprehension,32,33,0.2041015625,0.25390625,-0.0498046875
hilton2021_comprehension,32,34,0.431640625,0.69140625,-0.259765625
hilton2021_comprehension,32,35,0.7578125,0.4765625,0.28125
hilton2021_comprehension,32,36,1.140625,0.578125,0.5625
hilton2021_comprehension,32,37,0.9765625,0.2294921875,0.7470703125
hilton2021_comprehension,32,38,0.11083984375,0.0458984375,0.06494140625
hilton2021_comprehension,32,39,0.7578125,1.703125,-0.9453125
hilton2021_comprehension,32,40,0.03076171875,0.05322265625,-0.0224609375
hilton2021_comprehension,32,41,0.158203125,0.3125,-0.154296875
hilton2021_comprehension,32,42,1.59375,0.7578125,0.8359375
hilton2021_comprehension,32,43,0.06787109375,0.023193359375,0.044677734375
hilton2021_comprehension,32,44,0.76171875,1.0546875,-0.29296875
hilton2021_comprehension,32,45,0.9765625,0.8984375,0.078125
hilton2021_comprehension,32,46,0.4765625,0.578125,-0.1015625
hilton2021_comprehension,32,47,0.0155029296875,0.08251953125,-0.0670166015625
hilton2021_comprehension,32,48,0.3515625,0.12451171875,0.22705078125
hilton2021_comprehension,32,49,0.1455078125,0.578125,-0.4326171875
hilton2021_comprehension,32,50,0.3515625,0.2041015625,0.1474609375
hilton2021_comprehension,32,51,0.03076171875,0.0458984375,-0.01513671875
hilton2021_comprehension,32,52,0.9765625,0.431640625,0.544921875
hilton2021_comprehension,32,53,0.828125,1.40625,-0.578125
hilton2021_comprehension,32,54,3.046875,1.3125,1.734375
hilton2021_comprehension,32,55,0.1455078125,0.2041015625,-0.05859375
hilton2021_comprehension,32,56,0.1455078125,0.1787109375,-0.033203125
hilton2021_comprehension,32,57,0.431640625,0.158203125,0.2734375
hilton2021_comprehension,32,58,0.1455078125,0.8984375,-0.7529296875
hilton2021_comprehension,32,59,0.4765625,0.578125,-0.1015625
hilton2021_comprehension,32,60,0.578125,0.7578125,-0.1796875
hilton2021_comprehension,32,61,1.3125,1.3125,0.0
hilton2021_comprehension,32,62,0.8984375,0.8984375,0.0
hilton2021_comprehension,32,63,0.5234375,0.3125,0.2109375
hilton2021_comprehension,32,64,0.390625,0.7578125,-0.3671875
hilton2021_comprehension,32,65,0.1455078125,0.345703125,-0.2001953125
hilton2021_comprehension,32,66,0.03076171875,0.023193359375,0.007568359375
hilton2021_comprehension,32,67,0.4765625,0.4765625,0.0
hilton2021_comprehension,32,68,0.69140625,1.40625,-0.71484375
hilton2021_comprehension,32,69,1.3203125,0.578125,0.7421875
hilton2021_comprehension,32,70,0.5234375,0.12451171875,0.39892578125
hilton2021_comprehension,32,71,1.140625,0.8984375,0.2421875
hilton2021_comprehension,32,72,0.7578125,2.015625,-1.2578125
hilton2021_comprehension,33,0,3.21875,0.48046875,2.73828125
hilton2021_comprehension,33,1,0.72265625,0.0966796875,0.6259765625
hilton2021_comprehension,33,2,1.5234375,2.84375,-1.3203125
hilton2021_comprehension,33,3,0.640625,0.6640625,-0.0234375
hilton2021_comprehension,33,4,1.859375,1.5,0.359375
hilton2021_comprehension,33,5,0.5546875,0.87109375,-0.31640625
hilton2021_comprehension,33,6,1.296875,2.375,-1.078125
hilton2021_comprehension,33,7,0.70703125,0.44140625,0.265625
hilton2021_comprehension,33,8,0.318359375,0.0751953125,0.2431640625
hilton2021_comprehension,33,9,0.486328125,0.40625,0.080078125
hilton2021_comprehension,33,10,0.6796875,1.3125,-0.6328125
hilton2021_comprehension,33,11,0.435546875,0.1318359375,0.3037109375
hilton2021_comprehension,33,12,1.5,1.890625,-0.390625
hilton2021_comprehension,33,13,0.373046875,1.140625,-0.767578125
hilton2021_comprehension,33,14,1.6640625,1.09375,0.5703125
hilton2021_comprehension,33,15,0.1455078125,0.05322265625,0.09228515625
hilton2021_comprehension,33,16,0.12451171875,0.138671875,-0.01416015625
hilton2021_comprehension,33,17,0.52734375,0.1845703125,0.3427734375
hilton2021_comprehension,33,18,1.0703125,0.82421875,0.24609375
hilton2021_comprehension,33,19,0.609375,0.70703125,-0.09765625
hilton2021_comprehension,33,20,0.796875,0.796875,0.0
hilton2021_comprehension,33,21,0.2421875,0.2353515625,0.0068359375
hilton2021_comprehension,33,22,0.373046875,0.27734375,0.095703125
hilton2021_comprehension,33,23,1.15625,0.58984375,0.56640625
hilton2021_comprehension,33,24,2.625,4.21875,-1.59375
hilton2021_comprehension,33,25,2.765625,2.375,0.390625
hilton2021_comprehension,33,26,0.50390625,0.64453125,-0.140625
hilton2021_comprehension,33,27,0.216796875,0.171875,0.044921875
hilton2021_comprehension,33,28,0.11083984375,0.466796875,-0.35595703125
hilton2021_comprehension,33,29,0.2041015625,0.357421875,-0.1533203125
hilton2021_comprehension,33,30,1.5078125,1.6796875,-0.171875
hilton2021_comprehension,33,31,2.25,1.96875,0.28125
hilton2021_comprehension,33,32,2.3125,2.453125,-0.140625
hilton2021_comprehension,33,33,1.2734375,1.421875,-0.1484375
hilton2021_comprehension,33,34,1.75,1.3203125,0.4296875
hilton2021_comprehension,33,35,0.306640625,0.63671875,-0.330078125
hilton2021_comprehension,33,36,1.7265625,2.625,-0.8984375
hilton2021_comprehension,33,37,1.7109375,0.8828125,0.828125
hilton2021_comprehension,33,38,2.40625,2.015625,0.390625
hilton2021_comprehension,33,39,1.5625,1.15625,0.40625
hilton2021_comprehension,33,40,0.259765625,0.08251953125,0.17724609375
hilton2021_comprehension,33,41,0.373046875,0.466796875,-0.09375
hilton2021_comprehension,33,42,0.08251953125,0.171875,-0.08935546875
hilton2021_comprehension,33,43,0.283203125,0.30078125,-0.017578125
hilton2021_comprehension,33,44,0.45703125,0.318359375,0.138671875
hilton2021_comprehension,33,45,0.73046875,0.1845703125,0.5458984375
hilton2021_comprehension,33,46,2.375,2.1875,0.1875
hilton2021_comprehension,33,47,0.0751953125,0.25390625,-0.1787109375
hilton2021_comprehension,33,48,0.138671875,0.431640625,-0.29296875
hilton2021_comprehension,33,49,1.7578125,2.84375,-1.0859375
hilton2021_comprehension,33,50,0.515625,0.158203125,0.357421875
hilton2021_comprehension,33,51,1.34375,1.4296875,-0.0859375
hilton2021_comprehension,33,52,1.1875,1.1796875,0.0078125
hilton2021_comprehension,33,53,0.12451171875,0.32421875,-0.19970703125
hilton2021_comprehension,33,54,1.5078125,0.859375,0.6484375
hilton2021_comprehension,33,55,0.466796875,0.546875,-0.080078125
hilton2021_comprehension,33,56,1.609375,1.7109375,-0.1015625
hilton2021_comprehension,33,57,0.8125,0.5,0.3125
hilton2021_comprehension,33,58,1.890625,0.69921875,1.19140625
hilton2021_comprehension,33,59,0.341796875,0.3515625,-0.009765625
hilton2021_comprehension,33,60,0.1650390625,0.72265625,-0.5576171875
hilton2021_comprehension,33,61,1.2265625,1.125,0.1015625
hilton2021_comprehension,33,62,0.486328125,0.373046875,0.11328125
hilton2021_comprehension,33,63,0.40625,0.73046875,-0.32421875
hilton2021_comprehension,33,64,0.431640625,0.357421875,0.07421875
hilton2021_comprehension,33,65,0.70703125,0.4765625,0.23046875
hilton2021_comprehension,33,66,0.158203125,0.0966796875,0.0615234375
hilton2021_comprehension,33,67,0.69921875,0.19140625,0.5078125
hilton2021_comprehension,33,68,0.330078125,0.1982421875,0.1318359375
hilton2021_comprehension,33,69,0.216796875,0.0751953125,0.1416015625
hilton2021_comprehension,33,70,0.64453125,0.2421875,0.40234375
hilton2021_comprehension,33,71,0.37890625,0.2294921875,0.1494140625
hilton2021_comprehension,33,72,1.671875,1.390625,0.28125
hilton2021_comprehension,34,0,0.94140625,1.71875,-0.77734375
hilton2021_comprehension,34,1,0.6015625,0.271484375,0.330078125
hilton2021_comprehension,34,2,0.22265625,0.12451171875,0.09814453125
hilton2021_comprehension,34,3,2.171875,1.640625,0.53125
hilton2021_comprehension,34,4,0.59375,0.265625,0.328125
hilton2021_comprehension,34,5,0.0966796875,0.0155029296875,0.0811767578125
hilton2021_comprehension,34,6,0.490234375,0.1455078125,0.3447265625
hilton2021_comprehension,34,7,3.046875,3.765625,-0.71875
hilton2021_comprehension,34,8,1.1484375,1.140625,0.0078125
hilton2021_comprehension,34,9,0.53515625,0.25390625,0.28125
hilton2021_comprehension,34,10,0.78125,0.4765625,0.3046875
hilton2021_comprehension,34,11,1.0625,0.69921875,0.36328125
hilton2021_comprehension,34,12,4.65625,6.21875,-1.5625
hilton2021_comprehension,34,13,0.609375,0.431640625,0.177734375
hilton2021_comprehension,34,14,2.421875,2.96875,-0.546875
hilton2021_comprehension,34,15,0.30078125,0.2421875,0.05859375
hilton2021_comprehension,34,16,0.83203125,0.6796875,0.15234375
hilton2021_comprehension,34,17,0.25390625,0.259765625,-0.005859375
hilton2021_comprehension,34,18,0.45703125,0.466796875,-0.009765625
hilton2021_comprehension,34,19,2.078125,2.53125,-0.453125
hilton2021_comprehension,34,20,1.953125,0.27734375,1.67578125
hilton2021_comprehension,34,21,0.74609375,0.25390625,0.4921875
hilton2021_comprehension,34,22,0.2421875,0.138671875,0.103515625
hilton2021_comprehension,34,23,0.330078125,0.2109375,0.119140625
hilton2021_comprehension,34,24,2.359375,3.375,-1.015625
hilton2021_comprehension,34,25,0.265625,0.27734375,-0.01171875
hilton2021_comprehension,34,26,0.11083984375,0.08251953125,0.0283203125
hilton2021_comprehension,34,27,0.30078125,0.1455078125,0.1552734375
hilton2021_comprehension,34,28,2.234375,2.3125,-0.078125
hilton2021_comprehension,34,29,1.265625,2.125,-0.859375
hilton2021_comprehension,34,30,0.265625,0.37890625,-0.11328125
hilton2021_comprehension,34,31,0.431640625,0.341796875,0.08984375
hilton2021_comprehension,34,32,0.30078125,0.06787109375,0.23291015625
hilton2021_comprehension,34,33,0.52734375,0.69140625,-0.1640625
hilton2021_comprehension,34,34,1.9609375,3.203125,-1.2421875
hilton2021_comprehension,34,35,0.330078125,0.171875,0.158203125
hilton2021_comprehension,34,36,0.25390625,0.1318359375,0.1220703125
hilton2021_comprehension,34,37,2.828125,2.953125,-0.125
hilton2021_comprehension,34,38,0.1845703125,0.248046875,-0.0634765625
hilton2021_comprehension,34,39,1.1796875,1.703125,-0.5234375
hilton2021_comprehension,34,40,0.25390625,0.158203125,0.095703125
hilton2021_comprehension,34,41,1.6953125,1.203125,0.4921875
hilton2021_comprehension,34,42,0.306640625,0.2294921875,0.0771484375
hilton2021_comprehension,34,43,0.19140625,0.27734375,-0.0859375
hilton2021_comprehension,34,44,0.341796875,0.2294921875,0.1123046875
hilton2021_comprehension,34,45,0.1787109375,0.0966796875,0.08203125
hilton2021_comprehension,34,46,0.435546875,0.171875,0.263671875
hilton2021_comprehension,34,47,0.1982421875,0.0751953125,0.123046875
hilton2021_comprehension,34,48,1.234375,1.265625,-0.03125
hilton2021_comprehension,34,49,0.10400390625,0.171875,-0.06787109375
hilton2021_comprehension,34,50,0.2353515625,0.2294921875,0.005859375
hilton2021_comprehension,34,51,0.318359375,0.294921875,0.0234375
hilton2021_comprehension,34,52,0.171875,0.1318359375,0.0400390625
hilton2021_comprehension,34,53,0.318359375,0.05322265625,0.26513671875
hilton2021_comprehension,34,54,0.95703125,1.7578125,-0.80078125
hilton2021_comprehension,34,55,1.9765625,2.078125,-0.1015625
hilton2021_comprehension,34,56,0.11767578125,0.06787109375,0.0498046875
hilton2021_comprehension,34,57,1.25,1.1484375,0.1015625
hilton2021_comprehension,34,58,1.8671875,1.390625,0.4765625
hilton2021_comprehension,34,59,0.11767578125,0.486328125,-0.36865234375
hilton2021_comprehension,34,60,0.12451171875,0.22265625,-0.09814453125
hilton2021_comprehension,34,61,0.1845703125,0.330078125,-0.1455078125
hilton2021_comprehension,34,62,0.138671875,0.25390625,-0.115234375
hilton2021_comprehension,34,63,0.08251953125,0.05322265625,0.029296875
hilton2021_comprehension,34,64,0.37890625,1.484375,-1.10546875
hilton2021_comprehension,34,65,0.283203125,0.431640625,-0.1484375
hilton2021_comprehension,34,66,2.859375,2.828125,0.03125
hilton2021_comprehension,34,67,0.1787109375,0.2294921875,-0.05078125
hilton2021_comprehension,34,68,0.138671875,0.2353515625,-0.0966796875
hilton2021_comprehension,34,69,0.05322265625,0.11083984375,-0.0576171875
hilton2021_comprehension,34,70,0.6171875,0.37890625,0.23828125
hilton2021_comprehension,34,71,0.1845703125,0.294921875,-0.1103515625
hilton2021_comprehension,34,72,0.0751953125,0.15234375,-0.0771484375
hilton2021_comprehension,35,0,3.28125,0.416015625,2.865234375
hilton2021_comprehension,35,1,0.6015625,0.19140625,0.41015625
hilton2021_comprehension,35,2,1.125,1.328125,-0.203125
hilton2021_comprehension,35,3,0.52734375,0.32421875,0.203125
hilton2021_comprehension,35,4,0.95703125,0.70703125,0.25
hilton2021_comprehension,35,5,0.75390625,0.36328125,0.390625
hilton2021_comprehension,35,6,0.5625,0.69140625,-0.12890625
hilton2021_comprehension,35,7,0.61328125,0.69921875,-0.0859375
hilton2021_comprehension,35,8,1.71875,1.8046875,-0.0859375
hilton2021_comprehension,35,9,1.421875,0.90234375,0.51953125
hilton2021_comprehension,35,10,0.373046875,0.390625,-0.017578125
hilton2021_comprehension,35,11,0.22265625,0.12451171875,0.09814453125
hilton2021_comprehension,35,12,0.25390625,0.1455078125,0.1083984375
hilton2021_comprehension,35,13,0.58203125,0.4765625,0.10546875
hilton2021_comprehension,35,14,0.98046875,0.431640625,0.548828125
hilton2021_comprehension,35,15,0.08251953125,0.05322265625,0.029296875
hilton2021_comprehension,35,16,0.25390625,0.3515625,-0.09765625
hilton2021_comprehension,35,17,0.76953125,0.9765625,-0.20703125
hilton2021_comprehension,35,18,0.2109375,0.2041015625,0.0068359375
hilton2021_comprehension,35,19,0.390625,0.3125,0.078125
hilton2021_comprehension,35,20,1.234375,1.40625,-0.171875
hilton2021_comprehension,35,21,0.390625,0.7578125,-0.3671875
hilton2021_comprehension,35,22,1.5,0.578125,0.921875
hilton2021_comprehension,35,23,0.4765625,0.6328125,-0.15625
hilton2021_comprehension,35,24,0.578125,0.390625,0.1875
hilton2021_comprehension,35,25,0.2294921875,0.7578125,-0.5283203125
hilton2021_comprehension,35,26,0.1787109375,0.390625,-0.2119140625
hilton2021_comprehension,35,27,0.828125,1.0546875,-0.2265625
hilton2021_comprehension,35,28,0.11083984375,0.06787109375,0.04296875
hilton2021_comprehension,35,29,0.3125,0.6328125,-0.3203125
hilton2021_comprehension,35,30,0.578125,0.7578125,-0.1796875
hilton2021_comprehension,35,31,0.578125,0.9765625,-0.3984375
hilton2021_comprehension,35,32,0.6328125,0.578125,0.0546875
hilton2021_comprehension,35,33,0.828125,0.9765625,-0.1484375
hilton2021_comprehension,35,34,1.5,1.59375,-0.09375
hilton2021_comprehension,35,35,0.0751953125,0.038330078125,0.036865234375
hilton2021_comprehension,35,36,0.1455078125,0.11083984375,0.03466796875
hilton2021_comprehension,35,37,0.431640625,0.828125,-0.396484375
hilton2021_comprehension,35,38,0.158203125,0.431640625,-0.2734375
hilton2021_comprehension,35,39,0.5234375,1.21875,-0.6953125
hilton2021_comprehension,35,40,0.3125,0.1787109375,0.1337890625
hilton2021_comprehension,35,41,1.140625,0.345703125,0.794921875
hilton2021_comprehension,35,42,0.2294921875,0.283203125,-0.0537109375
hilton2021_comprehension,35,43,0.11083984375,0.431640625,-0.32080078125
hilton2021_comprehension,35,44,0.10400390625,0.3515625,-0.24755859375
hilton2021_comprehension,35,45,0.12451171875,0.11083984375,0.013671875
hilton2021_comprehension,35,46,0.9765625,1.140625,-0.1640625
hilton2021_comprehension,35,47,1.90625,1.59375,0.3125
hilton2021_comprehension,35,48,0.7578125,0.25390625,0.50390625
hilton2021_comprehension,35,49,0.3125,1.0546875,-0.7421875
hilton2021_comprehension,35,50,0.22265625,0.2041015625,0.0185546875
hilton2021_comprehension,35,51,1.0546875,0.2041015625,0.8505859375
hilton2021_comprehension,35,52,2.015625,0.5234375,1.4921875
hilton2021_comprehension,35,53,0.390625,0.828125,-0.4375
hilton2021_comprehension,35,54,0.431640625,0.7578125,-0.326171875
hilton2021_comprehension,35,55,0.2294921875,0.158203125,0.0712890625
hilton2021_comprehension,35,56,0.283203125,0.4765625,-0.193359375
hilton2021_comprehension,35,57,0.6328125,1.40625,-0.7734375
hilton2021_comprehension,35,58,0.828125,0.578125,0.25
hilton2021_comprehension,35,59,0.390625,0.3125,0.078125
hilton2021_comprehension,35,60,0.22265625,0.22265625,0.0
hilton2021_comprehension,35,61,1.8046875,0.9765625,0.828125
hilton2021_comprehension,35,62,0.578125,0.8984375,-0.3203125
hilton2021_comprehension,35,63,0.6328125,0.8984375,-0.265625
hilton2021_comprehension,35,64,0.578125,0.390625,0.1875
hilton2021_comprehension,35,65,0.345703125,0.431640625,-0.0859375
hilton2021_comprehension,35,66,0.08251953125,0.1455078125,-0.06298828125
hilton2021_comprehension,35,67,0.8984375,0.431640625,0.466796875
hilton2021_comprehension,35,68,0.10400390625,0.25390625,-0.14990234375
hilton2021_comprehension,35,69,0.4765625,0.578125,-0.1015625
hilton2021_comprehension,35,70,1.703125,0.25390625,1.44921875
hilton2021_comprehension,35,71,0.10400390625,0.431640625,-0.32763671875
hilton2021_comprehension,35,72,0.158203125,0.6328125,-0.474609375
hilton2021_comprehension,36,0,3.265625,0.88671875,2.37890625
hilton2021_comprehension,36,1,1.078125,1.15625,-0.078125
hilton2021_comprehension,36,2,0.44140625,0.12451171875,0.31689453125
hilton2021_comprehension,36,3,0.486328125,0.12451171875,0.36181640625
hilton2021_comprehension,36,4,0.71484375,0.39453125,0.3203125
hilton2021_comprehension,36,5,1.1171875,1.3203125,-0.203125
hilton2021_comprehension,36,6,1.078125,0.58203125,0.49609375
hilton2021_comprehension,36,7,0.6484375,0.828125,-0.1796875
hilton2021_comprehension,36,8,1.1796875,0.63671875,0.54296875
hilton2021_comprehension,36,9,1.2734375,0.3515625,0.921875
hilton2021_comprehension,36,10,0.494140625,0.2294921875,0.2646484375
hilton2021_comprehension,36,11,0.2421875,0.06787109375,0.17431640625
hilton2021_comprehension,36,12,0.2890625,0.48046875,-0.19140625
hilton2021_comprehension,36,13,0.5859375,0.158203125,0.427734375
hilton2021_comprehension,36,14,1.4140625,0.90234375,0.51171875
hilton2021_comprehension,36,15,1.5078125,0.76171875,0.74609375
hilton2021_comprehension,36,16,0.70703125,0.283203125,0.423828125
hilton2021_comprehension,36,17,0.32421875,0.03076171875,0.29345703125
hilton2021_comprehension,36,18,0.77734375,0.265625,0.51171875
hilton2021_comprehension,36,19,0.435546875,0.431640625,0.00390625
hilton2021_comprehension,36,20,0.859375,0.53125,0.328125
hilton2021_comprehension,36,21,0.90234375,1.0546875,-0.15234375
hilton2021_comprehension,36,22,0.3515625,0.3125,0.0390625
hilton2021_comprehension,36,23,0.431640625,1.140625,-0.708984375
hilton2021_comprehension,36,24,0.44140625,0.58203125,-0.140625
hilton2021_comprehension,36,25,0.1845703125,0.25390625,-0.0693359375
hilton2021_comprehension,36,26,0.0966796875,0.10400390625,-0.00732421875
hilton2021_comprehension,36,27,1.0546875,0.7578125,0.296875
hilton2021_comprehension,36,28,0.1455078125,0.0458984375,0.099609375
hilton2021_comprehension,36,29,0.9765625,0.6328125,0.34375
hilton2021_comprehension,36,30,1.140625,0.69140625,0.44921875
hilton2021_comprehension,36,31,0.69140625,0.25390625,0.4375
hilton2021_comprehension,36,32,0.390625,0.5234375,-0.1328125
hilton2021_comprehension,36,33,1.703125,1.0546875,0.6484375
hilton2021_comprehension,36,34,0.1318359375,0.03076171875,0.10107421875
hilton2021_comprehension,36,35,0.4765625,0.4765625,0.0
hilton2021_comprehension,36,36,0.69140625,0.7578125,-0.06640625
hilton2021_comprehension,36,37,0.3125,0.158203125,0.154296875
hilton2021_comprehension,36,38,0.1455078125,0.08984375,0.0556640625
hilton2021_comprehension,36,39,0.2294921875,0.431640625,-0.2021484375
hilton2021_comprehension,36,40,0.2041015625,0.08984375,0.1142578125
hilton2021_comprehension,36,41,0.25390625,0.431640625,-0.177734375
hilton2021_comprehension,36,42,0.1650390625,0.3125,-0.1474609375
hilton2021_comprehension,36,43,0.1455078125,0.10400390625,0.04150390625
hilton2021_comprehension,36,44,1.8125,1.5,0.3125
hilton2021_comprehension,36,45,0.390625,0.12451171875,0.26611328125
hilton2021_comprehension,36,46,0.1455078125,0.0458984375,0.099609375
hilton2021_comprehension,36,47,1.703125,1.8046875,-0.1015625
hilton2021_comprehension,36,48,0.11083984375,0.03076171875,0.080078125
hilton2021_comprehension,36,49,0.8984375,1.40625,-0.5078125
hilton2021_comprehension,36,50,0.25390625,0.390625,-0.13671875
hilton2021_comprehension,36,51,0.15234375,0.1650390625,-0.0126953125
hilton2021_comprehension,36,52,0.6328125,1.6015625,-0.96875
hilton2021_comprehension,36,53,0.2041015625,0.8984375,-0.6943359375
hilton2021_comprehension,36,54,1.140625,1.5,-0.359375
hilton2021_comprehension,36,55,0.11083984375,0.03076171875,0.080078125
hilton2021_comprehension,36,56,0.390625,0.25390625,0.13671875
hilton2021_comprehension,36,57,0.08251953125,0.05322265625,0.029296875
hilton2021_comprehension,36,58,0.0751953125,0.3125,-0.2373046875
hilton2021_comprehension,36,59,1.2265625,0.69140625,0.53515625
hilton2021_comprehension,36,60,0.1455078125,0.5234375,-0.3779296875
hilton2021_comprehension,36,61,1.0546875,1.59375,-0.5390625
hilton2021_comprehension,36,62,0.0458984375,0.12451171875,-0.07861328125
hilton2021_comprehension,36,63,0.578125,2.125,-1.546875
hilton2021_comprehension,36,64,0.25390625,0.69140625,-0.4375
hilton2021_comprehension,36,65,0.3125,0.10400390625,0.20849609375
hilton2021_comprehension,36,66,1.3125,0.578125,0.734375
hilton2021_comprehension,36,67,0.69140625,1.6015625,-0.91015625
hilton2021_comprehension,36,68,0.038330078125,0.023193359375,0.01513671875
hilton2021_comprehension,36,69,0.390625,0.7578125,-0.3671875
hilton2021_comprehension,36,70,0.158203125,0.25390625,-0.095703125
hilton2021_comprehension,36,71,0.8984375,0.3515625,0.546875
hilton2021_comprehension,36,72,0.345703125,0.5234375,-0.177734375
hilton2021_comprehension,37,0,3.265625,0.39453125,2.87109375
hilton2021_comprehension,37,1,1.0078125,1.0703125,-0.0625
hilton2021_comprehension,37,2,0.73828125,0.64453125,0.09375
hilton2021_comprehension,37,3,1.0859375,1.328125,-0.2421875
hilton2021_comprehension,37,4,0.1318359375,0.0751953125,0.056640625
hilton2021_comprehension,37,5,1.25,0.486328125,0.763671875
hilton2021_comprehension,37,6,0.9296875,0.63671875,0.29296875
hilton2021_comprehension,37,7,1.15625,1.140625,0.015625
hilton2021_comprehension,37,8,0.11083984375,0.1787109375,-0.06787109375
hilton2021_comprehension,37,9,0.2109375,0.158203125,0.052734375
hilton2021_comprehension,37,10,0.451171875,0.48046875,-0.029296875
hilton2021_comprehension,37,11,0.63671875,1.2265625,-0.58984375
hilton2021_comprehension,37,12,0.10400390625,1.0546875,-0.95068359375
hilton2021_comprehension,37,13,0.11083984375,0.2353515625,-0.12451171875
hilton2021_comprehension,37,14,0.52734375,0.4765625,0.05078125
hilton2021_comprehension,37,15,1.703125,0.9765625,0.7265625
hilton2021_comprehension,37,16,3.78125,3.078125,0.703125
hilton2021_comprehension,37,17,0.78125,0.494140625,0.287109375
hilton2021_comprehension,37,18,0.060546875,0.3125,-0.251953125
hilton2021_comprehension,37,19,0.10400390625,0.2041015625,-0.10009765625
hilton2021_comprehension,37,20,0.03076171875,0.283203125,-0.25244140625
hilton2021_comprehension,37,21,3.28125,2.6875,0.59375
hilton2021_comprehension,37,22,1.703125,0.90234375,0.80078125
hilton2021_comprehension,37,23,1.40625,1.40625,0.0
hilton2021_comprehension,37,24,0.765625,0.390625,0.375
hilton2021_comprehension,37,25,0.1845703125,0.4765625,-0.2919921875
hilton2021_comprehension,37,26,1.2265625,0.8984375,0.328125
hilton2021_comprehension,37,27,0.63671875,0.6328125,0.00390625
hilton2021_comprehension,37,28,0.6328125,0.390625,0.2421875
hilton2021_comprehension,37,29,0.76171875,0.8984375,-0.13671875
hilton2021_comprehension,37,30,0.76171875,0.8984375,-0.13671875
hilton2021_comprehension,37,31,0.53125,0.1455078125,0.3857421875
hilton2021_comprehension,37,32,0.3515625,0.431640625,-0.080078125
hilton2021_comprehension,37,33,0.52734375,0.3125,0.21484375
hilton2021_comprehension,37,34,0.52734375,0.25390625,0.2734375
hilton2021_comprehension,37,35,0.984375,0.828125,0.15625
hilton2021_comprehension,37,36,0.578125,0.25390625,0.32421875
hilton2021_comprehension,37,37,0.08984375,0.158203125,-0.068359375
hilton2021_comprehension,37,38,0.83203125,1.140625,-0.30859375
hilton2021_comprehension,37,39,0.11083984375,0.2041015625,-0.09326171875
hilton2021_comprehension,37,40,7.78125,9.0,-1.21875
hilton2021_comprehension,37,41,0.19140625,0.060546875,0.130859375
hilton2021_comprehension,37,42,0.1650390625,0.1845703125,-0.01953125
hilton2021_comprehension,37,43,0.2890625,0.08984375,0.19921875
hilton2021_comprehension,37,44,1.453125,1.15625,0.296875
hilton2021_comprehension,37,45,0.9453125,1.15625,-0.2109375
hilton2021_comprehension,37,46,0.318359375,0.55078125,-0.232421875
hilton2021_comprehension,37,47,0.1845703125,0.3359375,-0.1513671875
hilton2021_comprehension,37,48,0.390625,0.921875,-0.53125
hilton2021_comprehension,37,49,0.55859375,0.79296875,-0.234375
hilton2021_comprehension,37,50,0.1982421875,0.66796875,-0.4697265625
hilton2021_comprehension,37,51,0.060546875,0.345703125,-0.28515625
hilton2021_comprehension,37,52,0.796875,0.578125,0.21875
hilton2021_comprehension,37,53,0.0966796875,0.060546875,0.0361328125
hilton2021_comprehension,37,54,0.71484375,0.65625,0.05859375
hilton2021_comprehension,37,55,0.06787109375,0.138671875,-0.07080078125
hilton2021_comprehension,37,56,2.265625,0.859375,1.40625
hilton2021_comprehension,37,57,0.470703125,0.171875,0.298828125
hilton2021_comprehension,37,58,1.6171875,1.609375,0.0078125
hilton2021_comprehension,37,59,0.158203125,0.138671875,0.01953125
hilton2021_comprehension,37,60,3.8125,4.0,-0.1875
hilton2021_comprehension,37,61,0.37890625,0.22265625,0.15625
hilton2021_comprehension,37,62,0.609375,0.5078125,0.1015625
hilton2021_comprehension,37,63,0.248046875,0.1650390625,0.0830078125
hilton2021_comprehension,37,64,0.265625,0.11767578125,0.14794921875
hilton2021_comprehension,37,65,1.1796875,2.140625,-0.9609375
hilton2021_comprehension,37,66,0.330078125,0.0751953125,0.2548828125
hilton2021_comprehension,37,67,0.060546875,0.2353515625,-0.1748046875
hilton2021_comprehension,37,68,1.15625,1.2421875,-0.0859375
hilton2021_comprehension,37,69,1.171875,0.55859375,0.61328125
hilton2021_comprehension,37,70,0.546875,0.45703125,0.08984375
hilton2021_comprehension,37,71,0.0966796875,0.1982421875,-0.1015625
hilton2021_comprehension,37,72,0.248046875,0.19140625,0.056640625
hilton2021_comprehension,38,0,3.34375,0.345703125,2.998046875
hilton2021_comprehension,38,1,0.7890625,0.294921875,0.494140625
hilton2021_comprehension,38,2,0.345703125,0.0155029296875,0.3302001953125
hilton2021_comprehension,38,3,0.416015625,0.1318359375,0.2841796875
hilton2021_comprehension,38,4,0.69921875,0.259765625,0.439453125
hilton2021_comprehension,38,5,0.45703125,0.1455078125,0.3115234375
hilton2021_comprehension,38,6,0.27734375,0.416015625,-0.138671875
hilton2021_comprehension,38,7,0.2421875,0.05322265625,0.18896484375
hilton2021_comprehension,38,8,0.37890625,0.1455078125,0.2333984375
hilton2021_comprehension,38,9,0.61328125,0.0751953125,0.5380859375
hilton2021_comprehension,38,10,1.609375,1.703125,-0.09375
hilton2021_comprehension,38,11,0.11083984375,0.58203125,-0.47119140625
hilton2021_comprehension,38,12,0.05322265625,0.0751953125,-0.02197265625
hilton2021_comprehension,38,13,0.158203125,0.0458984375,0.1123046875
hilton2021_comprehension,38,14,0.038330078125,0.023193359375,0.01513671875
hilton2021_comprehension,38,15,0.0751953125,0.08251953125,-0.00732421875
hilton2021_comprehension,38,16,0.640625,2.578125,-1.9375
hilton2021_comprehension,38,17,1.6015625,1.703125,-0.1015625
hilton2021_comprehension,38,18,0.435546875,0.76171875,-0.326171875
hilton2021_comprehension,38,19,0.19140625,0.1650390625,0.0263671875
hilton2021_comprehension,38,20,3.046875,1.8046875,1.2421875
hilton2021_comprehension,38,21,0.11767578125,0.060546875,0.05712890625
hilton2021_comprehension,38,22,0.08984375,0.08984375,0.0
hilton2021_comprehension,38,23,2.46875,1.703125,0.765625
hilton2021_comprehension,38,24,6.28125,6.09375,0.1875
hilton2021_comprehension,38,25,2.25,1.375,0.875
hilton2021_comprehension,38,26,0.390625,0.39453125,-0.00390625
hilton2021_comprehension,38,27,1.515625,1.9375,-0.421875
hilton2021_comprehension,38,28,2.96875,2.953125,0.015625
hilton2021_comprehension,38,29,0.341796875,0.2890625,0.052734375
hilton2021_comprehension,38,30,0.515625,0.76171875,-0.24609375
hilton2021_comprehension,38,31,2.265625,2.53125,-0.265625
hilton2021_comprehension,38,32,0.6640625,0.70703125,-0.04296875
hilton2021_comprehension,38,33,0.435546875,0.435546875,0.0
hilton2021_comprehension,38,34,0.369140625,0.515625,-0.146484375
hilton2021_comprehension,38,35,0.271484375,0.283203125,-0.01171875
hilton2021_comprehension,38,36,2.171875,2.5625,-0.390625
hilton2021_comprehension,38,37,0.421875,0.3515625,0.0703125
hilton2021_comprehension,38,38,1.7578125,1.578125,0.1796875
hilton2021_comprehension,38,39,1.5,1.359375,0.140625
hilton2021_comprehension,38,40,1.359375,0.83203125,0.52734375
hilton2021_comprehension,38,41,0.1455078125,0.060546875,0.0849609375
hilton2021_comprehension,38,42,1.8515625,0.9453125,0.90625
hilton2021_comprehension,38,43,0.53125,0.2890625,0.2421875
hilton2021_comprehension,38,44,2.015625,1.015625,1.0
hilton2021_comprehension,38,45,0.216796875,0.2041015625,0.0126953125
hilton2021_comprehension,38,46,2.25,1.84375,0.40625
hilton2021_comprehension,38,47,3.09375,3.125,-0.03125
hilton2021_comprehension,38,48,1.390625,1.296875,0.09375
hilton2021_comprehension,38,49,1.0078125,0.62109375,0.38671875
hilton2021_comprehension,38,50,0.466796875,0.50390625,-0.037109375
hilton2021_comprehension,38,51,0.19140625,0.138671875,0.052734375
hilton2021_comprehension,38,52,0.69921875,0.45703125,0.2421875
hilton2021_comprehension,38,53,0.390625,0.74609375,-0.35546875
hilton2021_comprehension,38,54,0.22265625,0.2421875,-0.01953125
hilton2021_comprehension,38,55,0.25390625,0.138671875,0.115234375
hilton2021_comprehension,38,56,2.421875,1.234375,1.1875
hilton2021_comprehension,38,57,1.15625,1.3125,-0.15625
hilton2021_comprehension,38,58,0.373046875,0.74609375,-0.373046875
hilton2021_comprehension,38,59,0.15234375,0.248046875,-0.095703125
hilton2021_comprehension,38,60,0.69921875,0.86328125,-0.1640625
hilton2021_comprehension,38,61,1.484375,0.53125,0.953125
hilton2021_comprehension,38,62,0.70703125,0.9296875,-0.22265625
hilton2021_comprehension,38,63,0.9296875,1.15625,-0.2265625
hilton2021_comprehension,38,64,0.76171875,0.283203125,0.478515625
hilton2021_comprehension,38,65,1.3125,0.91796875,0.39453125
hilton2021_comprehension,38,66,1.578125,0.94140625,0.63671875
hilton2021_comprehension,38,67,0.12451171875,0.1318359375,-0.00732421875
hilton2021_comprehension,38,68,0.37890625,0.50390625,-0.125
hilton2021_comprehension,38,69,0.0751953125,0.10400390625,-0.02880859375
hilton2021_comprehension,38,70,0.1650390625,0.10400390625,0.06103515625
hilton2021_comprehension,38,71,0.77734375,0.62109375,0.15625
hilton2021_comprehension,38,72,0.53125,0.69140625,-0.16015625
hilton2021_comprehension,39,0,0.7890625,1.046875,-0.2578125
hilton2021_comprehension,39,1,0.421875,0.171875,0.25
hilton2021_comprehension,39,2,0.158203125,0.06787109375,0.09033203125
hilton2021_comprehension,39,3,1.75,2.46875,-0.71875
hilton2021_comprehension,39,4,0.357421875,0.060546875,0.296875
hilton2021_comprehension,39,5,0.259765625,0.76953125,-0.509765625
hilton2021_comprehension,39,6,1.7109375,2.578125,-0.8671875
hilton2021_comprehension,39,7,0.357421875,0.2041015625,0.1533203125
hilton2021_comprehension,39,8,1.234375,0.9765625,0.2578125
hilton2021_comprehension,39,9,0.435546875,0.58203125,-0.146484375
hilton2021_comprehension,39,10,0.2353515625,0.10400390625,0.13134765625
hilton2021_comprehension,39,11,0.76171875,1.140625,-0.37890625
hilton2021_comprehension,39,12,0.6328125,0.7578125,-0.125
hilton2021_comprehension,39,13,1.609375,0.63671875,0.97265625
hilton2021_comprehension,39,14,0.1650390625,0.2041015625,-0.0390625
hilton2021_comprehension,39,15,0.2041015625,0.060546875,0.1435546875
hilton2021_comprehension,39,16,0.9765625,0.5234375,0.453125
hilton2021_comprehension,39,17,0.6328125,0.4765625,0.15625
hilton2021_comprehension,39,18,0.1455078125,0.12451171875,0.02099609375
hilton2021_comprehension,39,19,0.283203125,0.578125,-0.294921875
hilton2021_comprehension,39,20,0.318359375,0.2294921875,0.0888671875
hilton2021_comprehension,39,21,0.3125,1.140625,-0.828125
hilton2021_comprehension,39,22,0.2109375,0.369140625,-0.158203125
hilton2021_comprehension,39,23,0.038330078125,0.023193359375,0.01513671875
hilton2021_comprehension,39,24,0.05322265625,0.12451171875,-0.0712890625
hilton2021_comprehension,39,25,0.03076171875,0.0155029296875,0.0152587890625
hilton2021_comprehension,39,26,0.06787109375,0.1455078125,-0.07763671875
hilton2021_comprehension,39,27,0.5234375,0.10400390625,0.41943359375
hilton2021_comprehension,39,28,0.06787109375,0.12451171875,-0.056640625
hilton2021_comprehension,39,29,0.11767578125,0.1845703125,-0.06689453125
hilton2021_comprehension,39,30,0.7578125,0.7578125,0.0
hilton2021_comprehension,39,31,0.69140625,0.5234375,0.16796875
hilton2021_comprehension,39,32,0.69140625,2.234375,-1.54296875
hilton2021_comprehension,39,33,0.0751953125,0.1650390625,-0.08984375
hilton2021_comprehension,39,34,0.06787109375,0.10400390625,-0.0361328125
hilton2021_comprehension,39,35,0.578125,0.3125,0.265625
hilton2021_comprehension,39,36,0.283203125,0.3515625,-0.068359375
hilton2021_comprehension,39,37,0.0458984375,0.12451171875,-0.07861328125
hilton2021_comprehension,39,38,0.6328125,0.7578125,-0.125
hilton2021_comprehension,39,39,1.0546875,1.40625,-0.3515625
hilton2021_comprehension,39,40,0.431640625,0.283203125,0.1484375
hilton2021_comprehension,39,41,2.921875,1.703125,1.21875
hilton2021_comprehension,39,42,0.1455078125,0.22265625,-0.0771484375
hilton2021_comprehension,39,43,0.578125,0.390625,0.1875
hilton2021_comprehension,39,44,0.12451171875,0.11083984375,0.013671875
hilton2021_comprehension,39,45,0.11083984375,0.158203125,-0.04736328125
hilton2021_comprehension,39,46,2.234375,1.5,0.734375
hilton2021_comprehension,39,47,0.0458984375,0.0458984375,0.0
hilton2021_comprehension,39,48,1.59375,2.015625,-0.421875
hilton2021_comprehension,39,49,0.060546875,0.10400390625,-0.04345703125
hilton2021_comprehension,39,50,0.023193359375,0.023193359375,0.0
hilton2021_comprehension,39,51,0.5234375,0.7578125,-0.234375
hilton2021_comprehension,39,52,0.8984375,0.6328125,0.265625
hilton2021_comprehension,39,53,0.0458984375,0.11083984375,-0.06494140625
hilton2021_comprehension,39,54,0.08251953125,0.08251953125,0.0
hilton2021_comprehension,39,55,0.10400390625,0.5234375,-0.41943359375
hilton2021_comprehension,39,56,0.1455078125,0.25390625,-0.1083984375
hilton2021_comprehension,39,57,3.28125,0.7578125,2.5234375
hilton2021_comprehension,39,58,0.8984375,0.8984375,0.0
hilton2021_comprehension,39,59,0.22265625,0.158203125,0.064453125
hilton2021_comprehension,39,60,0.1455078125,0.2041015625,-0.05859375
hilton2021_comprehension,39,61,0.3125,0.3125,0.0
hilton2021_comprehension,39,62,0.390625,0.8984375,-0.5078125
hilton2021_comprehension,39,63,0.431640625,0.10400390625,0.32763671875
hilton2021_comprehension,39,64,2.234375,1.3125,0.921875
hilton2021_comprehension,39,65,0.828125,0.828125,0.0
hilton2021_comprehension,39,66,0.023193359375,0.0458984375,-0.022705078125
hilton2021_comprehension,39,67,2.234375,1.5,0.734375
hilton2021_comprehension,39,68,1.0546875,0.431640625,0.623046875
hilton2021_comprehension,39,69,0.9765625,0.69140625,0.28515625
hilton2021_comprehension,39,70,0.3125,0.7578125,-0.4453125
hilton2021_comprehension,39,71,0.12451171875,0.08984375,0.03466796875
hilton2021_comprehension,39,72,0.12451171875,0.12451171875,0.0
hilton2021_comprehension,40,0,3.1875,0.470703125,2.716796875
hilton2021_comprehension,40,1,1.0546875,0.1318359375,0.9228515625
hilton2021_comprehension,40,2,1.0625,1.0625,0.0
hilton2021_comprehension,40,3,1.046875,0.91015625,0.13671875
hilton2021_comprehension,40,4,0.671875,0.78125,-0.109375
hilton2021_comprehension,40,5,0.369140625,0.52734375,-0.158203125
hilton2021_comprehension,40,6,0.84375,1.3203125,-0.4765625
hilton2021_comprehension,40,7,0.08984375,0.0751953125,0.0146484375
hilton2021_comprehension,40,8,0.038330078125,0.10400390625,-0.065673828125
hilton2021_comprehension,40,9,1.6015625,1.140625,0.4609375
hilton2021_comprehension,40,10,1.53125,0.58203125,0.94921875
hilton2021_comprehension,40,11,0.0966796875,0.390625,-0.2939453125
hilton2021_comprehension,40,12,5.875,6.96875,-1.09375
hilton2021_comprehension,40,13,1.0390625,1.0625,-0.0234375
hilton2021_comprehension,40,14,0.8125,1.46875,-0.65625
hilton2021_comprehension,40,15,0.369140625,0.45703125,-0.087890625
hilton2021_comprehension,40,16,0.5546875,0.421875,0.1328125
hilton2021_comprehension,40,17,0.3515625,0.8125,-0.4609375
hilton2021_comprehension,40,18,0.2041015625,0.158203125,0.0458984375
hilton2021_comprehension,40,19,1.3984375,1.015625,0.3828125
hilton2021_comprehension,40,20,0.85546875,0.57421875,0.28125
hilton2021_comprehension,40,21,2.1875,2.859375,-0.671875
hilton2021_comprehension,40,22,0.22265625,0.30078125,-0.078125
hilton2021_comprehension,40,23,0.6328125,0.08984375,0.54296875
hilton2021_comprehension,40,24,0.318359375,0.259765625,0.05859375
hilton2021_comprehension,40,25,0.318359375,0.08251953125,0.23583984375
hilton2021_comprehension,40,26,1.890625,0.6796875,1.2109375
hilton2021_comprehension,40,27,0.84375,1.03125,-0.1875
hilton2021_comprehension,40,28,0.3515625,0.306640625,0.044921875
hilton2021_comprehension,40,29,1.609375,2.578125,-0.96875
hilton2021_comprehension,40,30,0.55078125,0.50390625,0.046875
hilton2021_comprehension,40,31,0.859375,0.6484375,0.2109375
hilton2021_comprehension,40,32,0.171875,0.1455078125,0.0263671875
hilton2021_comprehension,40,33,1.84375,2.296875,-0.453125
hilton2021_comprehension,40,34,2.890625,2.5,0.390625
hilton2021_comprehension,40,35,0.76171875,0.4765625,0.28515625
hilton2021_comprehension,40,36,0.11083984375,0.06787109375,0.04296875
hilton2021_comprehension,40,37,0.265625,0.22265625,0.04296875
hilton2021_comprehension,40,38,1.0078125,0.53515625,0.47265625
hilton2021_comprehension,40,39,1.015625,0.66015625,0.35546875
hilton2021_comprehension,40,40,0.30078125,0.306640625,-0.005859375
hilton2021_comprehension,40,41,0.99609375,0.97265625,0.0234375
hilton2021_comprehension,40,42,0.3515625,0.66796875,-0.31640625
hilton2021_comprehension,40,43,2.875,3.46875,-0.59375
hilton2021_comprehension,40,44,0.1650390625,0.08251953125,0.08251953125
hilton2021_comprehension,40,45,0.88671875,1.4453125,-0.55859375
hilton2021_comprehension,40,46,1.9921875,2.765625,-0.7734375
hilton2021_comprehension,40,47,0.08251953125,0.2353515625,-0.15283203125
hilton2021_comprehension,40,48,0.58203125,0.330078125,0.251953125
hilton2021_comprehension,40,49,0.330078125,0.11083984375,0.21923828125
hilton2021_comprehension,40,50,1.9609375,1.734375,0.2265625
hilton2021_comprehension,40,51,1.09375,1.21875,-0.125
hilton2021_comprehension,40,52,0.265625,0.6328125,-0.3671875
hilton2021_comprehension,40,53,1.75,2.15625,-0.40625
hilton2021_comprehension,40,54,0.40625,0.41015625,-0.00390625
hilton2021_comprehension,40,55,1.0390625,1.40625,-0.3671875
hilton2021_comprehension,40,56,1.734375,1.609375,0.125
hilton2021_comprehension,40,57,2.25,2.8125,-0.5625
hilton2021_comprehension,40,58,0.8125,0.5,0.3125
hilton2021_comprehension,40,59,0.271484375,0.76953125,-0.498046875
hilton2021_comprehension,40,60,0.76953125,0.6796875,0.08984375
hilton2021_comprehension,40,61,0.83984375,0.74609375,0.09375
hilton2021_comprehension,40,62,0.5625,0.341796875,0.220703125
hilton2021_comprehension,40,63,0.515625,0.2890625,0.2265625
hilton2021_comprehension,40,64,1.890625,2.53125,-0.640625
hilton2021_comprehension,40,65,0.5859375,0.8125,-0.2265625
hilton2021_comprehension,40,66,1.078125,0.9140625,0.1640625
hilton2021_comprehension,40,67,0.265625,0.2109375,0.0546875
hilton2021_comprehension,40,68,0.52734375,0.39453125,0.1328125
hilton2021_comprehension,40,69,0.75390625,0.2890625,0.46484375
hilton2021_comprehension,40,70,0.76953125,1.046875,-0.27734375
hilton2021_comprehension,40,71,0.3359375,0.45703125,-0.12109375
hilton2021_comprehension,40,72,1.515625,1.8671875,-0.3515625
