experiment,participant_id,item_index,nll_base,nll_ours,delta_log_likelihood
Dymarska2025_associations,1,0,7.3125,7.5625,-0.25
Dymarska2025_associations,1,1,3.21875,2.22509765625,0.99365234375
Dymarska2025_associations,1,2,2.5732421875,2.8515625,-0.2783203125
Dymarska2025_associations,1,3,7.261474609375,5.800750732421875,1.460723876953125
Dymarska2025_associations,1,4,17.34375,16.375,0.96875
Dymarska2025_associations,1,5,4.802703857421875,4.7607421875,0.041961669921875
Dymarska2025_associations,1,6,9.78125,8.65625,1.125
Dymarska2025_associations,1,7,7.18359375,6.369140625,0.814453125
Dymarska2025_associations,1,8,4.390625,4.22412109375,0.16650390625
Dymarska2025_associations,1,9,8.398193359375,8.5155029296875,-0.1173095703125
Dymarska2025_associations,1,10,8.3125,7.8125,0.5
Dymarska2025_associations,1,11,5.4375,4.859375,0.578125
Dymarska2025_associations,1,12,6.84375,5.1640625,1.6796875
Dymarska2025_associations,1,13,10.28125,10.328125,-0.046875
Dymarska2025_associations,1,14,8.5068359375,7.929443359375,0.577392578125
Dymarska2025_associations,1,15,5.390625,4.7734375,0.6171875
Dymarska2025_associations,1,16,8.0625,7.28125,0.78125
Dymarska2025_associations,1,17,4.33984375,4.1171875,0.22265625
Dymarska2025_associations,1,18,8.78515625,9.9375,-1.15234375
Dymarska2025_associations,1,19,12.326171875,12.6845703125,-0.3583984375
Dymarska2025_associations,1,20,7.75,6.875,0.875
Dymarska2025_associations,1,21,3.01953125,2.97265625,0.046875
Dymarska2025_associations,1,22,5.95166015625,6.5291748046875,-0.5775146484375
Dymarska2025_associations,1,23,3.90625,4.1875,-0.28125
Dymarska2025_associations,1,24,3.7509765625,3.394775390625,0.356201171875
Dymarska2025_associations,1,25,3.1875,3.1015625,0.0859375
Dymarska2025_associations,1,26,6.4375,6.125,0.3125
Dymarska2025_associations,1,27,4.1357421875,4.38427734375,-0.24853515625
Dymarska2025_associations,1,28,4.04931640625,2.637939453125,1.411376953125
Dymarska2025_associations,1,29,5.1484375,5.40625,-0.2578125
Dymarska2025_associations,1,30,9.48388671875,6.31201171875,3.171875
Dymarska2025_associations,1,31,6.1484375,6.8515625,-0.703125
Dymarska2025_associations,1,32,11.203125,10.75,0.453125
Dymarska2025_associations,1,33,9.25,9.25,0.0
Dymarska2025_associations,1,34,9.125,8.375,0.75
Dymarska2025_associations,1,35,6.75,5.90625,0.84375
Dymarska2025_associations,1,36,10.234375,7.857421875,2.376953125
Dymarska2025_associations,1,37,11.3592529296875,10.320068359375,1.0391845703125
Dymarska2025_associations,1,38,8.57421875,8.30517578125,0.26904296875
Dymarska2025_associations,1,39,9.640625,9.328125,0.3125
Dymarska2025_associations,1,40,1.132781982421875,0.55078125,0.582000732421875
Dymarska2025_associations,1,41,5.875,4.625,1.25
Dymarska2025_associations,1,42,7.3359375,6.96875,0.3671875
Dymarska2025_associations,1,43,4.818359375,5.779296875,-0.9609375
Dymarska2025_associations,1,44,6.9375,6.5,0.4375
Dymarska2025_associations,1,45,7.119140625,6.4609375,0.658203125
Dymarska2025_associations,1,46,5.6259765625,4.710205078125,0.915771484375
Dymarska2025_associations,1,47,11.53125,7.5859375,3.9453125
Dymarska2025_associations,1,48,5.40625,5.25,0.15625
Dymarska2025_associations,1,49,7.64453125,5.80419921875,1.84033203125
Dymarska2025_associations,1,50,12.75,12.4375,0.3125
Dymarska2025_associations,1,51,6.0078125,5.23828125,0.76953125
Dymarska2025_associations,1,52,6.710205078125,6.6092529296875,0.1009521484375
Dymarska2025_associations,1,53,7.007080078125,5.210205078125,1.796875
Dymarska2025_associations,1,54,6.6561279296875,5.195281982421875,1.460845947265625
Dymarska2025_associations,1,55,4.992156982421875,4.7108154296875,0.281341552734375
Dymarska2025_associations,1,56,9.6875,9.828125,-0.140625
Dymarska2025_associations,1,57,18.40625,15.625,2.78125
Dymarska2025_associations,1,58,12.78125,10.716796875,2.064453125
Dymarska2025_associations,1,59,4.625,4.25,0.375
Dymarska2025_associations,1,60,5.2109375,5.9765625,-0.765625
Dymarska2025_associations,1,61,5.25,3.84375,1.40625
Dymarska2025_associations,1,62,3.875,4.25,-0.375
Dymarska2025_associations,1,63,7.875,9.8125,-1.9375
Dymarska2025_associations,1,64,7.367156982421875,7.03125,0.335906982421875
Dymarska2025_associations,1,65,3.84375,4.6796875,-0.8359375
Dymarska2025_associations,1,66,6.72265625,6.83251953125,-0.10986328125
Dymarska2025_associations,1,67,5.3046875,5.546875,-0.2421875
Dymarska2025_associations,1,68,4.74267578125,3.86376953125,0.87890625
Dymarska2025_associations,1,69,4.75,4.4375,0.3125
Dymarska2025_associations,1,70,11.91015625,11.8125,0.09765625
Dymarska2025_associations,1,71,8.875,7.859375,1.015625
Dymarska2025_associations,1,72,3.9375,2.26171875,1.67578125
Dymarska2025_associations,1,73,6.1103515625,5.73828125,0.3720703125
Dymarska2025_associations,1,74,5.25,5.1875,0.0625
Dymarska2025_associations,1,75,6.15625,5.1875,0.96875
Dymarska2025_associations,1,76,6.935546875,6.3818359375,0.5537109375
Dymarska2025_associations,1,77,3.9149169921875,4.818328857421875,-0.903411865234375
Dymarska2025_associations,1,78,6.3046875,5.060546875,1.244140625
Dymarska2025_associations,1,79,7.96875,6.953125,1.015625
Dymarska2025_associations,1,80,4.28125,4.921875,-0.640625
Dymarska2025_associations,1,81,3.7734375,2.8671875,0.90625
Dymarska2025_associations,1,82,4.6171875,3.296875,1.3203125
Dymarska2025_associations,1,83,8.25,7.0625,1.1875
Dymarska2025_associations,1,84,2.75,1.5,1.25
Dymarska2025_associations,1,85,4.209228515625,3.830078125,0.379150390625
Dymarska2025_associations,1,86,6.7734375,6.0390625,0.734375
Dymarska2025_associations,1,87,5.84375,5.375,0.46875
Dymarska2025_associations,1,88,5.0,2.859375,2.140625
Dymarska2025_associations,1,89,6.25,5.375,0.875
Dymarska2025_associations,1,90,5.3330078125,3.69921875,1.6337890625
Dymarska2025_associations,1,91,6.484375,2.960693359375,3.523681640625
Dymarska2025_associations,1,92,7.4765625,5.3592529296875,2.1173095703125
Dymarska2025_associations,1,93,4.4189453125,5.3251953125,-0.90625
Dymarska2025_associations,1,94,7.609375,7.3125,0.296875
Dymarska2025_associations,1,95,9.330078125,10.7734375,-1.443359375
Dymarska2025_associations,1,96,5.9599609375,5.663818359375,0.296142578125
Dymarska2025_associations,1,97,7.28125,3.3203125,3.9609375
Dymarska2025_associations,1,98,6.73046875,5.6717529296875,1.0587158203125
Dymarska2025_associations,1,99,7.34375,7.453125,-0.109375
Dymarska2025_associations,1,100,4.419921875,4.130859375,0.2890625
Dymarska2025_associations,1,101,3.9140625,3.3515625,0.5625
Dymarska2025_associations,1,102,5.9921875,5.578125,0.4140625
Dymarska2025_associations,1,103,9.9375,8.578125,1.359375
Dymarska2025_associations,1,104,5.8125,5.75,0.0625
Dymarska2025_associations,1,105,5.16015625,5.640625,-0.48046875
Dymarska2025_associations,1,106,7.6015625,5.8203125,1.78125
Dymarska2025_associations,1,107,5.65625,5.75,-0.09375
Dymarska2025_associations,1,108,9.7421875,10.59375,-0.8515625
Dymarska2025_associations,1,109,10.1875,9.625,0.5625
Dymarska2025_associations,1,110,4.742156982421875,4.453125,0.289031982421875
Dymarska2025_associations,1,111,4.207275390625,3.583740234375,0.62353515625
Dymarska2025_associations,1,112,8.6953125,9.359375,-0.6640625
Dymarska2025_associations,1,113,5.6875,5.87890625,-0.19140625
Dymarska2025_associations,1,114,4.6328125,3.939453125,0.693359375
Dymarska2025_associations,1,115,5.108642578125,4.5194091796875,0.5892333984375
Dymarska2025_associations,1,116,9.75,10.296875,-0.546875
Dymarska2025_associations,1,117,8.4169921875,8.5,-0.0830078125
Dymarska2025_associations,1,118,6.796875,6.375,0.421875
Dymarska2025_associations,1,119,8.64697265625,7.695281982421875,0.951690673828125
Dymarska2025_associations,1,120,3.47314453125,3.882080078125,-0.408935546875
Dymarska2025_associations,1,121,11.2890625,9.5546875,1.734375
Dymarska2025_associations,1,122,5.34375,4.59375,0.75
Dymarska2025_associations,1,123,6.03125,7.25,-1.21875
Dymarska2025_associations,1,124,6.06787109375,6.935546875,-0.86767578125
Dymarska2025_associations,1,125,4.34375,5.09375,-0.75
Dymarska2025_associations,1,126,7.84375,6.625,1.21875
Dymarska2025_associations,1,127,7.5,8.0625,-0.5625
Dymarska2025_associations,1,128,6.3046875,5.029296875,1.275390625
Dymarska2025_associations,1,129,5.40625,5.375,0.03125
Dymarska2025_associations,1,130,7.609375,6.796875,0.8125
Dymarska2025_associations,1,131,5.210693359375,4.023193359375,1.1875
Dymarska2025_associations,1,132,5.234375,4.04833984375,1.18603515625
Dymarska2025_associations,1,133,5.5732421875,4.75537109375,0.81787109375
Dymarska2025_associations,1,134,4.28125,2.484375,1.796875
Dymarska2025_associations,1,135,6.28125,5.625,0.65625
Dymarska2025_associations,1,136,5.25,6.1875,-0.9375
Dymarska2025_associations,1,137,4.4453125,4.2578125,0.1875
Dymarska2025_associations,1,138,8.72265625,8.27734375,0.4453125
Dymarska2025_associations,1,139,4.95263671875,3.4150390625,1.53759765625
Dymarska2025_associations,1,140,3.419921875,2.783203125,0.63671875
Dymarska2025_associations,1,141,2.053955078125,2.069580078125,-0.015625
Dymarska2025_associations,1,142,12.3125,10.2030029296875,2.1094970703125
Dymarska2025_associations,1,143,6.5126953125,6.716796875,-0.2041015625
Dymarska2025_associations,1,144,4.5,3.234375,1.265625
Dymarska2025_associations,1,145,7.421875,8.078125,-0.65625
Dymarska2025_associations,1,146,6.5625,6.984375,-0.421875
Dymarska2025_associations,1,147,8.08642578125,7.64892578125,0.4375
Dymarska2025_associations,1,148,9.0625,7.59375,1.46875
Dymarska2025_associations,1,149,6.37109375,6.09765625,0.2734375
Dymarska2025_associations,1,150,4.06689453125,4.8330078125,-0.76611328125
Dymarska2025_associations,1,151,6.396453857421875,5.2333984375,1.163055419921875
Dymarska2025_associations,1,152,8.0546875,8.421875,-0.3671875
Dymarska2025_associations,1,153,4.375,4.3125,0.0625
Dymarska2025_associations,1,154,7.111328125,7.92578125,-0.814453125
Dymarska2025_associations,1,155,5.375,4.78125,0.59375
Dymarska2025_associations,1,156,6.953125,6.8125,0.140625
Dymarska2025_associations,1,157,4.6875,4.875,-0.1875
Dymarska2025_associations,1,158,9.3125,9.75,-0.4375
Dymarska2025_associations,1,159,7.125,8.234375,-1.109375
Dymarska2025_associations,1,160,5.5,5.1875,0.3125
Dymarska2025_associations,1,161,2.28076171875,1.7685546875,0.51220703125
Dymarska2025_associations,1,162,5.9765625,5.671875,0.3046875
Dymarska2025_associations,1,163,4.632781982421875,4.320281982421875,0.3125
Dymarska2025_associations,1,164,5.328094482421875,3.990203857421875,1.337890625
Dymarska2025_associations,1,165,8.320281982421875,6.8201904296875,1.500091552734375
Dymarska2025_associations,1,166,8.351531982421875,7.4453125,0.906219482421875
Dymarska2025_associations,1,167,4.203125,3.38671875,0.81640625
Dymarska2025_associations,1,168,4.749969482421875,5.671844482421875,-0.921875
Dymarska2025_associations,1,169,6.158203125,6.05322265625,0.10498046875
Dymarska2025_associations,1,170,8.625,6.375,2.25
Dymarska2025_associations,1,171,3.68359375,3.1826171875,0.5009765625
Dymarska2025_associations,1,172,5.888671875,5.2880859375,0.6005859375
Dymarska2025_associations,1,173,4.76171875,3.69921875,1.0625
Dymarska2025_associations,1,174,6.9921875,6.5634765625,0.4287109375
Dymarska2025_associations,1,175,9.0,9.125,-0.125
Dymarska2025_associations,1,176,4.845703125,5.181640625,-0.3359375
Dymarska2025_associations,1,177,7.15625,7.171875,-0.015625
Dymarska2025_associations,1,178,6.15625,7.4375,-1.28125
Dymarska2025_associations,1,179,9.609375,9.953125,-0.34375
Dymarska2025_associations,1,180,10.125,9.53125,0.59375
Dymarska2025_associations,1,181,5.984375,6.03125,-0.046875
Dymarska2025_associations,1,182,4.1376953125,3.99951171875,0.13818359375
Dymarska2025_associations,1,183,7.3671875,8.1669921875,-0.7998046875
Dymarska2025_associations,1,184,6.48828125,7.62109375,-1.1328125
Dymarska2025_associations,1,185,5.3203125,5.29296875,0.02734375
Dymarska2025_associations,1,186,5.9140625,6.78125,-0.8671875
Dymarska2025_associations,1,187,3.85595703125,2.3642578125,1.49169921875
Dymarska2025_associations,1,188,5.90478515625,5.0042724609375,0.9005126953125
Dymarska2025_associations,1,189,6.15625,5.765625,0.390625
Dymarska2025_associations,1,190,3.16015625,3.421844482421875,-0.261688232421875
Dymarska2025_associations,1,191,4.5751953125,3.43359375,1.1416015625
Dymarska2025_associations,1,192,5.875,5.8125,0.0625
Dymarska2025_associations,1,193,3.56884765625,3.694580078125,-0.125732421875
Dymarska2025_associations,1,194,5.814453125,4.890594482421875,0.923858642578125
Dymarska2025_associations,1,195,6.83203125,7.515625,-0.68359375
Dymarska2025_associations,1,196,5.820281982421875,6.984344482421875,-1.1640625
Dymarska2025_associations,1,197,3.74609375,3.806640625,-0.060546875
Dymarska2025_associations,1,198,8.203125,6.74951171875,1.45361328125
Dymarska2025_associations,1,199,6.2109375,7.46484375,-1.25390625
Dymarska2025_associations,2,0,8.75,13.3916015625,-4.6416015625
Dymarska2025_associations,2,1,9.14453125,3.17138671875,5.97314453125
Dymarska2025_associations,2,2,2.90625,1.21875,1.6875
Dymarska2025_associations,2,3,4.4375,5.3125,-0.875
Dymarska2025_associations,2,4,4.765625,6.484375,-1.71875
Dymarska2025_associations,2,5,7.4208984375,7.2041015625,0.216796875
Dymarska2025_associations,2,6,3.78515625,4.283203125,-0.498046875
Dymarska2025_associations,2,7,3.078125,3.109375,-0.03125
Dymarska2025_associations,2,8,11.521484375,9.0283203125,2.4931640625
Dymarska2025_associations,2,9,3.367156982421875,3.5155029296875,-0.148345947265625
Dymarska2025_associations,2,10,2.710906982421875,1.898406982421875,0.8125
Dymarska2025_associations,2,11,3.07421875,3.3865966796875,-0.3123779296875
Dymarska2025_associations,2,12,8.451171875,8.3203125,0.130859375
Dymarska2025_associations,2,13,7.59765625,5.86279296875,1.73486328125
Dymarska2025_associations,2,14,5.08203125,3.070281982421875,2.011749267578125
Dymarska2025_associations,2,15,8.37109375,9.179656982421877,-0.8085632324218768
Dymarska2025_associations,2,16,10.5155029296875,12.445281982421877,-1.9297790527343768
Dymarska2025_associations,2,17,5.140625,3.58203125,1.55859375
Dymarska2025_associations,2,18,4.9375,5.8125,-0.875
Dymarska2025_associations,2,19,3.4375,2.734375,0.703125
Dymarska2025_associations,2,20,5.46875,5.34375,0.125
Dymarska2025_associations,2,21,5.361328125,4.583984375,0.77734375
Dymarska2025_associations,2,22,8.09375,7.984375,0.109375
Dymarska2025_associations,2,23,7.0,5.94140625,1.05859375
Dymarska2025_associations,2,24,5.091796875,6.3544921875,-1.2626953125
Dymarska2025_associations,2,25,3.3076171875,3.203125,0.1044921875
Dymarska2025_associations,2,26,3.73046875,2.85888671875,0.87158203125
Dymarska2025_associations,2,27,9.75,9.625,0.125
Dymarska2025_associations,2,28,5.177001953125,5.680633544921875,-0.503631591796875
Dymarska2025_associations,2,29,8.147705078125,9.991943359375,-1.84423828125
Dymarska2025_associations,2,30,5.9375,4.81640625,1.12109375
Dymarska2025_associations,2,31,4.461883544921875,4.88861083984375,-0.426727294921875
Dymarska2025_associations,2,32,11.125,12.0,-0.875
Dymarska2025_associations,2,33,7.919921875,7.80859375,0.111328125
Dymarska2025_associations,2,34,8.09375,8.1015625,-0.0078125
Dymarska2025_associations,2,35,4.7412109375,4.40576171875,0.33544921875
Dymarska2025_associations,2,36,4.09912109375,4.65234375,-0.55322265625
Dymarska2025_associations,2,37,3.421875,4.14990234375,-0.72802734375
Dymarska2025_associations,2,38,5.9765625,7.197265625,-1.220703125
Dymarska2025_associations,2,39,3.2890625,2.63671875,0.65234375
Dymarska2025_associations,2,40,7.281005859375,6.905975341796875,0.375030517578125
Dymarska2025_associations,2,41,3.806884765625,5.642578125,-1.835693359375
Dymarska2025_associations,2,42,2.7498779296875,2.007781982421875,0.742095947265625
Dymarska2025_associations,2,43,7.734375,7.515625,0.21875
Dymarska2025_associations,2,44,5.8125,6.125,-0.3125
Dymarska2025_associations,2,45,4.673828125,3.04296875,1.630859375
Dymarska2025_associations,2,46,3.921875,1.945068359375,1.976806640625
Dymarska2025_associations,2,47,7.28125,8.0,-0.71875
Dymarska2025_associations,2,48,5.875,4.6875,1.1875
Dymarska2025_associations,2,49,4.5625,6.0625,-1.5
Dymarska2025_associations,2,50,4.8583984375,5.154296875,-0.2958984375
Dymarska2025_associations,2,51,4.28125,3.140625,1.140625
Dymarska2025_associations,2,52,12.5,11.34375,1.15625
Dymarska2025_associations,2,53,6.3828125,6.90234375,-0.51953125
Dymarska2025_associations,2,54,8.5,7.1875,1.3125
Dymarska2025_associations,2,55,4.451171875,4.54296875,-0.091796875
Dymarska2025_associations,2,56,5.8125,6.1015625,-0.2890625
Dymarska2025_associations,2,57,6.82421875,5.564453125,1.259765625
Dymarska2025_associations,2,58,6.921875,5.48828125,1.43359375
Dymarska2025_associations,2,59,5.1875,5.34375,-0.15625
Dymarska2025_associations,2,60,1.287109375,0.714111328125,0.572998046875
Dymarska2025_associations,2,61,3.893524169921875,4.583953857421875,-0.6904296875
Dymarska2025_associations,2,62,3.576171875,2.96826171875,0.60791015625
Dymarska2025_associations,2,63,1.52294921875,1.530517578125,-0.007568359375
Dymarska2025_associations,2,64,9.171875,8.171875,1.0
Dymarska2025_associations,2,65,2.544921875,1.16015625,1.384765625
Dymarska2025_associations,2,66,3.503875732421875,4.0780029296875,-0.574127197265625
Dymarska2025_associations,2,67,3.4453125,3.6015625,-0.15625
Dymarska2025_associations,2,68,7.21875,6.6875,0.53125
Dymarska2025_associations,2,69,2.59326171875,3.318359375,-0.72509765625
Dymarska2025_associations,2,70,4.40234375,4.72412109375,-0.32177734375
Dymarska2025_associations,2,71,7.75,7.570281982421875,0.179718017578125
Dymarska2025_associations,2,72,14.9521484375,15.10888671875,-0.15673828125
Dymarska2025_associations,2,73,6.31640625,4.2783203125,2.0380859375
Dymarska2025_associations,2,74,8.5389404296875,8.826416015625,-0.2874755859375
Dymarska2025_associations,2,75,5.8759765625,7.41455078125,-1.53857421875
Dymarska2025_associations,2,76,5.05322265625,5.74951171875,-0.6962890625
Dymarska2025_associations,2,77,4.945068359375,4.179656982421875,0.765411376953125
Dymarska2025_associations,2,78,3.83984375,3.38671875,0.453125
Dymarska2025_associations,2,79,7.4453125,7.59765625,-0.15234375
Dymarska2025_associations,2,80,6.835693359375,6.11767578125,0.718017578125
Dymarska2025_associations,2,81,5.070281982421875,4.7655029296875,0.304779052734375
Dymarska2025_associations,2,82,8.796875,7.28125,1.515625
Dymarska2025_associations,2,83,3.703125,2.625,1.078125
Dymarska2025_associations,2,84,6.09375,6.40625,-0.3125
Dymarska2025_associations,2,85,6.265625,6.6875,-0.421875
Dymarska2025_associations,2,86,5.05224609375,3.78173828125,1.2705078125
Dymarska2025_associations,2,87,4.898193359375,5.3583984375,-0.460205078125
Dymarska2025_associations,2,88,3.1005859375,3.7822265625,-0.681640625
Dymarska2025_associations,2,89,15.2802734375,11.1494140625,4.130859375
Dymarska2025_associations,2,90,6.9990234375,9.93701171875,-2.93798828125
Dymarska2025_associations,2,91,4.115203857421875,4.036102294921875,0.0791015625
Dymarska2025_associations,2,92,6.890625,5.765625,1.125
Dymarska2025_associations,2,93,5.6875,5.46923828125,0.21826171875
Dymarska2025_associations,2,94,3.484375,3.078125,0.40625
Dymarska2025_associations,2,95,9.171875,8.625,0.546875
Dymarska2025_associations,2,96,4.4296875,4.859375,-0.4296875
Dymarska2025_associations,2,97,11.8125,14.203125,-2.390625
Dymarska2025_associations,2,98,3.085693359375,3.79638671875,-0.710693359375
Dymarska2025_associations,2,99,5.154296875,5.484375,-0.330078125
Dymarska2025_associations,2,100,1.910125732421875,2.119110107421875,-0.208984375
Dymarska2025_associations,2,101,6.375,5.0625,1.3125
Dymarska2025_associations,2,102,3.3125,3.8125,-0.5
Dymarska2025_associations,2,103,3.99951171875,4.6083984375,-0.60888671875
Dymarska2025_associations,2,104,10.984375,11.15625,-0.171875
Dymarska2025_associations,2,105,8.1484375,8.03125,0.1171875
Dymarska2025_associations,2,106,5.0703125,5.28125,-0.2109375
Dymarska2025_associations,2,107,1.522705078125,1.194580078125,0.328125
Dymarska2025_associations,2,108,5.36181640625,5.333740234375,0.028076171875
Dymarska2025_associations,2,109,7.1796875,7.76953125,-0.58984375
Dymarska2025_associations,2,110,10.945281982421877,10.820281982421877,0.125
Dymarska2025_associations,2,111,4.4842529296875,4.554656982421875,-0.070404052734375
Dymarska2025_associations,2,112,5.296875,5.72265625,-0.42578125
Dymarska2025_associations,2,113,6.59375,7.484375,-0.890625
Dymarska2025_associations,2,114,8.4208984375,8.82421875,-0.4033203125
Dymarska2025_associations,2,115,6.59375,6.6875,-0.09375
Dymarska2025_associations,2,116,2.546875,3.226531982421875,-0.679656982421875
Dymarska2025_associations,2,117,6.478515625,6.42578125,0.052734375
Dymarska2025_associations,2,118,5.779296875,6.828125,-1.048828125
Dymarska2025_associations,2,119,13.542724609375,9.870361328125,3.67236328125
Dymarska2025_associations,2,120,1.244140625,1.609375,-0.365234375
Dymarska2025_associations,2,121,1.7578125,2.015625,-0.2578125
Dymarska2025_associations,2,122,4.0780029296875,3.507568359375,0.5704345703125
Dymarska2025_associations,2,123,3.063720703125,2.395751953125,0.66796875
Dymarska2025_associations,2,124,5.910125732421875,5.255828857421875,0.654296875
Dymarska2025_associations,2,125,4.96484375,4.6728515625,0.2919921875
Dymarska2025_associations,2,126,4.5546875,5.4296875,-0.875
Dymarska2025_associations,2,127,3.4443359375,2.6875,0.7568359375
Dymarska2025_associations,2,128,10.02197265625,10.3271484375,-0.30517578125
Dymarska2025_associations,2,129,8.5,8.96875,-0.46875
Dymarska2025_associations,2,130,4.976043701171875,5.1072998046875,-0.131256103515625
Dymarska2025_associations,2,131,3.529296875,3.850830078125,-0.321533203125
Dymarska2025_associations,2,132,11.921875,11.146484375,0.775390625
Dymarska2025_associations,2,133,2.70849609375,2.18603515625,0.5224609375
Dymarska2025_associations,2,134,8.9501953125,7.9765625,0.9736328125
Dymarska2025_associations,2,135,3.216796875,2.0771484375,1.1396484375
Dymarska2025_associations,2,136,2.54638671875,2.06689453125,0.4794921875
Dymarska2025_associations,2,137,3.453125,3.25,0.203125
Dymarska2025_associations,2,138,5.125,5.125,0.0
Dymarska2025_associations,2,139,6.908203125,6.67822265625,0.22998046875
Dymarska2025_associations,2,140,3.1484375,2.5625,0.5859375
Dymarska2025_associations,2,141,2.2261962890625,1.9761962890625,0.25
Dymarska2025_associations,2,142,4.8291015625,4.322265625,0.5068359375
Dymarska2025_associations,2,143,4.257781982421875,3.5936279296875,0.664154052734375
Dymarska2025_associations,2,144,6.14208984375,5.9814453125,0.16064453125
Dymarska2025_associations,2,145,17.765625,16.796875,0.96875
Dymarska2025_associations,2,146,7.294921875,5.968597412109375,1.326324462890625
Dymarska2025_associations,2,147,4.671875,3.21435546875,1.45751953125
Dymarska2025_associations,2,148,5.3748779296875,4.362274169921875,1.012603759765625
Dymarska2025_associations,2,149,4.90625,5.109375,-0.203125
Dymarska2025_associations,2,150,4.54833984375,5.52197265625,-0.9736328125
Dymarska2025_associations,2,151,13.37890625,8.7303466796875,4.6485595703125
Dymarska2025_associations,2,152,2.4443359375,1.7646484375,0.6796875
Dymarska2025_associations,2,153,4.4306640625,2.1220703125,2.30859375
Dymarska2025_associations,2,154,3.482879638671875,3.3114013671875,0.171478271484375
Dymarska2025_associations,2,155,5.2529296875,5.6416015625,-0.388671875
Dymarska2025_associations,2,156,3.8056640625,1.740692138671875,2.064971923828125
Dymarska2025_associations,2,157,6.4345703125,4.94189453125,1.49267578125
Dymarska2025_associations,2,158,4.673828125,4.2030029296875,0.4708251953125
Dymarska2025_associations,2,159,7.234375,5.96875,1.265625
Dymarska2025_associations,2,160,6.7967529296875,6.101531982421875,0.695220947265625
Dymarska2025_associations,2,161,2.7811279296875,2.991943359375,-0.2108154296875
Dymarska2025_associations,2,162,5.6875,5.09375,0.59375
Dymarska2025_associations,2,163,4.9375,4.90625,0.03125
Dymarska2025_associations,2,164,3.11083984375,3.361328125,-0.25048828125
Dymarska2025_associations,2,165,5.53125,4.1015625,1.4296875
Dymarska2025_associations,2,166,7.54833984375,7.5706787109375,-0.0223388671875
Dymarska2025_associations,2,167,4.635711669921875,3.99560546875,0.640106201171875
Dymarska2025_associations,2,168,6.134765625,4.65234375,1.482421875
Dymarska2025_associations,2,169,3.74609375,4.13037109375,-0.38427734375
Dymarska2025_associations,2,170,5.40234375,4.50390625,0.8984375
Dymarska2025_associations,2,171,7.0625,7.59375,-0.53125
Dymarska2025_associations,2,172,5.5936279296875,5.976531982421875,-0.382904052734375
Dymarska2025_associations,2,173,4.625,4.875,-0.25
Dymarska2025_associations,2,174,5.59375,5.234375,0.359375
Dymarska2025_associations,2,175,6.1875,5.5625,0.625
Dymarska2025_associations,2,176,8.7850341796875,8.171844482421875,0.613189697265625
Dymarska2025_associations,2,177,9.0478515625,6.009765625,3.0380859375
Dymarska2025_associations,2,178,6.820281982421875,6.132781982421875,0.6875
Dymarska2025_associations,2,179,7.539031982421875,7.320281982421875,0.21875
Dymarska2025_associations,2,180,2.835205078125,1.6405029296875,1.1947021484375
Dymarska2025_associations,2,181,1.312347412109375,1.390350341796875,-0.0780029296875
Dymarska2025_associations,2,182,1.921875,1.87890625,0.04296875
Dymarska2025_associations,2,183,4.36328125,4.695281982421875,-0.332000732421875
Dymarska2025_associations,2,184,6.15966796875,3.427490234375,2.732177734375
Dymarska2025_associations,2,185,8.390625,9.515625,-1.125
Dymarska2025_associations,2,186,5.007781982421875,5.320281982421875,-0.3125
Dymarska2025_associations,2,187,10.875,11.53125,-0.65625
Dymarska2025_associations,2,188,4.716796875,5.3984375,-0.681640625
Dymarska2025_associations,2,189,4.244140625,3.34326171875,0.90087890625
Dymarska2025_associations,2,190,5.921875,6.615234375,-0.693359375
Dymarska2025_associations,2,191,5.55078125,5.45166015625,0.09912109375
Dymarska2025_associations,2,192,5.38671875,5.58203125,-0.1953125
Dymarska2025_associations,2,193,6.046875,6.859375,-0.8125
Dymarska2025_associations,2,194,3.7890625,3.78125,0.0078125
Dymarska2025_associations,2,195,4.816253662109375,4.214599609375,0.601654052734375
Dymarska2025_associations,2,196,3.89453125,3.9091796875,-0.0146484375
Dymarska2025_associations,2,197,8.45751953125,7.8564453125,0.60107421875
Dymarska2025_associations,2,198,7.859375,7.03125,0.828125
Dymarska2025_associations,2,199,7.71875,6.875,0.84375
Dymarska2025_associations,3,0,12.828125,15.960693359375,-3.132568359375
Dymarska2025_associations,3,1,9.398193359375,9.898193359375,-0.5
Dymarska2025_associations,3,2,3.78125,2.09375,1.6875
Dymarska2025_associations,3,3,8.171875,4.03125,4.140625
Dymarska2025_associations,3,4,7.19921875,7.06640625,0.1328125
Dymarska2025_associations,3,5,6.015625,5.65625,0.359375
Dymarska2025_associations,3,6,6.046875,4.0625,1.984375
Dymarska2025_associations,3,7,8.023284912109375,6.515380859375,1.507904052734375
Dymarska2025_associations,3,8,5.90625,5.4375,0.46875
Dymarska2025_associations,3,9,5.8115234375,5.780517578125,0.031005859375
Dymarska2025_associations,3,10,6.75,6.0234375,0.7265625
Dymarska2025_associations,3,11,7.991943359375,7.164031982421875,0.827911376953125
Dymarska2025_associations,3,12,10.66748046875,10.73828125,-0.07080078125
Dymarska2025_associations,3,13,4.8671875,4.07421875,0.79296875
Dymarska2025_associations,3,14,7.0859375,7.75,-0.6640625
Dymarska2025_associations,3,15,10.3125,10.03125,0.28125
Dymarska2025_associations,3,16,10.125,9.375,0.75
Dymarska2025_associations,3,17,7.7734375,6.31201171875,1.46142578125
Dymarska2025_associations,3,18,4.015625,4.10546875,-0.08984375
Dymarska2025_associations,3,19,6.09375,5.9375,0.15625
Dymarska2025_associations,3,20,7.4775390625,9.47900390625,-2.00146484375
Dymarska2025_associations,3,21,11.25,9.0,2.25
Dymarska2025_associations,3,22,6.5625,7.4375,-0.875
Dymarska2025_associations,3,23,5.0,4.3125,0.6875
Dymarska2025_associations,3,24,11.140625,11.203125,-0.0625
Dymarska2025_associations,3,25,13.4453125,12.265625,1.1796875
Dymarska2025_associations,3,26,6.578125,8.0,-1.421875
Dymarska2025_associations,3,27,1.187469482421875,0.83984375,0.347625732421875
Dymarska2025_associations,3,28,5.625,4.375,1.25
Dymarska2025_associations,3,29,4.6884765625,5.591796875,-0.9033203125
Dymarska2025_associations,3,30,12.21875,11.78125,0.4375
Dymarska2025_associations,3,31,7.65625,7.5,0.15625
Dymarska2025_associations,3,32,9.23583984375,6.9169921875,2.31884765625
Dymarska2025_associations,3,33,6.87451171875,6.66064453125,0.2138671875
Dymarska2025_associations,3,34,4.697265625,4.21240234375,0.48486328125
Dymarska2025_associations,3,35,5.072265625,4.224609375,0.84765625
Dymarska2025_associations,3,36,6.5625,6.0,0.5625
Dymarska2025_associations,3,37,4.9453125,4.42919921875,0.51611328125
Dymarska2025_associations,3,38,8.5,7.8046875,0.6953125
Dymarska2025_associations,3,39,5.90625,5.1875,0.71875
Dymarska2025_associations,3,40,5.851531982421875,4.796844482421875,1.0546875
Dymarska2025_associations,3,41,6.78125,5.869140625,0.912109375
Dymarska2025_associations,3,42,6.234375,6.078125,0.15625
Dymarska2025_associations,3,43,9.328125,9.080078125,0.248046875
Dymarska2025_associations,3,44,5.6328125,5.9375,-0.3046875
Dymarska2025_associations,3,45,7.6015625,6.845703125,0.755859375
Dymarska2025_associations,3,46,7.74609375,7.04296875,0.703125
Dymarska2025_associations,3,47,2.78125,2.6875,0.09375
Dymarska2025_associations,3,48,7.203125,7.09375,0.109375
Dymarska2025_associations,3,49,6.927734375,6.95703125,-0.029296875
Dymarska2025_associations,3,50,2.671875,2.166015625,0.505859375
Dymarska2025_associations,3,51,9.24609375,8.00390625,1.2421875
Dymarska2025_associations,3,52,9.25,9.84375,-0.59375
Dymarska2025_associations,3,53,7.0478515625,5.662078857421875,1.385772705078125
Dymarska2025_associations,3,54,4.02001953125,4.225830078125,-0.205810546875
Dymarska2025_associations,3,55,5.0693359375,4.9248046875,0.14453125
Dymarska2025_associations,3,56,5.249969482421875,3.734344482421875,1.515625
Dymarska2025_associations,3,57,3.73974609375,3.54296875,0.19677734375
Dymarska2025_associations,3,58,2.70703125,1.86279296875,0.84423828125
Dymarska2025_associations,3,59,4.27734375,4.470703125,-0.193359375
Dymarska2025_associations,3,60,6.4765625,6.51171875,-0.03515625
Dymarska2025_associations,3,61,4.601531982421875,4.9920654296875,-0.390533447265625
Dymarska2025_associations,3,62,5.953125,5.72265625,0.23046875
Dymarska2025_associations,3,63,3.59765625,3.78515625,-0.1875
Dymarska2025_associations,3,64,4.375,4.15625,0.21875
Dymarska2025_associations,3,65,13.625,13.375,0.25
Dymarska2025_associations,3,66,4.1951904296875,4.1092529296875,0.0859375
Dymarska2025_associations,3,67,4.210693359375,4.8905029296875,-0.6798095703125
Dymarska2025_associations,3,68,7.359375,5.8125,1.546875
Dymarska2025_associations,3,69,3.83203125,4.62109375,-0.7890625
Dymarska2025_associations,3,70,8.75,8.625,0.125
Dymarska2025_associations,3,71,5.21875,5.0,0.21875
Dymarska2025_associations,3,72,5.6015625,5.1171875,0.484375
Dymarska2025_associations,3,73,8.359375,4.03076171875,4.32861328125
Dymarska2025_associations,3,74,4.015625,4.04296875,-0.02734375
Dymarska2025_associations,3,75,4.53125,4.2578125,0.2734375
Dymarska2025_associations,3,76,14.53125,10.455078125,4.076171875
Dymarska2025_associations,3,77,11.75,11.5,0.25
Dymarska2025_associations,3,78,4.5078125,4.15234375,0.35546875
Dymarska2025_associations,3,79,5.5390625,5.3203125,0.21875
Dymarska2025_associations,3,80,5.84375,2.46875,3.375
Dymarska2025_associations,3,81,7.4375,7.625,-0.1875
Dymarska2025_associations,3,82,6.21875,5.9375,0.28125
Dymarska2025_associations,3,83,9.265625,8.9375,0.328125
Dymarska2025_associations,3,84,6.376953125,5.93701171875,0.43994140625
Dymarska2025_associations,3,85,3.46142578125,2.73876953125,0.72265625
Dymarska2025_associations,3,86,3.8045654296875,3.3719482421875,0.4326171875
Dymarska2025_associations,3,87,3.56201171875,5.04833984375,-1.486328125
Dymarska2025_associations,3,88,5.078125,5.0703125,0.0078125
Dymarska2025_associations,3,89,3.192138671875,3.70751953125,-0.515380859375
Dymarska2025_associations,3,90,3.2322998046875,3.253662109375,-0.0213623046875
Dymarska2025_associations,3,91,11.90625,10.8515625,1.0546875
Dymarska2025_associations,3,92,9.265625,6.88525390625,2.38037109375
Dymarska2025_associations,3,93,8.296875,7.890625,0.40625
Dymarska2025_associations,3,94,2.3330078125,2.2900390625,0.04296875
Dymarska2025_associations,3,95,5.624725341796875,5.335784912109375,0.2889404296875
Dymarska2025_associations,3,96,7.53125,6.875,0.65625
Dymarska2025_associations,3,97,4.796875,4.3125,0.484375
Dymarska2025_associations,3,98,8.43359375,8.36328125,0.0703125
Dymarska2025_associations,3,99,7.078125,6.4375,0.640625
Dymarska2025_associations,3,100,4.48828125,4.154296875,0.333984375
Dymarska2025_associations,3,101,11.4296875,10.5146484375,0.9150390625
Dymarska2025_associations,3,102,6.484375,6.0625,0.421875
Dymarska2025_associations,3,103,10.57763671875,10.73974609375,-0.162109375
Dymarska2025_associations,3,104,8.2294921875,10.09375,-1.8642578125
Dymarska2025_associations,3,105,9.96875,10.5,-0.53125
Dymarska2025_associations,3,106,8.6015625,7.92822265625,0.67333984375
Dymarska2025_associations,3,107,4.54833984375,5.046875,-0.49853515625
Dymarska2025_associations,3,108,4.8125,4.51171875,0.30078125
Dymarska2025_associations,3,109,6.546875,7.70703125,-1.16015625
Dymarska2025_associations,3,110,2.8359375,2.83203125,0.00390625
Dymarska2025_associations,3,111,3.09375,2.98828125,0.10546875
Dymarska2025_associations,3,112,6.5,6.0625,0.4375
Dymarska2025_associations,3,113,8.52734375,7.61572265625,0.91162109375
Dymarska2025_associations,3,114,5.037109375,6.73828125,-1.701171875
Dymarska2025_associations,3,115,9.40625,10.37890625,-0.97265625
Dymarska2025_associations,3,116,7.1103515625,6.77734375,0.3330078125
Dymarska2025_associations,3,117,7.375,6.58984375,0.78515625
Dymarska2025_associations,3,118,8.5625,7.3125,1.25
Dymarska2025_associations,3,119,7.66796875,8.07421875,-0.40625
Dymarska2025_associations,3,120,6.174560546875,6.690673828125,-0.51611328125
Dymarska2025_associations,3,121,10.296875,9.37890625,0.91796875
Dymarska2025_associations,3,122,3.68212890625,3.20947265625,0.47265625
Dymarska2025_associations,3,123,8.08203125,9.59375,-1.51171875
Dymarska2025_associations,3,124,8.95703125,8.83203125,0.125
Dymarska2025_associations,3,125,8.125,8.3125,-0.1875
Dymarska2025_associations,3,126,6.773193359375,6.515869140625,0.25732421875
Dymarska2025_associations,3,127,3.765625,3.4609375,0.3046875
Dymarska2025_associations,3,128,1.42138671875,1.124755859375,0.296630859375
Dymarska2025_associations,3,129,4.3515625,4.8515625,-0.5
Dymarska2025_associations,3,130,6.625,6.6875,-0.0625
Dymarska2025_associations,3,131,5.484375,5.15625,0.328125
Dymarska2025_associations,3,132,3.6279296875,3.56884765625,0.05908203125
Dymarska2025_associations,3,133,4.6015625,4.158203125,0.443359375
Dymarska2025_associations,3,134,4.9375,4.78125,0.15625
Dymarska2025_associations,3,135,6.875,7.25,-0.375
Dymarska2025_associations,3,136,6.40625,6.5703125,-0.1640625
Dymarska2025_associations,3,137,3.41650390625,3.5498046875,-0.13330078125
Dymarska2025_associations,3,138,8.0625,8.015625,0.046875
Dymarska2025_associations,3,139,3.01171875,2.8125,0.19921875
Dymarska2025_associations,3,140,6.9375,5.625,1.3125
Dymarska2025_associations,3,141,8.625,9.0,-0.375
Dymarska2025_associations,3,142,5.1875,5.25,-0.0625
Dymarska2025_associations,3,143,4.9288330078125,3.5311279296875,1.397705078125
Dymarska2025_associations,3,144,2.34375,2.53125,-0.1875
Dymarska2025_associations,3,145,10.65234375,11.125,-0.47265625
Dymarska2025_associations,3,146,4.5703125,5.2265625,-0.65625
Dymarska2025_associations,3,147,6.236328125,4.5654296875,1.6708984375
Dymarska2025_associations,3,148,5.5155029296875,5.7655029296875,-0.25
Dymarska2025_associations,3,149,4.40625,3.765625,0.640625
Dymarska2025_associations,3,150,1.5078125,1.234375,0.2734375
Dymarska2025_associations,3,151,4.913330078125,5.7412109375,-0.827880859375
Dymarska2025_associations,3,152,6.470703125,4.94140625,1.529296875
Dymarska2025_associations,3,153,8.42626953125,9.1689453125,-0.74267578125
Dymarska2025_associations,3,154,1.33642578125,1.201171875,0.13525390625
Dymarska2025_associations,3,155,7.1171875,7.0,0.1171875
Dymarska2025_associations,3,156,6.875,6.9375,-0.0625
Dymarska2025_associations,3,157,5.140625,4.859375,0.28125
Dymarska2025_associations,3,158,4.81640625,4.5703125,0.24609375
Dymarska2025_associations,3,159,7.46875,7.09375,0.375
Dymarska2025_associations,3,160,8.875,8.375,0.5
Dymarska2025_associations,3,161,2.288909912109375,1.514617919921875,0.7742919921875
Dymarska2025_associations,3,162,8.046875,6.97265625,1.07421875
Dymarska2025_associations,3,163,10.2265625,9.007781982421877,1.2187805175781232
Dymarska2025_associations,3,164,7.37890625,6.701171875,0.677734375
Dymarska2025_associations,3,165,14.486083984375,14.620361328125,-0.13427734375
Dymarska2025_associations,3,166,8.0625,6.2734375,1.7890625
Dymarska2025_associations,3,167,8.359375,6.30517578125,2.05419921875
Dymarska2025_associations,3,168,5.546875,5.015625,0.53125
Dymarska2025_associations,3,169,3.5869140625,3.18359375,0.4033203125
Dymarska2025_associations,3,170,5.273193359375,5.351318359375,-0.078125
Dymarska2025_associations,3,171,11.65625,12.09375,-0.4375
Dymarska2025_associations,3,172,7.98828125,6.6796875,1.30859375
Dymarska2025_associations,3,173,3.841796875,4.744140625,-0.90234375
Dymarska2025_associations,4,0,9.328125,11.6328125,-2.3046875
Dymarska2025_associations,4,1,6.62890625,4.26171875,2.3671875
Dymarska2025_associations,4,2,5.25390625,6.130859375,-0.876953125
Dymarska2025_associations,4,3,1.64990234375,1.41796875,0.23193359375
Dymarska2025_associations,4,4,5.75,6.0625,-0.3125
Dymarska2025_associations,4,5,3.3094482421875,3.737274169921875,-0.427825927734375
Dymarska2025_associations,4,6,1.737274169921875,2.540008544921875,-0.802734375
Dymarska2025_associations,4,7,6.789031982421875,5.585693359375,1.203338623046875
Dymarska2025_associations,4,8,3.033203125,3.1640625,-0.130859375
Dymarska2025_associations,4,9,7.96875,7.14453125,0.82421875
Dymarska2025_associations,4,10,13.46875,10.59375,2.875
Dymarska2025_associations,4,11,8.0625,5.734375,2.328125
Dymarska2025_associations,4,12,8.27734375,7.2490234375,1.0283203125
Dymarska2025_associations,4,13,4.7109375,4.7890625,-0.078125
Dymarska2025_associations,4,14,12.453125,12.328125,0.125
Dymarska2025_associations,4,15,8.29296875,8.85546875,-0.5625
Dymarska2025_associations,4,16,5.03125,4.9375,0.09375
Dymarska2025_associations,4,17,11.59375,12.96875,-1.375
Dymarska2025_associations,4,18,5.5625,4.63671875,0.92578125
Dymarska2025_associations,4,19,7.015625,5.8515625,1.1640625
Dymarska2025_associations,4,20,5.5,2.84375,2.65625
Dymarska2025_associations,4,21,9.75,7.1015625,2.6484375
Dymarska2025_associations,4,22,9.49951171875,10.898193359375,-1.398681640625
Dymarska2025_associations,4,23,2.55859375,2.054443359375,0.504150390625
Dymarska2025_associations,4,24,9.015625,7.03125,1.984375
Dymarska2025_associations,4,25,6.46875,6.15625,0.3125
Dymarska2025_associations,4,26,12.0623779296875,12.1717529296875,-0.109375
Dymarska2025_associations,4,27,10.458465576171877,9.606414794921877,0.85205078125
Dymarska2025_associations,4,28,6.1181640625,5.7626953125,0.35546875
Dymarska2025_associations,4,29,8.078125,6.1923828125,1.8857421875
Dymarska2025_associations,4,30,4.068328857421875,2.431640625,1.636688232421875
Dymarska2025_associations,4,31,11.90625,11.65625,0.25
Dymarska2025_associations,4,32,10.9375,10.22265625,0.71484375
Dymarska2025_associations,4,33,7.0234375,5.6298828125,1.3935546875
Dymarska2025_associations,4,34,5.75,5.744140625,0.005859375
Dymarska2025_associations,4,35,6.59375,5.9375,0.65625
Dymarska2025_associations,4,36,10.9920654296875,10.800750732421877,0.19131469726562322
Dymarska2025_associations,4,37,7.9375,8.625,-0.6875
Dymarska2025_associations,4,38,8.3123779296875,5.884735107421875,2.427642822265625
Dymarska2025_associations,4,39,8.34912109375,9.259735107421877,-0.9106140136718768
Dymarska2025_associations,4,40,5.0703125,3.22265625,1.84765625
Dymarska2025_associations,4,41,2.984375,2.53125,0.453125
Dymarska2025_associations,4,42,5.046875,4.498046875,0.548828125
Dymarska2025_associations,4,43,5.421844482421875,4.335906982421875,1.0859375
Dymarska2025_associations,4,44,7.15625,6.3515625,0.8046875
Dymarska2025_associations,4,45,7.5,7.34375,0.15625
Dymarska2025_associations,4,46,4.97412109375,3.76513671875,1.208984375
Dymarska2025_associations,4,47,5.0859375,4.92578125,0.16015625
Dymarska2025_associations,4,48,9.3740234375,9.404296875,-0.0302734375
Dymarska2025_associations,4,49,4.8125,3.453125,1.359375
Dymarska2025_associations,4,50,6.3037109375,5.87451171875,0.42919921875
Dymarska2025_associations,4,51,7.4375,6.79296875,0.64453125
Dymarska2025_associations,4,52,5.05859375,4.498046875,0.560546875
Dymarska2025_associations,4,53,6.83447265625,7.5283203125,-0.69384765625
Dymarska2025_associations,4,54,8.007781982421875,8.7655029296875,-0.757720947265625
Dymarska2025_associations,4,55,9.62109375,9.93359375,-0.3125
Dymarska2025_associations,4,56,12.984375,15.140625,-2.15625
Dymarska2025_associations,4,57,13.234375,10.578125,2.65625
Dymarska2025_associations,4,58,9.625,9.125,0.5
Dymarska2025_associations,4,59,3.9013671875,4.5068359375,-0.60546875
Dymarska2025_associations,4,60,6.64453125,6.255859375,0.388671875
Dymarska2025_associations,4,61,5.26025390625,4.9716796875,0.28857421875
Dymarska2025_associations,4,62,10.984375,12.056640625,-1.072265625
Dymarska2025_associations,4,63,4.14501953125,3.56689453125,0.578125
Dymarska2025_associations,4,64,7.83984375,7.475830078125,0.364013671875
Dymarska2025_associations,4,65,5.2578125,5.140625,0.1171875
Dymarska2025_associations,4,66,5.4140625,4.2734375,1.140625
Dymarska2025_associations,4,67,18.958984375,16.0732421875,2.8857421875
Dymarska2025_associations,4,68,6.92578125,7.173828125,-0.248046875
Dymarska2025_associations,4,69,5.78125,5.0,0.78125
Dymarska2025_associations,4,70,11.29681396484375,12.952880859375,-1.65606689453125
Dymarska2025_associations,4,71,7.328125,6.265625,1.0625
Dymarska2025_associations,4,72,5.86376953125,5.75048828125,0.11328125
Dymarska2025_associations,4,73,7.1793212890625,7.600830078125,-0.4215087890625
Dymarska2025_associations,4,74,8.234375,7.8046875,0.4296875
Dymarska2025_associations,4,75,6.5,6.625,-0.125
Dymarska2025_associations,4,76,4.2216796875,4.02197265625,0.19970703125
Dymarska2025_associations,4,77,5.2392578125,4.001922607421875,1.237335205078125
Dymarska2025_associations,4,78,8.468475341796875,8.898193359375,-0.429718017578125
Dymarska2025_associations,4,79,2.413543701171875,2.8348388671875,-0.421295166015625
Dymarska2025_associations,4,80,6.15087890625,2.6826171875,3.46826171875
Dymarska2025_associations,4,81,7.109375,5.328125,1.78125
Dymarska2025_associations,4,82,10.4375,5.9296875,4.5078125
Dymarska2025_associations,4,83,8.0537109375,7.731903076171875,0.321807861328125
Dymarska2025_associations,4,84,8.59375,10.0390625,-1.4453125
Dymarska2025_associations,4,85,5.8162841796875,5.359130859375,0.4571533203125
Dymarska2025_associations,4,86,9.710906982421877,8.8828125,0.8280944824218768
Dymarska2025_associations,4,87,9.759765625,10.55517578125,-0.79541015625
Dymarska2025_associations,4,88,4.58447265625,4.1083984375,0.47607421875
Dymarska2025_associations,4,89,8.578125,7.544921875,1.033203125
Dymarska2025_associations,4,90,6.71875,6.296875,0.421875
Dymarska2025_associations,4,91,9.9453125,6.0283203125,3.9169921875
Dymarska2025_associations,4,92,3.28125,4.01171875,-0.73046875
Dymarska2025_associations,4,93,9.125,6.421875,2.703125
Dymarska2025_associations,4,94,4.531219482421875,3.999969482421875,0.53125
Dymarska2025_associations,4,95,4.616943359375,4.2342529296875,0.3826904296875
Dymarska2025_associations,4,96,2.0771484375,2.8271484375,-0.75
Dymarska2025_associations,4,97,9.32763671875,9.776123046875,-0.448486328125
Dymarska2025_associations,4,98,5.3203125,5.046875,0.2734375
Dymarska2025_associations,4,99,5.46875,5.0,0.46875
Dymarska2025_associations,4,100,7.875,5.9453125,1.9296875
Dymarska2025_associations,4,101,8.78125,7.0234375,1.7578125
Dymarska2025_associations,4,102,8.619140625,8.31787109375,0.30126953125
Dymarska2025_associations,4,103,10.218719482421877,5.64599609375,4.572723388671877
Dymarska2025_associations,4,104,8.0224609375,7.09619140625,0.92626953125
Dymarska2025_associations,4,105,13.1552734375,9.4541015625,3.701171875
Dymarska2025_associations,4,106,9.0155029296875,9.070281982421877,-0.054779052734376776
Dymarska2025_associations,4,107,4.5732421875,4.4716796875,0.1015625
Dymarska2025_associations,4,108,3.303955078125,2.929443359375,0.37451171875
Dymarska2025_associations,4,109,6.882781982421875,4.734375,2.148406982421875
Dymarska2025_associations,4,110,10.03125,7.7655029296875,2.2657470703125
Dymarska2025_associations,4,111,5.125,5.125,0.0
Dymarska2025_associations,4,112,3.65625,3.84375,-0.1875
Dymarska2025_associations,4,113,6.25,6.875,-0.625
Dymarska2025_associations,4,114,5.1279296875,5.167938232421875,-0.040008544921875
Dymarska2025_associations,4,115,3.048828125,2.62109375,0.427734375
Dymarska2025_associations,4,116,9.09375,10.318359375,-1.224609375
Dymarska2025_associations,4,117,9.96484375,8.31243896484375,1.65240478515625
Dymarska2025_associations,4,118,5.507781982421875,5.570281982421875,-0.0625
Dymarska2025_associations,4,119,5.626953125,7.578125,-1.951171875
Dymarska2025_associations,4,120,4.0625,3.03125,1.03125
Dymarska2025_associations,4,121,5.570281982421875,5.960906982421875,-0.390625
Dymarska2025_associations,4,122,8.2578125,8.1669921875,0.0908203125
Dymarska2025_associations,4,123,8.34375,7.953125,0.390625
Dymarska2025_associations,4,124,5.3359375,4.38671875,0.94921875
Dymarska2025_associations,4,125,5.80078125,3.81396484375,1.98681640625
Dymarska2025_associations,4,126,12.125,11.68701171875,0.43798828125
Dymarska2025_associations,4,127,9.25,8.625,0.625
Dymarska2025_associations,4,128,3.33984375,4.109375,-0.76953125
Dymarska2025_associations,4,129,5.61474609375,5.92822265625,-0.3134765625
Dymarska2025_associations,4,130,6.1639404296875,6.2420654296875,-0.078125
Dymarska2025_associations,4,131,6.71484375,5.9140625,0.80078125
Dymarska2025_associations,4,132,16.4375,12.734375,3.703125
Dymarska2025_associations,4,133,8.14837646484375,9.195159912109377,-1.0467834472656268
Dymarska2025_associations,4,134,12.33984375,12.32421875,0.015625
Dymarska2025_associations,4,135,6.1630859375,4.7001953125,1.462890625
Dymarska2025_associations,4,136,6.34368896484375,7.429656982421875,-1.085968017578125
Dymarska2025_associations,4,137,2.74609375,3.5,-0.75390625
Dymarska2025_associations,4,138,8.37890625,8.46484375,-0.0859375
Dymarska2025_associations,4,139,7.59765625,7.544921875,0.052734375
Dymarska2025_associations,4,140,9.84375,8.375,1.46875
Dymarska2025_associations,4,141,9.125,8.625,0.5
Dymarska2025_associations,4,142,6.169921875,6.625,-0.455078125
Dymarska2025_associations,4,143,6.484375,6.1171875,0.3671875
Dymarska2025_associations,4,144,10.578125,6.33251953125,4.24560546875
Dymarska2025_associations,4,145,6.382080078125,7.288330078125,-0.90625
Dymarska2025_associations,4,146,10.539031982421877,11.382293701171877,-0.84326171875
Dymarska2025_associations,4,147,5.83203125,6.025390625,-0.193359375
Dymarska2025_associations,4,148,11.9228515625,14.11328125,-2.1904296875
Dymarska2025_associations,4,149,7.296875,7.359375,-0.0625
Dymarska2025_associations,4,150,7.12353515625,6.78466796875,0.3388671875
Dymarska2025_associations,4,151,7.569580078125,6.6064453125,0.963134765625
Dymarska2025_associations,4,152,11.46484375,10.13525390625,1.32958984375
Dymarska2025_associations,4,153,4.75,3.734375,1.015625
Dymarska2025_associations,4,154,3.7890625,3.3359375,0.453125
Dymarska2025_associations,4,155,7.8125,8.3125,-0.5
Dymarska2025_associations,4,156,11.513671875,9.3773193359375,2.1363525390625
Dymarska2025_associations,4,157,7.078125,7.2060546875,-0.1279296875
Dymarska2025_associations,4,158,6.6875,6.8984375,-0.2109375
Dymarska2025_associations,4,159,7.0,6.75,0.25
Dymarska2025_associations,4,160,10.626953125,11.72265625,-1.095703125
Dymarska2025_associations,4,161,9.976531982421877,8.876922607421875,1.0996093750000018
Dymarska2025_associations,4,162,5.15625,5.0,0.15625
Dymarska2025_associations,4,163,4.945281982421875,4.28125,0.664031982421875
Dymarska2025_associations,4,164,2.898406982421875,2.703094482421875,0.1953125
Dymarska2025_associations,4,165,6.564453125,6.3720703125,0.1923828125
Dymarska2025_associations,4,166,7.5,7.5,0.0
Dymarska2025_associations,4,167,12.28515625,8.33203125,3.953125
Dymarska2025_associations,4,168,4.837646484375,4.127197265625,0.71044921875
Dymarska2025_associations,4,169,4.0234375,3.6640625,0.359375
Dymarska2025_associations,4,170,7.98828125,7.86328125,0.125
Dymarska2025_associations,4,171,8.703125,7.421875,1.28125
Dymarska2025_associations,4,172,8.2890625,10.203125,-1.9140625
Dymarska2025_associations,4,173,6.19140625,6.27734375,-0.0859375
Dymarska2025_associations,4,174,8.0894775390625,8.250732421875,-0.1612548828125
Dymarska2025_associations,5,0,7.890625,14.765625,-6.875
Dymarska2025_associations,5,1,3.5625,2.75,0.8125
Dymarska2025_associations,5,2,11.515625,8.9375,2.578125
Dymarska2025_associations,5,3,6.34375,4.34375,2.0
Dymarska2025_associations,5,4,6.56787109375,5.83984375,0.72802734375
Dymarska2025_associations,5,5,15.78076171875,13.4764404296875,2.3043212890625
Dymarska2025_associations,5,6,7.109375,6.77734375,0.33203125
Dymarska2025_associations,5,7,7.21875,6.171875,1.046875
Dymarska2025_associations,5,8,7.75,6.53515625,1.21484375
Dymarska2025_associations,5,9,8.5703125,8.697265625,-0.126953125
Dymarska2025_associations,5,10,8.08984375,8.0390625,0.05078125
Dymarska2025_associations,5,11,7.89599609375,5.8759765625,2.02001953125
Dymarska2025_associations,5,12,7.4765625,7.68359375,-0.20703125
Dymarska2025_associations,5,13,11.6875,11.25,0.4375
Dymarska2025_associations,5,14,10.5546875,8.879638671875,1.675048828125
Dymarska2025_associations,5,15,4.86328125,5.5078125,-0.64453125
Dymarska2025_associations,5,16,6.90625,7.5,-0.59375
Dymarska2025_associations,5,17,9.0,8.4375,0.5625
Dymarska2025_associations,5,18,6.884765625,6.638671875,0.24609375
Dymarska2025_associations,5,19,6.6875,6.5,0.1875
Dymarska2025_associations,5,20,6.390625,5.3916015625,0.9990234375
Dymarska2025_associations,5,21,4.37890625,2.74609375,1.6328125
Dymarska2025_associations,5,22,4.625,2.4375,2.1875
Dymarska2025_associations,5,23,9.1875,9.1875,0.0
Dymarska2025_associations,5,24,6.875,6.625,0.25
Dymarska2025_associations,5,25,8.66259765625,8.03076171875,0.6318359375
Dymarska2025_associations,5,26,5.796875,5.296875,0.5
Dymarska2025_associations,5,27,7.734375,7.265625,0.46875
Dymarska2025_associations,5,28,6.0,5.3125,0.6875
Dymarska2025_associations,5,29,13.296875,12.101531982421877,1.1953430175781232
Dymarska2025_associations,5,30,11.2890625,11.0068359375,0.2822265625
Dymarska2025_associations,5,31,7.609375,6.47265625,1.13671875
Dymarska2025_associations,5,32,6.51171875,5.958984375,0.552734375
Dymarska2025_associations,5,33,5.84375,5.25,0.59375
Dymarska2025_associations,5,34,6.9375,4.953125,1.984375
Dymarska2025_associations,5,35,5.3720703125,5.23876953125,0.13330078125
Dymarska2025_associations,5,36,4.9296875,4.8671875,0.0625
Dymarska2025_associations,5,37,5.921875,4.62890625,1.29296875
Dymarska2025_associations,5,38,9.40234375,7.742156982421875,1.660186767578125
Dymarska2025_associations,5,39,6.5751953125,6.7225341796875,-0.1473388671875
Dymarska2025_associations,5,40,5.890625,5.71875,0.171875
Dymarska2025_associations,5,41,7.546875,8.375,-0.828125
Dymarska2025_associations,5,42,8.140625,7.78515625,0.35546875
Dymarska2025_associations,5,43,9.1953125,9.743133544921877,-0.5478210449218768
Dymarska2025_associations,5,44,9.66650390625,10.77587890625,-1.109375
Dymarska2025_associations,5,45,8.65234375,8.210693359375,0.441650390625
Dymarska2025_associations,5,46,9.71875,9.5625,0.15625
Dymarska2025_associations,5,47,6.4873046875,4.0771484375,2.41015625
Dymarska2025_associations,5,48,3.1904296875,2.928955078125,0.261474609375
Dymarska2025_associations,5,49,3.968719482421875,4.023406982421875,-0.0546875
Dymarska2025_associations,5,50,3.603515625,3.5703125,0.033203125
Dymarska2025_associations,5,51,5.125,3.484375,1.640625
Dymarska2025_associations,5,52,5.8515625,4.36767578125,1.48388671875
Dymarska2025_associations,5,53,4.96826171875,4.619140625,0.34912109375
Dymarska2025_associations,5,54,5.173828125,4.748046875,0.42578125
Dymarska2025_associations,5,55,7.88671875,8.3125,-0.42578125
Dymarska2025_associations,5,56,3.97265625,4.29296875,-0.3203125
Dymarska2025_associations,5,57,0.716796875,0.4599609375,0.2568359375
Dymarska2025_associations,5,58,7.3271484375,7.404296875,-0.0771484375
Dymarska2025_associations,5,59,6.125,3.1337890625,2.9912109375
Dymarska2025_associations,5,60,8.984375,7.8203125,1.1640625
Dymarska2025_associations,5,61,3.880859375,3.29052734375,0.59033203125
Dymarska2025_associations,5,62,5.375,5.9375,-0.5625
Dymarska2025_associations,5,63,9.796875,9.203125,0.59375
Dymarska2025_associations,5,64,6.90625,6.203125,0.703125
Dymarska2025_associations,5,65,7.703125,8.53125,-0.828125
Dymarska2025_associations,5,66,7.41796875,5.103515625,2.314453125
Dymarska2025_associations,5,67,6.984375,5.7109375,1.2734375
Dymarska2025_associations,5,68,11.882080078125,6.585693359375,5.29638671875
Dymarska2025_associations,5,69,4.9471435546875,4.964813232421875,-0.017669677734375
Dymarska2025_associations,5,70,6.5078125,5.8671875,0.640625
Dymarska2025_associations,5,71,6.3828125,6.16015625,0.22265625
Dymarska2025_associations,5,72,12.4208984375,11.7333984375,0.6875
Dymarska2025_associations,5,73,4.5625,3.609375,0.953125
Dymarska2025_associations,5,74,6.998046875,6.8798828125,0.1181640625
Dymarska2025_associations,5,75,6.15625,5.921875,0.234375
Dymarska2025_associations,5,76,5.9375,6.03125,-0.09375
Dymarska2025_associations,5,77,2.1776123046875,2.2498779296875,-0.072265625
Dymarska2025_associations,5,78,1.9443359375,2.50634765625,-0.56201171875
Dymarska2025_associations,5,79,2.2158203125,2.1767578125,0.0390625
Dymarska2025_associations,5,80,2.539031982421875,2.601531982421875,-0.0625
Dymarska2025_associations,5,81,1.369110107421875,1.53509521484375,-0.165985107421875
Dymarska2025_associations,5,82,5.873504638671875,5.7646484375,0.108856201171875
Dymarska2025_associations,5,83,7.125,5.65625,1.46875
Dymarska2025_associations,5,84,2.124725341796875,1.83587646484375,0.288848876953125
Dymarska2025_associations,5,85,5.5780029296875,5.632781982421875,-0.054779052734375
Dymarska2025_associations,5,86,7.171875,7.1875,-0.015625
Dymarska2025_associations,5,87,7.46875,8.046875,-0.578125
Dymarska2025_associations,5,88,8.1708984375,8.19189453125,-0.02099609375
Dymarska2025_associations,5,89,3.8905029296875,4.27001953125,-0.3795166015625
Dymarska2025_associations,5,90,5.397705078125,5.37060546875,0.027099609375
Dymarska2025_associations,5,91,11.389892578125,8.449676513671875,2.940216064453125
Dymarska2025_associations,5,92,7.78125,7.03125,0.75
Dymarska2025_associations,5,93,8.59375,7.078125,1.515625
Dymarska2025_associations,5,94,17.75,18.640625,-0.890625
Dymarska2025_associations,5,95,4.375,4.25,0.125
Dymarska2025_associations,5,96,8.02734375,5.1962890625,2.8310546875
Dymarska2025_associations,5,97,2.320281982421875,2.085906982421875,0.234375
Dymarska2025_associations,5,98,4.570281982421875,4.351531982421875,0.21875
Dymarska2025_associations,5,99,5.10107421875,3.437957763671875,1.663116455078125
Dymarska2025_associations,5,100,4.58984375,3.4842529296875,1.1055908203125
Dymarska2025_associations,5,101,5.984375,4.71875,1.265625
Dymarska2025_associations,5,102,6.44921875,6.6953125,-0.24609375
Dymarska2025_associations,5,103,2.796875,2.734375,0.0625
Dymarska2025_associations,5,104,1.703125,1.2265625,0.4765625
Dymarska2025_associations,5,105,5.748504638671875,5.5927734375,0.155731201171875
Dymarska2025_associations,5,106,6.32421875,7.6561279296875,-1.3319091796875
Dymarska2025_associations,5,107,5.66015625,6.671875,-1.01171875
Dymarska2025_associations,5,108,6.59326171875,6.2939453125,0.29931640625
Dymarska2025_associations,5,109,3.1337890625,2.66796875,0.4658203125
Dymarska2025_associations,5,110,7.6712646484375,7.4761962890625,0.195068359375
Dymarska2025_associations,5,111,7.13037109375,7.0849609375,0.04541015625
Dymarska2025_associations,5,112,5.625,5.75,-0.125
Dymarska2025_associations,5,113,4.6953125,4.78515625,-0.08984375
Dymarska2025_associations,5,114,4.234375,2.24462890625,1.98974609375
Dymarska2025_associations,5,115,14.46337890625,11.162078857421877,3.3013000488281232
Dymarska2025_associations,5,116,2.846649169921875,2.1197509765625,0.726898193359375
Dymarska2025_associations,5,117,5.6405029296875,6.116943359375,-0.4764404296875
Dymarska2025_associations,5,118,2.9757080078125,3.1871337890625,-0.21142578125
Dymarska2025_associations,5,119,7.09375,7.921875,-0.828125
Dymarska2025_associations,5,120,8.0458984375,7.673828125,0.3720703125
Dymarska2025_associations,5,121,2.97314453125,3.2783203125,-0.30517578125
Dymarska2025_associations,5,122,3.390380859375,4.585693359375,-1.1953125
Dymarska2025_associations,5,123,3.424774169921875,3.663543701171875,-0.23876953125
Dymarska2025_associations,5,124,7.625,6.6875,0.9375
Dymarska2025_associations,5,125,5.8447265625,5.29150390625,0.55322265625
Dymarska2025_associations,5,126,5.462860107421875,4.867156982421875,0.595703125
Dymarska2025_associations,5,127,4.3515625,4.28515625,0.06640625
Dymarska2025_associations,5,128,7.1328125,7.662109375,-0.529296875
Dymarska2025_associations,5,129,7.0703125,6.07421875,0.99609375
Dymarska2025_associations,5,130,4.597625732421875,4.285125732421875,0.3125
Dymarska2025_associations,5,131,9.5625,9.234375,0.328125
Dymarska2025_associations,5,132,1.40576171875,1.88232421875,-0.4765625
Dymarska2025_associations,5,133,2.574188232421875,2.163543701171875,0.41064453125
Dymarska2025_associations,5,134,4.60546875,4.83203125,-0.2265625
Dymarska2025_associations,5,135,2.484375,3.234375,-0.75
Dymarska2025_associations,5,136,4.52001953125,4.373046875,0.14697265625
Dymarska2025_associations,5,137,5.625,5.25,0.375
Dymarska2025_associations,5,138,10.375,10.125,0.25
Dymarska2025_associations,5,139,4.9609375,4.5390625,0.421875
Dymarska2025_associations,5,140,2.553955078125,1.5936279296875,0.9603271484375
Dymarska2025_associations,5,141,3.96875,2.921875,1.046875
Dymarska2025_associations,5,142,10.85931396484375,11.117034912109377,-0.2577209472656268
Dymarska2025_associations,5,143,3.41552734375,3.670379638671875,-0.254852294921875
Dymarska2025_associations,5,144,7.859375,7.169921875,0.689453125
Dymarska2025_associations,5,145,4.078125,4.0859375,-0.0078125
Dymarska2025_associations,5,146,7.58203125,5.83984375,1.7421875
Dymarska2025_associations,5,147,7.15625,5.921875,1.234375
Dymarska2025_associations,5,148,5.853515625,6.55859375,-0.705078125
Dymarska2025_associations,5,149,4.6328125,4.640625,-0.0078125
Dymarska2025_associations,5,150,9.2109375,9.4140625,-0.203125
Dymarska2025_associations,5,151,10.0625,10.46875,-0.40625
Dymarska2025_associations,5,152,8.607421875,5.243133544921875,3.364288330078125
Dymarska2025_associations,5,153,10.553680419921877,10.709930419921877,-0.15625
Dymarska2025_associations,5,154,10.34375,11.0,-0.65625
Dymarska2025_associations,5,155,7.343505859375,6.349365234375,0.994140625
Dymarska2025_associations,5,156,6.625,5.8125,0.8125
Dymarska2025_associations,5,157,8.0625,8.8125,-0.75
Dymarska2025_associations,5,158,6.3251953125,6.43701171875,-0.11181640625
Dymarska2025_associations,6,0,8.75,13.3916015625,-4.6416015625
Dymarska2025_associations,6,1,3.96875,1.2265625,2.7421875
Dymarska2025_associations,6,2,14.802703857421877,10.473388671875,4.329315185546877
Dymarska2025_associations,6,3,9.9921875,9.6328125,0.359375
Dymarska2025_associations,6,4,8.6953125,6.71875,1.9765625
Dymarska2025_associations,6,5,8.5625,5.822265625,2.740234375
Dymarska2025_associations,6,6,7.9375,4.5625,3.375
Dymarska2025_associations,6,7,4.4375,3.890625,0.546875
Dymarska2025_associations,6,8,1.367156982421875,0.43157958984375,0.935577392578125
Dymarska2025_associations,6,9,7.241455078125,6.9136962890625,0.3277587890625
Dymarska2025_associations,6,10,15.2421875,13.34326171875,1.89892578125
Dymarska2025_associations,6,11,8.703125,7.0439453125,1.6591796875
Dymarska2025_associations,6,12,8.19140625,8.30078125,-0.109375
Dymarska2025_associations,6,13,8.5,9.796875,-1.296875
Dymarska2025_associations,6,14,5.720703125,5.20751953125,0.51318359375
Dymarska2025_associations,6,15,18.30078125,10.6982421875,7.6025390625
Dymarska2025_associations,6,16,6.34368896484375,6.99951171875,-0.65582275390625
Dymarska2025_associations,6,17,12.125,12.75,-0.625
Dymarska2025_associations,6,18,10.3046875,8.85546875,1.44921875
Dymarska2025_associations,6,19,5.4697265625,4.15234375,1.3173828125
Dymarska2025_associations,6,20,7.09375,5.25,1.84375
Dymarska2025_associations,6,21,5.53515625,4.01171875,1.5234375
Dymarska2025_associations,6,22,9.03125,8.4375,0.59375
Dymarska2025_associations,6,23,6.638671875,4.8154296875,1.8232421875
Dymarska2025_associations,6,24,7.498046875,7.935546875,-0.4375
Dymarska2025_associations,6,25,4.140625,3.7890625,0.3515625
Dymarska2025_associations,6,26,8.6561279296875,8.2021484375,0.4539794921875
Dymarska2025_associations,6,27,4.4912109375,5.0830078125,-0.591796875
Dymarska2025_associations,6,28,4.1953125,4.783203125,-0.587890625
Dymarska2025_associations,6,29,4.306640625,3.97412109375,0.33251953125
Dymarska2025_associations,6,30,3.841796875,2.9560546875,0.8857421875
Dymarska2025_associations,6,31,5.28515625,5.720703125,-0.435546875
Dymarska2025_associations,6,32,10.5,11.0,-0.5
Dymarska2025_associations,6,33,8.17822265625,8.773193359375,-0.594970703125
Dymarska2025_associations,6,34,5.1640625,6.15625,-0.9921875
Dymarska2025_associations,6,35,8.25,7.8125,0.4375
Dymarska2025_associations,6,36,4.2353515625,3.68359375,0.5517578125
Dymarska2025_associations,6,37,7.4530029296875,7.812469482421875,-0.359466552734375
Dymarska2025_associations,6,38,14.9375,14.71875,0.21875
Dymarska2025_associations,6,39,7.609375,8.078125,-0.46875
Dymarska2025_associations,6,40,8.035888671875,7.5833740234375,0.4525146484375
Dymarska2025_associations,6,41,2.195068359375,1.812469482421875,0.382598876953125
Dymarska2025_associations,6,42,5.21826171875,5.37451171875,-0.15625
Dymarska2025_associations,6,43,5.875,7.09375,-1.21875
Dymarska2025_associations,6,44,2.283203125,1.169921875,1.11328125
Dymarska2025_associations,6,45,3.875,4.125,-0.25
Dymarska2025_associations,6,46,7.435546875,7.2001953125,0.2353515625
Dymarska2025_associations,6,47,7.3046875,6.890625,0.4140625
Dymarska2025_associations,6,48,4.0467529296875,2.0467529296875,2.0
Dymarska2025_associations,6,49,7.1875,5.15625,2.03125
Dymarska2025_associations,6,50,7.59619140625,8.857421875,-1.26123046875
Dymarska2025_associations,6,51,5.5625,3.603515625,1.958984375
Dymarska2025_associations,6,52,7.382293701171875,6.48431396484375,0.897979736328125
Dymarska2025_associations,6,53,7.638671875,7.43359375,0.205078125
Dymarska2025_associations,6,54,5.71484375,5.93701171875,-0.22216796875
Dymarska2025_associations,6,55,7.281219482421875,8.007568359375,-0.726348876953125
Dymarska2025_associations,6,56,7.933349609375,8.300537109375,-0.3671875
Dymarska2025_associations,6,57,5.1796875,4.73828125,0.44140625
Dymarska2025_associations,6,58,10.546875,8.90625,1.640625
Dymarska2025_associations,6,59,3.7578125,1.560546875,2.197265625
Dymarska2025_associations,6,60,1.419921875,1.0419921875,0.3779296875
Dymarska2025_associations,6,61,5.3662109375,5.107421875,0.2587890625
Dymarska2025_associations,6,62,3.67626953125,3.413330078125,0.262939453125
Dymarska2025_associations,6,63,7.1484375,4.460906982421875,2.687530517578125
Dymarska2025_associations,6,64,8.578125,8.234375,0.34375
Dymarska2025_associations,6,65,4.119140625,3.544921875,0.57421875
Dymarska2025_associations,6,66,9.0,7.90625,1.09375
Dymarska2025_associations,6,67,6.28955078125,5.25927734375,1.0302734375
Dymarska2025_associations,6,68,10.04296875,10.6484375,-0.60546875
Dymarska2025_associations,6,69,7.0625,7.03125,0.03125
Dymarska2025_associations,6,70,3.396484375,3.6953125,-0.298828125
Dymarska2025_associations,6,71,2.00439453125,1.3564453125,0.64794921875
Dymarska2025_associations,6,72,6.84375,6.640625,0.203125
Dymarska2025_associations,6,73,4.5,4.6953125,-0.1953125
Dymarska2025_associations,6,74,5.26953125,5.2666015625,0.0029296875
Dymarska2025_associations,6,75,8.75,5.491943359375,3.258056640625
Dymarska2025_associations,6,76,6.119140625,5.8857421875,0.2333984375
Dymarska2025_associations,6,77,6.390625,6.4140625,-0.0234375
Dymarska2025_associations,6,78,6.197265625,4.4521484375,1.7451171875
Dymarska2025_associations,6,79,4.48828125,4.51953125,-0.03125
Dymarska2025_associations,6,80,1.976531982421875,2.289031982421875,-0.3125
Dymarska2025_associations,6,81,6.25,5.65625,0.59375
Dymarska2025_associations,6,82,12.84326171875,13.3592529296875,-0.5159912109375
Dymarska2025_associations,6,83,6.61328125,6.39453125,0.21875
Dymarska2025_associations,6,84,4.116180419921875,4.580535888671875,-0.46435546875
Dymarska2025_associations,6,85,6.64453125,6.53515625,0.109375
Dymarska2025_associations,6,86,7.71875,5.4296875,2.2890625
Dymarska2025_associations,6,87,10.90234375,10.8505859375,0.0517578125
Dymarska2025_associations,6,88,6.773406982421875,6.5936279296875,0.179779052734375
Dymarska2025_associations,6,89,6.0625,6.375,-0.3125
Dymarska2025_associations,6,90,5.6640625,5.6171875,0.046875
Dymarska2025_associations,6,91,10.5,11.1875,-0.6875
Dymarska2025_associations,6,92,5.2431640625,5.9521484375,-0.708984375
Dymarska2025_associations,6,93,4.0859375,4.28125,-0.1953125
Dymarska2025_associations,6,94,6.859375,6.03125,0.828125
Dymarska2025_associations,6,95,6.06787109375,4.850830078125,1.217041015625
Dymarska2025_associations,6,96,14.288330078125,13.225830078125,1.0625
Dymarska2025_associations,6,97,1.957000732421875,2.089813232421875,-0.1328125
Dymarska2025_associations,6,98,5.859375,5.0625,0.796875
Dymarska2025_associations,6,99,6.5859375,5.736328125,0.849609375
Dymarska2025_associations,6,100,4.5,4.375,0.125
Dymarska2025_associations,6,101,7.44287109375,6.2537841796875,1.1890869140625
Dymarska2025_associations,6,102,2.609375,1.5625,1.046875
Dymarska2025_associations,6,103,9.28125,7.1640625,2.1171875
Dymarska2025_associations,6,104,6.623046875,6.226531982421875,0.396514892578125
Dymarska2025_associations,6,105,9.666015625,6.826873779296875,2.839141845703125
Dymarska2025_associations,6,106,8.97265625,7.71875,1.25390625
Dymarska2025_associations,6,107,5.28857421875,4.94921875,0.33935546875
Dymarska2025_associations,6,108,6.9375,7.1875,-0.25
Dymarska2025_associations,6,109,1.98046875,1.0263671875,0.9541015625
Dymarska2025_associations,6,110,8.37158203125,5.9359130859375,2.4356689453125
Dymarska2025_associations,6,111,4.510711669921875,5.791961669921875,-1.28125
Dymarska2025_associations,6,112,3.421875,2.9892578125,0.4326171875
Dymarska2025_associations,6,113,6.0927734375,5.57763671875,0.51513671875
Dymarska2025_associations,6,114,4.375,4.5234375,-0.1484375
Dymarska2025_associations,6,115,2.50634765625,2.96484375,-0.45849609375
Dymarska2025_associations,6,116,5.24609375,5.6796875,-0.43359375
Dymarska2025_associations,6,117,1.49609375,2.203125,-0.70703125
Dymarska2025_associations,6,118,7.015625,7.84375,-0.828125
Dymarska2025_associations,6,119,8.5859375,9.310546875,-0.724609375
Dymarska2025_associations,6,120,5.3515625,4.515625,0.8359375
Dymarska2025_associations,6,121,8.796875,9.4295654296875,-0.6326904296875
Dymarska2025_associations,6,122,5.2890625,4.8662109375,0.4228515625
Dymarska2025_associations,6,123,10.875,11.40625,-0.53125
Dymarska2025_associations,6,124,4.710693359375,4.2030029296875,0.5076904296875
Dymarska2025_associations,6,125,5.75537109375,4.15966796875,1.595703125
Dymarska2025_associations,6,126,5.765625,6.515625,-0.75
Dymarska2025_associations,6,127,7.7265625,6.97265625,0.75390625
Dymarska2025_associations,6,128,3.626953125,4.12890625,-0.501953125
Dymarska2025_associations,6,129,3.0625,3.234375,-0.171875
Dymarska2025_associations,6,130,8.583984375,8.9124755859375,-0.3284912109375
Dymarska2025_associations,6,131,7.414031982421875,8.507781982421875,-1.09375
Dymarska2025_associations,6,132,9.6875,8.4609375,1.2265625
Dymarska2025_associations,6,133,5.6796875,4.05859375,1.62109375
Dymarska2025_associations,6,134,8.4375,8.875,-0.4375
Dymarska2025_associations,6,135,6.80224609375,6.631591796875,0.170654296875
Dymarska2025_associations,6,136,7.9609375,7.5625,0.3984375
Dymarska2025_associations,6,137,4.945281982421875,5.070281982421875,-0.125
Dymarska2025_associations,6,138,3.84375,3.46875,0.375
Dymarska2025_associations,6,139,5.54632568359375,5.2413330078125,0.30499267578125
Dymarska2025_associations,6,140,3.90625,3.69921875,0.20703125
Dymarska2025_associations,6,141,6.875,7.484375,-0.609375
Dymarska2025_associations,6,142,3.7333984375,4.0458984375,-0.3125
Dymarska2025_associations,6,143,3.913818359375,3.3778076171875,0.5360107421875
Dymarska2025_associations,6,144,3.38134765625,2.96826171875,0.4130859375
Dymarska2025_associations,6,145,3.958740234375,3.9456787109375,0.0130615234375
Dymarska2025_associations,6,146,1.0623779296875,1.49169921875,-0.4293212890625
Dymarska2025_associations,6,147,2.703094482421875,2.2186279296875,0.484466552734375
Dymarska2025_associations,6,148,5.4765625,4.84375,0.6328125
Dymarska2025_associations,6,149,4.09375,4.03125,0.0625
Dymarska2025_associations,6,150,4.53125,5.046875,-0.515625
Dymarska2025_associations,6,151,14.46875,15.8125,-1.34375
Dymarska2025_associations,6,152,11.625,10.1875,1.4375
Dymarska2025_associations,6,153,5.73828125,5.16015625,0.578125
Dymarska2025_associations,6,154,6.78125,6.59765625,0.18359375
Dymarska2025_associations,6,155,8.3125,8.875,-0.5625
Dymarska2025_associations,6,156,4.616943359375,3.304656982421875,1.312286376953125
Dymarska2025_associations,6,157,5.25,5.671875,-0.421875
Dymarska2025_associations,6,158,3.90625,4.5625,-0.65625
Dymarska2025_associations,6,159,5.13037109375,5.1708984375,-0.04052734375
Dymarska2025_associations,6,160,9.125,10.328125,-1.203125
Dymarska2025_associations,6,161,10.21875,10.875,-0.65625
Dymarska2025_associations,6,162,6.765625,6.609375,0.15625
Dymarska2025_associations,6,163,7.044921875,7.1639404296875,-0.1190185546875
Dymarska2025_associations,6,164,9.1875,10.625,-1.4375
Dymarska2025_associations,6,165,8.633636474609375,8.346160888671875,0.2874755859375
Dymarska2025_associations,6,166,0.56243896484375,0.898406982421875,-0.335968017578125
Dymarska2025_associations,6,167,1.77294921875,1.2108154296875,0.5621337890625
Dymarska2025_associations,6,168,4.695281982421875,4.90576171875,-0.210479736328125
Dymarska2025_associations,6,169,5.1484375,2.42138671875,2.72705078125
Dymarska2025_associations,6,170,6.296875,6.96875,-0.671875
Dymarska2025_associations,6,171,10.796875,7.125,3.671875
Dymarska2025_associations,6,172,9.35931396484375,10.960906982421877,-1.6015930175781268
Dymarska2025_associations,6,173,7.5625,8.125,-0.5625
Dymarska2025_associations,6,174,14.419921875,12.54150390625,1.87841796875
Dymarska2025_associations,6,175,9.39453125,10.4765625,-1.08203125
Dymarska2025_associations,6,176,6.67138671875,6.439208984375,0.232177734375
Dymarska2025_associations,6,177,10.1640625,10.0390625,0.125
Dymarska2025_associations,6,178,4.132293701171875,4.246063232421875,-0.11376953125
Dymarska2025_associations,6,179,9.1171875,6.6328125,2.484375
Dymarska2025_associations,6,180,3.28515625,3.1796875,0.10546875
Dymarska2025_associations,6,181,6.1796875,5.890625,0.2890625
Dymarska2025_associations,6,182,9.390625,10.0546875,-0.6640625
Dymarska2025_associations,6,183,9.04150390625,8.3623046875,0.67919921875
Dymarska2025_associations,6,184,7.7578125,7.314453125,0.443359375
Dymarska2025_associations,6,185,9.240081787109377,6.513519287109375,2.7265625000000018
Dymarska2025_associations,7,0,17.46875,14.71484375,2.75390625
Dymarska2025_associations,7,1,9.7890625,8.9453125,0.84375
Dymarska2025_associations,7,2,4.94140625,5.2626953125,-0.3212890625
Dymarska2025_associations,7,3,7.93359375,8.7109375,-0.77734375
Dymarska2025_associations,7,4,9.757781982421877,7.8974609375,1.8603210449218768
Dymarska2025_associations,7,5,7.0,5.9375,1.0625
Dymarska2025_associations,7,6,5.7119140625,4.96826171875,0.74365234375
Dymarska2025_associations,7,7,6.443359375,7.13671875,-0.693359375
Dymarska2025_associations,7,8,7.375,6.4609375,0.9140625
Dymarska2025_associations,7,9,7.59375,7.6875,-0.09375
Dymarska2025_associations,7,10,7.25,6.0,1.25
Dymarska2025_associations,7,11,4.732421875,4.46484375,0.267578125
Dymarska2025_associations,7,12,6.6053466796875,5.24981689453125,1.35552978515625
Dymarska2025_associations,7,13,7.283203125,7.953125,-0.669921875
Dymarska2025_associations,7,14,6.2060546875,6.632080078125,-0.426025390625
Dymarska2025_associations,7,15,5.484375,5.1015625,0.3828125
Dymarska2025_associations,7,16,7.875,6.5625,1.3125
Dymarska2025_associations,7,17,5.6875,6.125,-0.4375
Dymarska2025_associations,7,18,8.59375,9.0625,-0.46875
Dymarska2025_associations,7,19,11.625,11.125,0.5
Dymarska2025_associations,7,20,11.28125,6.5,4.78125
Dymarska2025_associations,7,21,4.90625,4.953125,-0.046875
Dymarska2025_associations,7,22,8.5810546875,8.23828125,0.3427734375
Dymarska2025_associations,7,23,4.092742919921875,3.50390625,0.588836669921875
Dymarska2025_associations,7,24,6.25,6.578125,-0.328125
Dymarska2025_associations,7,25,7.046875,5.9296875,1.1171875
Dymarska2025_associations,7,26,5.6416015625,5.0751953125,0.56640625
Dymarska2025_associations,7,27,4.100830078125,4.31201171875,-0.211181640625
Dymarska2025_associations,7,28,7.46875,7.65625,-0.1875
Dymarska2025_associations,7,29,9.03125,7.703125,1.328125
Dymarska2025_associations,7,30,7.57763671875,7.216796875,0.36083984375
Dymarska2025_associations,7,31,7.744140625,6.1875,1.556640625
Dymarska2025_associations,7,32,6.3125,5.6640625,0.6484375
Dymarska2025_associations,7,33,9.4541015625,8.966796875,0.4873046875
Dymarska2025_associations,7,34,11.50390625,11.46484375,0.0390625
Dymarska2025_associations,7,35,14.00537109375,9.3304443359375,4.6749267578125
Dymarska2025_associations,7,36,9.1875,7.34375,1.84375
Dymarska2025_associations,7,37,12.78125,10.8125,1.96875
Dymarska2025_associations,7,38,8.015625,5.96484375,2.05078125
Dymarska2025_associations,7,39,5.0,4.125,0.875
Dymarska2025_associations,7,40,1.28857421875,0.550750732421875,0.737823486328125
Dymarska2025_associations,7,41,5.59326171875,4.257781982421875,1.335479736328125
Dymarska2025_associations,7,42,4.4375,3.4609375,0.9765625
Dymarska2025_associations,7,43,7.453125,4.23046875,3.22265625
Dymarska2025_associations,7,44,6.74951171875,5.77001953125,0.9794921875
Dymarska2025_associations,7,45,8.52001953125,8.779296875,-0.25927734375
Dymarska2025_associations,7,46,5.71875,5.01171875,0.70703125
Dymarska2025_associations,7,47,4.75537109375,5.12451171875,-0.369140625
Dymarska2025_associations,7,48,4.288330078125,3.54638671875,0.741943359375
Dymarska2025_associations,7,49,11.788330078125,12.023193359375,-0.23486328125
Dymarska2025_associations,7,50,4.703125,3.26171875,1.44140625
Dymarska2025_associations,7,51,8.1328125,11.59375,-3.4609375
Dymarska2025_associations,7,52,6.5155029296875,5.5076904296875,1.0078125
Dymarska2025_associations,7,53,9.875,10.25,-0.375
Dymarska2025_associations,7,54,6.515625,6.52734375,-0.01171875
Dymarska2025_associations,7,55,4.75390625,3.66015625,1.09375
Dymarska2025_associations,7,56,3.890625,4.25,-0.359375
Dymarska2025_associations,7,57,14.75,15.78125,-1.03125
Dymarska2025_associations,7,58,8.0,8.3125,-0.3125
Dymarska2025_associations,7,59,10.75,10.0,0.75
Dymarska2025_associations,7,60,5.0625,5.1875,-0.125
Dymarska2025_associations,7,61,3.1875,3.65625,-0.46875
Dymarska2025_associations,7,62,3.64013671875,4.304443359375,-0.664306640625
Dymarska2025_associations,7,63,9.578125,5.38671875,4.19140625
Dymarska2025_associations,7,64,8.47998046875,8.830078125,-0.35009765625
Dymarska2025_associations,7,65,7.92578125,7.5966796875,0.3291015625
Dymarska2025_associations,7,66,3.3359375,4.30078125,-0.96484375
Dymarska2025_associations,7,67,4.621551513671875,4.7626953125,-0.141143798828125
Dymarska2025_associations,7,68,3.7607421875,3.02490234375,0.73583984375
Dymarska2025_associations,7,69,4.728515625,5.20703125,-0.478515625
Dymarska2025_associations,7,70,2.98828125,2.906219482421875,0.082061767578125
Dymarska2025_associations,7,71,4.96484375,4.109375,0.85546875
Dymarska2025_associations,7,72,0.6982421875,0.448974609375,0.249267578125
Dymarska2025_associations,7,73,7.984375,7.53125,0.453125
Dymarska2025_associations,7,74,4.8994140625,5.5888671875,-0.689453125
Dymarska2025_associations,7,75,2.272705078125,2.303955078125,-0.03125
Dymarska2025_associations,7,76,1.866943359375,0.6131591796875,1.2537841796875
Dymarska2025_associations,7,77,6.5625,6.9375,-0.375
Dymarska2025_associations,7,78,7.388671875,7.5703125,-0.181640625
Dymarska2025_associations,7,79,4.4375,4.078125,0.359375
Dymarska2025_associations,7,80,6.5,5.28515625,1.21484375
Dymarska2025_associations,7,81,3.185546875,2.74072265625,0.44482421875
Dymarska2025_associations,7,82,6.08984375,6.55126953125,-0.46142578125
Dymarska2025_associations,7,83,5.1875,5.125,0.0625
Dymarska2025_associations,7,84,2.1875,1.5078125,0.6796875
Dymarska2025_associations,7,85,4.873046875,4.95751953125,-0.08447265625
Dymarska2025_associations,7,86,4.72265625,3.642578125,1.080078125
Dymarska2025_associations,7,87,3.0703125,2.126953125,0.943359375
Dymarska2025_associations,7,88,7.25,5.875,1.375
Dymarska2025_associations,7,89,4.828125,3.421875,1.40625
Dymarska2025_associations,7,90,10.90625,8.890625,2.015625
Dymarska2025_associations,7,91,7.0703125,7.84765625,-0.77734375
Dymarska2025_associations,7,92,2.154296875,2.35546875,-0.201171875
Dymarska2025_associations,7,93,5.30859375,4.796875,0.51171875
Dymarska2025_associations,7,94,5.945281982421875,5.945281982421875,0.0
Dymarska2025_associations,7,95,5.40625,5.765625,-0.359375
Dymarska2025_associations,7,96,5.578125,3.94921875,1.62890625
Dymarska2025_associations,7,97,5.59375,4.875,0.71875
Dymarska2025_associations,7,98,7.46875,5.6064453125,1.8623046875
Dymarska2025_associations,7,99,4.20458984375,4.3037109375,-0.09912109375
Dymarska2025_associations,7,100,1.1328125,0.65625,0.4765625
Dymarska2025_associations,7,101,1.34375,1.4296875,-0.0859375
Dymarska2025_associations,7,102,7.375,6.1875,1.1875
Dymarska2025_associations,7,103,5.374969482421875,4.281219482421875,1.09375
Dymarska2025_associations,7,104,9.11474609375,10.43798828125,-1.3232421875
Dymarska2025_associations,7,105,9.3748779296875,9.335693359375,0.0391845703125
Dymarska2025_associations,7,106,4.1708984375,3.1561279296875,1.0147705078125
Dymarska2025_associations,7,107,5.0625,4.375,0.6875
Dymarska2025_associations,7,108,8.65625,8.671875,-0.015625
Dymarska2025_associations,7,109,10.34375,9.25,1.09375
Dymarska2025_associations,7,110,6.05859375,6.03125,0.02734375
Dymarska2025_associations,7,111,7.265625,7.2265625,0.0390625
Dymarska2025_associations,7,112,6.1795654296875,5.460906982421875,0.718658447265625
Dymarska2025_associations,7,113,4.7578125,4.7265625,0.03125
Dymarska2025_associations,7,114,2.265625,1.7265625,0.5390625
Dymarska2025_associations,7,115,11.001922607421877,5.374969482421875,5.626953125000002
Dymarska2025_associations,7,116,6.3125,7.03125,-0.71875
Dymarska2025_associations,7,117,6.3818359375,7.314453125,-0.9326171875
Dymarska2025_associations,7,118,10.1953125,9.71484375,0.48046875
Dymarska2025_associations,7,119,4.4580078125,4.79833984375,-0.34033203125
Dymarska2025_associations,7,120,6.991943359375,6.84326171875,0.148681640625
Dymarska2025_associations,7,121,5.029296875,5.33984375,-0.310546875
Dymarska2025_associations,7,122,6.10693359375,5.6953125,0.41162109375
Dymarska2025_associations,7,123,5.13671875,5.24609375,-0.109375
Dymarska2025_associations,7,124,4.640625,5.453125,-0.8125
Dymarska2025_associations,7,125,3.116455078125,2.92138671875,0.195068359375
Dymarska2025_associations,7,126,4.103515625,4.609375,-0.505859375
Dymarska2025_associations,7,127,7.625,7.96875,-0.34375
Dymarska2025_associations,7,128,3.6873779296875,3.8748779296875,-0.1875
Dymarska2025_associations,7,129,2.40625,2.734375,-0.328125
Dymarska2025_associations,7,130,2.023193359375,1.203094482421875,0.820098876953125
Dymarska2025_associations,7,131,1.49993896484375,1.3592529296875,0.14068603515625
Dymarska2025_associations,7,132,3.0234375,3.390625,-0.3671875
Dymarska2025_associations,7,133,5.091796875,5.12451171875,-0.03271484375
Dymarska2025_associations,7,134,11.5625,11.90625,-0.34375
Dymarska2025_associations,7,135,6.59375,8.47265625,-1.87890625
Dymarska2025_associations,7,136,7.786590576171875,7.707977294921875,0.07861328125
Dymarska2025_associations,7,137,7.9541015625,7.841796875,0.1123046875
Dymarska2025_associations,7,138,7.8515625,7.8828125,-0.03125
Dymarska2025_associations,7,139,13.328125,10.53125,2.796875
Dymarska2025_associations,7,140,7.498046875,7.75537109375,-0.25732421875
Dymarska2025_associations,7,141,0.10400390625,0.023193359375,0.080810546875
Dymarska2025_associations,7,142,7.3544921875,7.076416015625,0.278076171875
Dymarska2025_associations,7,143,7.37890625,4.50927734375,2.86962890625
Dymarska2025_associations,7,144,5.9530029296875,5.757781982421875,0.195220947265625
Dymarska2025_associations,7,145,7.26953125,7.5155029296875,-0.2459716796875
Dymarska2025_associations,7,146,4.317626953125,4.2816162109375,0.0360107421875
Dymarska2025_associations,7,147,3.640625,3.1875,0.453125
Dymarska2025_associations,7,148,6.0,6.625,-0.625
Dymarska2025_associations,7,149,7.75,6.4375,1.3125
Dymarska2025_associations,7,150,4.625,4.5,0.125
Dymarska2025_associations,7,151,6.25,5.34375,0.90625
Dymarska2025_associations,7,152,3.892578125,3.71826171875,0.17431640625
Dymarska2025_associations,7,153,6.8125,6.90625,-0.09375
Dymarska2025_associations,7,154,4.59375,4.21875,0.375
Dymarska2025_associations,7,155,6.09375,5.5625,0.53125
Dymarska2025_associations,7,156,2.671875,3.328125,-0.65625
Dymarska2025_associations,7,157,6.2841796875,6.237548828125,0.046630859375
Dymarska2025_associations,7,158,7.171875,5.9375,1.234375
Dymarska2025_associations,7,159,3.546875,3.265625,0.28125
Dymarska2025_associations,7,160,2.539031982421875,1.923797607421875,0.615234375
Dymarska2025_associations,7,161,2.24951171875,1.67822265625,0.5712890625
Dymarska2025_associations,7,162,4.1484375,4.921875,-0.7734375
Dymarska2025_associations,7,163,4.77734375,5.1025390625,-0.3251953125
Dymarska2025_associations,7,164,6.8125,6.84375,-0.03125
Dymarska2025_associations,7,165,5.75,5.4375,0.3125
Dymarska2025_associations,7,166,16.0703125,11.029296875,5.041015625
Dymarska2025_associations,7,167,5.828125,5.67578125,0.15234375
Dymarska2025_associations,7,168,5.515625,5.11328125,0.40234375
Dymarska2025_associations,7,169,7.473114013671875,6.437347412109375,1.0357666015625
Dymarska2025_associations,7,170,4.5771484375,3.83447265625,0.74267578125
Dymarska2025_associations,7,171,5.26171875,4.791015625,0.470703125
Dymarska2025_associations,7,172,8.539031982421875,9.3905029296875,-0.851470947265625
Dymarska2025_associations,7,173,7.76171875,5.394500732421875,2.367218017578125
Dymarska2025_associations,7,174,7.37841796875,7.85546875,-0.47705078125
Dymarska2025_associations,7,175,2.7537841796875,2.583953857421875,0.169830322265625
Dymarska2025_associations,7,176,11.96875,13.15625,-1.1875
Dymarska2025_associations,7,177,0.132293701171875,0.068328857421875,0.06396484375
Dymarska2025_associations,7,178,16.03125,14.22265625,1.80859375
Dymarska2025_associations,7,179,6.14501953125,5.93701171875,0.2080078125
Dymarska2025_associations,7,180,7.875,5.75,2.125
Dymarska2025_associations,7,181,5.7734375,5.4609375,0.3125
Dymarska2025_associations,7,182,0.603515625,0.6552734375,-0.0517578125
Dymarska2025_associations,7,183,6.3203125,5.833984375,0.486328125
Dymarska2025_associations,7,184,4.2265625,4.46875,-0.2421875
Dymarska2025_associations,7,185,3.984375,4.25,-0.265625
Dymarska2025_associations,7,186,8.96484375,8.20703125,0.7578125
Dymarska2025_associations,7,187,3.1640625,3.63671875,-0.47265625
Dymarska2025_associations,7,188,7.50537109375,6.873046875,0.63232421875
Dymarska2025_associations,7,189,6.953125,6.94775390625,0.00537109375
Dymarska2025_associations,7,190,4.46875,5.3125,-0.84375
Dymarska2025_associations,7,191,8.21875,7.65625,0.5625
Dymarska2025_associations,7,192,8.06640625,8.2578125,-0.19140625
Dymarska2025_associations,7,193,5.609375,6.1845703125,-0.5751953125
Dymarska2025_associations,7,194,7.957000732421875,8.072265625,-0.115264892578125
Dymarska2025_associations,7,195,5.046875,5.375,-0.328125
Dymarska2025_associations,7,196,10.96484375,9.085693359375,1.879150390625
Dymarska2025_associations,7,197,3.4033203125,2.538330078125,0.864990234375
Dymarska2025_associations,7,198,7.40625,8.21875,-0.8125
Dymarska2025_associations,7,199,7.6875,7.78125,-0.09375
Dymarska2025_associations,8,0,12.541015625,15.9599609375,-3.4189453125
Dymarska2025_associations,8,1,10.6875,2.8916015625,7.7958984375
Dymarska2025_associations,8,2,11.046875,7.953125,3.09375
Dymarska2025_associations,8,3,4.8203125,4.4765625,0.34375
Dymarska2025_associations,8,4,3.984375,4.0,-0.015625
Dymarska2025_associations,8,5,10.84375,9.46875,1.375
Dymarska2025_associations,8,6,8.375,7.3125,1.0625
Dymarska2025_associations,8,7,5.37109375,3.9061279296875,1.4649658203125
Dymarska2025_associations,8,8,7.21875,6.46875,0.75
Dymarska2025_associations,8,9,2.421875,3.5625,-1.140625
Dymarska2025_associations,8,10,6.734375,6.06640625,0.66796875
Dymarska2025_associations,8,11,7.2021484375,7.81201171875,-0.60986328125
Dymarska2025_associations,8,12,7.3125,6.6220703125,0.6904296875
Dymarska2025_associations,8,13,5.8203125,4.2890625,1.53125
Dymarska2025_associations,8,14,5.71875,5.34375,0.375
Dymarska2025_associations,8,15,3.31640625,3.9091796875,-0.5927734375
Dymarska2025_associations,8,16,5.748046875,4.0908203125,1.6572265625
Dymarska2025_associations,8,17,6.023284912109375,5.26556396484375,0.757720947265625
Dymarska2025_associations,8,18,3.890625,2.890625,1.0
Dymarska2025_associations,8,19,4.74609375,4.79150390625,-0.04541015625
Dymarska2025_associations,8,20,9.523193359375,9.0780029296875,0.4451904296875
Dymarska2025_associations,8,21,5.694580078125,5.007781982421875,0.686798095703125
Dymarska2025_associations,8,22,4.929443359375,4.757781982421875,0.171661376953125
Dymarska2025_associations,8,23,4.420654296875,4.445037841796875,-0.024383544921875
Dymarska2025_associations,8,24,7.5703125,6.26171875,1.30859375
Dymarska2025_associations,8,25,0.562469482421875,0.216796875,0.345672607421875
Dymarska2025_associations,8,26,2.78125,4.351531982421875,-1.570281982421875
Dymarska2025_associations,8,27,12.75,11.3125,1.4375
Dymarska2025_associations,8,28,3.304656982421875,2.3125,0.992156982421875
Dymarska2025_associations,8,29,9.203125,7.875,1.328125
Dymarska2025_associations,8,30,2.935546875,2.741943359375,0.193603515625
Dymarska2025_associations,8,31,5.0556640625,4.70751953125,0.34814453125
Dymarska2025_associations,8,32,2.9873046875,2.46484375,0.5224609375
Dymarska2025_associations,8,33,3.2958984375,2.7412109375,0.5546875
Dymarska2025_associations,8,34,4.0625,4.4375,-0.375
Dymarska2025_associations,8,35,3.4609375,3.2421875,0.21875
Dymarska2025_associations,8,36,7.9530029296875,7.320281982421875,0.632720947265625
Dymarska2025_associations,8,37,7.90625,8.51953125,-0.61328125
Dymarska2025_associations,8,38,5.78125,6.28125,-0.5
Dymarska2025_associations,8,39,5.65576171875,5.804443359375,-0.148681640625
Dymarska2025_associations,8,40,3.09912109375,3.59912109375,-0.5
Dymarska2025_associations,8,41,6.6640625,7.359375,-0.6953125
Dymarska2025_associations,8,42,7.34375,7.96875,-0.625
Dymarska2025_associations,8,43,11.48583984375,9.0751953125,2.41064453125
Dymarska2025_associations,8,44,3.523193359375,3.5467529296875,-0.0235595703125
Dymarska2025_associations,8,45,4.096923828125,2.8663330078125,1.2305908203125
Dymarska2025_associations,8,46,4.2890625,4.453125,-0.1640625
Dymarska2025_associations,8,47,2.5166015625,2.37109375,0.1455078125
Dymarska2025_associations,8,48,3.09375,2.734375,0.359375
Dymarska2025_associations,8,49,6.671875,7.15625,-0.484375
Dymarska2025_associations,8,50,3.65234375,0.789031982421875,2.863311767578125
Dymarska2025_associations,8,51,0.567840576171875,0.5819091796875,-0.014068603515625
Dymarska2025_associations,8,52,4.3125,4.75390625,-0.44140625
Dymarska2025_associations,8,53,2.1092529296875,2.054656982421875,0.054595947265625
Dymarska2025_associations,8,54,2.921875,3.40625,-0.484375
Dymarska2025_associations,8,55,2.09375,1.5078125,0.5859375
Dymarska2025_associations,8,56,3.819580078125,3.58447265625,0.235107421875
Dymarska2025_associations,8,57,4.398193359375,3.414031982421875,0.984161376953125
Dymarska2025_associations,8,58,2.40625,1.6640625,0.7421875
Dymarska2025_associations,8,59,2.960205078125,2.866943359375,0.09326171875
Dymarska2025_associations,8,60,7.9375,8.90625,-0.96875
Dymarska2025_associations,8,61,7.09375,6.375,0.71875
Dymarska2025_associations,8,62,6.632080078125,7.138153076171875,-0.506072998046875
Dymarska2025_associations,8,63,6.0146484375,6.15576171875,-0.14111328125
Dymarska2025_associations,8,64,2.26556396484375,1.89837646484375,0.3671875
Dymarska2025_associations,8,65,1.3046875,1.375,-0.0703125
Dymarska2025_associations,8,66,6.328125,5.812469482421875,0.515655517578125
Dymarska2025_associations,8,67,5.09375,4.75,0.34375
Dymarska2025_associations,8,68,0.634765625,0.46484375,0.169921875
Dymarska2025_associations,8,69,9.66357421875,8.9842529296875,0.6793212890625
Dymarska2025_associations,8,70,7.5390625,8.484375,-0.9453125
Dymarska2025_associations,8,71,4.2342529296875,4.4530029296875,-0.21875
Dymarska2025_associations,8,72,5.1875,6.75,-1.5625
Dymarska2025_associations,8,73,5.8045654296875,6.4803466796875,-0.67578125
Dymarska2025_associations,8,74,4.52734375,5.05322265625,-0.52587890625
Dymarska2025_associations,8,75,2.8828125,3.513671875,-0.630859375
Dymarska2025_associations,8,76,10.5311279296875,11.9217529296875,-1.390625
Dymarska2025_associations,8,77,8.1875,5.767578125,2.419921875
Dymarska2025_associations,8,78,4.75,4.015625,0.734375
Dymarska2025_associations,8,79,8.34375,7.765625,0.578125
Dymarska2025_associations,8,80,1.65625,1.078125,0.578125
Dymarska2025_associations,8,81,7.28515625,6.5703125,0.71484375
Dymarska2025_associations,8,82,5.265625,6.5625,-1.296875
Dymarska2025_associations,8,83,10.5,10.640625,-0.140625
Dymarska2025_associations,8,84,7.12109375,6.4208984375,0.7001953125
Dymarska2025_associations,8,85,12.7967529296875,8.152099609375,4.6446533203125
Dymarska2025_associations,8,86,1.679443359375,1.851531982421875,-0.172088623046875
Dymarska2025_associations,8,87,7.039031982421875,6.7021484375,0.336883544921875
Dymarska2025_associations,8,88,7.515625,8.5703125,-1.0546875
Dymarska2025_associations,8,89,6.81201171875,7.038330078125,-0.226318359375
Dymarska2025_associations,8,90,4.1123046875,3.890594482421875,0.221710205078125
Dymarska2025_associations,8,91,5.677734375,5.3544921875,0.3232421875
Dymarska2025_associations,8,92,2.00927734375,1.5927734375,0.41650390625
Dymarska2025_associations,8,93,5.19921875,5.5380859375,-0.3388671875
Dymarska2025_associations,8,94,8.71875,7.234375,1.484375
Dymarska2025_associations,8,95,2.8037109375,2.10888671875,0.69482421875
Dymarska2025_associations,8,96,5.65625,5.65625,0.0
Dymarska2025_associations,8,97,2.76708984375,2.341796875,0.42529296875
Dymarska2025_associations,8,98,6.0615234375,2.0302734375,4.03125
Dymarska2025_associations,8,99,8.0595703125,7.70751953125,0.35205078125
Dymarska2025_associations,8,100,5.375,4.25,1.125
Dymarska2025_associations,8,101,4.96484375,3.822265625,1.142578125
Dymarska2025_associations,8,102,11.1796875,10.9970703125,0.1826171875
Dymarska2025_associations,8,103,3.85546875,4.28125,-0.42578125
Dymarska2025_associations,8,104,10.03125,8.890625,1.140625
Dymarska2025_associations,8,105,8.759765625,8.46484375,0.294921875
Dymarska2025_associations,8,106,3.22265625,2.81640625,0.40625
Dymarska2025_associations,8,107,7.125,6.375,0.75
Dymarska2025_associations,8,108,5.90625,3.90625,2.0
Dymarska2025_associations,8,109,4.74609375,3.51171875,1.234375
Dymarska2025_associations,8,110,3.890625,4.1875,-0.296875
Dymarska2025_associations,8,111,3.984375,3.609375,0.375
Dymarska2025_associations,8,112,4.8748779296875,4.921844482421875,-0.046966552734375
Dymarska2025_associations,8,113,4.866943359375,5.4842529296875,-0.6173095703125
Dymarska2025_associations,8,114,9.1796875,8.7265625,0.453125
Dymarska2025_associations,8,115,7.3984375,5.95263671875,1.44580078125
Dymarska2025_associations,8,116,4.625,5.8125,-1.1875
Dymarska2025_associations,8,117,5.9217529296875,4.773193359375,1.1485595703125
Dymarska2025_associations,8,118,6.69921875,3.1845703125,3.5146484375
Dymarska2025_associations,8,119,8.148406982421875,6.020477294921875,2.1279296875
Dymarska2025_associations,8,120,6.1708984375,6.92236328125,-0.75146484375
Dymarska2025_associations,8,121,5.2900390625,3.56201171875,1.72802734375
Dymarska2025_associations,8,122,7.515625,7.03125,0.484375
Dymarska2025_associations,8,123,2.74072265625,1.843017578125,0.897705078125
Dymarska2025_associations,8,124,9.65625,6.9296875,2.7265625
Dymarska2025_associations,8,125,6.5,4.09375,2.40625
Dymarska2025_associations,8,126,11.12109375,11.74267578125,-0.62158203125
Dymarska2025_associations,8,127,11.90625,12.890625,-0.984375
Dymarska2025_associations,8,128,5.484375,3.27734375,2.20703125
Dymarska2025_associations,8,129,8.625,6.21875,2.40625
Dymarska2025_associations,8,130,1.4921875,1.33984375,0.15234375
Dymarska2025_associations,8,131,1.22900390625,1.36767578125,-0.138671875
Dymarska2025_associations,8,132,5.443359375,5.1005859375,0.3427734375
Dymarska2025_associations,8,133,5.9375,6.0625,-0.125
Dymarska2025_associations,8,134,6.826171875,7.21826171875,-0.39208984375
Dymarska2025_associations,8,135,5.90625,5.875,0.03125
Dymarska2025_associations,8,136,3.97607421875,5.0126953125,-1.03662109375
Dymarska2025_associations,8,137,2.625,3.1875,-0.5625
Dymarska2025_associations,8,138,4.523193359375,4.554443359375,-0.03125
Dymarska2025_associations,8,139,7.999969482421875,8.820281982421875,-0.8203125
Dymarska2025_associations,8,140,6.203125,6.046875,0.15625
Dymarska2025_associations,8,141,6.0623779296875,6.4998779296875,-0.4375
Dymarska2025_associations,8,142,7.3984375,6.8359375,0.5625
Dymarska2025_associations,8,143,4.86279296875,5.4364013671875,-0.5736083984375
Dymarska2025_associations,9,0,6.193359375,10.27734375,-4.083984375
Dymarska2025_associations,9,1,4.5234375,1.7451171875,2.7783203125
Dymarska2025_associations,9,2,7.11328125,4.236328125,2.876953125
Dymarska2025_associations,9,3,5.921875,5.8515625,0.0703125
Dymarska2025_associations,9,4,5.850830078125,5.23876953125,0.612060546875
Dymarska2025_associations,9,5,4.292724609375,5.32275390625,-1.030029296875
Dymarska2025_associations,9,6,14.632781982421877,15.023193359375,-0.3904113769531232
Dymarska2025_associations,9,7,8.21875,8.125,0.09375
Dymarska2025_associations,9,8,16.40625,10.951171875,5.455078125
Dymarska2025_associations,9,9,10.3125,11.046875,-0.734375
Dymarska2025_associations,9,10,4.203125,3.1875,1.015625
Dymarska2025_associations,9,11,15.814422607421877,10.72454833984375,5.089874267578127
Dymarska2025_associations,9,12,6.88525390625,5.82421875,1.06103515625
Dymarska2025_associations,9,13,8.12890625,6.8427734375,1.2861328125
Dymarska2025_associations,9,14,12.09375,10.796875,1.296875
Dymarska2025_associations,9,15,6.0390625,5.7578125,0.28125
Dymarska2025_associations,9,16,4.2421875,2.726531982421875,1.515655517578125
Dymarska2025_associations,9,17,6.984375,6.8125,0.171875
Dymarska2025_associations,9,18,17.78125,18.0625,-0.28125
Dymarska2025_associations,9,19,14.1796875,13.0703125,1.109375
Dymarska2025_associations,9,20,3.822265625,1.802734375,2.01953125
Dymarska2025_associations,9,21,7.9970703125,7.63525390625,0.36181640625
Dymarska2025_associations,9,22,11.24560546875,10.220458984375,1.025146484375
Dymarska2025_associations,9,23,10.38525390625,11.33251953125,-0.947265625
Dymarska2025_associations,9,24,8.125,8.4375,-0.3125
Dymarska2025_associations,9,25,4.9375,3.703125,1.234375
Dymarska2025_associations,9,26,4.572265625,3.2626953125,1.3095703125
Dymarska2025_associations,9,27,13.71875,14.0,-0.28125
Dymarska2025_associations,9,28,6.1796875,5.390625,0.7890625
Dymarska2025_associations,9,29,7.248046875,5.2626953125,1.9853515625
Dymarska2025_associations,9,30,11.140625,11.3125,-0.171875
Dymarska2025_associations,9,31,7.703125,6.859375,0.84375
Dymarska2025_associations,9,32,6.453125,5.24609375,1.20703125
Dymarska2025_associations,9,33,8.7666015625,8.62451171875,0.14208984375
Dymarska2025_associations,9,34,9.21875,8.34375,0.875
Dymarska2025_associations,9,35,7.328125,7.58642578125,-0.25830078125
Dymarska2025_associations,9,36,11.875,9.2890625,2.5859375
Dymarska2025_associations,9,37,8.71875,9.09375,-0.375
Dymarska2025_associations,9,38,2.921600341796875,2.523284912109375,0.3983154296875
Dymarska2025_associations,9,39,11.390625,10.296875,1.09375
Dymarska2025_associations,9,40,5.6875,4.71875,0.96875
Dymarska2025_associations,9,41,3.70458984375,3.30224609375,0.40234375
Dymarska2025_associations,9,42,5.2264404296875,4.5115966796875,0.71484375
Dymarska2025_associations,9,43,2.9375,3.0,-0.0625
Dymarska2025_associations,9,44,3.390625,3.04296875,0.34765625
Dymarska2025_associations,9,45,3.591796875,4.64501953125,-1.05322265625
Dymarska2025_associations,9,46,8.882781982421875,9.0780029296875,-0.195220947265625
Dymarska2025_associations,9,47,7.5625,7.25,0.3125
Dymarska2025_associations,9,48,6.3748779296875,5.5,0.8748779296875
Dymarska2025_associations,9,49,8.328125,9.3671875,-1.0390625
Dymarska2025_associations,9,50,10.921875,10.623046875,0.298828125
Dymarska2025_associations,9,51,7.125,7.21875,-0.09375
Dymarska2025_associations,9,52,7.0126953125,7.01025390625,0.00244140625
Dymarska2025_associations,9,53,4.015625,3.623046875,0.392578125
Dymarska2025_associations,9,54,4.07373046875,3.65771484375,0.416015625
Dymarska2025_associations,9,55,10.078125,7.189453125,2.888671875
Dymarska2025_associations,9,56,7.3125,8.203125,-0.890625
Dymarska2025_associations,9,57,7.72900390625,9.3935546875,-1.66455078125
Dymarska2025_associations,9,58,7.802734375,7.6923828125,0.1103515625
Dymarska2025_associations,9,59,8.640625,7.546875,1.09375
Dymarska2025_associations,9,60,3.546875,4.4375,-0.890625
Dymarska2025_associations,9,61,4.20849609375,3.60302734375,0.60546875
Dymarska2025_associations,9,62,2.648193359375,2.73388671875,-0.085693359375
Dymarska2025_associations,9,63,6.0625,4.875,1.1875
Dymarska2025_associations,9,64,12.46875,10.74609375,1.72265625
Dymarska2025_associations,9,65,6.3377685546875,6.577880859375,-0.2401123046875
Dymarska2025_associations,9,66,10.6875,9.578125,1.109375
Dymarska2025_associations,9,67,9.703125,6.04833984375,3.65478515625
Dymarska2025_associations,9,68,5.3359375,3.9765625,1.359375
Dymarska2025_associations,9,69,8.28125,8.8125,-0.53125
Dymarska2025_associations,9,70,3.7529296875,4.44140625,-0.6884765625
Dymarska2025_associations,9,71,9.1875,8.4921875,0.6953125
Dymarska2025_associations,9,72,5.125,5.125,0.0
Dymarska2025_associations,9,73,9.0,9.21875,-0.21875
Dymarska2025_associations,9,74,23.76171875,18.58203125,5.1796875
Dymarska2025_associations,9,75,9.323486328125,9.698974609375,-0.37548828125
Dymarska2025_associations,9,76,6.804656982421875,6.648193359375,0.156463623046875
Dymarska2025_associations,9,77,8.375,8.375,0.0
Dymarska2025_associations,9,78,5.013671875,3.61474609375,1.39892578125
Dymarska2025_associations,9,79,5.708984375,5.28076171875,0.42822265625
Dymarska2025_associations,9,80,10.042938232421877,8.413330078125,1.6296081542968768
Dymarska2025_associations,9,81,7.53125,7.5,0.03125
Dymarska2025_associations,9,82,6.46875,5.125,1.34375
Dymarska2025_associations,9,83,1.69677734375,1.3876953125,0.30908203125
Dymarska2025_associations,9,84,11.08984375,9.65576171875,1.43408203125
Dymarska2025_associations,9,85,6.4375,5.1875,1.25
Dymarska2025_associations,9,86,12.84375,11.53125,1.3125
Dymarska2025_associations,9,87,5.87451171875,4.191375732421875,1.683135986328125
Dymarska2025_associations,9,88,5.0703125,3.24072265625,1.82958984375
Dymarska2025_associations,9,89,6.765625,6.96875,-0.203125
Dymarska2025_associations,9,90,6.88720703125,7.08056640625,-0.193359375
Dymarska2025_associations,9,91,5.0428466796875,5.34423828125,-0.3013916015625
Dymarska2025_associations,9,92,6.725830078125,6.62451171875,0.101318359375
Dymarska2025_associations,9,93,8.875,9.1875,-0.3125
Dymarska2025_associations,9,94,9.19921875,8.509765625,0.689453125
Dymarska2025_associations,9,95,5.51953125,5.46875,0.05078125
Dymarska2025_associations,9,96,7.12890625,7.52734375,-0.3984375
Dymarska2025_associations,9,97,6.7734375,6.7890625,-0.015625
Dymarska2025_associations,9,98,3.6953125,3.34375,0.3515625
Dymarska2025_associations,9,99,12.5625,8.3984375,4.1640625
Dymarska2025_associations,9,100,9.5615234375,9.0374755859375,0.5240478515625
Dymarska2025_associations,9,101,2.4091796875,2.6904296875,-0.28125
Dymarska2025_associations,9,102,7.125,6.6875,0.4375
Dymarska2025_associations,9,103,2.46875,2.5625,-0.09375
Dymarska2025_associations,9,104,6.40625,6.90625,-0.5
Dymarska2025_associations,9,105,8.65625,8.046875,0.609375
Dymarska2025_associations,9,106,5.0126953125,4.538330078125,0.474365234375
Dymarska2025_associations,9,107,6.0,6.5625,-0.5625
Dymarska2025_associations,9,108,8.875,8.25,0.625
Dymarska2025_associations,9,109,9.0625,9.0625,0.0
Dymarska2025_associations,9,110,4.78125,5.09375,-0.3125
Dymarska2025_associations,9,111,6.996551513671875,6.491180419921875,0.50537109375
Dymarska2025_associations,9,112,6.2811279296875,6.147705078125,0.1334228515625
Dymarska2025_associations,9,113,7.100830078125,7.40576171875,-0.304931640625
Dymarska2025_associations,9,114,4.601043701171875,3.53118896484375,1.069854736328125
Dymarska2025_associations,9,115,3.26953125,3.369140625,-0.099609375
Dymarska2025_associations,9,116,6.6171875,5.712890625,0.904296875
Dymarska2025_associations,9,117,3.890625,4.5,-0.609375
Dymarska2025_associations,9,118,9.734375,9.6328125,0.1015625
Dymarska2025_associations,9,119,6.15625,7.279296875,-1.123046875
Dymarska2025_associations,9,120,7.919921875,7.6552734375,0.2646484375
Dymarska2025_associations,9,121,13.125,13.71875,-0.59375
Dymarska2025_associations,9,122,5.4169921875,5.970703125,-0.5537109375
Dymarska2025_associations,9,123,3.990203857421875,3.876922607421875,0.11328125
Dymarska2025_associations,9,124,8.25,8.28125,-0.03125
Dymarska2025_associations,9,125,9.953125,8.2265625,1.7265625
Dymarska2025_associations,9,126,8.5,7.59375,0.90625
Dymarska2025_associations,9,127,5.8984375,6.6484375,-0.75
Dymarska2025_associations,9,128,7.734375,7.083984375,0.650390625
Dymarska2025_associations,9,129,2.40576171875,2.2548828125,0.15087890625
Dymarska2025_associations,9,130,4.5234375,4.9921875,-0.46875
Dymarska2025_associations,9,131,7.765625,7.3125,0.453125
Dymarska2025_associations,9,132,6.1875,4.91015625,1.27734375
Dymarska2025_associations,9,133,10.25,9.21875,1.03125
Dymarska2025_associations,9,134,9.007080078125,8.01416015625,0.992919921875
Dymarska2025_associations,9,135,8.871063232421875,8.126953125,0.744110107421875
Dymarska2025_associations,9,136,8.087890625,7.67578125,0.412109375
Dymarska2025_associations,9,137,12.19921875,12.09765625,0.1015625
Dymarska2025_associations,9,138,9.8125,10.25,-0.4375
Dymarska2025_associations,9,139,5.4530029296875,4.320281982421875,1.132720947265625
Dymarska2025_associations,9,140,2.125,2.1015625,0.0234375
Dymarska2025_associations,9,141,3.373046875,2.8779296875,0.4951171875
Dymarska2025_associations,9,142,2.0467529296875,2.4217529296875,-0.375
Dymarska2025_associations,9,143,5.6064453125,5.0751953125,0.53125
Dymarska2025_associations,9,144,8.8720703125,9.5,-0.6279296875
Dymarska2025_associations,9,145,13.025390625,6.93505859375,6.09033203125
Dymarska2025_associations,9,146,6.203125,6.171875,0.03125
Dymarska2025_associations,9,147,7.390625,7.03515625,0.35546875
Dymarska2025_associations,9,148,13.365234375,12.3408203125,1.0244140625
Dymarska2025_associations,9,149,7.7109375,7.62890625,0.08203125
Dymarska2025_associations,9,150,14.36767578125,9.80517578125,4.5625
Dymarska2025_associations,9,151,11.75,11.3125,0.4375
Dymarska2025_associations,9,152,11.74609375,12.5,-0.75390625
Dymarska2025_associations,9,153,10.75,10.3515625,0.3984375
Dymarska2025_associations,9,154,9.7421875,10.71875,-0.9765625
Dymarska2025_associations,9,155,5.398193359375,4.507781982421875,0.890411376953125
Dymarska2025_associations,9,156,9.296875,8.8203125,0.4765625
Dymarska2025_associations,9,157,6.765625,6.0546875,0.7109375
Dymarska2025_associations,9,158,15.390625,16.4609375,-1.0703125
Dymarska2025_associations,9,159,8.8984375,8.54296875,0.35546875
Dymarska2025_associations,9,160,9.875,7.625,2.25
Dymarska2025_associations,9,161,7.71875,6.890625,0.828125
Dymarska2025_associations,9,162,6.22265625,5.5400390625,0.6826171875
Dymarska2025_associations,9,163,5.5625,5.1953125,0.3671875
Dymarska2025_associations,9,164,8.27239990234375,8.421600341796875,-0.149200439453125
Dymarska2025_associations,9,165,6.203125,6.453125,-0.25
Dymarska2025_associations,9,166,8.576171875,8.263671875,0.3125
Dymarska2025_associations,9,167,7.5625,7.25,0.3125
Dymarska2025_associations,9,168,5.87890625,4.283203125,1.595703125
Dymarska2025_associations,9,169,6.6875,7.6875,-1.0
Dymarska2025_associations,9,170,5.773193359375,5.132781982421875,0.640411376953125
Dymarska2025_associations,9,171,9.1875,8.984375,0.203125
Dymarska2025_associations,9,172,14.75,12.375,2.375
Dymarska2025_associations,9,173,9.03125,9.5,-0.46875
Dymarska2025_associations,9,174,11.9842529296875,11.91259765625,0.0716552734375
Dymarska2025_associations,9,175,6.140625,6.390625,-0.25
Dymarska2025_associations,9,176,9.9794921875,11.349609375,-1.3701171875
Dymarska2025_associations,9,177,2.7890625,2.71484375,0.07421875
Dymarska2025_associations,9,178,6.4267578125,7.61328125,-1.1865234375
Dymarska2025_associations,9,179,6.234375,7.296875,-1.0625
Dymarska2025_associations,9,180,7.30517578125,7.5751953125,-0.27001953125
Dymarska2025_associations,9,181,9.9755859375,11.236328125,-1.2607421875
Dymarska2025_associations,9,182,6.40625,6.0625,0.34375
Dymarska2025_associations,9,183,4.138671875,4.373046875,-0.234375
Dymarska2025_associations,9,184,8.703125,7.8046875,0.8984375
Dymarska2025_associations,9,185,5.4140625,5.2421875,0.171875
Dymarska2025_associations,9,186,8.87109375,8.71484375,0.15625
Dymarska2025_associations,9,187,6.98583984375,5.64208984375,1.34375
Dymarska2025_associations,9,188,7.96875,8.4375,-0.46875
Dymarska2025_associations,9,189,8.5625,8.375,0.1875
Dymarska2025_associations,9,190,7.921875,7.26171875,0.66015625
Dymarska2025_associations,9,191,6.288818359375,6.2655029296875,0.0233154296875
Dymarska2025_associations,9,192,4.3125,2.421875,1.890625
Dymarska2025_associations,9,193,6.77099609375,6.085693359375,0.685302734375
Dymarska2025_associations,9,194,4.25,4.03125,0.21875
Dymarska2025_associations,9,195,8.3359375,7.95458984375,0.38134765625
Dymarska2025_associations,9,196,6.234375,5.37109375,0.86328125
Dymarska2025_associations,10,0,13.3359375,21.095703125,-7.759765625
Dymarska2025_associations,10,1,6.828125,7.3671875,-0.5390625
Dymarska2025_associations,10,2,9.75,9.0625,0.6875
Dymarska2025_associations,10,3,7.0625,8.25,-1.1875
Dymarska2025_associations,10,4,6.5625,5.8125,0.75
Dymarska2025_associations,10,5,9.5625,10.359375,-0.796875
Dymarska2025_associations,10,6,7.984375,7.78125,0.203125
Dymarska2025_associations,10,7,5.287109375,4.59326171875,0.69384765625
Dymarska2025_associations,10,8,13.28125,11.125,2.15625
Dymarska2025_associations,10,9,2.6416015625,2.40234375,0.2392578125
Dymarska2025_associations,10,10,3.1728515625,3.263671875,-0.0908203125
Dymarska2025_associations,10,11,6.1669921875,6.37890625,-0.2119140625
Dymarska2025_associations,10,12,4.90625,4.90625,0.0
Dymarska2025_associations,10,13,5.34326171875,3.2705078125,2.07275390625
Dymarska2025_associations,10,14,6.3828125,5.5830078125,0.7998046875
Dymarska2025_associations,10,15,6.3125,6.765625,-0.453125
Dymarska2025_associations,10,16,3.953125,3.53125,0.421875
Dymarska2025_associations,10,17,5.46875,5.1328125,0.3359375
Dymarska2025_associations,10,18,7.4375,7.4375,0.0
Dymarska2025_associations,10,19,5.101531982421875,5.726531982421875,-0.625
Dymarska2025_associations,10,20,7.875,7.734375,0.140625
Dymarska2025_associations,10,21,6.445068359375,6.866943359375,-0.421875
Dymarska2025_associations,10,22,16.091796875,16.03125,0.060546875
Dymarska2025_associations,10,23,2.826171875,3.060546875,-0.234375
Dymarska2025_associations,10,24,4.6953125,3.73974609375,0.95556640625
Dymarska2025_associations,10,25,6.05859375,7.35546875,-1.296875
Dymarska2025_associations,10,26,5.76953125,2.359130859375,3.410400390625
Dymarska2025_associations,10,27,4.234375,3.53125,0.703125
Dymarska2025_associations,10,28,4.22021484375,4.52734375,-0.30712890625
Dymarska2025_associations,10,29,9.4375,8.296875,1.140625
Dymarska2025_associations,10,30,7.59375,7.3125,0.28125
Dymarska2025_associations,10,31,5.7890625,5.841796875,-0.052734375
Dymarska2025_associations,10,32,5.03955078125,5.135986328125,-0.096435546875
Dymarska2025_associations,10,33,4.78125,4.125,0.65625
Dymarska2025_associations,10,34,6.2060546875,6.335906982421875,-0.129852294921875
Dymarska2025_associations,10,35,7.585906982421875,7.015594482421875,0.5703125
Dymarska2025_associations,10,36,8.8125,8.9375,-0.125
Dymarska2025_associations,10,37,14.625,13.4375,1.1875
Dymarska2025_associations,10,38,6.1875,6.34375,-0.15625
Dymarska2025_associations,10,39,5.5,4.1875,1.3125
Dymarska2025_associations,10,40,1.7733154296875,0.94140625,0.8319091796875
Dymarska2025_associations,10,41,6.334930419921875,7.36572265625,-1.030792236328125
Dymarska2025_associations,10,42,2.09375,2.734375,-0.640625
Dymarska2025_associations,10,43,14.40625,13.8125,0.59375
Dymarska2025_associations,10,44,7.846923828125,5.097412109375,2.74951171875
Dymarska2025_associations,10,45,8.5390625,8.0146484375,0.5244140625
Dymarska2025_associations,10,46,4.462890625,3.9334716796875,0.5294189453125
Dymarska2025_associations,10,47,4.14453125,3.435546875,0.708984375
Dymarska2025_associations,10,48,5.21875,5.25,-0.03125
Dymarska2025_associations,10,49,7.2421875,8.015625,-0.7734375
Dymarska2025_associations,10,50,3.33984375,2.74609375,0.59375
Dymarska2025_associations,10,51,7.117156982421875,7.257781982421875,-0.140625
Dymarska2025_associations,10,52,5.59375,5.984375,-0.390625
Dymarska2025_associations,10,53,7.091796875,7.093719482421875,-0.001922607421875
Dymarska2025_associations,10,54,2.608978271484375,1.827972412109375,0.781005859375
Dymarska2025_associations,10,55,7.945281982421875,8.0625,-0.117218017578125
Dymarska2025_associations,10,56,5.109375,5.3125,-0.203125
Dymarska2025_associations,10,57,2.490234375,2.3125,0.177734375
Dymarska2025_associations,10,58,2.726531982421875,1.992156982421875,0.734375
Dymarska2025_associations,10,59,3.796875,3.53125,0.265625
Dymarska2025_associations,10,60,8.130859375,8.20703125,-0.076171875
Dymarska2025_associations,10,61,5.220703125,5.740234375,-0.51953125
Dymarska2025_associations,10,62,6.319793701171875,5.56787109375,0.751922607421875
Dymarska2025_associations,10,63,4.68701171875,5.1318359375,-0.44482421875
Dymarska2025_associations,10,64,3.08203125,3.39453125,-0.3125
Dymarska2025_associations,10,65,9.734375,10.78125,-1.046875
Dymarska2025_associations,10,66,7.257781982421875,5.757781982421875,1.5
Dymarska2025_associations,10,67,3.515625,4.90625,-1.390625
Dymarska2025_associations,10,68,4.9736328125,5.2353515625,-0.26171875
Dymarska2025_associations,10,69,5.984375,6.171875,-0.1875
Dymarska2025_associations,10,70,6.390625,4.53955078125,1.85107421875
Dymarska2025_associations,10,71,6.654296875,6.65234375,0.001953125
Dymarska2025_associations,10,72,8.40234375,8.54833984375,-0.14599609375
Dymarska2025_associations,10,73,9.6484375,9.35546875,0.29296875
Dymarska2025_associations,10,74,9.0390625,9.3046875,-0.265625
Dymarska2025_associations,10,75,4.328125,4.08984375,0.23828125
Dymarska2025_associations,10,76,3.62890625,2.8748779296875,0.7540283203125
Dymarska2025_associations,10,77,4.5625,4.375,0.1875
Dymarska2025_associations,10,78,5.5830078125,5.4949951171875,0.0880126953125
Dymarska2025_associations,10,79,4.41015625,5.2607421875,-0.8505859375
Dymarska2025_associations,10,80,7.359375,5.40625,1.953125
Dymarska2025_associations,10,81,4.64990234375,4.639617919921875,0.010284423828125
Dymarska2025_associations,10,82,4.310546875,5.072265625,-0.76171875
Dymarska2025_associations,10,83,5.40625,5.0,0.40625
Dymarska2025_associations,10,84,3.75,3.46875,0.28125
Dymarska2025_associations,10,85,1.827880859375,1.460662841796875,0.367218017578125
Dymarska2025_associations,10,86,8.945281982421875,9.59375,-0.648468017578125
Dymarska2025_associations,10,87,14.15625,13.875,0.28125
Dymarska2025_associations,10,88,3.404296875,3.39697265625,0.00732421875
Dymarska2025_associations,10,89,10.2109375,9.27734375,0.93359375
Dymarska2025_associations,10,90,9.914031982421877,8.2889404296875,1.6250915527343768
Dymarska2025_associations,10,91,6.884765625,7.193359375,-0.30859375
Dymarska2025_associations,10,92,7.68359375,8.84375,-1.16015625
Dymarska2025_associations,10,93,3.2459716796875,3.3656005859375,-0.11962890625
Dymarska2025_associations,10,94,5.1103515625,5.62890625,-0.5185546875
Dymarska2025_associations,10,95,11.975830078125,8.8748779296875,3.1009521484375
Dymarska2025_associations,10,96,2.63861083984375,4.520751953125,-1.88214111328125
Dymarska2025_associations,10,97,5.3807373046875,6.0693359375,-0.6885986328125
Dymarska2025_associations,10,98,8.5966796875,8.65234375,-0.0556640625
Dymarska2025_associations,10,99,4.546875,6.359375,-1.8125
Dymarska2025_associations,10,100,6.5625,5.2890625,1.2734375
Dymarska2025_associations,10,101,1.5361328125,1.4951171875,0.041015625
Dymarska2025_associations,10,102,5.2811279296875,5.3280029296875,-0.046875
Dymarska2025_associations,10,103,4.281005859375,2.64056396484375,1.64044189453125
Dymarska2025_associations,10,104,5.19775390625,5.261688232421875,-0.063934326171875
Dymarska2025_associations,10,105,3.6708984375,3.12451171875,0.54638671875
Dymarska2025_associations,10,106,3.257080078125,3.58447265625,-0.327392578125
Dymarska2025_associations,10,107,3.8828125,3.68359375,0.19921875
Dymarska2025_associations,10,108,7.84375,7.71875,0.125
Dymarska2025_associations,10,109,4.195281982421875,4.195281982421875,0.0
Dymarska2025_associations,10,110,2.579559326171875,2.599609375,-0.020050048828125
Dymarska2025_associations,10,111,4.7578125,4.96875,-0.2109375
Dymarska2025_associations,10,112,7.33984375,6.775390625,0.564453125
Dymarska2025_associations,10,113,4.4375,4.34375,0.09375
Dymarska2025_associations,10,114,4.15625,3.46875,0.6875
Dymarska2025_associations,10,115,2.527587890625,3.12890625,-0.601318359375
Dymarska2025_associations,10,116,6.373046875,5.654296875,0.71875
Dymarska2025_associations,10,117,5.03125,4.8828125,0.1484375
Dymarska2025_associations,10,118,6.0849609375,5.35498046875,0.72998046875
Dymarska2025_associations,10,119,3.271484375,2.5390625,0.732421875
Dymarska2025_associations,10,120,3.5341796875,3.69384765625,-0.15966796875
Dymarska2025_associations,10,121,8.13671875,7.66455078125,0.47216796875
Dymarska2025_associations,10,122,5.015625,4.875,0.140625
Dymarska2025_associations,10,123,21.5625,21.625,-0.0625
Dymarska2025_associations,10,124,6.201171875,6.904296875,-0.703125
Dymarska2025_associations,10,125,3.25,3.34375,-0.09375
Dymarska2025_associations,10,126,2.51171875,2.400390625,0.111328125
Dymarska2025_associations,10,127,6.171875,6.609375,-0.4375
Dymarska2025_associations,10,128,3.119140625,3.37109375,-0.251953125
Dymarska2025_associations,10,129,5.88037109375,5.123046875,0.75732421875
Dymarska2025_associations,10,130,10.625,10.4375,0.1875
Dymarska2025_associations,10,131,12.130859375,11.671875,0.458984375
Dymarska2025_associations,10,132,2.679656982421875,1.890594482421875,0.7890625
Dymarska2025_associations,10,133,2.5859375,2.46484375,0.12109375
Dymarska2025_associations,10,134,6.0380859375,4.87890625,1.1591796875
Dymarska2025_associations,10,135,7.546875,7.03125,0.515625
Dymarska2025_associations,10,136,6.6875,6.125,0.5625
Dymarska2025_associations,10,137,8.505859375,4.882568359375,3.623291015625
Dymarska2025_associations,10,138,5.871551513671875,5.233612060546875,0.637939453125
Dymarska2025_associations,10,139,7.27734375,6.54296875,0.734375
Dymarska2025_associations,10,140,8.765625,8.625,0.140625
Dymarska2025_associations,10,141,4.53125,4.546875,-0.015625
Dymarska2025_associations,10,142,2.625,2.5625,0.0625
Dymarska2025_associations,10,143,5.2030029296875,4.960693359375,0.2423095703125
Dymarska2025_associations,10,144,11.2724609375,11.27392578125,-0.00146484375
Dymarska2025_associations,10,145,3.544921875,3.29833984375,0.24658203125
Dymarska2025_associations,10,146,11.53125,9.171875,2.359375
Dymarska2025_associations,10,147,4.87890625,4.54150390625,0.33740234375
Dymarska2025_associations,10,148,3.742156982421875,4.023406982421875,-0.28125
Dymarska2025_associations,10,149,5.560546875,5.66796875,-0.107421875
Dymarska2025_associations,10,150,4.4765625,4.65625,-0.1796875
Dymarska2025_associations,10,151,3.19140625,3.320068359375,-0.128662109375
Dymarska2025_associations,10,152,7.493133544921875,6.751922607421875,0.7412109375
Dymarska2025_associations,10,153,7.390625,7.5234375,-0.1328125
Dymarska2025_associations,10,154,3.83203125,5.05859375,-1.2265625
Dymarska2025_associations,10,155,6.984375,7.296875,-0.3125
Dymarska2025_associations,10,156,5.89453125,5.408203125,0.486328125
Dymarska2025_associations,10,157,5.7021484375,5.8203125,-0.1181640625
Dymarska2025_associations,10,158,8.125,7.90625,0.21875
Dymarska2025_associations,10,159,6.560546875,5.9833984375,0.5771484375
Dymarska2025_associations,10,160,3.710906982421875,3.945281982421875,-0.234375
Dymarska2025_associations,10,161,3.77734375,3.65625,0.12109375
Dymarska2025_associations,10,162,2.28515625,3.00390625,-0.71875
Dymarska2025_associations,10,163,6.70849609375,7.84326171875,-1.134765625
Dymarska2025_associations,10,164,5.1484375,5.5234375,-0.375
Dymarska2025_associations,10,165,6.0233154296875,6.249969482421875,-0.226654052734375
Dymarska2025_associations,10,166,4.3125,5.484375,-1.171875
Dymarska2025_associations,10,167,3.91796875,3.3876953125,0.5302734375
Dymarska2025_associations,10,168,6.140594482421875,7.085906982421875,-0.9453125
Dymarska2025_associations,10,169,3.74267578125,4.1875,-0.44482421875
Dymarska2025_associations,10,170,6.50537109375,6.148193359375,0.357177734375
Dymarska2025_associations,10,171,3.913818359375,4.335693359375,-0.421875
Dymarska2025_associations,10,172,3.9501953125,4.10888671875,-0.15869140625
Dymarska2025_associations,10,173,4.185791015625,2.285125732421875,1.900665283203125
Dymarska2025_associations,10,174,4.2578125,3.914031982421875,0.343780517578125
Dymarska2025_associations,10,175,3.651824951171875,3.546356201171875,0.10546875
Dymarska2025_associations,10,176,9.0791015625,9.10888671875,-0.02978515625
Dymarska2025_associations,10,177,3.158203125,2.720703125,0.4375
Dymarska2025_associations,10,178,3.761688232421875,3.390625,0.371063232421875
Dymarska2025_associations,10,179,2.8359375,1.625,1.2109375
Dymarska2025_associations,10,180,2.3837890625,2.0244140625,0.359375
Dymarska2025_associations,10,181,3.8125,4.79296875,-0.98046875
Dymarska2025_associations,10,182,6.78515625,4.983612060546875,1.801544189453125
Dymarska2025_associations,10,183,3.0546875,2.8388671875,0.2158203125
Dymarska2025_associations,10,184,8.945281982421875,9.7655029296875,-0.820220947265625
Dymarska2025_associations,10,185,4.087890625,3.962890625,0.125
Dymarska2025_associations,10,186,4.99951171875,5.42333984375,-0.423828125
Dymarska2025_associations,10,187,5.773406982421875,5.2967529296875,0.476654052734375
Dymarska2025_associations,10,188,5.4609375,5.2216796875,0.2392578125
Dymarska2025_associations,10,189,5.5625,4.80859375,0.75390625
Dymarska2025_associations,10,190,6.240234375,5.3280029296875,0.9122314453125
Dymarska2025_associations,10,191,8.875,8.5625,0.3125
Dymarska2025_associations,10,192,5.257781982421875,3.539031982421875,1.71875
Dymarska2025_associations,10,193,10.796875,10.59375,0.203125
Dymarska2025_associations,10,194,9.3671875,7.484375,1.8828125
Dymarska2025_associations,10,195,4.3125,3.4375,0.875
Dymarska2025_associations,10,196,10.75,11.09375,-0.34375
Dymarska2025_associations,10,197,1.55859375,1.11328125,0.4453125
Dymarska2025_associations,10,198,6.0234375,5.927734375,0.095703125
Dymarska2025_associations,10,199,7.31640625,7.298828125,0.017578125
Dymarska2025_associations,11,0,7.18359375,12.283203125,-5.099609375
Dymarska2025_associations,11,1,14.1953125,15.0,-0.8046875
Dymarska2025_associations,11,2,7.6875,6.0,1.6875
Dymarska2025_associations,11,3,9.921875,8.078125,1.84375
Dymarska2025_associations,11,4,1.3740234375,1.1248779296875,0.2491455078125
Dymarska2025_associations,11,5,8.01611328125,7.63134765625,0.384765625
Dymarska2025_associations,11,6,5.314422607421875,5.04150390625,0.272918701171875
Dymarska2025_associations,11,7,8.38671875,8.2342529296875,0.1524658203125
Dymarska2025_associations,11,8,3.91015625,3.07421875,0.8359375
Dymarska2025_associations,11,9,6.296112060546875,6.3587646484375,-0.062652587890625
Dymarska2025_associations,11,10,5.09375,5.4296875,-0.3359375
Dymarska2025_associations,11,11,5.7578125,5.08984375,0.66796875
Dymarska2025_associations,11,12,6.25,6.5,-0.25
Dymarska2025_associations,11,13,5.6953125,6.2734375,-0.578125
Dymarska2025_associations,11,14,8.359375,8.359375,0.0
Dymarska2025_associations,11,15,1.0419921875,1.1806640625,-0.138671875
Dymarska2025_associations,11,16,7.9998779296875,7.952880859375,0.0469970703125
Dymarska2025_associations,11,17,8.40625,6.65625,1.75
Dymarska2025_associations,11,18,15.24951171875,14.710693359375,0.538818359375
Dymarska2025_associations,11,19,4.5,4.75,-0.25
Dymarska2025_associations,11,20,3.017578125,1.82958984375,1.18798828125
Dymarska2025_associations,11,21,6.280517578125,7.773193359375,-1.49267578125
Dymarska2025_associations,11,22,5.515625,5.01953125,0.49609375
Dymarska2025_associations,11,23,11.3397216796875,13.6787109375,-2.3389892578125
Dymarska2025_associations,11,24,5.671875,4.953125,0.71875
Dymarska2025_associations,11,25,7.681640625,6.75,0.931640625
Dymarska2025_associations,11,26,8.35546875,6.82421875,1.53125
Dymarska2025_associations,11,27,3.05126953125,2.96875,0.08251953125
Dymarska2025_associations,11,28,0.81640625,0.51953125,0.296875
Dymarska2025_associations,11,29,6.453125,5.81640625,0.63671875
Dymarska2025_associations,11,30,10.04638671875,7.929656982421875,2.116729736328125
Dymarska2025_associations,11,31,5.132293701171875,4.7025146484375,0.429779052734375
Dymarska2025_associations,11,32,11.65625,11.046875,0.609375
Dymarska2025_associations,11,33,5.0927734375,4.95947265625,0.13330078125
Dymarska2025_associations,11,34,6.96875,7.65625,-0.6875
Dymarska2025_associations,11,35,3.44140625,3.14453125,0.296875
Dymarska2025_associations,11,36,6.7412109375,6.263671875,0.4775390625
Dymarska2025_associations,11,37,13.6875,8.5078125,5.1796875
Dymarska2025_associations,11,38,3.916015625,4.744140625,-0.828125
Dymarska2025_associations,11,39,4.6875,5.671875,-0.984375
Dymarska2025_associations,11,40,7.0,8.0625,-1.0625
Dymarska2025_associations,11,41,2.5146484375,2.89013671875,-0.37548828125
Dymarska2025_associations,11,42,2.892578125,2.3212890625,0.5712890625
Dymarska2025_associations,11,43,2.828125,1.828125,1.0
Dymarska2025_associations,11,44,6.27734375,5.0224609375,1.2548828125
Dymarska2025_associations,11,45,7.25390625,7.984375,-0.73046875
Dymarska2025_associations,11,46,5.61572265625,5.75537109375,-0.1396484375
Dymarska2025_associations,11,47,17.25,18.25,-1.0
Dymarska2025_associations,11,48,8.564453125,4.8662109375,3.6982421875
Dymarska2025_associations,11,49,4.06640625,3.59765625,0.46875
Dymarska2025_associations,11,50,6.810546875,7.038330078125,-0.227783203125
Dymarska2025_associations,11,51,2.924774169921875,1.718017578125,1.206756591796875
Dymarska2025_associations,11,52,7.89794921875,7.248046875,0.64990234375
Dymarska2025_associations,11,53,6.00439453125,7.376953125,-1.37255859375
Dymarska2025_associations,11,54,2.5936279296875,2.257568359375,0.3360595703125
Dymarska2025_associations,11,55,2.76904296875,1.732666015625,1.036376953125
Dymarska2025_associations,11,56,6.888671875,6.132080078125,0.756591796875
Dymarska2025_associations,11,57,3.5048828125,3.395751953125,0.109130859375
Dymarska2025_associations,11,58,2.76953125,3.8671875,-1.09765625
Dymarska2025_associations,11,59,10.28125,8.09375,2.1875
Dymarska2025_associations,11,60,4.55859375,4.09375,0.46484375
Dymarska2025_associations,11,61,6.9765625,7.220703125,-0.244140625
Dymarska2025_associations,11,62,7.984375,8.203125,-0.21875
Dymarska2025_associations,11,63,4.021484375,3.49609375,0.525390625
Dymarska2025_associations,11,64,14.96875,13.0625,1.90625
Dymarska2025_associations,11,65,3.0576171875,3.29736328125,-0.23974609375
Dymarska2025_associations,11,66,6.5,6.5625,-0.0625
Dymarska2025_associations,11,67,3.20263671875,3.257568359375,-0.054931640625
Dymarska2025_associations,11,68,3.53662109375,3.93701171875,-0.400390625
Dymarska2025_associations,11,69,3.460205078125,2.933349609375,0.52685546875
Dymarska2025_associations,11,70,9.41455078125,8.23046875,1.18408203125
Dymarska2025_associations,11,71,6.984375,7.4609375,-0.4765625
Dymarska2025_associations,11,72,5.468017578125,5.41748046875,0.050537109375
Dymarska2025_associations,11,73,11.42181396484375,11.89056396484375,-0.46875
Dymarska2025_associations,11,74,4.710693359375,4.7030029296875,0.0076904296875
Dymarska2025_associations,11,75,6.494140625,6.32958984375,0.16455078125
Dymarska2025_associations,11,76,9.518524169921877,9.660125732421877,-0.1416015625
Dymarska2025_associations,11,77,6.75390625,7.49609375,-0.7421875
Dymarska2025_associations,11,78,4.66796875,4.9609375,-0.29296875
Dymarska2025_associations,11,79,1.109375,0.98828125,0.12109375
Dymarska2025_associations,11,80,4.7958984375,4.725830078125,0.070068359375
Dymarska2025_associations,11,81,7.6875,6.609375,1.078125
Dymarska2025_associations,11,82,5.111785888671875,5.278289794921875,-0.16650390625
Dymarska2025_associations,11,83,1.6639404296875,1.952880859375,-0.2889404296875
Dymarska2025_associations,11,84,5.96826171875,6.58447265625,-0.6162109375
Dymarska2025_associations,11,85,5.45703125,5.38671875,0.0703125
Dymarska2025_associations,11,86,2.14208984375,2.669921875,-0.52783203125
Dymarska2025_associations,11,87,3.71484375,3.9814453125,-0.2666015625
Dymarska2025_associations,11,88,4.6953125,4.9296875,-0.234375
Dymarska2025_associations,11,89,4.0653076171875,3.7132568359375,0.35205078125
Dymarska2025_associations,11,90,9.03125,7.029296875,2.001953125
Dymarska2025_associations,11,91,3.625,5.09375,-1.46875
Dymarska2025_associations,11,92,14.4296875,11.578125,2.8515625
Dymarska2025_associations,11,93,18.23046875,13.068359375,5.162109375
Dymarska2025_associations,11,94,4.0,4.5625,-0.5625
Dymarska2025_associations,11,95,6.8984375,5.655517578125,1.242919921875
Dymarska2025_associations,11,96,9.703125,9.0546875,0.6484375
Dymarska2025_associations,11,97,6.15625,7.171875,-1.015625
Dymarska2025_associations,11,98,5.546875,5.93359375,-0.38671875
Dymarska2025_associations,11,99,4.859375,4.36328125,0.49609375
Dymarska2025_associations,11,100,5.96875,5.5,0.46875
Dymarska2025_associations,11,101,7.6875,8.6875,-1.0
Dymarska2025_associations,11,102,10.3125,10.015625,0.296875
Dymarska2025_associations,11,103,8.25537109375,8.46484375,-0.20947265625
Dymarska2025_associations,11,104,8.65625,6.09765625,2.55859375
Dymarska2025_associations,11,105,3.0703125,1.86865234375,1.20166015625
Dymarska2025_associations,11,106,6.54296875,7.453125,-0.91015625
Dymarska2025_associations,11,107,2.475830078125,1.687255859375,0.78857421875
Dymarska2025_associations,11,108,3.08642578125,2.64208984375,0.4443359375
Dymarska2025_associations,11,109,9.263641357421877,8.598602294921875,0.6650390625000018
Dymarska2025_associations,11,110,4.625,4.445281982421875,0.179718017578125
Dymarska2025_associations,11,111,6.376953125,6.02685546875,0.35009765625
Dymarska2025_associations,11,112,5.046875,4.8671875,0.1796875
Dymarska2025_associations,11,113,8.75,9.25,-0.5
Dymarska2025_associations,11,114,4.927734375,4.6455078125,0.2822265625
Dymarska2025_associations,11,115,3.728515625,2.9267578125,0.8017578125
Dymarska2025_associations,11,116,4.4208984375,4.78662109375,-0.36572265625
Dymarska2025_associations,11,117,5.570281982421875,4.487274169921875,1.0830078125
Dymarska2025_associations,11,118,9.1875,7.75,1.4375
Dymarska2025_associations,11,119,6.078125,6.75,-0.671875
Dymarska2025_associations,11,120,2.1092529296875,1.929656982421875,0.179595947265625
Dymarska2025_associations,11,121,0.413818359375,0.282958984375,0.130859375
Dymarska2025_associations,11,122,6.375,6.5,-0.125
Dymarska2025_associations,11,123,4.59765625,3.744140625,0.853515625
Dymarska2025_associations,11,124,7.498046875,7.046875,0.451171875
Dymarska2025_associations,11,125,2.76171875,2.72265625,0.0390625
Dymarska2025_associations,11,126,7.28515625,7.216796875,0.068359375
Dymarska2025_associations,11,127,7.835693359375,8.65576171875,-0.820068359375
Dymarska2025_associations,11,128,9.3125,8.625,0.6875
Dymarska2025_associations,11,129,9.103515625,9.33203125,-0.228515625
Dymarska2025_associations,11,130,2.1435546875,1.837890625,0.3056640625
Dymarska2025_associations,11,131,10.78125,10.5625,0.21875
Dymarska2025_associations,11,132,5.916015625,6.4150390625,-0.4990234375
Dymarska2025_associations,11,133,5.328125,5.1953125,0.1328125
Dymarska2025_associations,11,134,6.25,6.78125,-0.53125
Dymarska2025_associations,11,135,3.36279296875,3.378173828125,-0.015380859375
Dymarska2025_associations,11,136,6.7421875,4.7186279296875,2.0235595703125
Dymarska2025_associations,11,137,3.699188232421875,3.41796875,0.281219482421875
Dymarska2025_associations,11,138,8.6142578125,9.5439453125,-0.9296875
Dymarska2025_associations,11,139,6.984375,6.3330078125,0.6513671875
Dymarska2025_associations,11,140,8.0,7.0,1.0
Dymarska2025_associations,11,141,7.6875,7.125,0.5625
Dymarska2025_associations,11,142,13.359375,14.5,-1.140625
Dymarska2025_associations,11,143,6.9783935546875,6.9393310546875,0.0390625
Dymarska2025_associations,11,144,9.75,9.6875,0.0625
Dymarska2025_associations,11,145,3.84375,3.703125,0.140625
Dymarska2025_associations,11,146,5.44921875,5.078125,0.37109375
Dymarska2025_associations,11,147,6.4375,5.875,0.5625
Dymarska2025_associations,11,148,1.3203125,1.0703125,0.25
Dymarska2025_associations,11,149,6.4140625,6.103515625,0.310546875
Dymarska2025_associations,12,0,14.875,12.828125,2.046875
Dymarska2025_associations,12,1,14.350830078125,13.116943359375,1.23388671875
Dymarska2025_associations,12,2,5.9375,7.6875,-1.75
Dymarska2025_associations,12,3,7.0,3.814453125,3.185546875
Dymarska2025_associations,12,4,3.79296875,4.351531982421875,-0.558563232421875
Dymarska2025_associations,12,5,6.30078125,7.1201171875,-0.8193359375
Dymarska2025_associations,12,6,5.8359375,5.390625,0.4453125
Dymarska2025_associations,12,7,7.09765625,5.9842529296875,1.1134033203125
Dymarska2025_associations,12,8,9.12109375,7.919921875,1.201171875
Dymarska2025_associations,12,9,15.98876953125,12.27099609375,3.7177734375
Dymarska2025_associations,12,10,4.2890625,3.955078125,0.333984375
Dymarska2025_associations,12,11,5.81640625,4.389892578125,1.426513671875
Dymarska2025_associations,12,12,3.53125,3.55859375,-0.02734375
Dymarska2025_associations,12,13,12.28125,10.421875,1.859375
Dymarska2025_associations,12,14,10.089813232421877,9.4306640625,0.6591491699218768
Dymarska2025_associations,12,15,10.2734375,9.2236328125,1.0498046875
Dymarska2025_associations,12,16,7.03125,7.34375,-0.3125
Dymarska2025_associations,12,17,10.40625,8.484375,1.921875
Dymarska2025_associations,12,18,6.71875,5.71875,1.0
Dymarska2025_associations,12,19,8.25,8.4375,-0.1875
Dymarska2025_associations,12,20,11.328125,6.263671875,5.064453125
Dymarska2025_associations,12,21,4.4124755859375,5.031005859375,-0.6185302734375
Dymarska2025_associations,12,22,4.359375,4.203125,0.15625
Dymarska2025_associations,12,23,9.984375,8.8125,1.171875
Dymarska2025_associations,12,24,3.77587890625,3.429443359375,0.346435546875
Dymarska2025_associations,12,25,5.20166015625,3.9061279296875,1.2955322265625
Dymarska2025_associations,12,26,7.609375,7.8125,-0.203125
Dymarska2025_associations,12,27,8.91015625,9.7265625,-0.81640625
Dymarska2025_associations,12,28,11.62451171875,12.21826171875,-0.59375
Dymarska2025_associations,12,29,7.73974609375,9.491455078125,-1.751708984375
Dymarska2025_associations,12,30,9.6875,7.265625,2.421875
Dymarska2025_associations,12,31,3.80078125,2.82275390625,0.97802734375
Dymarska2025_associations,12,32,5.8984375,4.810546875,1.087890625
Dymarska2025_associations,12,33,15.03076171875,14.648193359375,0.382568359375
Dymarska2025_associations,12,34,12.556640625,12.2578125,0.298828125
Dymarska2025_associations,12,35,19.953125,13.0595703125,6.8935546875
Dymarska2025_associations,12,36,12.21875,12.140625,0.078125
Dymarska2025_associations,12,37,8.875,8.21875,0.65625
Dymarska2025_associations,12,38,9.9140625,10.8046875,-0.890625
Dymarska2025_associations,12,39,6.03125,6.375,-0.34375
Dymarska2025_associations,12,40,1.163818359375,0.494110107421875,0.669708251953125
Dymarska2025_associations,12,41,8.02197265625,5.76171875,2.26025390625
Dymarska2025_associations,12,42,3.601318359375,2.914031982421875,0.687286376953125
Dymarska2025_associations,12,43,5.30859375,5.572265625,-0.263671875
Dymarska2025_associations,12,44,4.36328125,3.4541015625,0.9091796875
Dymarska2025_associations,12,45,10.53125,8.28125,2.25
Dymarska2025_associations,12,46,6.75732421875,5.10693359375,1.650390625
Dymarska2025_associations,12,47,5.8125,6.125,-0.3125
Dymarska2025_associations,12,48,4.28125,4.46875,-0.1875
Dymarska2025_associations,12,49,6.609375,6.375,0.234375
Dymarska2025_associations,12,50,4.1064453125,4.97412109375,-0.86767578125
Dymarska2025_associations,12,51,4.43743896484375,5.753875732421875,-1.316436767578125
Dymarska2025_associations,12,52,4.02880859375,3.732879638671875,0.295928955078125
Dymarska2025_associations,12,53,3.24267578125,3.513671875,-0.27099609375
Dymarska2025_associations,12,54,4.75537109375,3.47607421875,1.279296875
Dymarska2025_associations,12,55,3.9453125,4.095703125,-0.150390625
Dymarska2025_associations,12,56,4.3251953125,3.7080078125,0.6171875
Dymarska2025_associations,12,57,6.775390625,6.7890625,-0.013671875
Dymarska2025_associations,12,58,8.006317138671875,7.95263671875,0.053680419921875
Dymarska2025_associations,12,59,5.0595703125,5.29638671875,-0.23681640625
Dymarska2025_associations,12,60,3.71875,5.017578125,-1.298828125
Dymarska2025_associations,12,61,1.257781982421875,1.195281982421875,0.0625
Dymarska2025_associations,12,62,0.876953125,0.47900390625,0.39794921875
Dymarska2025_associations,12,63,5.0205078125,4.0693359375,0.951171875
Dymarska2025_associations,12,64,4.7958984375,4.616943359375,0.178955078125
Dymarska2025_associations,12,65,6.45263671875,6.38232421875,0.0703125
Dymarska2025_associations,12,66,6.15625,6.0625,0.09375
Dymarska2025_associations,12,67,2.257080078125,1.81982421875,0.437255859375
Dymarska2025_associations,12,68,2.414031982421875,2.429656982421875,-0.015625
Dymarska2025_associations,12,69,3.640625,3.3125,0.328125
Dymarska2025_associations,12,70,6.125,6.53125,-0.40625
Dymarska2025_associations,12,71,4.2694091796875,3.8118896484375,0.45751953125
Dymarska2025_associations,12,72,5.609344482421875,6.14013671875,-0.530792236328125
Dymarska2025_associations,12,73,2.6083984375,2.757568359375,-0.149169921875
Dymarska2025_associations,12,74,4.03515625,3.86083984375,0.17431640625
Dymarska2025_associations,12,75,2.5,2.046875,0.453125
Dymarska2025_associations,12,76,4.140625,2.90234375,1.23828125
Dymarska2025_associations,12,77,2.521484375,2.132781982421875,0.388702392578125
Dymarska2025_associations,12,78,8.9375,8.34375,0.59375
Dymarska2025_associations,12,79,6.42578125,5.861328125,0.564453125
Dymarska2025_associations,12,80,6.55859375,5.3359375,1.22265625
Dymarska2025_associations,12,81,12.84375,11.15625,1.6875
Dymarska2025_associations,12,82,10.662078857421877,10.351043701171877,0.31103515625
Dymarska2025_associations,12,83,6.78515625,7.2216796875,-0.4365234375
Dymarska2025_associations,12,84,8.75,6.03125,2.71875
Dymarska2025_associations,12,85,4.1953125,4.0078125,0.1875
Dymarska2025_associations,12,86,6.90625,6.2578125,0.6484375
Dymarska2025_associations,12,87,6.44921875,7.527313232421875,-1.078094482421875
Dymarska2025_associations,12,88,1.2890625,1.5390625,-0.25
Dymarska2025_associations,12,89,5.41796875,4.7041015625,0.7138671875
Dymarska2025_associations,12,90,5.968505859375,5.464599609375,0.50390625
Dymarska2025_associations,12,91,1.25,0.86328125,0.38671875
Dymarska2025_associations,12,92,4.656219482421875,3.7576904296875,0.898529052734375
Dymarska2025_associations,12,93,7.92333984375,9.218475341796877,-1.2951354980468768
Dymarska2025_associations,12,94,5.487548828125,3.95306396484375,1.53448486328125
Dymarska2025_associations,12,95,9.3125,9.78125,-0.46875
Dymarska2025_associations,12,96,6.8125,6.5,0.3125
Dymarska2025_associations,12,97,6.078125,5.09375,0.984375
Dymarska2025_associations,12,98,4.52734375,4.2265625,0.30078125
Dymarska2025_associations,12,99,9.085906982421877,8.945281982421875,0.14062500000000178
Dymarska2025_associations,12,100,4.1796875,3.87109375,0.30859375
Dymarska2025_associations,12,101,9.4375,9.4375,0.0
Dymarska2025_associations,12,102,3.140625,3.12109375,0.01953125
Dymarska2025_associations,12,103,9.21875,8.4453125,0.7734375
Dymarska2025_associations,12,104,7.59375,6.78125,0.8125
Dymarska2025_associations,12,105,11.6875,11.484375,0.203125
Dymarska2025_associations,12,106,9.27099609375,11.21484375,-1.94384765625
Dymarska2025_associations,12,107,7.2734375,5.88037109375,1.39306640625
Dymarska2025_associations,12,108,2.6083984375,2.97509765625,-0.36669921875
Dymarska2025_associations,12,109,2.986785888671875,2.69287109375,0.293914794921875
Dymarska2025_associations,12,110,6.0712890625,6.388671875,-0.3173828125
Dymarska2025_associations,12,111,2.882781982421875,3.015625,-0.132843017578125
Dymarska2025_associations,12,112,6.5625,3.955078125,2.607421875
Dymarska2025_associations,12,113,10.20703125,10.22900390625,-0.02197265625
Dymarska2025_associations,12,114,3.953125,3.28515625,0.66796875
Dymarska2025_associations,12,115,6.68701171875,7.60888671875,-0.921875
Dymarska2025_associations,12,116,3.583984375,3.1015625,0.482421875
Dymarska2025_associations,12,117,4.37109375,5.078125,-0.70703125
Dymarska2025_associations,12,118,8.601531982421875,7.34375,1.257781982421875
Dymarska2025_associations,12,119,6.36083984375,7.02734375,-0.66650390625
Dymarska2025_associations,12,120,9.09375,8.25,0.84375
Dymarska2025_associations,12,121,9.015625,8.802734375,0.212890625
Dymarska2025_associations,12,122,5.744140625,5.94921875,-0.205078125
Dymarska2025_associations,12,123,3.1376953125,2.678955078125,0.458740234375
Dymarska2025_associations,12,124,4.329833984375,3.815673828125,0.51416015625
Dymarska2025_associations,12,125,4.25,3.390625,0.859375
Dymarska2025_associations,12,126,6.552734375,4.169921875,2.3828125
Dymarska2025_associations,12,127,6.578125,6.681640625,-0.103515625
Dymarska2025_associations,12,128,5.69140625,6.37890625,-0.6875
Dymarska2025_associations,12,129,4.599609375,4.365234375,0.234375
Dymarska2025_associations,12,130,5.140625,5.05078125,0.08984375
Dymarska2025_associations,12,131,12.185546875,11.837890625,0.34765625
Dymarska2025_associations,12,132,8.029754638671875,7.248504638671875,0.78125
Dymarska2025_associations,12,133,6.28515625,6.6640625,-0.37890625
Dymarska2025_associations,12,134,8.4375,6.5,1.9375
Dymarska2025_associations,12,135,6.39501953125,6.78857421875,-0.3935546875
Dymarska2025_associations,12,136,5.08056640625,5.260009765625,-0.179443359375
Dymarska2025_associations,12,137,6.9375,7.0625,-0.125
Dymarska2025_associations,12,138,7.1875,7.234375,-0.046875
Dymarska2025_associations,12,139,6.375,6.4375,-0.0625
Dymarska2025_associations,12,140,2.664031982421875,2.99609375,-0.332061767578125
Dymarska2025_associations,12,141,3.27734375,1.97265625,1.3046875
Dymarska2025_associations,12,142,8.09326171875,8.273193359375,-0.179931640625
Dymarska2025_associations,12,143,7.09326171875,7.78076171875,-0.6875
Dymarska2025_associations,12,144,3.8935546875,2.99267578125,0.90087890625
Dymarska2025_associations,12,145,6.09375,6.03125,0.0625
Dymarska2025_associations,12,146,4.5625,4.46875,0.09375
Dymarska2025_associations,12,147,10.0625,9.5625,0.5
Dymarska2025_associations,12,148,6.8583984375,6.67822265625,0.18017578125
Dymarska2025_associations,12,149,6.0,5.8125,0.1875
Dymarska2025_associations,12,150,2.96875,2.515625,0.453125
Dymarska2025_associations,12,151,4.767578125,3.98828125,0.779296875
Dymarska2025_associations,12,152,8.59912109375,7.13134765625,1.4677734375
Dymarska2025_associations,12,153,3.875,3.359375,0.515625
Dymarska2025_associations,12,154,8.44140625,8.15625,0.28515625
Dymarska2025_associations,12,155,8.4609375,7.34375,1.1171875
Dymarska2025_associations,12,156,8.3748779296875,8.3709716796875,0.00390625
Dymarska2025_associations,12,157,6.033203125,5.0849609375,0.9482421875
Dymarska2025_associations,12,158,5.257781982421875,3.921875,1.335906982421875
Dymarska2025_associations,12,159,9.14056396484375,8.89056396484375,0.25
Dymarska2025_associations,12,160,2.33984375,2.444305419921875,-0.104461669921875
Dymarska2025_associations,12,161,16.691375732421875,14.843719482421877,1.8476562499999982
Dymarska2025_associations,12,162,5.8125,6.125,-0.3125
Dymarska2025_associations,12,163,4.969207763671875,4.366180419921875,0.60302734375
Dymarska2025_associations,12,164,7.4296875,7.140625,0.2890625
Dymarska2025_associations,12,165,1.84326171875,1.39599609375,0.447265625
Dymarska2025_associations,12,166,6.0625,4.125,1.9375
Dymarska2025_associations,12,167,4.18359375,2.87646484375,1.30712890625
Dymarska2025_associations,12,168,4.4842529296875,4.945281982421875,-0.461029052734375
Dymarska2025_associations,12,169,8.203125,8.171875,0.03125
Dymarska2025_associations,12,170,7.21875,6.828125,0.390625
Dymarska2025_associations,12,171,3.25390625,2.765625,0.48828125
Dymarska2025_associations,12,172,6.609375,7.515625,-0.90625
Dymarska2025_associations,12,173,9.15625,10.03125,-0.875
Dymarska2025_associations,12,174,8.2880859375,8.1669921875,0.12109375
Dymarska2025_associations,12,175,4.390625,4.0234375,0.3671875
Dymarska2025_associations,12,176,4.4765625,4.8046875,-0.328125
Dymarska2025_associations,12,177,7.765625,6.984375,0.78125
Dymarska2025_associations,12,178,5.828125,4.9375,0.890625
Dymarska2025_associations,12,179,9.9375,9.904296875,0.033203125
Dymarska2025_associations,13,0,11.921875,14.2265625,-2.3046875
Dymarska2025_associations,13,1,9.39013671875,7.6708984375,1.71923828125
Dymarska2025_associations,13,2,11.625,4.19970703125,7.42529296875
Dymarska2025_associations,13,3,5.45361328125,4.69140625,0.76220703125
Dymarska2025_associations,13,4,9.357147216796877,11.42724609375,-2.0700988769531232
Dymarska2025_associations,13,5,10.78125,7.669921875,3.111328125
Dymarska2025_associations,13,6,7.203125,5.00390625,2.19921875
Dymarska2025_associations,13,7,7.625,7.53125,0.09375
Dymarska2025_associations,13,8,7.99609375,4.091796875,3.904296875
Dymarska2025_associations,13,9,7.484375,5.623046875,1.861328125
Dymarska2025_associations,13,10,8.421875,6.267578125,2.154296875
Dymarska2025_associations,13,11,6.015625,5.1953125,0.8203125
Dymarska2025_associations,13,12,5.884765625,5.50537109375,0.37939453125
Dymarska2025_associations,13,13,6.609375,7.791015625,-1.181640625
Dymarska2025_associations,13,14,5.91162109375,4.960693359375,0.950927734375
Dymarska2025_associations,13,15,7.984375,6.916015625,1.068359375
Dymarska2025_associations,13,16,9.67724609375,5.7412109375,3.93603515625
Dymarska2025_associations,13,17,5.4921875,4.97265625,0.51953125
Dymarska2025_associations,13,18,3.765625,3.5,0.265625
Dymarska2025_associations,13,19,3.11376953125,2.5009765625,0.61279296875
Dymarska2025_associations,13,20,2.5546875,2.287109375,0.267578125
Dymarska2025_associations,13,21,1.71875,1.9453125,-0.2265625
Dymarska2025_associations,13,22,7.82421875,6.453094482421875,1.371124267578125
Dymarska2025_associations,13,23,7.710693359375,7.6092529296875,0.1014404296875
Dymarska2025_associations,13,24,5.125,4.96875,0.15625
Dymarska2025_associations,13,25,2.71875,2.125,0.59375
Dymarska2025_associations,13,26,4.1484375,3.484375,0.6640625
Dymarska2025_associations,13,27,5.513671875,5.64892578125,-0.13525390625
Dymarska2025_associations,13,28,8.03125,7.225830078125,0.805419921875
Dymarska2025_associations,13,29,5.75537109375,4.898193359375,0.857177734375
Dymarska2025_associations,13,30,5.515625,5.9462890625,-0.4306640625
Dymarska2025_associations,13,31,10.970672607421877,10.529296875,0.4413757324218768
Dymarska2025_associations,13,32,4.4375,5.0,-0.5625
Dymarska2025_associations,13,33,7.601531982421875,6.804656982421875,0.796875
Dymarska2025_associations,13,34,8.71875,9.1875,-0.46875
Dymarska2025_associations,13,35,6.03125,5.75,0.28125
Dymarska2025_associations,13,36,2.982421875,4.181640625,-1.19921875
Dymarska2025_associations,13,37,8.55078125,10.640625,-2.08984375
Dymarska2025_associations,13,38,8.5,8.125,0.375
Dymarska2025_associations,13,39,9.515625,9.1875,0.328125
Dymarska2025_associations,13,40,0.648406982421875,0.2890625,0.359344482421875
Dymarska2025_associations,13,41,8.037078857421875,7.827362060546875,0.209716796875
Dymarska2025_associations,13,42,4.158203125,3.5224609375,0.6357421875
Dymarska2025_associations,13,43,8.40625,7.09375,1.3125
Dymarska2025_associations,13,44,5.94140625,5.970703125,-0.029296875
Dymarska2025_associations,13,45,5.1728515625,4.8671875,0.3056640625
Dymarska2025_associations,13,46,2.1717529296875,2.054656982421875,0.117095947265625
Dymarska2025_associations,13,47,3.546875,3.279296875,0.267578125
Dymarska2025_associations,13,48,4.7781982421875,5.2059326171875,-0.427734375
Dymarska2025_associations,13,49,6.601318359375,8.6717529296875,-2.0704345703125
Dymarska2025_associations,13,50,2.09375,1.6796875,0.4140625
Dymarska2025_associations,13,51,6.0546875,4.30517578125,1.74951171875
Dymarska2025_associations,13,52,4.748046875,4.27001953125,0.47802734375
Dymarska2025_associations,13,53,7.859375,5.529296875,2.330078125
Dymarska2025_associations,13,54,5.65625,5.19775390625,0.45849609375
Dymarska2025_associations,13,55,4.6640625,5.52734375,-0.86328125
Dymarska2025_associations,13,56,8.203125,6.5625,1.640625
Dymarska2025_associations,13,57,5.623046875,5.908203125,-0.28515625
Dymarska2025_associations,13,58,6.15625,5.6171875,0.5390625
Dymarska2025_associations,13,59,5.6171875,5.199188232421875,0.417999267578125
Dymarska2025_associations,13,60,1.296844482421875,0.91796875,0.378875732421875
Dymarska2025_associations,13,61,2.1717529296875,2.347625732421875,-0.175872802734375
Dymarska2025_associations,13,62,2.4375,2.015625,0.421875
Dymarska2025_associations,13,63,2.970703125,2.78662109375,0.18408203125
Dymarska2025_associations,13,64,2.93359375,2.6171875,0.31640625
Dymarska2025_associations,13,65,10.140594482421877,9.574188232421877,0.56640625
Dymarska2025_associations,13,66,4.585693359375,4.3280029296875,0.2576904296875
Dymarska2025_associations,13,67,6.3857421875,7.064453125,-0.6787109375
Dymarska2025_associations,13,68,4.4873046875,6.11669921875,-1.62939453125
Dymarska2025_associations,13,69,5.69384765625,4.9208984375,0.77294921875
Dymarska2025_associations,13,70,3.78515625,3.52392578125,0.26123046875
Dymarska2025_associations,13,71,1.28118896484375,1.51556396484375,-0.234375
Dymarska2025_associations,13,72,1.43115234375,0.9287109375,0.50244140625
Dymarska2025_associations,13,73,6.3046875,6.3046875,0.0
Dymarska2025_associations,13,74,7.578125,7.14306640625,0.43505859375
Dymarska2025_associations,13,75,3.154296875,2.8896484375,0.2646484375
Dymarska2025_associations,13,76,2.9833984375,3.1318359375,-0.1484375
Dymarska2025_associations,13,77,6.625,6.5,0.125
Dymarska2025_associations,13,78,2.476531982421875,2.458953857421875,0.017578125
Dymarska2025_associations,13,79,7.351043701171875,6.695281982421875,0.65576171875
Dymarska2025_associations,13,80,3.453125,3.359375,0.09375
Dymarska2025_associations,13,81,7.2236328125,7.638671875,-0.4150390625
Dymarska2025_associations,13,82,5.09375,5.1875,-0.09375
Dymarska2025_associations,13,83,0.73046875,0.1845703125,0.5458984375
Dymarska2025_associations,13,84,3.65625,3.390625,0.265625
Dymarska2025_associations,13,85,3.109130859375,3.171112060546875,-0.061981201171875
Dymarska2025_associations,13,86,3.0850830078125,2.4813232421875,0.603759765625
Dymarska2025_associations,13,87,2.335693359375,2.210906982421875,0.124786376953125
Dymarska2025_associations,13,88,6.341796875,4.882781982421875,1.459014892578125
Dymarska2025_associations,13,89,2.640625,1.921875,0.71875
Dymarska2025_associations,13,90,9.3944091796875,9.941162109375,-0.5467529296875
Dymarska2025_associations,13,91,3.2490234375,3.320068359375,-0.071044921875
Dymarska2025_associations,13,92,4.593505859375,4.608856201171875,-0.015350341796875
Dymarska2025_associations,13,93,5.875,5.0625,0.8125
Dymarska2025_associations,13,94,20.103515625,13.880859375,6.22265625
Dymarska2025_associations,13,95,8.78125,7.6875,1.09375
Dymarska2025_associations,13,96,8.285125732421875,7.464599609375,0.820526123046875
Dymarska2025_associations,13,97,6.664031982421875,6.3125,0.351531982421875
Dymarska2025_associations,13,98,6.125,5.9375,0.1875
Dymarska2025_associations,13,99,10.1396484375,10.388671875,-0.2490234375
Dymarska2025_associations,13,100,1.3359375,1.390625,-0.0546875
Dymarska2025_associations,13,101,7.6875,8.875,-1.1875
Dymarska2025_associations,13,102,10.8125,11.5,-0.6875
Dymarska2025_associations,13,103,9.976043701171877,10.655975341796877,-0.679931640625
Dymarska2025_associations,13,104,4.28076171875,4.350830078125,-0.070068359375
Dymarska2025_associations,13,105,6.46875,6.71875,-0.25
Dymarska2025_associations,13,106,4.796844482421875,6.585906982421875,-1.7890625
Dymarska2025_associations,13,107,12.46875,13.0,-0.53125
Dymarska2025_associations,13,108,8.734375,7.8916015625,0.8427734375
Dymarska2025_associations,13,109,5.9609375,7.890625,-1.9296875
Dymarska2025_associations,13,110,8.205535888671875,5.581024169921875,2.62451171875
Dymarska2025_associations,13,111,4.146484375,3.53515625,0.611328125
Dymarska2025_associations,13,112,9.5859375,8.5625,1.0234375
Dymarska2025_associations,13,113,5.375,4.71875,0.65625
Dymarska2025_associations,13,114,5.5849609375,5.98388671875,-0.39892578125
Dymarska2025_associations,13,115,4.83984375,3.6494140625,1.1904296875
Dymarska2025_associations,13,116,1.6171875,1.4453125,0.171875
Dymarska2025_associations,13,117,6.734375,3.5701904296875,3.1641845703125
Dymarska2025_associations,13,118,5.66015625,6.5625,-0.90234375
Dymarska2025_associations,13,119,5.720703125,6.39501953125,-0.67431640625
Dymarska2025_associations,13,120,9.59765625,9.310546875,0.287109375
Dymarska2025_associations,13,121,4.3125,3.34375,0.96875
Dymarska2025_associations,13,122,8.24609375,7.60546875,0.640625
Dymarska2025_associations,13,123,11.875,12.875,-1.0
Dymarska2025_associations,13,124,5.374755859375,4.1636962890625,1.2110595703125
Dymarska2025_associations,13,125,3.40234375,2.580078125,0.822265625
Dymarska2025_associations,13,126,6.90625,7.75,-0.84375
Dymarska2025_associations,13,127,12.7581787109375,10.46484375,2.2933349609375
Dymarska2025_associations,13,128,3.62451171875,2.8641357421875,0.7603759765625
Dymarska2025_associations,13,129,5.40625,4.421875,0.984375
Dymarska2025_associations,13,130,8.125,8.125,0.0
Dymarska2025_associations,13,131,6.35107421875,7.8310546875,-1.47998046875
Dymarska2025_associations,13,132,8.765625,8.609375,0.15625
Dymarska2025_associations,13,133,4.06201171875,3.8740234375,0.18798828125
Dymarska2025_associations,13,134,4.984375,4.5390625,0.4453125
Dymarska2025_associations,13,135,7.91796875,7.93603515625,-0.01806640625
Dymarska2025_associations,13,136,4.9725341796875,4.562469482421875,0.410064697265625
Dymarska2025_associations,13,137,4.25732421875,4.265350341796875,-0.008026123046875
Dymarska2025_associations,13,138,7.375,6.875,0.5
Dymarska2025_associations,13,139,6.1875,6.9375,-0.75
Dymarska2025_associations,13,140,2.765625,2.890625,-0.125
Dymarska2025_associations,13,141,5.078125,4.2109375,0.8671875
Dymarska2025_associations,13,142,3.0625,2.453125,0.609375
Dymarska2025_associations,13,143,5.8125,4.8125,1.0
Dymarska2025_associations,13,144,4.9765625,3.55078125,1.42578125
Dymarska2025_associations,13,145,6.46875,5.3125,1.15625
Dymarska2025_associations,13,146,5.085693359375,5.8280029296875,-0.7423095703125
Dymarska2025_associations,13,147,5.705078125,6.18701171875,-0.48193359375
Dymarska2025_associations,13,148,5.2587890625,5.5185546875,-0.259765625
Dymarska2025_associations,13,149,3.890380859375,2.749755859375,1.140625
Dymarska2025_associations,13,150,11.484375,11.15625,0.328125
Dymarska2025_associations,13,151,5.7373046875,6.3349609375,-0.59765625
Dymarska2025_associations,13,152,7.06640625,5.1678466796875,1.8985595703125
Dymarska2025_associations,13,153,9.57421875,10.150390625,-0.576171875
Dymarska2025_associations,13,154,7.43359375,8.1845703125,-0.7509765625
Dymarska2025_associations,13,155,5.6171875,5.9140625,-0.296875
Dymarska2025_associations,13,156,5.232421875,5.2802734375,-0.0478515625
Dymarska2025_associations,13,157,9.4842529296875,8.441162109375,1.0430908203125
Dymarska2025_associations,13,158,1.830047607421875,2.531707763671875,-0.70166015625
Dymarska2025_associations,13,159,10.1171875,10.578125,-0.4609375
Dymarska2025_associations,13,160,4.8125,4.375,0.4375
Dymarska2025_associations,13,161,6.0546875,7.3359375,-1.28125
Dymarska2025_associations,13,162,3.75,2.779296875,0.970703125
Dymarska2025_associations,13,163,3.3319091796875,3.394500732421875,-0.062591552734375
Dymarska2025_associations,13,164,5.320281982421875,6.0155029296875,-0.695220947265625
Dymarska2025_associations,13,165,3.58984375,2.66015625,0.9296875
Dymarska2025_associations,13,166,4.25,3.78125,0.46875
Dymarska2025_associations,13,167,1.515625,1.0859375,0.4296875
Dymarska2025_associations,13,168,9.625,9.3125,0.3125
Dymarska2025_associations,13,169,4.9921875,6.234375,-1.2421875
Dymarska2025_associations,13,170,5.4921875,5.45703125,0.03515625
Dymarska2025_associations,13,171,4.06640625,3.20166015625,0.86474609375
Dymarska2025_associations,13,172,3.8203125,3.13330078125,0.68701171875
Dymarska2025_associations,13,173,7.53125,7.3125,0.21875
Dymarska2025_associations,13,174,9.30078125,9.5380859375,-0.2373046875
Dymarska2025_associations,13,175,9.84375,10.265625,-0.421875
Dymarska2025_associations,13,176,9.96875,9.78125,0.1875
Dymarska2025_associations,13,177,3.359375,3.015625,0.34375
Dymarska2025_associations,13,178,5.984375,6.038330078125,-0.053955078125
Dymarska2025_associations,13,179,7.125,6.921875,0.203125
Dymarska2025_associations,13,180,3.234375,3.09375,0.140625
Dymarska2025_associations,13,181,5.625,5.65625,-0.03125
Dymarska2025_associations,13,182,3.8944091796875,4.366943359375,-0.4725341796875
Dymarska2025_associations,13,183,1.91796875,2.109375,-0.19140625
Dymarska2025_associations,13,184,7.4365234375,6.896484375,0.5400390625
Dymarska2025_associations,13,185,9.64453125,9.78515625,-0.140625
Dymarska2025_associations,13,186,9.375,10.234375,-0.859375
Dymarska2025_associations,13,187,1.31689453125,2.09814453125,-0.78125
Dymarska2025_associations,13,188,3.791015625,4.046875,-0.255859375
Dymarska2025_associations,13,189,5.9296875,6.1484375,-0.21875
Dymarska2025_associations,13,190,4.17822265625,3.78076171875,0.3974609375
Dymarska2025_associations,13,191,11.13134765625,10.833984375,0.29736328125
Dymarska2025_associations,13,192,7.89697265625,7.8251953125,0.07177734375
Dymarska2025_associations,13,193,6.80517578125,6.74267578125,0.0625
Dymarska2025_associations,13,194,2.74462890625,1.9814453125,0.76318359375
Dymarska2025_associations,13,195,7.5390625,8.88671875,-1.34765625
Dymarska2025_associations,13,196,6.83203125,6.09375,0.73828125
Dymarska2025_associations,13,197,10.02001953125,9.3046875,0.71533203125
Dymarska2025_associations,13,198,5.8125,7.75,-1.9375
Dymarska2025_associations,13,199,11.96875,10.98828125,0.98046875
Dymarska2025_associations,14,0,8.75,13.3916015625,-4.6416015625
Dymarska2025_associations,14,1,10.29296875,10.03125,0.26171875
Dymarska2025_associations,14,2,7.1875,4.9375,2.25
Dymarska2025_associations,14,3,7.3125,7.15625,0.15625
Dymarska2025_associations,14,4,7.65234375,7.17822265625,0.47412109375
Dymarska2025_associations,14,5,5.248046875,5.039031982421875,0.209014892578125
Dymarska2025_associations,14,6,7.20703125,8.03515625,-0.828125
Dymarska2025_associations,14,7,5.78125,3.6796875,2.1015625
Dymarska2025_associations,14,8,8.636474609375,5.6839599609375,2.9525146484375
Dymarska2025_associations,14,9,3.617919921875,2.742156982421875,0.875762939453125
Dymarska2025_associations,14,10,4.90625,5.5625,-0.65625
Dymarska2025_associations,14,11,5.578125,3.1248779296875,2.4532470703125
Dymarska2025_associations,14,12,5.2568359375,4.96142578125,0.29541015625
Dymarska2025_associations,14,13,8.8125,9.5,-0.6875
Dymarska2025_associations,14,14,12.179443359375,12.8592529296875,-0.6798095703125
Dymarska2025_associations,14,15,2.65625,2.34375,0.3125
Dymarska2025_associations,14,16,6.5146484375,6.30224609375,0.21240234375
Dymarska2025_associations,14,17,6.0205078125,5.569549560546875,0.450958251953125
Dymarska2025_associations,14,18,6.75,6.078125,0.671875
Dymarska2025_associations,14,19,5.40625,5.4375,-0.03125
Dymarska2025_associations,14,20,7.568359375,8.0155029296875,-0.4471435546875
Dymarska2025_associations,14,21,7.5,7.5625,-0.0625
Dymarska2025_associations,14,22,4.9970703125,6.830078125,-1.8330078125
Dymarska2025_associations,14,23,7.64501953125,7.876953125,-0.23193359375
Dymarska2025_associations,14,24,8.5625,8.8125,-0.25
Dymarska2025_associations,14,25,9.492156982421877,8.11669921875,1.3754577636718768
Dymarska2025_associations,14,26,18.796875,18.453125,0.34375
Dymarska2025_associations,14,27,6.15625,6.21875,-0.0625
Dymarska2025_associations,14,28,9.132781982421877,8.636688232421875,0.4960937500000018
Dymarska2025_associations,14,29,10.60400390625,12.39208984375,-1.7880859375
Dymarska2025_associations,14,30,6.761688232421875,6.808349609375,-0.046661376953125
Dymarska2025_associations,14,31,12.5625,12.25,0.3125
Dymarska2025_associations,14,32,11.8125,11.8125,0.0
Dymarska2025_associations,14,33,10.351409912109377,5.7664794921875,4.584930419921877
Dymarska2025_associations,14,34,9.89013671875,9.296142578125,0.593994140625
Dymarska2025_associations,14,35,19.624755859375,17.7264404296875,1.8983154296875
Dymarska2025_associations,14,36,8.265625,8.03125,0.234375
Dymarska2025_associations,14,37,4.6875,4.53125,0.15625
Dymarska2025_associations,14,38,7.451171875,7.128875732421875,0.322296142578125
Dymarska2025_associations,14,39,6.875,5.875,1.0
Dymarska2025_associations,14,40,5.310546875,3.95849609375,1.35205078125
Dymarska2025_associations,14,41,6.36328125,4.40234375,1.9609375
Dymarska2025_associations,14,42,4.29150390625,4.345703125,-0.05419921875
Dymarska2025_associations,14,43,4.82421875,4.607421875,0.216796875
Dymarska2025_associations,14,44,5.53125,5.1953125,0.3359375
Dymarska2025_associations,14,45,4.375,4.59375,-0.21875
Dymarska2025_associations,14,46,6.34375,6.1171875,0.2265625
Dymarska2025_associations,14,47,5.7783203125,5.166961669921875,0.611358642578125
Dymarska2025_associations,14,48,8.68017578125,7.5771484375,1.10302734375
Dymarska2025_associations,14,49,13.25,13.2265625,0.0234375
Dymarska2025_associations,14,50,6.85546875,4.515625,2.33984375
Dymarska2025_associations,14,51,6.501953125,6.41650390625,0.08544921875
Dymarska2025_associations,14,52,12.4764404296875,10.6795654296875,1.796875
Dymarska2025_associations,14,53,6.28125,5.4521484375,0.8291015625
Dymarska2025_associations,14,54,10.0,10.375,-0.375
Dymarska2025_associations,14,55,7.8896484375,6.726318359375,1.163330078125
Dymarska2025_associations,14,56,6.532958984375,5.451416015625,1.08154296875
Dymarska2025_associations,14,57,6.1923828125,7.58056640625,-1.38818359375
Dymarska2025_associations,14,58,8.743621826171875,7.483612060546875,1.260009765625
Dymarska2025_associations,14,59,3.8515625,3.498046875,0.353515625
Dymarska2025_associations,14,60,11.2811279296875,10.710906982421877,0.5702209472656232
Dymarska2025_associations,14,61,5.37890625,4.529296875,0.849609375
Dymarska2025_associations,14,62,3.0546875,2.67822265625,0.37646484375
Dymarska2025_associations,14,63,8.1953125,8.642578125,-0.447265625
Dymarska2025_associations,14,64,4.1640625,5.375,-1.2109375
Dymarska2025_associations,14,65,3.5166015625,3.54296875,-0.0263671875
Dymarska2025_associations,14,66,8.609375,8.75,-0.140625
Dymarska2025_associations,14,67,12.09375,11.890625,0.203125
Dymarska2025_associations,14,68,7.671875,7.53125,0.140625
Dymarska2025_associations,14,69,3.140625,2.8125,0.328125
Dymarska2025_associations,14,70,9.08203125,9.8515625,-0.76953125
Dymarska2025_associations,14,71,8.609375,8.71875,-0.109375
Dymarska2025_associations,14,72,8.2626953125,8.4373779296875,-0.1746826171875
Dymarska2025_associations,14,73,7.375,7.625,-0.25
Dymarska2025_associations,14,74,9.359375,8.05859375,1.30078125
Dymarska2025_associations,14,75,7.1025390625,6.3125,0.7900390625
Dymarska2025_associations,14,76,7.58984375,3.77734375,3.8125
Dymarska2025_associations,14,77,6.37451171875,6.5390625,-0.16455078125
Dymarska2025_associations,14,78,6.810546875,6.97607421875,-0.16552734375
Dymarska2025_associations,14,79,4.850830078125,5.944580078125,-1.09375
Dymarska2025_associations,14,80,7.40625,8.90625,-1.5
Dymarska2025_associations,14,81,5.421875,5.4140625,0.0078125
Dymarska2025_associations,14,82,5.8125,6.4375,-0.625
Dymarska2025_associations,14,83,5.359375,4.4609375,0.8984375
Dymarska2025_associations,14,84,5.5390625,6.16796875,-0.62890625
Dymarska2025_associations,14,85,6.15234375,4.979461669921875,1.172882080078125
Dymarska2025_associations,14,86,6.3828125,6.8671875,-0.484375
Dymarska2025_associations,14,87,2.93359375,1.861328125,1.072265625
Dymarska2025_associations,14,88,2.720703125,2.22509765625,0.49560546875
Dymarska2025_associations,14,89,5.296875,5.59765625,-0.30078125
Dymarska2025_associations,14,90,17.875,17.15625,0.71875
Dymarska2025_associations,14,91,6.9375,6.125,0.8125
Dymarska2025_associations,14,92,5.0648193359375,4.582977294921875,0.481842041015625
Dymarska2025_associations,14,93,6.5146484375,5.975830078125,0.538818359375
Dymarska2025_associations,14,94,5.234375,5.109375,0.125
Dymarska2025_associations,14,95,4.210693359375,3.414031982421875,0.796661376953125
Dymarska2025_associations,14,96,4.8125,4.4375,0.375
Dymarska2025_associations,14,97,7.53125,7.25,0.28125
Dymarska2025_associations,14,98,5.154296875,3.95166015625,1.20263671875
Dymarska2025_associations,14,99,6.66015625,6.38323974609375,0.27691650390625
Dymarska2025_associations,14,100,9.31201171875,6.8280029296875,2.4840087890625
Dymarska2025_associations,14,101,5.16015625,5.1875,-0.02734375
Dymarska2025_associations,14,102,7.32958984375,6.859375,0.47021484375
Dymarska2025_associations,14,103,6.527099609375,6.137451171875,0.3896484375
Dymarska2025_associations,14,104,10.33984375,9.275390625,1.064453125
Dymarska2025_associations,14,105,2.9267578125,2.82080078125,0.10595703125
Dymarska2025_associations,14,106,6.708984375,5.42626953125,1.28271484375
Dymarska2025_associations,14,107,6.84375,6.7109375,0.1328125
Dymarska2025_associations,14,108,5.74609375,4.68701171875,1.05908203125
Dymarska2025_associations,14,109,6.199188232421875,7.050018310546875,-0.850830078125
Dymarska2025_associations,14,110,5.875,7.2265625,-1.3515625
Dymarska2025_associations,14,111,7.71875,6.33984375,1.37890625
Dymarska2025_associations,14,112,6.71484375,7.15576171875,-0.44091796875
Dymarska2025_associations,14,113,5.75,6.53125,-0.78125
Dymarska2025_associations,14,114,3.25,2.359375,0.890625
Dymarska2025_associations,14,115,3.953125,3.2646484375,0.6884765625
Dymarska2025_associations,14,116,6.53125,7.0,-0.46875
Dymarska2025_associations,14,117,15.46875,15.28125,0.1875
Dymarska2025_associations,14,118,7.9530029296875,7.4686279296875,0.484375
Dymarska2025_associations,14,119,8.24609375,8.3671875,-0.12109375
Dymarska2025_associations,14,120,3.44091796875,1.938934326171875,1.501983642578125
Dymarska2025_associations,14,121,5.94189453125,5.442840576171875,0.499053955078125
Dymarska2025_associations,14,122,6.140594482421875,6.808563232421875,-0.66796875
Dymarska2025_associations,14,123,6.0625,6.390625,-0.328125
Dymarska2025_associations,14,124,7.671875,7.875,-0.203125
Dymarska2025_associations,14,125,3.976531982421875,3.867156982421875,0.109375
Dymarska2025_associations,14,126,5.2177734375,5.412841796875,-0.195068359375
Dymarska2025_associations,14,127,5.850341796875,6.903656005859375,-1.053314208984375
Dymarska2025_associations,14,128,5.1015625,3.757568359375,1.343994140625
Dymarska2025_associations,14,129,1.953125,1.93115234375,0.02197265625
Dymarska2025_associations,14,130,7.67181396484375,7.538818359375,0.13299560546875
Dymarska2025_associations,14,131,5.21875,4.990234375,0.228515625
Dymarska2025_associations,14,132,3.40625,2.9296875,0.4765625
Dymarska2025_associations,14,133,4.322265625,3.90625,0.416015625
Dymarska2025_associations,14,134,6.085205078125,6.757781982421875,-0.672576904296875
Dymarska2025_associations,14,135,7.56341552734375,8.4500732421875,-0.88665771484375
Dymarska2025_associations,14,136,4.4041748046875,4.2947998046875,0.109375
Dymarska2025_associations,14,137,2.78759765625,2.600830078125,0.186767578125
Dymarska2025_associations,14,138,10.167205810546877,6.7889404296875,3.3782653808593768
Dymarska2025_associations,14,139,11.514617919921877,9.231414794921877,2.283203125
Dymarska2025_associations,14,140,3.106658935546875,3.65087890625,-0.544219970703125
Dymarska2025_associations,14,141,6.328125,6.09375,0.234375
Dymarska2025_associations,14,142,11.125,6.7967529296875,4.3282470703125
Dymarska2025_associations,14,143,5.427001953125,5.042236328125,0.384765625
Dymarska2025_associations,14,144,5.42236328125,5.904296875,-0.48193359375
Dymarska2025_associations,14,145,7.179443359375,6.64013671875,0.539306640625
Dymarska2025_associations,14,146,3.453094482421875,3.119140625,0.333953857421875
Dymarska2025_associations,14,147,12.7646484375,12.335693359375,0.428955078125
Dymarska2025_associations,14,148,5.462890625,5.5390625,-0.076171875
Dymarska2025_associations,14,149,9.019500732421877,8.8857421875,0.13375854492187678
Dymarska2025_associations,14,150,9.28076171875,9.71142578125,-0.4306640625
Dymarska2025_associations,14,151,12.9599609375,10.20703125,2.7529296875
Dymarska2025_associations,14,152,2.435546875,2.5283203125,-0.0927734375
Dymarska2025_associations,14,153,2.808563232421875,2.351409912109375,0.4571533203125
Dymarska2025_associations,14,154,12.87939453125,10.414031982421877,2.4653625488281232
Dymarska2025_associations,14,155,4.382080078125,5.116943359375,-0.73486328125
Dymarska2025_associations,14,156,8.578125,8.78125,-0.203125
Dymarska2025_associations,14,157,6.21875,5.59375,0.625
Dymarska2025_associations,14,158,3.365234375,3.376922607421875,-0.011688232421875
Dymarska2025_associations,14,159,6.6240234375,7.7724609375,-1.1484375
Dymarska2025_associations,14,160,4.90625,4.625,0.28125
Dymarska2025_associations,14,161,7.382080078125,6.623046875,0.759033203125
Dymarska2025_associations,14,162,7.39453125,6.47265625,0.921875
Dymarska2025_associations,14,163,16.46875,14.1875,2.28125
Dymarska2025_associations,14,164,5.757781982421875,5.520477294921875,0.2373046875
Dymarska2025_associations,14,165,5.527801513671875,5.884735107421875,-0.35693359375
Dymarska2025_associations,14,166,6.375,6.46875,-0.09375
Dymarska2025_associations,14,167,6.92578125,7.71875,-0.79296875
Dymarska2025_associations,14,168,5.97265625,5.703125,0.26953125
Dymarska2025_associations,14,169,11.828125,12.65625,-0.828125
Dymarska2025_associations,14,170,5.58203125,4.2412109375,1.3408203125
Dymarska2025_associations,14,171,9.44140625,9.560546875,-0.119140625
Dymarska2025_associations,14,172,12.640625,9.76953125,2.87109375
Dymarska2025_associations,14,173,1.55419921875,0.925537109375,0.628662109375
Dymarska2025_associations,14,174,5.734375,5.625,0.109375
Dymarska2025_associations,14,175,8.039031982421875,7.25,0.789031982421875
Dymarska2025_associations,14,176,7.765625,6.875,0.890625
Dymarska2025_associations,14,177,6.65576171875,6.671875,-0.01611328125
Dymarska2025_associations,14,178,7.296875,7.96875,-0.671875
Dymarska2025_associations,14,179,3.6815185546875,3.0194091796875,0.662109375
Dymarska2025_associations,14,180,4.9375,4.125,0.8125
Dymarska2025_associations,14,181,6.171875,5.02392578125,1.14794921875
Dymarska2025_associations,14,182,8.1875,6.90625,1.28125
Dymarska2025_associations,14,183,10.3125,11.40625,-1.09375
Dymarska2025_associations,14,184,12.46875,12.328125,0.140625
Dymarska2025_associations,14,185,6.239990234375,6.0013427734375,0.2386474609375
Dymarska2025_associations,14,186,6.591796875,7.095703125,-0.50390625
Dymarska2025_associations,14,187,7.85931396484375,7.2261962890625,0.63311767578125
Dymarska2025_associations,14,188,6.08203125,5.56494140625,0.51708984375
Dymarska2025_associations,14,189,7.5,7.125,0.375
Dymarska2025_associations,14,190,5.98046875,6.16259765625,-0.18212890625
Dymarska2025_associations,14,191,10.65625,11.34375,-0.6875
Dymarska2025_associations,15,0,12.537109375,15.8564453125,-3.3193359375
Dymarska2025_associations,15,1,6.6875,1.6875,5.0
Dymarska2025_associations,15,2,8.453125,6.9833984375,1.4697265625
Dymarska2025_associations,15,3,7.671875,5.890625,1.78125
Dymarska2025_associations,15,4,9.546875,8.84375,0.703125
Dymarska2025_associations,15,5,5.3515625,4.90625,0.4453125
Dymarska2025_associations,15,6,11.0234375,10.3232421875,0.7001953125
Dymarska2025_associations,15,7,7.4765625,4.74609375,2.73046875
Dymarska2025_associations,15,8,6.499755859375,6.8695068359375,-0.3697509765625
Dymarska2025_associations,15,9,7.50390625,7.681640625,-0.177734375
Dymarska2025_associations,15,10,9.203125,4.794921875,4.408203125
Dymarska2025_associations,15,11,7.0390625,6.060546875,0.978515625
Dymarska2025_associations,15,12,6.1171875,5.466796875,0.650390625
Dymarska2025_associations,15,13,4.75,4.75,0.0
Dymarska2025_associations,15,14,2.984375,3.03125,-0.046875
Dymarska2025_associations,15,15,9.984375,9.375,0.609375
Dymarska2025_associations,15,16,3.68896484375,3.3583984375,0.33056640625
Dymarska2025_associations,15,17,4.6953125,4.7578125,-0.0625
Dymarska2025_associations,15,18,8.6405029296875,7.9842529296875,0.65625
Dymarska2025_associations,15,19,13.0625,12.078125,0.984375
Dymarska2025_associations,15,20,9.6092529296875,9.8905029296875,-0.28125
Dymarska2025_associations,15,21,5.8203125,5.763671875,0.056640625
Dymarska2025_associations,15,22,9.7109375,10.116455078125,-0.405517578125
Dymarska2025_associations,15,23,7.658203125,8.1181640625,-0.4599609375
Dymarska2025_associations,15,24,6.8544921875,6.4931640625,0.361328125
Dymarska2025_associations,15,25,10.41015625,10.96875,-0.55859375
Dymarska2025_associations,15,26,13.8125,14.09375,-0.28125
Dymarska2025_associations,15,27,8.671875,7.7734375,0.8984375
Dymarska2025_associations,15,28,6.828125,6.171875,0.65625
Dymarska2025_associations,15,29,14.75,16.359375,-1.609375
Dymarska2025_associations,15,30,8.140625,8.9375,-0.796875
Dymarska2025_associations,15,31,6.1875,4.81640625,1.37109375
Dymarska2025_associations,15,32,0.902099609375,0.408172607421875,0.493927001953125
Dymarska2025_associations,15,33,6.37890625,6.45751953125,-0.07861328125
Dymarska2025_associations,15,34,4.828125,3.773406982421875,1.054718017578125
Dymarska2025_associations,15,35,7.03125,6.6953125,0.3359375
Dymarska2025_associations,15,36,8.421875,8.09375,0.328125
Dymarska2025_associations,15,37,4.96875,4.39453125,0.57421875
Dymarska2025_associations,15,38,3.491943359375,3.773406982421875,-0.281463623046875
Dymarska2025_associations,15,39,6.80712890625,7.8876953125,-1.08056640625
Dymarska2025_associations,15,40,15.675537109375,11.9443359375,3.731201171875
Dymarska2025_associations,15,41,6.671875,6.359375,0.3125
Dymarska2025_associations,15,42,7.4453125,7.140625,0.3046875
Dymarska2025_associations,15,43,8.48828125,6.8212890625,1.6669921875
Dymarska2025_associations,15,44,12.257568359375,11.33056640625,0.927001953125
Dymarska2025_associations,15,45,6.489715576171875,5.882293701171875,0.607421875
Dymarska2025_associations,15,46,6.070281982421875,6.75,-0.679718017578125
Dymarska2025_associations,15,47,10.25,10.53125,-0.28125
Dymarska2025_associations,15,48,8.58203125,7.152313232421875,1.429718017578125
Dymarska2025_associations,15,49,6.3125,6.0625,0.25
Dymarska2025_associations,15,50,5.804656982421875,6.238250732421875,-0.43359375
Dymarska2025_associations,15,51,5.898406982421875,5.914031982421875,-0.015625
Dymarska2025_associations,15,52,2.7655029296875,3.054656982421875,-0.289154052734375
Dymarska2025_associations,15,53,4.71875,4.29345703125,0.42529296875
Dymarska2025_associations,15,54,2.4833984375,1.7733154296875,0.7100830078125
Dymarska2025_associations,15,55,4.5780029296875,2.367156982421875,2.210845947265625
Dymarska2025_associations,15,56,2.476531982421875,2.898406982421875,-0.421875
Dymarska2025_associations,15,57,2.882080078125,2.39013671875,0.491943359375
Dymarska2025_associations,15,58,12.21875,12.5625,-0.34375
Dymarska2025_associations,15,59,8.265625,9.890625,-1.625
Dymarska2025_associations,15,60,5.359375,5.5,-0.140625
Dymarska2025_associations,15,61,0.4853515625,0.273681640625,0.211669921875
Dymarska2025_associations,15,62,7.296875,6.8984375,0.3984375
Dymarska2025_associations,15,63,4.99267578125,4.435546875,0.55712890625
Dymarska2025_associations,15,64,6.15625,5.59375,0.5625
Dymarska2025_associations,15,65,5.4150390625,5.2342529296875,0.1807861328125
Dymarska2025_associations,15,66,7.107421875,7.1142578125,-0.0068359375
Dymarska2025_associations,15,67,3.073974609375,2.258544921875,0.8154296875
Dymarska2025_associations,15,68,2.8984375,2.107421875,0.791015625
Dymarska2025_associations,15,69,4.605712890625,5.608612060546875,-1.002899169921875
Dymarska2025_associations,15,70,3.95703125,3.734375,0.22265625
Dymarska2025_associations,15,71,3.41650390625,2.93701171875,0.4794921875
Dymarska2025_associations,15,72,4.1875,3.890625,0.296875
Dymarska2025_associations,15,73,1.625,2.890625,-1.265625
Dymarska2025_associations,15,74,3.101318359375,3.039031982421875,0.062286376953125
Dymarska2025_associations,15,75,4.5150146484375,4.460418701171875,0.054595947265625
Dymarska2025_associations,15,76,13.53125,13.84375,-0.3125
Dymarska2025_associations,15,77,2.828125,2.828125,0.0
Dymarska2025_associations,15,78,7.2734375,0.89453125,6.37890625
Dymarska2025_associations,15,79,7.7900390625,8.71484375,-0.9248046875
Dymarska2025_associations,15,80,10.4052734375,9.247039794921877,1.1582336425781232
Dymarska2025_associations,15,81,4.638671875,4.663330078125,-0.024658203125
Dymarska2025_associations,15,82,4.0703125,3.8984375,0.171875
Dymarska2025_associations,15,83,5.663330078125,5.694580078125,-0.03125
Dymarska2025_associations,15,84,3.2998046875,2.179656982421875,1.120147705078125
Dymarska2025_associations,15,85,3.5145263671875,2.989990234375,0.5245361328125
Dymarska2025_associations,15,86,10.90234375,10.6953125,0.20703125
Dymarska2025_associations,15,87,5.335693359375,4.1875,1.148193359375
Dymarska2025_associations,15,88,8.625,8.75,-0.125
Dymarska2025_associations,15,89,7.7890625,7.1796875,0.609375
Dymarska2025_associations,15,90,6.90234375,6.98828125,-0.0859375
Dymarska2025_associations,15,91,6.5,6.103515625,0.396484375
Dymarska2025_associations,15,92,1.625,1.59375,0.03125
Dymarska2025_associations,15,93,5.6875,5.36328125,0.32421875
Dymarska2025_associations,15,94,3.765625,3.21875,0.546875
Dymarska2025_associations,15,95,9.351531982421877,9.78125,-0.4297180175781232
Dymarska2025_associations,15,96,2.375,2.171875,0.203125
Dymarska2025_associations,15,97,5.8203125,6.0390625,-0.21875
Dymarska2025_associations,15,98,4.74072265625,4.585693359375,0.155029296875
Dymarska2025_associations,15,99,10.054443359375,1.897430419921875,8.157012939453125
Dymarska2025_associations,15,100,5.1669921875,5.02734375,0.1396484375
Dymarska2025_associations,15,101,9.04443359375,8.101531982421875,0.942901611328125
Dymarska2025_associations,15,102,15.09375,15.8125,-0.71875
Dymarska2025_associations,15,103,7.08251953125,7.398193359375,-0.315673828125
Dymarska2025_associations,15,104,3.0126953125,2.48095703125,0.53173828125
Dymarska2025_associations,15,105,9.00732421875,8.835906982421875,0.171417236328125
Dymarska2025_associations,15,106,7.70166015625,8.0462646484375,-0.3446044921875
Dymarska2025_associations,15,107,16.3125,11.04833984375,5.26416015625
Dymarska2025_associations,15,108,7.52001953125,7.17822265625,0.341796875
Dymarska2025_associations,15,109,8.609375,8.5390625,0.0703125
Dymarska2025_associations,15,110,7.65576171875,6.86328125,0.79248046875
Dymarska2025_associations,15,111,11.34375,8.8671875,2.4765625
Dymarska2025_associations,15,112,2.600830078125,1.6943359375,0.906494140625
Dymarska2025_associations,15,113,3.01025390625,2.444580078125,0.565673828125
Dymarska2025_associations,15,114,6.078125,7.4375,-1.359375
Dymarska2025_associations,15,115,4.1640625,4.4453125,-0.28125
Dymarska2025_associations,15,116,3.4423828125,3.27490234375,0.16748046875
Dymarska2025_associations,15,117,12.87451171875,13.19287109375,-0.318359375
Dymarska2025_associations,15,118,4.873046875,4.2333984375,0.6396484375
Dymarska2025_associations,15,119,21.5,18.5625,2.9375
Dymarska2025_associations,15,120,10.7470703125,10.7802734375,-0.033203125
Dymarska2025_associations,15,121,4.15625,3.6015625,0.5546875
Dymarska2025_associations,15,122,4.96875,3.0234375,1.9453125
Dymarska2025_associations,15,123,4.84375,3.7734375,1.0703125
Dymarska2025_associations,15,124,4.93359375,4.515625,0.41796875
Dymarska2025_associations,15,125,9.09375,7.9453125,1.1484375
Dymarska2025_associations,15,126,7.44921875,7.6328125,-0.18359375
Dymarska2025_associations,15,127,5.30859375,3.38134765625,1.92724609375
Dymarska2025_associations,15,128,7.859375,7.8671875,-0.0078125
Dymarska2025_associations,15,129,5.8203125,5.05078125,0.76953125
Dymarska2025_associations,15,130,7.384765625,6.6640625,0.720703125
Dymarska2025_associations,15,131,7.85888671875,6.5386962890625,1.3201904296875
Dymarska2025_associations,15,132,4.5546875,3.9296875,0.625
Dymarska2025_associations,15,133,7.3095703125,6.67333984375,0.63623046875
Dymarska2025_associations,15,134,7.8905029296875,7.0936279296875,0.796875
Dymarska2025_associations,15,135,3.578125,3.984375,-0.40625
Dymarska2025_associations,15,136,5.921875,6.96875,-1.046875
Dymarska2025_associations,15,137,8.2734375,7.78125,0.4921875
Dymarska2025_associations,15,138,8.49072265625,8.1435546875,0.34716796875
Dymarska2025_associations,15,139,7.482421875,8.470703125,-0.98828125
Dymarska2025_associations,15,140,9.3125,8.09375,1.21875
Dymarska2025_associations,15,141,7.86328125,6.7615966796875,1.1016845703125
Dymarska2025_associations,15,142,5.375,5.25,0.125
Dymarska2025_associations,15,143,7.11767578125,6.5458984375,0.57177734375
Dymarska2025_associations,15,144,8.125,8.375,-0.25
Dymarska2025_associations,15,145,4.736328125,3.5107421875,1.2255859375
Dymarska2025_associations,15,146,2.177703857421875,1.642547607421875,0.53515625
Dymarska2025_associations,15,147,6.8173828125,7.578125,-0.7607421875
Dymarska2025_associations,15,148,5.038330078125,6.1083984375,-1.070068359375
Dymarska2025_associations,15,149,3.53955078125,3.0537109375,0.48583984375
Dymarska2025_associations,15,150,3.201171875,2.748046875,0.453125
Dymarska2025_associations,15,151,8.5625,7.65625,0.90625
Dymarska2025_associations,15,152,5.5390625,4.14892578125,1.39013671875
Dymarska2025_associations,15,153,5.734375,6.5234375,-0.7890625
Dymarska2025_associations,15,154,9.8436279296875,9.2655029296875,0.578125
Dymarska2025_associations,15,155,5.8701171875,2.20849609375,3.66162109375
Dymarska2025_associations,15,156,8.1131591796875,7.562255859375,0.5509033203125
Dymarska2025_associations,15,157,7.42523193359375,8.200653076171875,-0.775421142578125
Dymarska2025_associations,15,158,3.8865966796875,3.6522216796875,0.234375
Dymarska2025_associations,15,159,6.9375,7.0,-0.0625
Dymarska2025_associations,15,160,7.5,7.3125,0.1875
Dymarska2025_associations,15,161,5.15234375,5.0546875,0.09765625
Dymarska2025_associations,15,162,4.1875,4.53125,-0.34375
Dymarska2025_associations,15,163,1.328125,1.279296875,0.048828125
Dymarska2025_associations,15,164,4.53125,4.0625,0.46875
Dymarska2025_associations,15,165,5.546875,6.703125,-1.15625
Dymarska2025_associations,15,166,6.109375,6.84375,-0.734375
Dymarska2025_associations,15,167,11.59375,12.09765625,-0.50390625
Dymarska2025_associations,15,168,9.455535888671877,10.9124755859375,-1.4569396972656232
Dymarska2025_associations,15,169,8.08984375,8.435546875,-0.345703125
Dymarska2025_associations,15,170,2.3818359375,2.76171875,-0.3798828125
Dymarska2025_associations,15,171,6.6875,5.84375,0.84375
Dymarska2025_associations,15,172,6.625,7.25,-0.625
Dymarska2025_associations,16,0,11.4375,13.1796875,-1.7421875
Dymarska2025_associations,16,1,4.90234375,6.71875,-1.81640625
Dymarska2025_associations,16,2,6.140625,3.59375,2.546875
Dymarska2025_associations,16,3,4.5625,3.84375,0.71875
Dymarska2025_associations,16,4,8.21875,5.8359375,2.3828125
Dymarska2025_associations,16,5,9.6845703125,9.34375,0.3408203125
Dymarska2025_associations,16,6,5.98828125,6.50390625,-0.515625
Dymarska2025_associations,16,7,6.875,6.40625,0.46875
Dymarska2025_associations,16,8,9.11767578125,9.443359375,-0.32568359375
Dymarska2025_associations,16,9,7.80859375,7.22265625,0.5859375
Dymarska2025_associations,16,10,4.03125,4.09375,-0.0625
Dymarska2025_associations,16,11,5.6708984375,6.326171875,-0.6552734375
Dymarska2025_associations,16,12,4.9794921875,5.078125,-0.0986328125
Dymarska2025_associations,16,13,10.6796875,10.0,0.6796875
Dymarska2025_associations,16,14,4.90625,5.09375,-0.1875
Dymarska2025_associations,16,15,6.42578125,6.3133544921875,0.1124267578125
Dymarska2025_associations,16,16,7.4375,6.375,1.0625
Dymarska2025_associations,16,17,9.4453125,5.9765625,3.46875
Dymarska2025_associations,16,18,7.453125,7.8583984375,-0.4052734375
Dymarska2025_associations,16,19,9.09765625,9.43359375,-0.3359375
Dymarska2025_associations,16,20,12.734375,10.955078125,1.779296875
Dymarska2025_associations,16,21,9.5712890625,8.578094482421875,0.993194580078125
Dymarska2025_associations,16,22,5.375,3.53125,1.84375
Dymarska2025_associations,16,23,7.6708984375,6.67822265625,0.99267578125
Dymarska2025_associations,16,24,5.75,5.1640625,0.5859375
Dymarska2025_associations,16,25,3.29296875,2.72265625,0.5703125
Dymarska2025_associations,16,26,4.4921875,3.40234375,1.08984375
Dymarska2025_associations,16,27,7.296875,6.953125,0.34375
Dymarska2025_associations,16,28,2.53125,1.40625,1.125
Dymarska2025_associations,16,29,3.8955078125,4.60009765625,-0.70458984375
Dymarska2025_associations,16,30,7.4921875,5.280517578125,2.211669921875
Dymarska2025_associations,16,31,5.164031982421875,4.5390625,0.624969482421875
Dymarska2025_associations,16,32,8.26953125,7.92333984375,0.34619140625
Dymarska2025_associations,16,33,8.007781982421875,9.5390625,-1.531280517578125
Dymarska2025_associations,16,34,6.8125,7.0625,-0.25
Dymarska2025_associations,16,35,2.8837890625,2.3759765625,0.5078125
Dymarska2025_associations,16,36,6.4296875,5.9765625,0.453125
Dymarska2025_associations,16,37,7.8125,6.921875,0.890625
Dymarska2025_associations,16,38,5.8125,6.125,-0.3125
Dymarska2025_associations,16,39,12.59375,12.4375,0.15625
Dymarska2025_associations,16,40,4.958984375,5.43701171875,-0.47802734375
Dymarska2025_associations,16,41,2.896484375,1.6015625,1.294921875
Dymarska2025_associations,16,42,7.1025390625,6.0062255859375,1.0963134765625
Dymarska2025_associations,16,43,6.873046875,7.21826171875,-0.34521484375
Dymarska2025_associations,16,44,7.4140625,6.98046875,0.43359375
Dymarska2025_associations,16,45,10.234375,11.21875,-0.984375
Dymarska2025_associations,16,46,12.96875,12.140625,0.828125
Dymarska2025_associations,16,47,4.95458984375,4.694793701171875,0.259796142578125
Dymarska2025_associations,16,48,5.982421875,5.509765625,0.47265625
Dymarska2025_associations,16,49,8.0625,6.875,1.1875
Dymarska2025_associations,16,50,6.48828125,5.320068359375,1.168212890625
Dymarska2025_associations,16,51,4.625,4.78125,-0.15625
Dymarska2025_associations,16,52,11.109375,9.8125,1.296875
Dymarska2025_associations,16,53,5.350830078125,4.023193359375,1.32763671875
Dymarska2025_associations,16,54,5.8125,5.27734375,0.53515625
Dymarska2025_associations,16,55,7.68994140625,6.37060546875,1.3193359375
Dymarska2025_associations,16,56,6.1875,5.9375,0.25
Dymarska2025_associations,16,57,3.759765625,4.84765625,-1.087890625
Dymarska2025_associations,16,58,8.3125,8.375,-0.0625
Dymarska2025_associations,16,59,8.078125,8.3125,-0.234375
Dymarska2025_associations,16,60,10.5625,10.226409912109377,0.3360900878906232
Dymarska2025_associations,16,61,4.056640625,4.5390625,-0.482421875
Dymarska2025_associations,16,62,3.94921875,4.0859375,-0.13671875
Dymarska2025_associations,16,63,5.37890625,7.00390625,-1.625
Dymarska2025_associations,16,64,6.6015625,4.538818359375,2.062744140625
Dymarska2025_associations,16,65,6.945068359375,5.9842529296875,0.9608154296875
Dymarska2025_associations,16,66,3.826171875,3.92578125,-0.099609375
Dymarska2025_associations,16,67,4.773193359375,4.9530029296875,-0.1798095703125
Dymarska2025_associations,16,68,3.982421875,3.3505859375,0.6318359375
Dymarska2025_associations,16,69,5.625,4.3125,1.3125
Dymarska2025_associations,16,70,4.60888671875,4.312225341796875,0.296661376953125
Dymarska2025_associations,16,71,5.626953125,5.810546875,-0.18359375
Dymarska2025_associations,16,72,5.87109375,5.27734375,0.59375
Dymarska2025_associations,16,73,4.638671875,4.2255859375,0.4130859375
Dymarska2025_associations,16,74,5.0234375,5.4140625,-0.390625
Dymarska2025_associations,16,75,9.296875,8.3203125,0.9765625
Dymarska2025_associations,16,76,10.90625,11.984375,-1.078125
Dymarska2025_associations,16,77,3.3974609375,3.33984375,0.0576171875
Dymarska2025_associations,16,78,12.390380859375,7.09326171875,5.297119140625
Dymarska2025_associations,16,79,10.5625,7.625,2.9375
Dymarska2025_associations,16,80,3.546875,3.591796875,-0.044921875
Dymarska2025_associations,16,81,4.365234375,5.351531982421875,-0.986297607421875
Dymarska2025_associations,16,82,4.78125,5.2109375,-0.4296875
Dymarska2025_associations,16,83,7.53125,8.0625,-0.53125
Dymarska2025_associations,16,84,4.374969482421875,4.474578857421875,-0.099609375
Dymarska2025_associations,16,85,8.0,7.0546875,0.9453125
Dymarska2025_associations,16,86,7.625,7.28125,0.34375
Dymarska2025_associations,16,87,7.25,6.484375,0.765625
Dymarska2025_associations,16,88,12.09375,11.19140625,0.90234375
Dymarska2025_associations,16,89,5.5623779296875,5.730438232421875,-0.168060302734375
Dymarska2025_associations,16,90,13.125,14.0625,-0.9375
Dymarska2025_associations,16,91,10.625,10.625,0.0
Dymarska2025_associations,16,92,8.5859375,8.1015625,0.484375
Dymarska2025_associations,16,93,9.875,11.375,-1.5
Dymarska2025_associations,16,94,6.888671875,6.64501953125,0.24365234375
Dymarska2025_associations,16,95,6.25,5.84375,0.40625
Dymarska2025_associations,16,96,3.734375,3.34765625,0.38671875
Dymarska2025_associations,16,97,5.0380859375,5.0625,-0.0244140625
Dymarska2025_associations,16,98,5.875,5.212890625,0.662109375
Dymarska2025_associations,16,99,5.541015625,5.09521484375,0.44580078125
Dymarska2025_associations,16,100,3.710693359375,3.203094482421875,0.507598876953125
Dymarska2025_associations,16,101,8.49609375,7.5068359375,0.9892578125
Dymarska2025_associations,16,102,7.33203125,7.09765625,0.234375
Dymarska2025_associations,16,103,2.101531982421875,1.187469482421875,0.9140625
Dymarska2025_associations,16,104,2.4296875,1.740234375,0.689453125
Dymarska2025_associations,16,105,6.126953125,5.6025390625,0.5244140625
Dymarska2025_associations,16,106,11.150390625,10.044921875,1.10546875
Dymarska2025_associations,16,107,10.3125,9.4375,0.875
Dymarska2025_associations,16,108,8.875,8.62890625,0.24609375
Dymarska2025_associations,16,109,6.12109375,6.30859375,-0.1875
Dymarska2025_associations,16,110,4.5859375,5.158203125,-0.572265625
Dymarska2025_associations,16,111,4.705078125,4.107421875,0.59765625
Dymarska2025_associations,16,112,8.54150390625,8.44287109375,0.0986328125
Dymarska2025_associations,16,113,7.28125,7.65625,-0.375
Dymarska2025_associations,16,114,9.56640625,7.70166015625,1.86474609375
Dymarska2025_associations,16,115,8.185546875,8.19287109375,-0.00732421875
Dymarska2025_associations,16,116,11.179656982421877,10.70703125,0.4726257324218768
Dymarska2025_associations,16,117,5.15625,5.3125,-0.15625
Dymarska2025_associations,16,118,5.84375,6.984375,-1.140625
Dymarska2025_associations,16,119,7.374755859375,7.343505859375,0.03125
Dymarska2025_associations,16,120,5.73583984375,5.4501953125,0.28564453125
Dymarska2025_associations,16,121,3.390625,3.96875,-0.578125
Dymarska2025_associations,16,122,7.6484375,7.7265625,-0.078125
Dymarska2025_associations,16,123,4.4375,4.28125,0.15625
Dymarska2025_associations,16,124,5.6875,4.8125,0.875
Dymarska2025_associations,16,125,4.851318359375,4.782470703125,0.06884765625
Dymarska2025_associations,16,126,9.2265625,8.445281982421875,0.781280517578125
Dymarska2025_associations,16,127,9.27734375,9.0458984375,0.2314453125
Dymarska2025_associations,16,128,5.7294921875,6.607421875,-0.8779296875
Dymarska2025_associations,16,129,9.9375,7.460693359375,2.476806640625
Dymarska2025_associations,16,130,8.9833984375,9.3905029296875,-0.4071044921875
Dymarska2025_associations,16,131,9.0234375,9.546875,-0.5234375
Dymarska2025_associations,16,132,9.90625,9.8125,0.09375
Dymarska2025_associations,16,133,5.1796875,5.43017578125,-0.25048828125
Dymarska2025_associations,16,134,6.36328125,6.54296875,-0.1796875
Dymarska2025_associations,16,135,9.802215576171877,9.6986083984375,0.10360717773437678
Dymarska2025_associations,16,136,5.031005859375,5.027099609375,0.00390625
Dymarska2025_associations,16,137,6.882781982421875,7.664031982421875,-0.78125
Dymarska2025_associations,16,138,4.7421875,4.939453125,-0.197265625
Dymarska2025_associations,16,139,9.5625,9.9375,-0.375
Dymarska2025_associations,16,140,4.171875,4.53125,-0.359375
Dymarska2025_associations,16,141,7.86328125,7.1484375,0.71484375
Dymarska2025_associations,16,142,11.0,11.46875,-0.46875
Dymarska2025_associations,16,143,7.421875,5.828125,1.59375
Dymarska2025_associations,16,144,4.453125,4.0625,0.390625
Dymarska2025_associations,16,145,7.6937255859375,7.3739013671875,0.31982421875
Dymarska2025_associations,16,146,5.0115966796875,5.371063232421875,-0.359466552734375
Dymarska2025_associations,16,147,8.75,6.8359375,1.9140625
Dymarska2025_associations,16,148,6.998046875,6.2021484375,0.7958984375
Dymarska2025_associations,16,149,4.546875,4.6015625,-0.0546875
Dymarska2025_associations,16,150,7.88671875,7.82958984375,0.05712890625
Dymarska2025_associations,16,151,3.45703125,3.080078125,0.376953125
Dymarska2025_associations,16,152,5.046875,5.03125,0.015625
Dymarska2025_associations,16,153,3.83251953125,2.991943359375,0.840576171875
Dymarska2025_associations,16,154,5.5078125,4.88671875,0.62109375
Dymarska2025_associations,16,155,7.84375,7.1875,0.65625
Dymarska2025_associations,16,156,3.6103515625,3.1728515625,0.4375
Dymarska2025_associations,16,157,4.447265625,4.1787109375,0.2685546875
Dymarska2025_associations,16,158,7.3125,6.71875,0.59375
Dymarska2025_associations,16,159,6.554443359375,6.328094482421875,0.226348876953125
Dymarska2025_associations,16,160,6.578125,6.326171875,0.251953125
Dymarska2025_associations,16,161,2.81640625,2.8095703125,0.0068359375
Dymarska2025_associations,16,162,5.26171875,5.13330078125,0.12841796875
Dymarska2025_associations,16,163,6.78076171875,6.662109375,0.11865234375
Dymarska2025_associations,16,164,4.8466796875,5.1220703125,-0.275390625
Dymarska2025_associations,16,165,8.0625,8.3125,-0.25
Dymarska2025_associations,16,166,4.0947265625,3.54833984375,0.54638671875
Dymarska2025_associations,16,167,5.375,5.25,0.125
Dymarska2025_associations,16,168,5.9033203125,5.5062255859375,0.3970947265625
Dymarska2025_associations,16,169,7.359375,5.96875,1.390625
Dymarska2025_associations,16,170,9.718505859375,11.216552734375,-1.498046875
Dymarska2025_associations,16,171,5.1171875,4.61767578125,0.49951171875
Dymarska2025_associations,16,172,11.015625,10.4375,0.578125
Dymarska2025_associations,16,173,6.491943359375,6.1405029296875,0.3514404296875
Dymarska2025_associations,16,174,12.046875,11.6220703125,0.4248046875
Dymarska2025_associations,16,175,11.671875,11.1484375,0.5234375
Dymarska2025_associations,16,176,6.62548828125,7.1806640625,-0.55517578125
Dymarska2025_associations,16,177,6.78125,6.0,0.78125
Dymarska2025_associations,16,178,2.42333984375,1.49951171875,0.923828125
Dymarska2025_associations,16,179,5.119140625,5.08203125,0.037109375
Dymarska2025_associations,16,180,5.507080078125,5.7001953125,-0.193115234375
Dymarska2025_associations,16,181,9.078125,8.12451171875,0.95361328125
Dymarska2025_associations,16,182,3.2694091796875,3.3787841796875,-0.109375
Dymarska2025_associations,16,183,6.59375,6.5,0.09375
Dymarska2025_associations,16,184,4.421875,2.88134765625,1.54052734375
Dymarska2025_associations,16,185,4.005859375,3.5888671875,0.4169921875
Dymarska2025_associations,16,186,6.6561279296875,6.7615966796875,-0.10546875
Dymarska2025_associations,16,187,6.04296875,6.515625,-0.47265625
Dymarska2025_associations,16,188,5.71826171875,4.54443359375,1.173828125
Dymarska2025_associations,16,189,10.5,10.4375,0.0625
Dymarska2025_associations,16,190,4.22021484375,4.19580078125,0.0244140625
Dymarska2025_associations,16,191,5.515625,5.28125,0.234375
Dymarska2025_associations,16,192,3.8125,4.5859375,-0.7734375
Dymarska2025_associations,16,193,6.75,5.40625,1.34375
Dymarska2025_associations,16,194,4.5625,4.0625,0.5
Dymarska2025_associations,16,195,4.1220703125,4.251953125,-0.1298828125
Dymarska2025_associations,16,196,6.53125,5.765625,0.765625
Dymarska2025_associations,17,0,5.091796875,10.1875,-5.095703125
Dymarska2025_associations,17,1,8.50390625,6.71875,1.78515625
Dymarska2025_associations,17,2,5.234375,4.2734375,0.9609375
Dymarska2025_associations,17,3,3.89599609375,4.882781982421875,-0.986785888671875
Dymarska2025_associations,17,4,10.320281982421877,10.7030029296875,-0.3827209472656232
Dymarska2025_associations,17,5,5.1875,5.9150390625,-0.7275390625
Dymarska2025_associations,17,6,3.5,4.914031982421875,-1.414031982421875
Dymarska2025_associations,17,7,7.1953125,5.0078125,2.1875
Dymarska2025_associations,17,8,5.007781982421875,3.585205078125,1.422576904296875
Dymarska2025_associations,17,9,4.413330078125,4.29541015625,0.117919921875
Dymarska2025_associations,17,10,4.921875,3.345703125,1.576171875
Dymarska2025_associations,17,11,3.3759765625,4.462890625,-1.0869140625
Dymarska2025_associations,17,12,3.1103515625,3.072265625,0.0380859375
Dymarska2025_associations,17,13,3.80322265625,3.71484375,0.08837890625
Dymarska2025_associations,17,14,6.7109375,7.17822265625,-0.46728515625
Dymarska2025_associations,17,15,7.2265625,4.5625,2.6640625
Dymarska2025_associations,17,16,12.96875,11.234375,1.734375
Dymarska2025_associations,17,17,6.484375,7.3125,-0.828125
Dymarska2025_associations,17,18,6.08984375,6.15234375,-0.0625
Dymarska2025_associations,17,19,1.3720703125,1.4453125,-0.0732421875
Dymarska2025_associations,17,20,10.625,10.1875,0.4375
Dymarska2025_associations,17,21,5.9765625,2.79638671875,3.18017578125
Dymarska2025_associations,17,22,10.101531982421877,9.539031982421877,0.5625
Dymarska2025_associations,17,23,14.71875,14.15625,0.5625
Dymarska2025_associations,17,24,7.0,5.234375,1.765625
Dymarska2025_associations,17,25,11.46875,9.46875,2.0
Dymarska2025_associations,17,26,6.59375,7.15625,-0.5625
Dymarska2025_associations,17,27,6.1484375,4.7490234375,1.3994140625
Dymarska2025_associations,17,28,9.33203125,10.4609375,-1.12890625
Dymarska2025_associations,17,29,8.968505859375,7.78759765625,1.180908203125
Dymarska2025_associations,17,30,6.5,4.9375,1.5625
Dymarska2025_associations,17,31,5.6708984375,5.90576171875,-0.23486328125
Dymarska2025_associations,17,32,4.12890625,3.70703125,0.421875
Dymarska2025_associations,17,33,3.57275390625,3.8798828125,-0.30712890625
Dymarska2025_associations,17,34,10.34375,9.84375,0.5
Dymarska2025_associations,17,35,5.40673828125,5.345703125,0.06103515625
Dymarska2025_associations,17,36,3.84375,5.171875,-1.328125
Dymarska2025_associations,17,37,8.74072265625,8.37451171875,0.3662109375
Dymarska2025_associations,17,38,8.92578125,9.478515625,-0.552734375
Dymarska2025_associations,17,39,6.873046875,7.07421875,-0.201171875
Dymarska2025_associations,17,40,4.019500732421875,3.25390625,0.765594482421875
Dymarska2025_associations,17,41,4.337890625,3.843719482421875,0.494171142578125
Dymarska2025_associations,17,42,9.875,10.9375,-1.0625
Dymarska2025_associations,17,43,7.28125,7.1875,0.09375
Dymarska2025_associations,17,44,10.8125,11.125,-0.3125
Dymarska2025_associations,17,45,7.875,8.90625,-1.03125
Dymarska2025_associations,17,46,4.616943359375,4.9530029296875,-0.3360595703125
Dymarska2025_associations,17,47,6.4208984375,5.0194091796875,1.4014892578125
Dymarska2025_associations,17,48,7.382781982421875,6.328094482421875,1.0546875
Dymarska2025_associations,17,49,5.03515625,4.763671875,0.271484375
Dymarska2025_associations,17,50,5.644500732421875,5.880859375,-0.236358642578125
Dymarska2025_associations,17,51,3.560546875,3.58984375,-0.029296875
Dymarska2025_associations,17,52,5.779296875,8.0224609375,-2.2431640625
Dymarska2025_associations,17,53,9.25,4.609375,4.640625
Dymarska2025_associations,17,54,7.90625,8.0,-0.09375
Dymarska2025_associations,17,55,3.087860107421875,2.9658203125,0.122039794921875
Dymarska2025_associations,17,56,4.515625,4.7109375,-0.1953125
Dymarska2025_associations,17,57,3.990234375,4.3984375,-0.408203125
Dymarska2025_associations,17,58,5.398406982421875,4.80810546875,0.590301513671875
Dymarska2025_associations,17,59,7.65625,7.222625732421875,0.433624267578125
Dymarska2025_associations,17,60,5.28125,2.84375,2.4375
Dymarska2025_associations,17,61,14.609375,10.57421875,4.03515625
Dymarska2025_associations,17,62,9.85546875,6.7470703125,3.1083984375
Dymarska2025_associations,17,63,9.5,10.75,-1.25
Dymarska2025_associations,17,64,7.453125,5.296875,2.15625
Dymarska2025_associations,17,65,5.375,3.59765625,1.77734375
Dymarska2025_associations,17,66,10.7626953125,10.632080078125,0.130615234375
Dymarska2025_associations,17,67,6.3125,5.8671875,0.4453125
Dymarska2025_associations,17,68,9.40625,10.234375,-0.828125
Dymarska2025_associations,17,69,10.515625,7.529296875,2.986328125
Dymarska2025_associations,17,70,6.7578125,6.744140625,0.013671875
Dymarska2025_associations,17,71,8.046875,8.0625,-0.015625
Dymarska2025_associations,17,72,7.96875,7.2578125,0.7109375
Dymarska2025_associations,17,73,2.74462890625,2.80859375,-0.06396484375
Dymarska2025_associations,17,74,9.546875,7.984375,1.5625
Dymarska2025_associations,17,75,10.132781982421877,9.1248779296875,1.0079040527343768
Dymarska2025_associations,17,76,7.0311279296875,5.820281982421875,1.210845947265625
Dymarska2025_associations,17,77,7.015625,8.289031982421875,-1.273406982421875
Dymarska2025_associations,17,78,12.6875,13.25,-0.5625
Dymarska2025_associations,17,79,8.96875,8.59375,0.375
Dymarska2025_associations,17,80,5.09716796875,3.777313232421875,1.319854736328125
Dymarska2025_associations,17,81,2.685546875,3.0478515625,-0.3623046875
Dymarska2025_associations,17,82,3.765625,3.3828125,0.3828125
Dymarska2025_associations,17,83,10.023193359375,10.429443359375,-0.40625
Dymarska2025_associations,17,84,7.2646484375,7.1728515625,0.091796875
Dymarska2025_associations,17,85,6.820159912109375,6.4686279296875,0.351531982421875
Dymarska2025_associations,17,86,4.17578125,3.91015625,0.265625
Dymarska2025_associations,17,87,6.3125,5.921875,0.390625
Dymarska2025_associations,17,88,5.02197265625,3.600830078125,1.421142578125
Dymarska2025_associations,17,89,8.542938232421875,8.40234375,0.140594482421875
Dymarska2025_associations,17,90,10.421875,10.0546875,0.3671875
Dymarska2025_associations,17,91,7.18115234375,7.8662109375,-0.68505859375
Dymarska2025_associations,17,92,5.6953125,5.75,-0.0546875
Dymarska2025_associations,17,93,7.765625,9.734375,-1.96875
Dymarska2025_associations,17,94,6.1875,6.53125,-0.34375
Dymarska2025_associations,17,95,3.85546875,3.197265625,0.658203125
Dymarska2025_associations,17,96,6.07421875,6.46875,-0.39453125
Dymarska2025_associations,17,97,10.28125,11.03125,-0.75
Dymarska2025_associations,17,98,9.224609375,9.587890625,-0.36328125
Dymarska2025_associations,17,99,8.84375,8.65625,0.1875
Dymarska2025_associations,17,100,9.366455078125,8.647430419921875,0.719024658203125
Dymarska2025_associations,17,101,3.75,3.732421875,0.017578125
Dymarska2025_associations,17,102,3.5155029296875,2.18743896484375,1.32806396484375
Dymarska2025_associations,17,103,7.9375,7.390625,0.546875
Dymarska2025_associations,17,104,7.6875,7.609375,0.078125
Dymarska2025_associations,17,105,8.875,9.375,-0.5
Dymarska2025_associations,17,106,2.734375,2.890625,-0.15625
Dymarska2025_associations,17,107,5.7489013671875,5.0462646484375,0.70263671875
Dymarska2025_associations,17,108,6.34326171875,5.710693359375,0.632568359375
Dymarska2025_associations,17,109,6.826171875,5.101531982421875,1.724639892578125
Dymarska2025_associations,17,110,3.435546875,3.51513671875,-0.07958984375
Dymarska2025_associations,17,111,10.3125,10.25,0.0625
Dymarska2025_associations,17,112,7.9453125,6.1015625,1.84375
Dymarska2025_associations,17,113,8.25,8.3125,-0.0625
Dymarska2025_associations,17,114,5.96875,6.28125,-0.3125
Dymarska2025_associations,17,115,9.484375,7.6181640625,1.8662109375
Dymarska2025_associations,17,116,5.2109375,5.3203125,-0.109375
Dymarska2025_associations,17,117,8.640625,9.03125,-0.390625
Dymarska2025_associations,17,118,5.4609375,4.6953125,0.765625
Dymarska2025_associations,17,119,5.14453125,6.609375,-1.46484375
Dymarska2025_associations,17,120,6.71875,6.0625,0.65625
Dymarska2025_associations,17,121,2.26171875,1.81884765625,0.44287109375
Dymarska2025_associations,17,122,3.3203125,2.72705078125,0.59326171875
Dymarska2025_associations,17,123,5.445281982421875,5.5155029296875,-0.070220947265625
Dymarska2025_associations,17,124,6.1796875,7.71875,-1.5390625
Dymarska2025_associations,17,125,3.49609375,3.556640625,-0.060546875
Dymarska2025_associations,17,126,3.94140625,3.890625,0.05078125
Dymarska2025_associations,17,127,16.640625,8.8125,7.828125
Dymarska2025_associations,17,128,4.285125732421875,4.015594482421875,0.26953125
Dymarska2025_associations,17,129,6.32421875,6.359375,-0.03515625
Dymarska2025_associations,17,130,4.28076171875,4.0467529296875,0.2340087890625
Dymarska2025_associations,17,131,6.0546875,4.69921875,1.35546875
Dymarska2025_associations,17,132,10.0625,6.28125,3.78125
Dymarska2025_associations,17,133,7.7734375,7.15234375,0.62109375
Dymarska2025_associations,17,134,12.216796875,11.80517578125,0.41162109375
Dymarska2025_associations,17,135,11.875,11.84375,0.03125
Dymarska2025_associations,17,136,12.3125,11.3203125,0.9921875
Dymarska2025_associations,17,137,13.453125,10.72265625,2.73046875
Dymarska2025_associations,17,138,4.076171875,3.525390625,0.55078125
Dymarska2025_associations,17,139,4.6875,3.609375,1.078125
Dymarska2025_associations,17,140,1.55078125,1.591796875,-0.041015625
Dymarska2025_associations,17,141,3.53125,2.792236328125,0.739013671875
Dymarska2025_associations,17,142,16.625,18.5,-1.875
Dymarska2025_associations,17,143,10.46875,10.078125,0.390625
Dymarska2025_associations,17,144,6.0859375,7.1171875,-1.03125
Dymarska2025_associations,17,145,2.828125,1.66796875,1.16015625
Dymarska2025_associations,17,146,3.582977294921875,3.2841796875,0.298797607421875
Dymarska2025_associations,17,147,8.296875,6.875,1.421875
Dymarska2025_associations,17,148,5.451171875,6.07421875,-0.623046875
Dymarska2025_associations,17,149,5.3515625,5.609375,-0.2578125
Dymarska2025_associations,17,150,8.3037109375,9.2294921875,-0.92578125
Dymarska2025_associations,17,151,11.78125,12.359375,-0.578125
Dymarska2025_associations,17,152,10.125,9.71875,0.40625
Dymarska2025_associations,17,153,7.325927734375,8.014404296875,-0.6884765625
Dymarska2025_associations,17,154,9.140625,8.46875,0.671875
Dymarska2025_associations,17,155,6.2421875,5.482421875,0.759765625
Dymarska2025_associations,17,156,4.7109375,5.046875,-0.3359375
Dymarska2025_associations,17,157,5.078125,4.484375,0.59375
Dymarska2025_associations,17,158,7.9609375,7.10546875,0.85546875
Dymarska2025_associations,17,159,4.564422607421875,4.6014404296875,-0.037017822265625
Dymarska2025_associations,17,160,5.32421875,5.2734375,0.05078125
Dymarska2025_associations,17,161,5.21875,5.40625,-0.1875
Dymarska2025_associations,17,162,17.515625,19.125,-1.609375
Dymarska2025_associations,17,163,7.6015625,7.560546875,0.041015625
Dymarska2025_associations,17,164,4.600830078125,4.2967529296875,0.3040771484375
Dymarska2025_associations,17,165,8.507781982421875,8.382781982421875,0.125
Dymarska2025_associations,17,166,5.601531982421875,7.0311279296875,-1.429595947265625
Dymarska2025_associations,17,167,5.81640625,5.15185546875,0.66455078125
Dymarska2025_associations,17,168,6.5546875,7.15625,-0.6015625
Dymarska2025_associations,17,169,4.6875,4.576171875,0.111328125
Dymarska2025_associations,17,170,13.984375,10.185546875,3.798828125
Dymarska2025_associations,17,171,5.245361328125,5.400390625,-0.155029296875
Dymarska2025_associations,17,172,6.263671875,6.32763671875,-0.06396484375
Dymarska2025_associations,17,173,16.5,13.671875,2.828125
Dymarska2025_associations,17,174,17.93359375,17.873046875,0.060546875
Dymarska2025_associations,17,175,8.75,9.0234375,-0.2734375
Dymarska2025_associations,17,176,5.6513671875,5.175537109375,0.475830078125
Dymarska2025_associations,17,177,8.703125,8.78125,-0.078125
Dymarska2025_associations,17,178,12.406005859375,13.989990234375,-1.583984375
Dymarska2025_associations,17,179,9.15625,9.375,-0.21875
Dymarska2025_associations,17,180,3.08203125,3.0,0.08203125
Dymarska2025_associations,17,181,4.8486328125,4.6287841796875,0.2198486328125
Dymarska2025_associations,17,182,1.9609375,1.484375,0.4765625
Dymarska2025_associations,17,183,5.80419921875,5.798095703125,0.006103515625
Dymarska2025_associations,17,184,4.59375,4.19140625,0.40234375
Dymarska2025_associations,17,185,4.0986328125,2.83203125,1.2666015625
Dymarska2025_associations,17,186,4.8466796875,4.80517578125,0.04150390625
Dymarska2025_associations,17,187,9.54296875,9.484375,0.05859375
Dymarska2025_associations,17,188,5.125,4.9765625,0.1484375
Dymarska2025_associations,17,189,6.109375,4.6328125,1.4765625
Dymarska2025_associations,17,190,6.4375,6.84375,-0.40625
Dymarska2025_associations,17,191,7.9375,7.125,0.8125
Dymarska2025_associations,17,192,9.320281982421877,8.445281982421875,0.8750000000000018
Dymarska2025_associations,17,193,6.5478515625,6.310546875,0.2373046875
Dymarska2025_associations,17,194,8.167938232421875,8.964813232421875,-0.796875
Dymarska2025_associations,17,195,10.3125,10.101531982421877,0.21096801757812322
Dymarska2025_associations,17,196,6.6328125,5.4853515625,1.1474609375
Dymarska2025_associations,17,197,9.14453125,9.26953125,-0.125
Dymarska2025_associations,18,0,7.18359375,12.095703125,-4.912109375
Dymarska2025_associations,18,1,5.99609375,6.5361328125,-0.5400390625
Dymarska2025_associations,18,2,2.7197265625,2.81201171875,-0.09228515625
Dymarska2025_associations,18,3,7.164031982421875,7.78125,-0.617218017578125
Dymarska2025_associations,18,4,7.921875,6.05126953125,1.87060546875
Dymarska2025_associations,18,5,10.96875,10.703125,0.265625
Dymarska2025_associations,18,6,2.515625,1.9140625,0.6015625
Dymarska2025_associations,18,7,9.9375,9.53125,0.40625
Dymarska2025_associations,18,8,2.521484375,0.96142578125,1.56005859375
Dymarska2025_associations,18,9,14.35107421875,13.25341796875,1.09765625
Dymarska2025_associations,18,10,5.46875,5.4765625,-0.0078125
Dymarska2025_associations,18,11,2.36962890625,2.45703125,-0.08740234375
Dymarska2025_associations,18,12,8.421875,9.43359375,-1.01171875
Dymarska2025_associations,18,13,5.94921875,4.93359375,1.015625
Dymarska2025_associations,18,14,5.625,5.4375,0.1875
Dymarska2025_associations,18,15,1.984375,1.5625,0.421875
Dymarska2025_associations,18,16,8.8359375,8.02734375,0.80859375
Dymarska2025_associations,18,17,2.624725341796875,2.10931396484375,0.515411376953125
Dymarska2025_associations,18,18,6.71875,6.390625,0.328125
Dymarska2025_associations,18,19,6.578125,6.0234375,0.5546875
Dymarska2025_associations,18,20,7.30322265625,6.69287109375,0.6103515625
Dymarska2025_associations,18,21,4.210784912109375,4.405975341796875,-0.1951904296875
Dymarska2025_associations,18,22,12.132781982421877,8.148406982421875,3.9843750000000018
Dymarska2025_associations,18,23,7.171875,8.046875,-0.875
Dymarska2025_associations,18,24,7.01953125,4.779296875,2.240234375
Dymarska2025_associations,18,25,3.0771484375,2.66162109375,0.41552734375
Dymarska2025_associations,18,26,6.90625,6.75,0.15625
Dymarska2025_associations,18,27,10.109375,11.9375,-1.828125
Dymarska2025_associations,18,28,7.25,7.623046875,-0.373046875
Dymarska2025_associations,18,29,10.74072265625,11.507080078125,-0.766357421875
Dymarska2025_associations,18,30,7.3125,6.5625,0.75
Dymarska2025_associations,18,31,7.16015625,6.5341796875,0.6259765625
Dymarska2025_associations,18,32,8.1875,8.375,-0.1875
Dymarska2025_associations,18,33,7.125,6.25,0.875
Dymarska2025_associations,18,34,9.3125,9.3125,0.0
Dymarska2025_associations,18,35,4.9375,3.9375,1.0
Dymarska2025_associations,18,36,8.03125,6.6640625,1.3671875
Dymarska2025_associations,18,37,7.125,6.9375,0.1875
Dymarska2025_associations,18,38,5.5584716796875,5.6209716796875,-0.0625
Dymarska2025_associations,18,39,11.140625,9.2890625,1.8515625
Dymarska2025_associations,18,40,1.093719482421875,0.5625,0.531219482421875
Dymarska2025_associations,18,41,1.7890625,1.4619140625,0.3271484375
Dymarska2025_associations,18,42,7.373046875,6.460693359375,0.912353515625
Dymarska2025_associations,18,43,4.75390625,4.7890625,-0.03515625
Dymarska2025_associations,18,44,10.0,9.28125,0.71875
Dymarska2025_associations,18,45,4.5,3.859375,0.640625
Dymarska2025_associations,18,46,9.125,9.625,-0.5
Dymarska2025_associations,18,47,3.41015625,3.33984375,0.0703125
Dymarska2025_associations,18,48,2.546875,2.53125,0.015625
Dymarska2025_associations,18,49,4.3232421875,4.0849609375,0.23828125
Dymarska2025_associations,18,50,4.84375,4.875,-0.03125
Dymarska2025_associations,18,51,1.25732421875,1.591796875,-0.33447265625
Dymarska2025_associations,18,52,4.4375,4.25,0.1875
Dymarska2025_associations,18,53,3.40234375,3.18359375,0.21875
Dymarska2025_associations,18,54,2.859375,2.859375,0.0
Dymarska2025_associations,18,55,4.0087890625,4.04296875,-0.0341796875
Dymarska2025_associations,18,56,2.10888671875,2.320068359375,-0.211181640625
Dymarska2025_associations,18,57,6.19140625,5.7255859375,0.4658203125
Dymarska2025_associations,18,58,10.0,9.5625,0.4375
Dymarska2025_associations,18,59,12.234375,11.984375,0.25
Dymarska2025_associations,18,60,5.7265625,6.18359375,-0.45703125
Dymarska2025_associations,18,61,8.283203125,8.38037109375,-0.09716796875
Dymarska2025_associations,18,62,5.109375,5.125,-0.015625
Dymarska2025_associations,18,63,6.4453125,5.828125,0.6171875
Dymarska2025_associations,18,64,7.890625,8.6875,-0.796875
Dymarska2025_associations,18,65,7.71875,7.59375,0.125
Dymarska2025_associations,18,66,7.71875,7.25,0.46875
Dymarska2025_associations,18,67,7.015625,7.078125,-0.0625
Dymarska2025_associations,18,68,2.29296875,1.72265625,0.5703125
Dymarska2025_associations,18,69,6.53125,5.78125,0.75
Dymarska2025_associations,18,70,6.9375,7.21875,-0.28125
Dymarska2025_associations,18,71,3.234375,3.03125,0.203125
Dymarska2025_associations,18,72,6.28125,5.12109375,1.16015625
Dymarska2025_associations,18,73,5.44140625,5.03125,0.41015625
Dymarska2025_associations,18,74,6.23583984375,6.41650390625,-0.1806640625
Dymarska2025_associations,18,75,6.437469482421875,6.1796875,0.257781982421875
Dymarska2025_associations,18,76,7.375,8.0,-0.625
Dymarska2025_associations,18,77,6.76171875,6.87109375,-0.109375
Dymarska2025_associations,18,78,6.53125,6.125,0.40625
Dymarska2025_associations,18,79,7.351531982421875,7.867156982421875,-0.515625
Dymarska2025_associations,18,80,6.570770263671875,6.0106201171875,0.560150146484375
Dymarska2025_associations,18,81,7.6678466796875,6.2430419921875,1.4248046875
Dymarska2025_associations,18,82,4.47412109375,3.70751953125,0.7666015625
Dymarska2025_associations,18,83,2.9647216796875,2.8260498046875,0.138671875
Dymarska2025_associations,18,84,4.61083984375,5.9208984375,-1.31005859375
Dymarska2025_associations,18,85,5.59326171875,4.210693359375,1.382568359375
Dymarska2025_associations,18,86,3.5615234375,2.8896484375,0.671875
Dymarska2025_associations,18,87,11.515625,11.9375,-0.421875
Dymarska2025_associations,18,88,3.80859375,3.646484375,0.162109375
Dymarska2025_associations,18,89,11.875,6.8984375,4.9765625
Dymarska2025_associations,18,90,6.546875,5.53125,1.015625
Dymarska2025_associations,18,91,5.77001953125,5.8408203125,-0.07080078125
Dymarska2025_associations,18,92,6.59375,6.515625,0.078125
Dymarska2025_associations,18,93,8.84375,8.078125,0.765625
Dymarska2025_associations,18,94,7.1328125,6.34765625,0.78515625
Dymarska2025_associations,18,95,3.890625,3.03125,0.859375
Dymarska2025_associations,18,96,5.4375,4.09375,1.34375
Dymarska2025_associations,18,97,8.75,8.546875,0.203125
Dymarska2025_associations,18,98,5.6875,4.6875,1.0
Dymarska2025_associations,18,99,8.3125,8.625,-0.3125
Dymarska2025_associations,18,100,6.9140625,5.757781982421875,1.156280517578125
Dymarska2025_associations,18,101,7.796875,6.6953125,1.1015625
Dymarska2025_associations,18,102,5.757781982421875,3.859375,1.898406982421875
Dymarska2025_associations,18,103,3.694580078125,3.726318359375,-0.03173828125
Dymarska2025_associations,18,104,5.8125,5.75,0.0625
Dymarska2025_associations,18,105,7.1064453125,6.21875,0.8876953125
Dymarska2025_associations,18,106,4.8125,5.0,-0.1875
Dymarska2025_associations,18,107,5.07421875,4.556640625,0.517578125
Dymarska2025_associations,18,108,7.283203125,5.850830078125,1.432373046875
Dymarska2025_associations,18,109,5.5,4.75,0.75
Dymarska2025_associations,18,110,8.46875,9.15625,-0.6875
Dymarska2025_associations,18,111,6.5390625,6.04150390625,0.49755859375
Dymarska2025_associations,18,112,13.40625,12.96875,0.4375
Dymarska2025_associations,18,113,9.453125,5.570281982421875,3.882843017578125
Dymarska2025_associations,18,114,7.46484375,7.75,-0.28515625
Dymarska2025_associations,18,115,6.5546875,6.05078125,0.50390625
Dymarska2025_associations,18,116,3.780242919921875,4.248992919921875,-0.46875
Dymarska2025_associations,18,117,2.61328125,1.97265625,0.640625
Dymarska2025_associations,18,118,14.390625,12.875,1.515625
Dymarska2025_associations,18,119,6.109375,5.03076171875,1.07861328125
Dymarska2025_associations,18,120,12.2958984375,13.419921875,-1.1240234375
Dymarska2025_associations,18,121,7.976531982421875,8.671875,-0.695343017578125
Dymarska2025_associations,18,122,3.248046875,3.07958984375,0.16845703125
Dymarska2025_associations,18,123,1.44482421875,1.273193359375,0.171630859375
Dymarska2025_associations,18,124,4.3125,4.4296875,-0.1171875
Dymarska2025_associations,18,125,8.142547607421875,6.95947265625,1.183074951171875
Dymarska2025_associations,18,126,7.75,7.625,0.125
Dymarska2025_associations,18,127,4.59375,3.875,0.71875
Dymarska2025_associations,18,128,5.796875,4.7734375,1.0234375
Dymarska2025_associations,18,129,4.2030029296875,3.226531982421875,0.976470947265625
Dymarska2025_associations,18,130,6.546875,5.43017578125,1.11669921875
Dymarska2025_associations,18,131,7.6123046875,6.60498046875,1.00732421875
Dymarska2025_associations,18,132,4.7967529296875,4.1558837890625,0.640869140625
Dymarska2025_associations,18,133,5.59375,4.8125,0.78125
Dymarska2025_associations,18,134,5.8125,5.0625,0.75
Dymarska2025_associations,18,135,3.296875,3.0,0.296875
Dymarska2025_associations,18,136,2.623046875,2.1083984375,0.5146484375
Dymarska2025_associations,18,137,6.15234375,6.107421875,0.044921875
Dymarska2025_associations,18,138,7.2265625,7.234375,-0.0078125
Dymarska2025_associations,18,139,7.367034912109375,6.9365234375,0.430511474609375
Dymarska2025_associations,18,140,7.015625,7.21875,-0.203125
Dymarska2025_associations,18,141,7.25,6.6875,0.5625
Dymarska2025_associations,18,142,6.054656982421875,5.978485107421875,0.076171875
Dymarska2025_associations,18,143,7.9296875,7.40625,0.5234375
Dymarska2025_associations,18,144,6.58642578125,6.97509765625,-0.388671875
Dymarska2025_associations,18,145,11.5390625,11.15625,0.3828125
Dymarska2025_associations,18,146,4.81201171875,4.163330078125,0.648681640625
Dymarska2025_associations,18,147,3.99951171875,3.77099609375,0.228515625
Dymarska2025_associations,18,148,5.71875,7.15625,-1.4375
Dymarska2025_associations,18,149,3.86474609375,2.773406982421875,1.091339111328125
Dymarska2025_associations,18,150,6.6875,5.65625,1.03125
Dymarska2025_associations,18,151,2.4931640625,2.62744140625,-0.13427734375
Dymarska2025_associations,18,152,6.671600341796875,7.1866455078125,-0.515045166015625
Dymarska2025_associations,18,153,7.34375,4.100830078125,3.242919921875
Dymarska2025_associations,18,154,5.6142578125,2.20703125,3.4072265625
Dymarska2025_associations,18,155,12.259765625,12.08203125,0.177734375
Dymarska2025_associations,18,156,16.19140625,6.828125,9.36328125
Dymarska2025_associations,18,157,5.820281982421875,5.882781982421875,-0.0625
Dymarska2025_associations,18,158,7.796875,7.375,0.421875
Dymarska2025_associations,18,159,7.37109375,6.72265625,0.6484375
Dymarska2025_associations,18,160,4.40576171875,4.475830078125,-0.070068359375
Dymarska2025_associations,18,161,3.794921875,3.507080078125,0.287841796875
Dymarska2025_associations,18,162,7.37109375,6.984375,0.38671875
Dymarska2025_associations,18,163,2.96875,3.21875,-0.25
Dymarska2025_associations,18,164,4.59716796875,1.861328125,2.73583984375
Dymarska2025_associations,18,165,7.59375,6.59375,1.0
Dymarska2025_associations,18,166,2.8154296875,2.02880859375,0.78662109375
Dymarska2025_associations,18,167,8.0,8.03125,-0.03125
Dymarska2025_associations,18,168,4.46875,4.375,0.09375
Dymarska2025_associations,18,169,7.279296875,6.285125732421875,0.994171142578125
Dymarska2025_associations,18,170,7.84375,8.84375,-1.0
Dymarska2025_associations,18,171,5.59375,6.671875,-1.078125
Dymarska2025_associations,18,172,3.3916015625,2.732421875,0.6591796875
Dymarska2025_associations,18,173,5.101531982421875,5.3905029296875,-0.288970947265625
Dymarska2025_associations,18,174,3.78662109375,2.882568359375,0.904052734375
Dymarska2025_associations,18,175,7.960906982421875,5.807586669921875,2.1533203125
Dymarska2025_associations,18,176,9.56201171875,9.2939453125,0.26806640625
Dymarska2025_associations,18,177,3.46875,3.703125,-0.234375
Dymarska2025_associations,18,178,14.658203125,11.810546875,2.84765625
Dymarska2025_associations,18,179,3.35791015625,3.48779296875,-0.1298828125
Dymarska2025_associations,18,180,4.9921875,4.7265625,0.265625
Dymarska2025_associations,19,0,6.193359375,10.33984375,-4.146484375
Dymarska2025_associations,19,1,4.53515625,4.3857421875,0.1494140625
Dymarska2025_associations,19,2,5.37890625,4.1328125,1.24609375
Dymarska2025_associations,19,3,5.09375,5.609375,-0.515625
Dymarska2025_associations,19,4,7.419921875,4.68017578125,2.73974609375
Dymarska2025_associations,19,5,6.52001953125,5.83984375,0.68017578125
Dymarska2025_associations,19,6,5.726318359375,4.49951171875,1.226806640625
Dymarska2025_associations,19,7,2.041015625,1.644500732421875,0.396514892578125
Dymarska2025_associations,19,8,5.84375,6.375,-0.53125
Dymarska2025_associations,19,9,4.349609375,3.9375,0.412109375
Dymarska2025_associations,19,10,6.875,5.53125,1.34375
Dymarska2025_associations,19,11,3.4842529296875,3.281219482421875,0.203033447265625
Dymarska2025_associations,19,12,7.6875,6.781219482421875,0.906280517578125
Dymarska2025_associations,19,13,8.28125,9.5234375,-1.2421875
Dymarska2025_associations,19,14,8.828125,8.140625,0.6875
Dymarska2025_associations,19,15,4.671875,5.15625,-0.484375
Dymarska2025_associations,19,16,7.09375,6.28125,0.8125
Dymarska2025_associations,19,17,7.15625,5.625,1.53125
Dymarska2025_associations,19,18,6.96875,5.4375,1.53125
Dymarska2025_associations,19,19,5.044921875,4.44873046875,0.59619140625
Dymarska2025_associations,19,20,3.3505859375,2.038818359375,1.311767578125
Dymarska2025_associations,19,21,8.9375,6.515625,2.421875
Dymarska2025_associations,19,22,10.2626953125,10.38037109375,-0.11767578125
Dymarska2025_associations,19,23,8.59375,8.75,-0.15625
Dymarska2025_associations,19,24,9.1875,9.0,0.1875
Dymarska2025_associations,19,25,7.46875,8.46875,-1.0
Dymarska2025_associations,19,26,4.55029296875,4.750732421875,-0.200439453125
Dymarska2025_associations,19,27,4.8828125,5.625,-0.7421875
Dymarska2025_associations,19,28,6.53076171875,5.632080078125,0.898681640625
Dymarska2025_associations,19,29,11.34375,11.546875,-0.203125
Dymarska2025_associations,19,30,7.85546875,6.78125,1.07421875
Dymarska2025_associations,19,31,5.4375,5.28125,0.15625
Dymarska2025_associations,19,32,7.8125,7.5625,0.25
Dymarska2025_associations,19,33,6.515625,6.71484375,-0.19921875
Dymarska2025_associations,19,34,8.47265625,10.703125,-2.23046875
Dymarska2025_associations,19,35,5.859375,5.75390625,0.10546875
Dymarska2025_associations,19,36,6.75,5.90625,0.84375
Dymarska2025_associations,19,37,10.408203125,11.240234375,-0.83203125
Dymarska2025_associations,19,38,4.116943359375,4.84326171875,-0.726318359375
Dymarska2025_associations,19,39,12.3037109375,11.61083984375,0.69287109375
Dymarska2025_associations,19,40,7.59375,7.59375,0.0
Dymarska2025_associations,19,41,4.8359375,4.861328125,-0.025390625
Dymarska2025_associations,19,42,6.859375,5.90625,0.953125
Dymarska2025_associations,19,43,6.109375,6.796875,-0.6875
Dymarska2025_associations,19,44,5.47265625,5.091796875,0.380859375
Dymarska2025_associations,19,45,7.375,6.796875,0.578125
Dymarska2025_associations,19,46,7.8671875,8.8125,-0.9453125
Dymarska2025_associations,19,47,5.7109375,5.49609375,0.21484375
Dymarska2025_associations,19,48,4.59375,4.92578125,-0.33203125
Dymarska2025_associations,19,49,10.515625,6.703125,3.8125
Dymarska2025_associations,19,50,7.0,8.1875,-1.1875
Dymarska2025_associations,19,51,8.8203125,7.375,1.4453125
Dymarska2025_associations,19,52,8.4375,7.640625,0.796875
Dymarska2025_associations,19,53,6.21875,6.75,-0.53125
Dymarska2025_associations,19,54,5.8984375,4.39501953125,1.50341796875
Dymarska2025_associations,19,55,15.2498779296875,14.40625,0.8436279296875
Dymarska2025_associations,19,56,5.7421875,4.64453125,1.09765625
Dymarska2025_associations,19,57,6.4609375,7.453125,-0.9921875
Dymarska2025_associations,19,58,8.25,8.3125,-0.0625
Dymarska2025_associations,19,59,6.023193359375,5.4208984375,0.602294921875
Dymarska2025_associations,19,60,14.5625,10.9140625,3.6484375
Dymarska2025_associations,19,61,13.78125,15.109375,-1.328125
Dymarska2025_associations,19,62,3.78515625,4.06640625,-0.28125
Dymarska2025_associations,19,63,8.625,8.8125,-0.1875
Dymarska2025_associations,19,64,8.9375,8.609375,0.328125
Dymarska2025_associations,19,65,6.09375,4.75390625,1.33984375
Dymarska2025_associations,19,66,4.09326171875,2.5185546875,1.57470703125
Dymarska2025_associations,19,67,9.882568359375,9.65576171875,0.226806640625
Dymarska2025_associations,19,68,10.60546875,10.9853515625,-0.3798828125
Dymarska2025_associations,19,69,3.951171875,4.876953125,-0.92578125
Dymarska2025_associations,19,70,8.921875,8.515625,0.40625
Dymarska2025_associations,19,71,7.518524169921875,7.366668701171875,0.15185546875
Dymarska2025_associations,19,72,10.171875,10.20947265625,-0.03759765625
Dymarska2025_associations,19,73,3.4453125,2.294921875,1.150390625
Dymarska2025_associations,19,74,9.5,8.169921875,1.330078125
Dymarska2025_associations,19,75,6.115234375,6.17333984375,-0.05810546875
Dymarska2025_associations,19,76,4.4453125,5.2578125,-0.8125
Dymarska2025_associations,19,77,7.17822265625,7.44384765625,-0.265625
Dymarska2025_associations,19,78,8.046875,6.8828125,1.1640625
Dymarska2025_associations,19,79,10.216796875,9.0350341796875,1.1817626953125
Dymarska2025_associations,19,80,2.22314453125,2.81005859375,-0.5869140625
Dymarska2025_associations,19,81,6.31689453125,5.687469482421875,0.629425048828125
Dymarska2025_associations,19,82,7.625,7.59375,0.03125
Dymarska2025_associations,19,83,6.3125,4.74609375,1.56640625
Dymarska2025_associations,19,84,6.2734375,5.265625,1.0078125
Dymarska2025_associations,19,85,7.734375,6.77001953125,0.96435546875
Dymarska2025_associations,19,86,3.460906982421875,2.74609375,0.714813232421875
Dymarska2025_associations,19,87,4.15625,4.8828125,-0.7265625
Dymarska2025_associations,19,88,6.87109375,4.484375,2.38671875
Dymarska2025_associations,19,89,3.96826171875,3.44287109375,0.525390625
Dymarska2025_associations,19,90,6.857421875,8.2109375,-1.353515625
Dymarska2025_associations,19,91,5.263671875,4.66162109375,0.60205078125
Dymarska2025_associations,19,92,14.77001953125,8.319580078125,6.450439453125
Dymarska2025_associations,19,93,5.890625,6.4296875,-0.5390625
Dymarska2025_associations,19,94,10.375,8.4296875,1.9453125
Dymarska2025_associations,19,95,16.65625,16.5625,0.09375
Dymarska2025_associations,19,96,9.90625,11.09375,-1.1875
Dymarska2025_associations,19,97,7.3123779296875,5.893035888671875,1.419342041015625
Dymarska2025_associations,19,98,6.851776123046875,5.696746826171875,1.155029296875
Dymarska2025_associations,19,99,8.3671875,9.078125,-0.7109375
Dymarska2025_associations,19,100,3.671875,3.859375,-0.1875
Dymarska2025_associations,19,101,4.75,5.15625,-0.40625
Dymarska2025_associations,19,102,10.4921875,9.625,0.8671875
Dymarska2025_associations,19,103,13.171875,12.921875,0.25
Dymarska2025_associations,19,104,9.0625,7.1796875,1.8828125
Dymarska2025_associations,19,105,8.4599609375,5.35888671875,3.10107421875
Dymarska2025_associations,19,106,3.13037109375,1.81201171875,1.318359375
Dymarska2025_associations,19,107,3.2811279296875,3.72705078125,-0.4459228515625
Dymarska2025_associations,19,108,3.015625,2.265625,0.75
Dymarska2025_associations,19,109,6.00390625,7.5780029296875,-1.5740966796875
Dymarska2025_associations,19,110,3.875,4.21875,-0.34375
Dymarska2025_associations,19,111,2.453125,2.576171875,-0.123046875
Dymarska2025_associations,19,112,7.4580078125,6.40185546875,1.05615234375
Dymarska2025_associations,19,113,3.9638671875,4.4169921875,-0.453125
Dymarska2025_associations,19,114,5.9375,7.203125,-1.265625
Dymarska2025_associations,19,115,5.686767578125,3.798583984375,1.88818359375
Dymarska2025_associations,19,116,5.2841796875,6.10888671875,-0.82470703125
Dymarska2025_associations,19,117,8.179443359375,7.554443359375,0.625
Dymarska2025_associations,19,118,8.25,8.5,-0.25
Dymarska2025_associations,19,119,9.1796875,9.109375,0.0703125
Dymarska2025_associations,19,120,19.75,17.296875,2.453125
Dymarska2025_associations,19,121,12.125,8.21484375,3.91015625
Dymarska2025_associations,19,122,8.28125,8.421875,-0.140625
Dymarska2025_associations,19,123,18.1533203125,12.801025390625,5.352294921875
Dymarska2025_associations,19,124,9.220703125,8.4921875,0.728515625
Dymarska2025_associations,19,125,7.16015625,6.716796875,0.443359375
Dymarska2025_associations,19,126,4.529296875,4.9833984375,-0.4541015625
Dymarska2025_associations,19,127,4.320281982421875,4.210906982421875,0.109375
Dymarska2025_associations,19,128,4.728515625,4.86328125,-0.134765625
Dymarska2025_associations,19,129,8.1044921875,7.81640625,0.2880859375
Dymarska2025_associations,19,130,2.6611328125,4.9140625,-2.2529296875
Dymarska2025_associations,19,131,4.2265625,5.53125,-1.3046875
Dymarska2025_associations,19,132,3.12109375,1.44091796875,1.68017578125
Dymarska2025_associations,19,133,10.640625,7.34375,3.296875
Dymarska2025_associations,19,134,8.296875,9.484375,-1.1875
Dymarska2025_associations,19,135,6.0029296875,5.1405029296875,0.8624267578125
Dymarska2025_associations,19,136,6.453125,5.84375,0.609375
Dymarska2025_associations,19,137,8.25,6.46875,1.78125
Dymarska2025_associations,19,138,5.875,5.6796875,0.1953125
Dymarska2025_associations,19,139,7.14453125,7.560546875,-0.416015625
Dymarska2025_associations,19,140,6.109375,5.947265625,0.162109375
Dymarska2025_associations,19,141,7.084228515625,8.2978515625,-1.213623046875
Dymarska2025_associations,19,142,5.904296875,6.01708984375,-0.11279296875
Dymarska2025_associations,19,143,7.16162109375,7.0927734375,0.06884765625
Dymarska2025_associations,19,144,7.55078125,8.046875,-0.49609375
Dymarska2025_associations,19,145,3.8115234375,3.75634765625,0.05517578125
Dymarska2025_associations,19,146,3.75,3.701171875,0.048828125
Dymarska2025_associations,19,147,6.55078125,7.796875,-1.24609375
Dymarska2025_associations,19,148,5.25,6.046875,-0.796875
Dymarska2025_associations,19,149,13.8369140625,7.5400390625,6.296875
Dymarska2025_associations,19,150,5.75,5.625,0.125
Dymarska2025_associations,19,151,4.085693359375,4.78076171875,-0.695068359375
Dymarska2025_associations,19,152,9.784149169921877,9.0565185546875,0.7276306152343768
Dymarska2025_associations,19,153,8.66796875,6.55810546875,2.10986328125
Dymarska2025_associations,19,154,3.484375,2.71875,0.765625
Dymarska2025_associations,19,155,4.6875,4.625,0.0625
Dymarska2025_associations,19,156,10.572265625,10.3359375,0.236328125
Dymarska2025_associations,19,157,4.9375,3.75,1.1875
Dymarska2025_associations,19,158,3.553955078125,3.820068359375,-0.26611328125
Dymarska2025_associations,19,159,4.25,3.5625,0.6875
Dymarska2025_associations,19,160,7.8125,8.78125,-0.96875
Dymarska2025_associations,19,161,8.25,8.125,0.125
Dymarska2025_associations,19,162,5.205078125,5.328125,-0.123046875
Dymarska2025_associations,19,163,7.9375,7.273406982421875,0.664093017578125
Dymarska2025_associations,19,164,7.8515625,7.59375,0.2578125
Dymarska2025_associations,19,165,6.3876953125,6.80517578125,-0.41748046875
Dymarska2025_associations,19,166,5.32421875,6.02734375,-0.703125
Dymarska2025_associations,19,167,4.8359375,3.994140625,0.841796875
Dymarska2025_associations,19,168,4.025390625,4.52734375,-0.501953125
Dymarska2025_associations,19,169,7.0,7.34375,-0.34375
Dymarska2025_associations,19,170,6.7578125,7.30078125,-0.54296875
Dymarska2025_associations,19,171,1.91015625,2.240234375,-0.330078125
Dymarska2025_associations,19,172,4.1875,3.671875,0.515625
Dymarska2025_associations,19,173,2.367156982421875,2.773193359375,-0.406036376953125
Dymarska2025_associations,19,174,4.5625,2.8681640625,1.6943359375
Dymarska2025_associations,19,175,8.6083984375,9.163330078125,-0.554931640625
Dymarska2025_associations,19,176,8.28125,7.6875,0.59375
Dymarska2025_associations,19,177,6.98046875,7.33447265625,-0.35400390625
Dymarska2025_associations,19,178,7.236785888671875,6.511688232421875,0.72509765625
Dymarska2025_associations,19,179,9.578125,7.916015625,1.662109375
Dymarska2025_associations,19,180,6.109375,5.78125,0.328125
Dymarska2025_associations,19,181,6.09375,6.5,-0.40625
Dymarska2025_associations,19,182,5.560546875,6.1875,-0.626953125
Dymarska2025_associations,19,183,3.076171875,2.5732421875,0.5029296875
Dymarska2025_associations,19,184,9.936492919921877,9.3299560546875,0.6065368652343768
Dymarska2025_associations,19,185,8.6640625,6.382568359375,2.281494140625
Dymarska2025_associations,20,0,3.6455078125,9.72900390625,-6.08349609375
Dymarska2025_associations,20,1,5.5791015625,4.445068359375,1.134033203125
Dymarska2025_associations,20,2,7.48828125,7.210693359375,0.277587890625
Dymarska2025_associations,20,3,3.484375,3.4482421875,0.0361328125
Dymarska2025_associations,20,4,4.8125,6.03125,-1.21875
Dymarska2025_associations,20,5,3.420166015625,3.26513671875,0.155029296875
Dymarska2025_associations,20,6,4.525390625,5.69140625,-1.166015625
Dymarska2025_associations,20,7,1.45263671875,1.31689453125,0.1357421875
Dymarska2025_associations,20,8,2.945281982421875,2.661102294921875,0.2841796875
Dymarska2025_associations,20,9,4.18359375,4.5,-0.31640625
Dymarska2025_associations,20,10,3.1796875,3.56640625,-0.38671875
Dymarska2025_associations,20,11,5.46875,4.382781982421875,1.085968017578125
Dymarska2025_associations,20,12,5.609375,5.6640625,-0.0546875
Dymarska2025_associations,20,13,4.351531982421875,4.085693359375,0.265838623046875
Dymarska2025_associations,20,14,12.0703125,11.3984375,0.671875
Dymarska2025_associations,20,15,3.921875,1.999755859375,1.922119140625
Dymarska2025_associations,20,16,7.287109375,5.98046875,1.306640625
Dymarska2025_associations,20,17,15.0625,13.25,1.8125
Dymarska2025_associations,20,18,8.40283203125,8.2041015625,0.19873046875
Dymarska2025_associations,20,19,4.9609375,6.75390625,-1.79296875
Dymarska2025_associations,20,20,4.36376953125,2.1717529296875,2.1920166015625
Dymarska2025_associations,20,21,12.892333984375,13.851043701171877,-0.9587097167968768
Dymarska2025_associations,20,22,7.796875,7.244140625,0.552734375
Dymarska2025_associations,20,23,7.65625,7.234375,0.421875
Dymarska2025_associations,20,24,4.982421875,7.3125,-2.330078125
Dymarska2025_associations,20,25,3.28564453125,2.9530029296875,0.3326416015625
Dymarska2025_associations,20,26,3.234375,2.625,0.609375
Dymarska2025_associations,20,27,4.0584716796875,3.6326904296875,0.42578125
Dymarska2025_associations,20,28,2.945281982421875,3.4375,-0.492218017578125
Dymarska2025_associations,20,29,2.71826171875,2.585693359375,0.132568359375
Dymarska2025_associations,20,30,2.4091796875,1.24169921875,1.16748046875
Dymarska2025_associations,20,31,5.6988525390625,5.570159912109375,0.128692626953125
Dymarska2025_associations,20,32,8.748046875,9.39208984375,-0.64404296875
Dymarska2025_associations,20,33,4.880859375,6.515625,-1.634765625
Dymarska2025_associations,20,34,6.5699462890625,5.2220458984375,1.347900390625
Dymarska2025_associations,20,35,10.78662109375,11.250457763671877,-0.4638366699218768
Dymarska2025_associations,20,36,8.0625,8.25,-0.1875
Dymarska2025_associations,20,37,7.8359375,4.64453125,3.19140625
Dymarska2025_associations,20,38,7.326171875,6.396484375,0.9296875
Dymarska2025_associations,20,39,8.5546875,6.850799560546875,1.703887939453125
Dymarska2025_associations,20,40,4.93310546875,5.37158203125,-0.4384765625
Dymarska2025_associations,20,41,7.65625,8.171875,-0.515625
Dymarska2025_associations,20,42,5.11328125,4.71875,0.39453125
Dymarska2025_associations,20,43,9.0234375,4.9375,4.0859375
Dymarska2025_associations,20,44,6.375,6.125,0.25
Dymarska2025_associations,20,45,8.663330078125,9.3818359375,-0.718505859375
Dymarska2025_associations,20,46,6.701171875,7.4345703125,-0.7333984375
Dymarska2025_associations,20,47,8.5,8.703125,-0.203125
Dymarska2025_associations,20,48,3.36328125,2.2109375,1.15234375
Dymarska2025_associations,20,49,7.0467529296875,7.538909912109375,-0.492156982421875
Dymarska2025_associations,20,50,5.23583984375,5.4970703125,-0.26123046875
Dymarska2025_associations,20,51,7.1951904296875,7.281219482421875,-0.086029052734375
Dymarska2025_associations,20,52,9.34375,9.828125,-0.484375
Dymarska2025_associations,20,53,7.78515625,8.0751953125,-0.2900390625
Dymarska2025_associations,20,54,4.9140625,3.4482421875,1.4658203125
Dymarska2025_associations,20,55,6.671875,7.015625,-0.34375
Dymarska2025_associations,20,56,3.0042724609375,3.013916015625,-0.0096435546875
Dymarska2025_associations,20,57,4.6717529296875,5.0780029296875,-0.40625
Dymarska2025_associations,20,58,9.375,10.132781982421877,-0.7577819824218768
Dymarska2025_associations,20,59,12.1513671875,9.6162109375,2.53515625
Dymarska2025_associations,20,60,4.8905029296875,5.8280029296875,-0.9375
Dymarska2025_associations,20,61,4.874725341796875,4.218475341796875,0.65625
Dymarska2025_associations,20,62,2.972625732421875,3.0506591796875,-0.078033447265625
Dymarska2025_associations,20,63,6.007293701171875,6.092254638671875,-0.0849609375
Dymarska2025_associations,20,64,5.648406982421875,5.03125,0.617156982421875
Dymarska2025_associations,20,65,11.6875,11.625,0.0625
Dymarska2025_associations,20,66,11.34814453125,10.06689453125,1.28125
Dymarska2025_associations,20,67,5.0,3.859375,1.140625
Dymarska2025_associations,20,68,10.953125,11.390625,-0.4375
Dymarska2025_associations,20,69,5.492156982421875,4.8143310546875,0.677825927734375
Dymarska2025_associations,20,70,8.2249755859375,7.148284912109375,1.076690673828125
Dymarska2025_associations,20,71,12.6630859375,12.265625,0.3974609375
Dymarska2025_associations,20,72,3.544921875,3.8095703125,-0.2646484375
Dymarska2025_associations,20,73,8.203125,6.7890625,1.4140625
Dymarska2025_associations,20,74,6.26025390625,6.650390625,-0.39013671875
Dymarska2025_associations,20,75,7.6328125,6.28125,1.3515625
Dymarska2025_associations,20,76,3.06640625,2.16015625,0.90625
Dymarska2025_associations,20,77,9.140625,9.3125,-0.171875
Dymarska2025_associations,20,78,4.890625,6.2265625,-1.3359375
Dymarska2025_associations,20,79,10.375,11.0,-0.625
Dymarska2025_associations,20,80,8.875,8.265625,0.609375
Dymarska2025_associations,20,81,5.875,5.5,0.375
Dymarska2025_associations,20,82,6.984344482421875,5.42333984375,1.561004638671875
Dymarska2025_associations,20,83,3.3662109375,3.42041015625,-0.05419921875
Dymarska2025_associations,20,84,8.851531982421875,8.83203125,0.019500732421875
Dymarska2025_associations,20,85,7.0537109375,7.4140625,-0.3603515625
Dymarska2025_associations,20,86,6.6873779296875,8.3748779296875,-1.6875
Dymarska2025_associations,20,87,5.140625,3.2333984375,1.9072265625
Dymarska2025_associations,20,88,4.37109375,4.55078125,-0.1796875
Dymarska2025_associations,20,89,8.741180419921875,8.857879638671875,-0.11669921875
Dymarska2025_associations,20,90,5.4061279296875,5.617156982421875,-0.211029052734375
Dymarska2025_associations,20,91,6.765625,7.03125,-0.265625
Dymarska2025_associations,20,92,6.6796875,6.3359375,0.34375
Dymarska2025_associations,20,93,3.65625,4.25390625,-0.59765625
Dymarska2025_associations,20,94,7.8828125,7.859375,0.0234375
Dymarska2025_associations,20,95,3.0662841796875,2.867156982421875,0.199127197265625
Dymarska2025_associations,20,96,8.695281982421875,8.5625,0.132781982421875
Dymarska2025_associations,20,97,2.571533203125,2.765380859375,-0.19384765625
Dymarska2025_associations,20,98,8.507781982421875,8.257781982421875,0.25
Dymarska2025_associations,20,99,9.6328125,9.294921875,0.337890625
Dymarska2025_associations,20,100,3.330047607421875,3.126922607421875,0.203125
Dymarska2025_associations,20,101,3.867034912109375,3.751190185546875,0.1158447265625
Dymarska2025_associations,20,102,4.296875,4.359375,-0.0625
Dymarska2025_associations,20,103,6.6875,6.578125,0.109375
Dymarska2025_associations,20,104,5.04150390625,4.06787109375,0.9736328125
Dymarska2025_associations,20,105,6.828125,6.84375,-0.015625
Dymarska2025_associations,20,106,5.8330078125,6.833984375,-1.0009765625
Dymarska2025_associations,20,107,8.25,8.515625,-0.265625
Dymarska2025_associations,20,108,3.695068359375,2.679656982421875,1.015411376953125
Dymarska2025_associations,20,109,4.75390625,4.4453125,0.30859375
Dymarska2025_associations,20,110,4.7655029296875,5.623046875,-0.8575439453125
Dymarska2025_associations,20,111,8.8671875,7.4794921875,1.3876953125
Dymarska2025_associations,20,112,11.3125,9.6875,1.625
Dymarska2025_associations,20,113,12.9296875,14.1953125,-1.265625
Dymarska2025_associations,20,114,4.819580078125,4.398193359375,0.42138671875
Dymarska2025_associations,20,115,11.205078125,12.304443359375,-1.099365234375
Dymarska2025_associations,20,116,6.5625,6.0625,0.5
Dymarska2025_associations,20,117,13.117156982421877,9.003875732421875,4.113281250000002
Dymarska2025_associations,20,118,6.03662109375,7.1396484375,-1.10302734375
Dymarska2025_associations,20,119,7.59375,8.25,-0.65625
Dymarska2025_associations,20,120,8.03125,7.125,0.90625
Dymarska2025_associations,20,121,4.90625,5.1484375,-0.2421875
Dymarska2025_associations,20,122,6.875,7.453125,-0.578125
Dymarska2025_associations,20,123,6.570281982421875,6.976531982421875,-0.40625
Dymarska2025_associations,20,124,6.40625,7.125,-0.71875
Dymarska2025_associations,20,125,6.859375,8.0,-1.140625
Dymarska2025_associations,20,126,6.578125,5.08203125,1.49609375
Dymarska2025_associations,20,127,5.85205078125,6.951171875,-1.09912109375
Dymarska2025_associations,20,128,8.248046875,8.521484375,-0.2734375
Dymarska2025_associations,20,129,6.56640625,7.859375,-1.29296875
Dymarska2025_associations,20,130,5.9375,6.007781982421875,-0.070281982421875
Dymarska2025_associations,20,131,11.703125,9.318359375,2.384765625
Dymarska2025_associations,20,132,4.038055419921875,3.8431396484375,0.194915771484375
Dymarska2025_associations,20,133,7.2490234375,5.96142578125,1.28759765625
Dymarska2025_associations,20,134,8.28125,9.140625,-0.859375
Dymarska2025_associations,20,135,8.28125,8.38671875,-0.10546875
Dymarska2025_associations,20,136,2.333984375,1.98828125,0.345703125
Dymarska2025_associations,20,137,13.25,14.90625,-1.65625
Dymarska2025_associations,20,138,6.5,5.875,0.625
Dymarska2025_associations,20,139,7.96337890625,7.9501953125,0.01318359375
Dymarska2025_associations,20,140,3.9736328125,3.10009765625,0.87353515625
Dymarska2025_associations,20,141,6.65625,5.8203125,0.8359375
Dymarska2025_associations,20,142,3.638641357421875,3.476531982421875,0.162109375
Dymarska2025_associations,20,143,5.8125,4.78125,1.03125
Dymarska2025_associations,20,144,8.24609375,6.54150390625,1.70458984375
Dymarska2025_associations,20,145,8.8837890625,8.6279296875,0.255859375
Dymarska2025_associations,20,146,12.1982421875,7.0546875,5.1435546875
Dymarska2025_associations,20,147,7.43359375,5.820281982421875,1.613311767578125
Dymarska2025_associations,20,148,7.964813232421875,7.460784912109375,0.5040283203125
Dymarska2025_associations,20,149,5.5546875,3.427703857421875,2.126983642578125
Dymarska2025_associations,20,150,8.78515625,8.89453125,-0.109375
Dymarska2025_associations,20,151,7.1865234375,5.787078857421875,1.399444580078125
Dymarska2025_associations,20,152,3.546875,3.265625,0.28125
Dymarska2025_associations,20,153,9.14453125,9.0498046875,0.0947265625
Dymarska2025_associations,20,154,4.59375,4.45703125,0.13671875
Dymarska2025_associations,20,155,5.98828125,6.306640625,-0.318359375
Dymarska2025_associations,20,156,4.6171875,4.18359375,0.43359375
Dymarska2025_associations,20,157,2.525390625,2.163330078125,0.362060546875
Dymarska2025_associations,20,158,5.25,4.625,0.625
Dymarska2025_associations,20,159,7.015625,6.234375,0.78125
Dymarska2025_associations,20,160,6.4842529296875,7.320281982421875,-0.836029052734375
Dymarska2025_associations,20,161,11.389862060546877,11.281005859375,0.10885620117187678
Dymarska2025_associations,20,162,6.25,6.375,-0.125
Dymarska2025_associations,20,163,15.929534912109377,17.233612060546875,-1.3040771484374982
Dymarska2025_associations,20,164,5.5,6.125,-0.625
Dymarska2025_associations,20,165,7.8759765625,8.1982421875,-0.322265625
Dymarska2025_associations,20,166,3.625,3.796875,-0.171875
Dymarska2025_associations,20,167,4.6875,4.25,0.4375
Dymarska2025_associations,20,168,9.998046875,11.2451171875,-1.2470703125
Dymarska2025_associations,20,169,8.859130859375,6.859130859375,2.0
Dymarska2025_associations,20,170,4.5,4.203125,0.296875
Dymarska2025_associations,20,171,6.0859375,6.109375,-0.0234375
Dymarska2025_associations,20,172,4.171722412109375,5.398162841796875,-1.2264404296875
Dymarska2025_associations,20,173,3.920166015625,3.388153076171875,0.532012939453125
Dymarska2025_associations,20,174,3.2587890625,2.8427734375,0.416015625
Dymarska2025_associations,20,175,4.007568359375,5.0780029296875,-1.0704345703125
Dymarska2025_associations,20,176,8.90625,8.4375,0.46875
Dymarska2025_associations,20,177,5.10888671875,5.22509765625,-0.1162109375
Dymarska2025_associations,20,178,6.701385498046875,7.85736083984375,-1.155975341796875
Dymarska2025_associations,20,179,5.54681396484375,5.210784912109375,0.336029052734375
Dymarska2025_associations,20,180,3.8280029296875,3.7811279296875,0.046875
Dymarska2025_associations,20,181,9.0625,8.09375,0.96875
Dymarska2025_associations,20,182,6.144775390625,6.598876953125,-0.4541015625
Dymarska2025_associations,20,183,6.226531982421875,7.5467529296875,-1.320220947265625
Dymarska2025_associations,20,184,3.5546875,3.0859375,0.46875
Dymarska2025_associations,20,185,6.03125,5.859375,0.171875
Dymarska2025_associations,20,186,8.226318359375,8.522705078125,-0.29638671875
Dymarska2025_associations,21,0,9.3125,13.75,-4.4375
Dymarska2025_associations,21,1,6.76953125,3.18701171875,3.58251953125
Dymarska2025_associations,21,2,9.83203125,6.802734375,3.029296875
Dymarska2025_associations,21,3,6.0703125,3.166015625,2.904296875
Dymarska2025_associations,21,4,4.15234375,2.998046875,1.154296875
Dymarska2025_associations,21,5,6.53125,6.2109375,0.3203125
Dymarska2025_associations,21,6,3.06884765625,3.14697265625,-0.078125
Dymarska2025_associations,21,7,9.4072265625,8.1990966796875,1.2081298828125
Dymarska2025_associations,21,8,5.9609375,3.317352294921875,2.643585205078125
Dymarska2025_associations,21,9,3.890625,2.59375,1.296875
Dymarska2025_associations,21,10,8.125,8.593719482421875,-0.468719482421875
Dymarska2025_associations,21,11,10.6962890625,9.5042724609375,1.1920166015625
Dymarska2025_associations,21,12,11.90625,9.773193359375,2.133056640625
Dymarska2025_associations,21,13,6.435791015625,8.331756591796875,-1.895965576171875
Dymarska2025_associations,21,14,6.49609375,5.84765625,0.6484375
Dymarska2025_associations,21,15,4.375,4.125,0.25
Dymarska2025_associations,21,16,9.616455078125,10.7177734375,-1.101318359375
Dymarska2025_associations,21,17,14.5546875,13.640625,0.9140625
Dymarska2025_associations,21,18,7.6875,7.796875,-0.109375
Dymarska2025_associations,21,19,9.2900390625,9.22900390625,0.06103515625
Dymarska2025_associations,21,20,11.203094482421877,12.9296875,-1.7265930175781232
Dymarska2025_associations,21,21,11.28125,11.0625,0.21875
Dymarska2025_associations,21,22,7.591796875,7.9990234375,-0.4072265625
Dymarska2025_associations,21,23,3.67578125,2.71484375,0.9609375
Dymarska2025_associations,21,24,6.28125,6.66796875,-0.38671875
Dymarska2025_associations,21,25,9.1171875,9.6717529296875,-0.5545654296875
Dymarska2025_associations,21,26,5.74609375,6.84765625,-1.1015625
Dymarska2025_associations,21,27,6.1015625,7.609375,-1.5078125
Dymarska2025_associations,21,28,5.398406982421875,7.667724609375,-2.269317626953125
Dymarska2025_associations,21,29,3.546875,2.0,1.546875
Dymarska2025_associations,21,30,3.90625,2.76171875,1.14453125
Dymarska2025_associations,21,31,7.25,6.96875,0.28125
Dymarska2025_associations,21,32,7.65625,7.3125,0.34375
Dymarska2025_associations,21,33,5.621063232421875,5.7265625,-0.105499267578125
Dymarska2025_associations,21,34,7.6875,5.25,2.4375
Dymarska2025_associations,21,35,4.001953125,3.726531982421875,0.275421142578125
Dymarska2025_associations,21,36,2.984375,2.248046875,0.736328125
Dymarska2025_associations,21,37,7.0625,7.72265625,-0.66015625
Dymarska2025_associations,21,38,4.53125,4.421875,0.109375
Dymarska2025_associations,21,39,4.78125,3.318359375,1.462890625
Dymarska2025_associations,21,40,6.41796875,6.9609375,-0.54296875
Dymarska2025_associations,21,41,6.125,6.25,-0.125
Dymarska2025_associations,21,42,8.0625,7.625,0.4375
Dymarska2025_associations,21,43,5.658203125,5.6376953125,0.0205078125
Dymarska2025_associations,21,44,4.431640625,2.271484375,2.16015625
Dymarska2025_associations,21,45,2.9842529296875,2.554656982421875,0.429595947265625
Dymarska2025_associations,21,46,5.8125,7.0,-1.1875
Dymarska2025_associations,21,47,4.9853515625,3.8017578125,1.18359375
Dymarska2025_associations,21,48,6.14306640625,5.866455078125,0.276611328125
Dymarska2025_associations,21,49,6.28125,7.375,-1.09375
Dymarska2025_associations,21,50,2.1875,1.0478515625,1.1396484375
Dymarska2025_associations,21,51,6.95751953125,5.3826904296875,1.5748291015625
Dymarska2025_associations,21,52,7.8681640625,8.89306640625,-1.02490234375
Dymarska2025_associations,21,53,6.65625,6.25,0.40625
Dymarska2025_associations,21,54,8.25,8.75,-0.5
Dymarska2025_associations,21,55,9.185546875,9.966796875,-0.78125
Dymarska2025_associations,21,56,7.109375,6.8046875,0.3046875
Dymarska2025_associations,21,57,7.66015625,5.8955078125,1.7646484375
Dymarska2025_associations,21,58,5.50537109375,3.382293701171875,2.123077392578125
Dymarska2025_associations,21,59,6.9530029296875,6.632781982421875,0.320220947265625
Dymarska2025_associations,21,60,6.023406982421875,5.953094482421875,0.0703125
Dymarska2025_associations,21,61,4.2841796875,4.1083984375,0.17578125
Dymarska2025_associations,21,62,5.470703125,4.37109375,1.099609375
Dymarska2025_associations,21,63,9.61572265625,9.99267578125,-0.376953125
Dymarska2025_associations,21,64,2.81201171875,3.22900390625,-0.4169921875
Dymarska2025_associations,21,65,9.25,9.96875,-0.71875
Dymarska2025_associations,21,66,0.33740234375,0.1805419921875,0.1568603515625
Dymarska2025_associations,21,67,3.8828125,1.968505859375,1.914306640625
Dymarska2025_associations,21,68,5.375,5.5,-0.125
Dymarska2025_associations,21,69,0.261688232421875,0.138671875,0.123016357421875
Dymarska2025_associations,21,70,7.991943359375,5.695281982421875,2.296661376953125
Dymarska2025_associations,21,71,9.828125,10.8125,-0.984375
Dymarska2025_associations,21,72,7.9765625,4.15966796875,3.81689453125
Dymarska2025_associations,21,73,3.835906982421875,4.570281982421875,-0.734375
Dymarska2025_associations,21,74,5.228515625,4.4530029296875,0.7755126953125
Dymarska2025_associations,21,75,10.114990234375,9.225830078125,0.88916015625
Dymarska2025_associations,21,76,14.09375,13.484375,0.609375
Dymarska2025_associations,21,77,6.796875,6.140625,0.65625
Dymarska2025_associations,21,78,11.15625,6.66015625,4.49609375
Dymarska2025_associations,21,79,5.19140625,4.576171875,0.615234375
Dymarska2025_associations,21,80,6.046875,4.8125,1.234375
Dymarska2025_associations,21,81,5.0208740234375,5.0135498046875,0.00732421875
Dymarska2025_associations,21,82,5.48828125,4.658203125,0.830078125
Dymarska2025_associations,21,83,2.59326171875,3.5623779296875,-0.9691162109375
Dymarska2025_associations,21,84,9.6044921875,10.01953125,-0.4150390625
Dymarska2025_associations,21,85,5.494140625,5.55078125,-0.056640625
Dymarska2025_associations,21,86,8.09375,8.7890625,-0.6953125
Dymarska2025_associations,21,87,8.125,8.2890625,-0.1640625
Dymarska2025_associations,21,88,13.716766357421877,11.6162109375,2.1005554199218768
Dymarska2025_associations,21,89,18.4765625,13.765625,4.7109375
Dymarska2025_associations,21,90,9.05126953125,9.58984375,-0.53857421875
Dymarska2025_associations,21,91,7.025390625,6.6904296875,0.3349609375
Dymarska2025_associations,21,92,6.640625,7.06640625,-0.42578125
Dymarska2025_associations,21,93,4.43359375,4.3125,0.12109375
Dymarska2025_associations,21,94,1.226287841796875,0.76165771484375,0.464630126953125
Dymarska2025_associations,21,95,7.5625,7.3125,0.25
Dymarska2025_associations,21,96,8.59375,8.625,-0.03125
Dymarska2025_associations,21,97,8.875,8.3203125,0.5546875
Dymarska2025_associations,21,98,6.90625,6.375,0.53125
Dymarska2025_associations,21,99,6.484375,5.484375,1.0
Dymarska2025_associations,21,100,3.6875,3.0625,0.625
Dymarska2025_associations,21,101,6.18701171875,5.913330078125,0.273681640625
Dymarska2025_associations,21,102,3.08642578125,3.68359375,-0.59716796875
Dymarska2025_associations,21,103,2.4228515625,2.576171875,-0.1533203125
Dymarska2025_associations,21,104,2.5780029296875,2.460693359375,0.1173095703125
Dymarska2025_associations,21,105,1.636688232421875,1.47454833984375,0.162139892578125
Dymarska2025_associations,21,106,8.8125,6.90625,1.90625
Dymarska2025_associations,21,107,7.34765625,7.734375,-0.38671875
Dymarska2025_associations,21,108,1.482879638671875,1.617034912109375,-0.1341552734375
Dymarska2025_associations,21,109,8.35546875,7.1171875,1.23828125
Dymarska2025_associations,21,110,7.671875,7.796875,-0.125
Dymarska2025_associations,21,111,11.4140625,11.9345703125,-0.5205078125
Dymarska2025_associations,21,112,6.39453125,6.86328125,-0.46875
Dymarska2025_associations,21,113,4.9375,5.1875,-0.25
Dymarska2025_associations,21,114,8.9609375,9.328125,-0.3671875
Dymarska2025_associations,21,115,3.421875,3.48828125,-0.06640625
Dymarska2025_associations,21,116,8.609375,7.390625,1.21875
Dymarska2025_associations,21,117,12.654296875,13.263671875,-0.609375
Dymarska2025_associations,21,118,2.6900634765625,1.61767578125,1.0723876953125
Dymarska2025_associations,21,119,4.1826171875,3.95166015625,0.23095703125
Dymarska2025_associations,21,120,3.75,3.25,0.5
Dymarska2025_associations,21,121,2.3828125,3.0703125,-0.6875
Dymarska2025_associations,21,122,8.0,7.6875,0.3125
Dymarska2025_associations,21,123,7.4375,6.8125,0.625
Dymarska2025_associations,21,124,3.458984375,2.92626953125,0.53271484375
Dymarska2025_associations,21,125,7.2342529296875,8.414031982421875,-1.179779052734375
Dymarska2025_associations,21,126,9.125,9.304656982421877,-0.17965698242187678
Dymarska2025_associations,21,127,5.732421875,4.65478515625,1.07763671875
Dymarska2025_associations,21,128,6.71875,6.3125,0.40625
Dymarska2025_associations,21,129,4.125,3.9375,0.1875
Dymarska2025_associations,21,130,4.859375,2.29296875,2.56640625
Dymarska2025_associations,21,131,4.37109375,4.294921875,0.076171875
Dymarska2025_associations,21,132,6.625,6.40625,0.21875
Dymarska2025_associations,21,133,9.2783203125,8.951141357421875,0.327178955078125
Dymarska2025_associations,21,134,6.716796875,4.91748046875,1.79931640625
Dymarska2025_associations,21,135,7.0155029296875,6.9530029296875,0.0625
Dymarska2025_associations,21,136,7.95703125,3.921142578125,4.035888671875
Dymarska2025_associations,21,137,8.3125,7.1875,1.125
Dymarska2025_associations,21,138,4.088836669921875,3.417449951171875,0.67138671875
Dymarska2025_associations,21,139,7.83837890625,7.509521484375,0.328857421875
Dymarska2025_associations,21,140,13.71875,12.695281982421877,1.0234680175781232
Dymarska2025_associations,21,141,3.4189453125,2.8046875,0.6142578125
Dymarska2025_associations,21,142,10.8359375,10.046875,0.7890625
Dymarska2025_associations,21,143,2.7684326171875,3.1253662109375,-0.35693359375
Dymarska2025_associations,21,144,14.072265625,12.86328125,1.208984375
Dymarska2025_associations,21,145,3.05810546875,3.2333984375,-0.17529296875
Dymarska2025_associations,21,146,5.25244140625,4.826171875,0.42626953125
Dymarska2025_associations,21,147,4.545166015625,4.130615234375,0.41455078125
Dymarska2025_associations,21,148,6.429168701171875,6.12841796875,0.300750732421875
Dymarska2025_associations,21,149,6.0927734375,8.3408203125,-2.248046875
Dymarska2025_associations,21,150,8.68359375,8.015625,0.66796875
Dymarska2025_associations,21,151,7.13427734375,9.0535888671875,-1.9193115234375
Dymarska2025_associations,21,152,8.375,8.828125,-0.453125
Dymarska2025_associations,21,153,8.7381591796875,9.2342529296875,-0.49609375
Dymarska2025_associations,21,154,1.20263671875,1.195068359375,0.007568359375
Dymarska2025_associations,21,155,4.9842529296875,5.218719482421875,-0.234466552734375
Dymarska2025_associations,21,156,6.617156982421875,7.2655029296875,-0.648345947265625
Dymarska2025_associations,21,157,5.671875,4.9140625,0.7578125
Dymarska2025_associations,21,158,7.107421875,7.1728515625,-0.0654296875
Dymarska2025_associations,21,159,6.51220703125,8.559814453125,-2.047607421875
Dymarska2025_associations,21,160,7.390625,7.703125,-0.3125
Dymarska2025_associations,21,161,4.125,3.09375,1.03125
Dymarska2025_associations,21,162,1.28125,0.93359375,0.34765625
Dymarska2025_associations,21,163,3.15625,3.28125,-0.125
Dymarska2025_associations,21,164,11.50390625,9.15625,2.34765625
Dymarska2025_associations,21,165,8.06396484375,8.64794921875,-0.583984375
Dymarska2025_associations,21,166,7.554656982421875,8.03125,-0.476593017578125
Dymarska2025_associations,21,167,11.281219482421877,8.5233154296875,2.7579040527343768
Dymarska2025_associations,21,168,11.453125,12.65625,-1.203125
Dymarska2025_associations,21,169,6.25,6.0625,0.1875
Dymarska2025_associations,21,170,6.15576171875,6.0780029296875,0.0777587890625
Dymarska2025_associations,21,171,4.7890625,4.62109375,0.16796875
Dymarska2025_associations,21,172,15.30078125,8.28125,7.01953125
Dymarska2025_associations,21,173,4.96826171875,4.93017578125,0.0380859375
Dymarska2025_associations,21,174,8.9375,9.6875,-0.75
Dymarska2025_associations,21,175,6.98828125,8.21875,-1.23046875
Dymarska2025_associations,21,176,7.6396484375,7.585205078125,0.054443359375
Dymarska2025_associations,21,177,3.922821044921875,3.415008544921875,0.5078125
Dymarska2025_associations,21,178,18.5625,16.40625,2.15625
Dymarska2025_associations,21,179,6.25,4.306640625,1.943359375
Dymarska2025_associations,21,180,2.2021484375,1.476318359375,0.725830078125
Dymarska2025_associations,21,181,6.44091796875,6.642578125,-0.20166015625
Dymarska2025_associations,21,182,6.90625,5.59375,1.3125
Dymarska2025_associations,21,183,9.484375,5.78125,3.703125
Dymarska2025_associations,21,184,8.234375,5.77197265625,2.46240234375
Dymarska2025_associations,21,185,7.21875,6.5625,0.65625
Dymarska2025_associations,21,186,2.100341796875,2.3333740234375,-0.2330322265625
Dymarska2025_associations,21,187,10.25,10.875,-0.625
Dymarska2025_associations,21,188,10.5078125,12.1444091796875,-1.6365966796875
Dymarska2025_associations,21,189,5.5478515625,5.40869140625,0.13916015625
Dymarska2025_associations,21,190,7.392578125,8.77734375,-1.384765625
Dymarska2025_associations,21,191,5.0,4.75,0.25
Dymarska2025_associations,21,192,4.5625,3.765625,0.796875
Dymarska2025_associations,21,193,7.06640625,6.84765625,0.21875
Dymarska2025_associations,21,194,9.15625,8.0,1.15625
Dymarska2025_associations,21,195,5.9169921875,6.22265625,-0.3056640625
Dymarska2025_associations,21,196,7.1875,5.5,1.6875
Dymarska2025_associations,21,197,4.730438232421875,4.212860107421875,0.517578125
Dymarska2025_associations,21,198,6.57421875,7.984375,-1.41015625
Dymarska2025_associations,21,199,6.75,7.21875,-0.46875
Dymarska2025_associations,22,0,12.49609375,17.62890625,-5.1328125
Dymarska2025_associations,22,1,10.65625,3.2890625,7.3671875
Dymarska2025_associations,22,2,7.182373046875,3.8388671875,3.343505859375
Dymarska2025_associations,22,3,13.2421875,12.33984375,0.90234375
Dymarska2025_associations,22,4,5.421875,4.2421875,1.1796875
Dymarska2025_associations,22,5,7.3125,5.96875,1.34375
Dymarska2025_associations,22,6,11.919921875,7.2646484375,4.6552734375
Dymarska2025_associations,22,7,7.6875,6.5,1.1875
Dymarska2025_associations,22,8,7.2265625,4.779296875,2.447265625
Dymarska2025_associations,22,9,5.71875,4.796875,0.921875
Dymarska2025_associations,22,10,4.9501953125,5.1962890625,-0.24609375
Dymarska2025_associations,22,11,6.140625,5.40625,0.734375
Dymarska2025_associations,22,12,4.56640625,5.5859375,-1.01953125
Dymarska2025_associations,22,13,7.4609375,6.59375,0.8671875
Dymarska2025_associations,22,14,10.25,7.046875,3.203125
Dymarska2025_associations,22,15,4.59375,5.21875,-0.625
Dymarska2025_associations,22,16,8.658203125,7.6455078125,1.0126953125
Dymarska2025_associations,22,17,3.5322265625,4.9775390625,-1.4453125
Dymarska2025_associations,22,18,6.4375,6.53125,-0.09375
Dymarska2025_associations,22,19,6.375,5.9375,0.4375
Dymarska2025_associations,22,20,16.0,17.84375,-1.84375
Dymarska2025_associations,22,21,4.73876953125,4.71826171875,0.0205078125
Dymarska2025_associations,22,22,5.83984375,5.22412109375,0.61572265625
Dymarska2025_associations,22,23,9.9375,9.15625,0.78125
Dymarska2025_associations,22,24,5.91162109375,5.327880859375,0.583740234375
Dymarska2025_associations,22,25,4.3984375,4.142578125,0.255859375
Dymarska2025_associations,22,26,6.796875,5.1455078125,1.6513671875
Dymarska2025_associations,22,27,6.1875,6.25,-0.0625
Dymarska2025_associations,22,28,3.2890625,2.07421875,1.21484375
Dymarska2025_associations,22,29,5.46875,4.025390625,1.443359375
Dymarska2025_associations,22,30,2.03759765625,2.023193359375,0.014404296875
Dymarska2025_associations,22,31,3.44140625,2.5517578125,0.8896484375
Dymarska2025_associations,22,32,6.65625,4.826171875,1.830078125
Dymarska2025_associations,22,33,9.53125,10.59375,-1.0625
Dymarska2025_associations,22,34,5.539031982421875,5.625,-0.085968017578125
Dymarska2025_associations,22,35,5.77734375,5.87451171875,-0.09716796875
Dymarska2025_associations,22,36,4.33984375,4.52001953125,-0.18017578125
Dymarska2025_associations,22,37,6.46875,6.6484375,-0.1796875
Dymarska2025_associations,22,38,5.2568359375,4.22900390625,1.02783203125
Dymarska2025_associations,22,39,1.86669921875,1.7967529296875,0.0699462890625
Dymarska2025_associations,22,40,1.272705078125,0.402313232421875,0.870391845703125
Dymarska2025_associations,22,41,3.09765625,2.7578125,0.33984375
Dymarska2025_associations,22,42,11.1171875,12.9375,-1.8203125
Dymarska2025_associations,22,43,3.778564453125,3.6116943359375,0.1668701171875
Dymarska2025_associations,22,44,9.107421875,9.30322265625,-0.19580078125
Dymarska2025_associations,22,45,11.6025390625,12.006591796875,-0.404052734375
Dymarska2025_associations,22,46,4.67724609375,3.01171875,1.66552734375
Dymarska2025_associations,22,47,7.268524169921875,7.7928466796875,-0.524322509765625
Dymarska2025_associations,22,48,3.09375,3.09375,0.0
Dymarska2025_associations,22,49,6.984375,5.72265625,1.26171875
Dymarska2025_associations,22,50,9.7967529296875,9.851531982421877,-0.054779052734376776
Dymarska2025_associations,22,51,6.875,5.75,1.125
Dymarska2025_associations,22,52,2.71337890625,3.1240234375,-0.41064453125
Dymarska2025_associations,22,53,8.553955078125,7.726531982421875,0.827423095703125
Dymarska2025_associations,22,54,6.65625,7.0,-0.34375
Dymarska2025_associations,22,55,9.015625,7.3212890625,1.6943359375
Dymarska2025_associations,22,56,6.3240966796875,4.593475341796875,1.730621337890625
Dymarska2025_associations,22,57,9.90625,8.6875,1.21875
Dymarska2025_associations,22,58,4.9375,4.9375,0.0
Dymarska2025_associations,22,59,6.9609375,6.03515625,0.92578125
Dymarska2025_associations,22,60,4.6639404296875,1.63671875,3.0272216796875
Dymarska2025_associations,22,61,3.0810546875,3.601318359375,-0.520263671875
Dymarska2025_associations,22,62,4.491180419921875,5.49072265625,-0.999542236328125
Dymarska2025_associations,22,63,9.9061279296875,10.68701171875,-0.7808837890625
Dymarska2025_associations,22,64,4.8397216796875,5.218719482421875,-0.378997802734375
Dymarska2025_associations,22,65,10.460693359375,9.4217529296875,1.0389404296875
Dymarska2025_associations,22,66,4.73876953125,4.475830078125,0.262939453125
Dymarska2025_associations,22,67,2.14892578125,1.656219482421875,0.492706298828125
Dymarska2025_associations,22,68,8.818359375,8.0751953125,0.7431640625
Dymarska2025_associations,22,69,5.0,4.59375,0.40625
Dymarska2025_associations,22,70,8.58251953125,9.0537109375,-0.47119140625
Dymarska2025_associations,22,71,5.38232421875,4.68359375,0.69873046875
Dymarska2025_associations,22,72,6.4775390625,6.322265625,0.1552734375
Dymarska2025_associations,22,73,10.0625,9.125,0.9375
Dymarska2025_associations,22,74,5.75,5.8125,-0.0625
Dymarska2025_associations,22,75,4.25,3.671875,0.578125
Dymarska2025_associations,22,76,10.5390625,10.12890625,0.41015625
Dymarska2025_associations,22,77,5.30126953125,5.038330078125,0.262939453125
Dymarska2025_associations,22,78,2.4453125,1.1943359375,1.2509765625
Dymarska2025_associations,22,79,1.1337890625,0.77587890625,0.35791015625
Dymarska2025_associations,22,80,2.4373779296875,2.304656982421875,0.132720947265625
Dymarska2025_associations,22,81,6.414031982421875,6.15625,0.257781982421875
Dymarska2025_associations,22,82,3.640625,2.390625,1.25
Dymarska2025_associations,22,83,6.28125,7.09375,-0.8125
Dymarska2025_associations,22,84,5.15625,5.25,-0.09375
Dymarska2025_associations,22,85,4.523193359375,2.695281982421875,1.827911376953125
Dymarska2025_associations,22,86,1.390625,1.03125,0.359375
Dymarska2025_associations,22,87,4.6875,4.1875,0.5
Dymarska2025_associations,22,88,1.6171875,1.46875,0.1484375
Dymarska2025_associations,22,89,5.453125,6.953125,-1.5
Dymarska2025_associations,22,90,5.671875,5.859375,-0.1875
Dymarska2025_associations,22,91,6.1328125,3.0390625,3.09375
Dymarska2025_associations,22,92,2.335906982421875,1.8045654296875,0.531341552734375
Dymarska2025_associations,22,93,7.21875,4.75537109375,2.46337890625
Dymarska2025_associations,22,94,2.927734375,1.169921875,1.7578125
Dymarska2025_associations,22,95,5.234375,3.3720703125,1.8623046875
Dymarska2025_associations,22,96,7.127410888671875,5.887176513671875,1.240234375
Dymarska2025_associations,22,97,4.10546875,2.69580078125,1.40966796875
Dymarska2025_associations,22,98,3.9765625,3.2265625,0.75
Dymarska2025_associations,22,99,6.46875,5.75,0.71875
Dymarska2025_associations,22,100,3.65625,3.21875,0.4375
Dymarska2025_associations,22,101,5.0625,4.6875,0.375
Dymarska2025_associations,22,102,4.9609375,5.26171875,-0.30078125
Dymarska2025_associations,22,103,4.132781982421875,4.257781982421875,-0.125
Dymarska2025_associations,22,104,9.5986328125,4.7529296875,4.845703125
Dymarska2025_associations,22,105,9.303955078125,9.740966796875,-0.43701171875
Dymarska2025_associations,22,106,6.757781982421875,7.273406982421875,-0.515625
Dymarska2025_associations,22,107,6.265625,6.4375,-0.171875
Dymarska2025_associations,22,108,3.460906982421875,3.9375,-0.476593017578125
Dymarska2025_associations,22,109,5.451171875,1.87841796875,3.57275390625
Dymarska2025_associations,22,110,6.8125,7.09375,-0.28125
Dymarska2025_associations,22,111,3.863037109375,4.1795654296875,-0.3165283203125
Dymarska2025_associations,22,112,7.3203125,5.419921875,1.900390625
Dymarska2025_associations,22,113,6.1875,4.57763671875,1.60986328125
Dymarska2025_associations,22,114,4.765625,5.28125,-0.515625
Dymarska2025_associations,22,115,11.6708984375,10.7967529296875,0.8741455078125
Dymarska2025_associations,22,116,6.0078125,4.9609375,1.046875
Dymarska2025_associations,22,117,5.195281982421875,5.554656982421875,-0.359375
Dymarska2025_associations,22,118,5.3125,5.310546875,0.001953125
Dymarska2025_associations,22,119,8.1748046875,9.09814453125,-0.92333984375
Dymarska2025_associations,22,120,3.66796875,4.0,-0.33203125
Dymarska2025_associations,22,121,4.375,4.5703125,-0.1953125
Dymarska2025_associations,22,122,3.038818359375,2.5155029296875,0.5233154296875
Dymarska2025_associations,22,123,3.167938232421875,3.339813232421875,-0.171875
Dymarska2025_associations,22,124,4.069580078125,3.851531982421875,0.218048095703125
Dymarska2025_associations,22,125,6.62890625,6.125,0.50390625
Dymarska2025_associations,22,126,5.890625,4.1640625,1.7265625
Dymarska2025_associations,22,127,6.447265625,5.548828125,0.8984375
Dymarska2025_associations,22,128,3.34375,3.162109375,0.181640625
Dymarska2025_associations,22,129,3.3905029296875,4.5780029296875,-1.1875
Dymarska2025_associations,22,130,4.40625,4.703125,-0.296875
Dymarska2025_associations,22,131,5.0390625,5.4296875,-0.390625
Dymarska2025_associations,22,132,6.64013671875,4.382568359375,2.257568359375
Dymarska2025_associations,22,133,4.9521484375,5.708984375,-0.7568359375
Dymarska2025_associations,22,134,4.431640625,3.841796875,0.58984375
Dymarska2025_associations,22,135,2.27587890625,1.78076171875,0.4951171875
Dymarska2025_associations,22,136,3.96484375,4.3232421875,-0.3583984375
Dymarska2025_associations,22,137,4.3125,4.71875,-0.40625
Dymarska2025_associations,22,138,2.828125,2.226531982421875,0.601593017578125
Dymarska2025_associations,22,139,4.22900390625,3.64208984375,0.5869140625
Dymarska2025_associations,22,140,9.875,9.28125,0.59375
Dymarska2025_associations,22,141,7.070281982421875,6.7967529296875,0.273529052734375
Dymarska2025_associations,22,142,6.9375,5.875,1.0625
Dymarska2025_associations,22,143,8.21875,8.203125,0.015625
Dymarska2025_associations,22,144,7.273193359375,5.87255859375,1.400634765625
Dymarska2025_associations,22,145,3.2576904296875,2.509735107421875,0.747955322265625
Dymarska2025_associations,22,146,3.34814453125,3.9326171875,-0.58447265625
Dymarska2025_associations,22,147,3.9881591796875,4.0897216796875,-0.1015625
Dymarska2025_associations,22,148,4.0625,4.0625,0.0
Dymarska2025_associations,22,149,6.546875,6.546875,0.0
Dymarska2025_associations,22,150,12.143280029296877,12.814910888671877,-0.671630859375
Dymarska2025_associations,22,151,4.703125,5.1787109375,-0.4755859375
Dymarska2025_associations,22,152,5.28125,5.1875,0.09375
Dymarska2025_associations,22,153,5.8125,6.375,-0.5625
Dymarska2025_associations,22,154,2.8514404296875,3.9725341796875,-1.12109375
Dymarska2025_associations,22,155,1.29296875,1.7890625,-0.49609375
Dymarska2025_associations,22,156,3.625,3.515625,0.109375
Dymarska2025_associations,22,157,4.28125,4.8125,-0.53125
Dymarska2025_associations,22,158,5.8896484375,6.30859375,-0.4189453125
Dymarska2025_associations,22,159,7.475830078125,7.90576171875,-0.429931640625
Dymarska2025_associations,22,160,6.3330078125,6.104461669921875,0.228546142578125
Dymarska2025_associations,22,161,4.0,3.60546875,0.39453125
Dymarska2025_associations,22,162,6.4375,5.3125,1.125
Dymarska2025_associations,22,163,4.152801513671875,3.757080078125,0.395721435546875
Dymarska2025_associations,22,164,4.03271484375,3.95751953125,0.0751953125
Dymarska2025_associations,22,165,11.671875,9.5703125,2.1015625
Dymarska2025_associations,22,166,5.0234375,5.158203125,-0.134765625
Dymarska2025_associations,22,167,4.1875,4.375,-0.1875
Dymarska2025_associations,23,0,12.537109375,15.8564453125,-3.3193359375
Dymarska2025_associations,23,1,10.2421875,9.78125,0.4609375
Dymarska2025_associations,23,2,8.7265625,3.50390625,5.22265625
Dymarska2025_associations,23,3,9.671875,4.062744140625,5.609130859375
Dymarska2025_associations,23,4,3.57421875,3.326171875,0.248046875
Dymarska2025_associations,23,5,5.48046875,3.835906982421875,1.644561767578125
Dymarska2025_associations,23,6,7.6728515625,9.05322265625,-1.38037109375
Dymarska2025_associations,23,7,9.125,8.109375,1.015625
Dymarska2025_associations,23,8,3.33984375,3.7041015625,-0.3642578125
Dymarska2025_associations,23,9,12.6591796875,11.007781982421877,1.6513977050781232
Dymarska2025_associations,23,10,9.5,8.2607421875,1.2392578125
Dymarska2025_associations,23,11,6.15087890625,5.1092529296875,1.0416259765625
Dymarska2025_associations,23,12,7.625,5.625,2.0
Dymarska2025_associations,23,13,6.53515625,5.5546875,0.98046875
Dymarska2025_associations,23,14,6.7607421875,6.05322265625,0.70751953125
Dymarska2025_associations,23,15,7.28125,5.390625,1.890625
Dymarska2025_associations,23,16,4.679656982421875,3.957000732421875,0.72265625
Dymarska2025_associations,23,17,4.57421875,4.5703125,0.00390625
Dymarska2025_associations,23,18,3.828125,3.59375,0.234375
Dymarska2025_associations,23,19,4.59375,3.609375,0.984375
Dymarska2025_associations,23,20,5.833984375,6.31787109375,-0.48388671875
Dymarska2025_associations,23,21,13.53125,12.9375,0.59375
Dymarska2025_associations,23,22,7.4375,7.5,-0.0625
Dymarska2025_associations,23,23,2.109375,1.1171875,0.9921875
Dymarska2025_associations,23,24,9.0625,8.796875,0.265625
Dymarska2025_associations,23,25,9.1708984375,8.53076171875,0.64013671875
Dymarska2025_associations,23,26,3.2890625,2.73828125,0.55078125
Dymarska2025_associations,23,27,8.71875,9.40625,-0.6875
Dymarska2025_associations,23,28,8.296875,8.8125,-0.515625
Dymarska2025_associations,23,29,10.84375,9.060546875,1.783203125
Dymarska2025_associations,23,30,9.03125,9.46875,-0.4375
Dymarska2025_associations,23,31,0.679656982421875,0.267547607421875,0.412109375
Dymarska2025_associations,23,32,3.65625,3.015625,0.640625
Dymarska2025_associations,23,33,11.6953125,12.9375,-1.2421875
Dymarska2025_associations,23,34,5.007080078125,5.241943359375,-0.23486328125
Dymarska2025_associations,23,35,4.413330078125,3.48876953125,0.924560546875
Dymarska2025_associations,23,36,3.56640625,3.921875,-0.35546875
Dymarska2025_associations,23,37,5.03125,4.2265625,0.8046875
Dymarska2025_associations,23,38,4.890625,4.125,0.765625
Dymarska2025_associations,23,39,7.5703125,7.3046875,0.265625
Dymarska2025_associations,23,40,6.3125,5.484375,0.828125
Dymarska2025_associations,23,41,9.28125,7.01171875,2.26953125
Dymarska2025_associations,23,42,5.28125,6.1953125,-0.9140625
Dymarska2025_associations,23,43,10.828125,12.03125,-1.203125
Dymarska2025_associations,23,44,4.781005859375,3.881103515625,0.89990234375
Dymarska2025_associations,23,45,2.839111328125,2.1463623046875,0.6927490234375
Dymarska2025_associations,23,46,1.132781982421875,0.78125,0.351531982421875
Dymarska2025_associations,23,47,2.453125,2.375,0.078125
Dymarska2025_associations,23,48,9.5,9.5,0.0
Dymarska2025_associations,23,49,5.9375,6.625,-0.6875
Dymarska2025_associations,23,50,8.078125,9.171875,-1.09375
Dymarska2025_associations,23,51,6.90625,6.953125,-0.046875
Dymarska2025_associations,23,52,3.111328125,2.804443359375,0.306884765625
Dymarska2025_associations,23,53,5.1494140625,4.818359375,0.3310546875
Dymarska2025_associations,23,54,3.375,2.671875,0.703125
Dymarska2025_associations,23,55,5.453125,6.75,-1.296875
Dymarska2025_associations,23,56,3.701171875,4.1171875,-0.416015625
Dymarska2025_associations,23,57,2.116943359375,1.56201171875,0.554931640625
Dymarska2025_associations,23,58,2.4345703125,2.5042724609375,-0.0697021484375
Dymarska2025_associations,23,59,4.6875,4.9765625,-0.2890625
Dymarska2025_associations,23,60,4.31640625,3.080078125,1.236328125
Dymarska2025_associations,23,61,2.3515625,2.4296875,-0.078125
Dymarska2025_associations,23,62,3.482421875,3.64501953125,-0.16259765625
Dymarska2025_associations,23,63,9.03125,9.28125,-0.25
Dymarska2025_associations,23,64,5.9765625,6.171875,-0.1953125
Dymarska2025_associations,23,65,2.26171875,1.9686279296875,0.2930908203125
Dymarska2025_associations,23,66,2.601531982421875,2.523406982421875,0.078125
Dymarska2025_associations,23,67,6.75,6.4375,0.3125
Dymarska2025_associations,23,68,3.59375,4.5,-0.90625
Dymarska2025_associations,23,69,5.49072265625,5.56787109375,-0.0771484375
Dymarska2025_associations,23,70,3.12109375,2.80517578125,0.31591796875
Dymarska2025_associations,23,71,12.3125,7.140625,5.171875
Dymarska2025_associations,23,72,9.3359375,9.46875,-0.1328125
Dymarska2025_associations,23,73,6.78125,6.59375,0.1875
Dymarska2025_associations,23,74,8.55322265625,9.6455078125,-1.09228515625
Dymarska2025_associations,23,75,3.5,3.046875,0.453125
Dymarska2025_associations,23,76,5.02734375,5.5234375,-0.49609375
Dymarska2025_associations,23,77,7.546875,7.837890625,-0.291015625
Dymarska2025_associations,23,78,11.0,10.6875,0.3125
Dymarska2025_associations,23,79,7.8125,7.8125,0.0
Dymarska2025_associations,23,80,6.3203125,7.765625,-1.4453125
Dymarska2025_associations,23,81,3.59375,3.0,0.59375
Dymarska2025_associations,23,82,4.5625,4.53125,0.03125
Dymarska2025_associations,23,83,8.234375,9.3125,-1.078125
Dymarska2025_associations,23,84,9.125,9.5,-0.375
Dymarska2025_associations,23,85,3.71875,3.25,0.46875
Dymarska2025_associations,23,86,1.1015625,1.265625,-0.1640625
Dymarska2025_associations,23,87,9.1875,8.75,0.4375
Dymarska2025_associations,23,88,2.101531982421875,1.6092529296875,0.492279052734375
Dymarska2025_associations,23,89,6.58203125,5.78125,0.80078125
Dymarska2025_associations,23,90,8.1640625,2.955078125,5.208984375
Dymarska2025_associations,23,91,9.078125,6.296875,2.78125
Dymarska2025_associations,23,92,5.884765625,7.83203125,-1.947265625
Dymarska2025_associations,23,93,5.78125,5.3125,0.46875
Dymarska2025_associations,23,94,8.281005859375,6.421112060546875,1.859893798828125
Dymarska2025_associations,23,95,5.28515625,5.36474609375,-0.07958984375
Dymarska2025_associations,23,96,4.225830078125,3.413330078125,0.8125
Dymarska2025_associations,23,97,4.375,4.25,0.125
Dymarska2025_associations,23,98,6.765625,4.03515625,2.73046875
Dymarska2025_associations,23,99,3.70703125,3.77734375,-0.0703125
Dymarska2025_associations,23,100,4.882781982421875,5.195281982421875,-0.3125
Dymarska2025_associations,23,101,2.898406982421875,3.101531982421875,-0.203125
Dymarska2025_associations,23,102,2.908203125,3.091796875,-0.18359375
Dymarska2025_associations,23,103,6.890625,4.83984375,2.05078125
Dymarska2025_associations,23,104,6.140625,6.203125,-0.0625
Dymarska2025_associations,23,105,7.695281982421875,8.335906982421875,-0.640625
Dymarska2025_associations,23,106,5.388671875,4.24609375,1.142578125
Dymarska2025_associations,23,107,5.625,3.226531982421875,2.398468017578125
Dymarska2025_associations,23,108,3.71875,2.86328125,0.85546875
Dymarska2025_associations,23,109,2.5615234375,2.623046875,-0.0615234375
Dymarska2025_associations,23,110,6.09375,5.48828125,0.60546875
Dymarska2025_associations,23,111,2.7655029296875,2.929656982421875,-0.164154052734375
Dymarska2025_associations,23,112,12.75,9.578125,3.171875
Dymarska2025_associations,23,113,6.850830078125,7.679443359375,-0.82861328125
Dymarska2025_associations,23,114,5.4375,1.0379638671875,4.3995361328125
Dymarska2025_associations,23,115,3.2705078125,3.72265625,-0.4521484375
Dymarska2025_associations,23,116,7.21875,6.6875,0.53125
Dymarska2025_associations,23,117,7.6083984375,8.00537109375,-0.39697265625
Dymarska2025_associations,23,118,4.45361328125,6.05517578125,-1.6015625
Dymarska2025_associations,23,119,4.777313232421875,4.726531982421875,0.05078125
Dymarska2025_associations,23,120,4.9833984375,4.43701171875,0.54638671875
Dymarska2025_associations,23,121,6.8515625,6.6875,0.1640625
Dymarska2025_associations,23,122,2.826171875,3.217742919921875,-0.391571044921875
Dymarska2025_associations,23,123,6.78125,5.72314453125,1.05810546875
Dymarska2025_associations,23,124,2.7548828125,2.1484375,0.6064453125
Dymarska2025_associations,23,125,4.41796875,5.3046875,-0.88671875
Dymarska2025_associations,23,126,5.765625,3.46484375,2.30078125
Dymarska2025_associations,23,127,6.0155029296875,5.0,1.0155029296875
Dymarska2025_associations,23,128,6.125,6.0,0.125
Dymarska2025_associations,23,129,5.40625,4.375,1.03125
Dymarska2025_associations,23,130,9.125,8.5,0.625
Dymarska2025_associations,23,131,6.84375,7.703125,-0.859375
Dymarska2025_associations,23,132,6.02734375,6.8955078125,-0.8681640625
Dymarska2025_associations,23,133,4.818359375,4.69921875,0.119140625
Dymarska2025_associations,23,134,6.904296875,7.373046875,-0.46875
Dymarska2025_associations,23,135,6.966796875,7.3544921875,-0.3876953125
Dymarska2025_associations,23,136,7.65625,8.5,-0.84375
Dymarska2025_associations,23,137,7.91015625,7.8603515625,0.0498046875
Dymarska2025_associations,23,138,6.640625,6.625,0.015625
Dymarska2025_associations,23,139,7.66015625,7.2890625,0.37109375
Dymarska2025_associations,23,140,5.365234375,5.859375,-0.494140625
Dymarska2025_associations,23,141,5.4189453125,5.083984375,0.3349609375
Dymarska2025_associations,23,142,5.050750732421875,4.425628662109375,0.6251220703125
Dymarska2025_associations,23,143,5.70703125,5.39453125,0.3125
Dymarska2025_associations,23,144,3.578125,3.8125,-0.234375
Dymarska2025_associations,23,145,3.87890625,3.15234375,0.7265625
Dymarska2025_associations,23,146,9.3125,7.78125,1.53125
Dymarska2025_associations,23,147,5.9921875,5.58984375,0.40234375
Dymarska2025_associations,23,148,3.4375,3.34375,0.09375
Dymarska2025_associations,23,149,6.0859375,5.061767578125,1.024169921875
Dymarska2025_associations,23,150,7.640625,7.640625,0.0
Dymarska2025_associations,23,151,4.396484375,5.498046875,-1.1015625
Dymarska2025_associations,23,152,9.828125,7.413330078125,2.414794921875
Dymarska2025_associations,23,153,5.21484375,5.4228515625,-0.2080078125
Dymarska2025_associations,23,154,5.34375,4.44921875,0.89453125
Dymarska2025_associations,23,155,3.94140625,4.1328125,-0.19140625
Dymarska2025_associations,23,156,5.8603515625,5.18896484375,0.67138671875
Dymarska2025_associations,23,157,6.1875,5.046875,1.140625
Dymarska2025_associations,23,158,6.84375,6.4375,0.40625
Dymarska2025_associations,23,159,11.726531982421877,9.2147216796875,2.5118103027343768
Dymarska2025_associations,23,160,7.366943359375,7.600830078125,-0.23388671875
Dymarska2025_associations,23,161,5.98876953125,7.43212890625,-1.443359375
Dymarska2025_associations,23,162,6.048828125,5.75146484375,0.29736328125
Dymarska2025_associations,23,163,3.117156982421875,2.023406982421875,1.09375
Dymarska2025_associations,23,164,0.92578125,1.060546875,-0.134765625
Dymarska2025_associations,23,165,3.249969482421875,4.617156982421875,-1.3671875
Dymarska2025_associations,23,166,16.5625,17.15625,-0.59375
Dymarska2025_associations,23,167,10.726531982421877,11.37451171875,-0.6479797363281232
Dymarska2025_associations,23,168,4.0,3.50390625,0.49609375
Dymarska2025_associations,23,169,23.09375,23.390625,-0.296875
Dymarska2025_associations,23,170,19.734375,17.96875,1.765625
Dymarska2025_associations,23,171,7.65625,7.0625,0.59375
Dymarska2025_associations,23,172,4.9140625,4.88671875,0.02734375
Dymarska2025_associations,23,173,8.125,6.34375,1.78125
Dymarska2025_associations,23,174,6.59765625,6.33984375,0.2578125
Dymarska2025_associations,23,175,5.59375,6.1875,-0.59375
Dymarska2025_associations,23,176,6.05517578125,6.36083984375,-0.3056640625
Dymarska2025_associations,23,177,6.53125,5.5625,0.96875
Dymarska2025_associations,23,178,11.03125,11.4375,-0.40625
Dymarska2025_associations,23,179,7.328125,7.53125,-0.203125
Dymarska2025_associations,23,180,21.328125,23.21875,-1.890625
Dymarska2025_associations,23,181,8.875,9.15625,-0.28125
Dymarska2025_associations,23,182,8.515625,8.296875,0.21875
Dymarska2025_associations,23,183,5.34375,4.28125,1.0625
Dymarska2025_associations,24,0,7.3125,7.5625,-0.25
Dymarska2025_associations,24,1,6.0751953125,5.58203125,0.4931640625
Dymarska2025_associations,24,2,2.6826171875,2.71337890625,-0.03076171875
Dymarska2025_associations,24,3,10.71875,9.671875,1.046875
Dymarska2025_associations,24,4,6.12890625,4.1630859375,1.9658203125
Dymarska2025_associations,24,5,5.421875,5.8046875,-0.3828125
Dymarska2025_associations,24,6,9.671875,9.1015625,0.5703125
Dymarska2025_associations,24,7,4.3720703125,4.470703125,-0.0986328125
Dymarska2025_associations,24,8,15.6875,13.23046875,2.45703125
Dymarska2025_associations,24,9,10.890625,10.328125,0.5625
Dymarska2025_associations,24,10,9.40625,10.15625,-0.75
Dymarska2025_associations,24,11,6.03125,6.1171875,-0.0859375
Dymarska2025_associations,24,12,8.5,7.46826171875,1.03173828125
Dymarska2025_associations,24,13,10.625,10.140625,0.484375
Dymarska2025_associations,24,14,7.6171875,7.76171875,-0.14453125
Dymarska2025_associations,24,15,6.6746826171875,5.362060546875,1.3126220703125
Dymarska2025_associations,24,16,8.21875,7.36767578125,0.85107421875
Dymarska2025_associations,24,17,8.625,10.46875,-1.84375
Dymarska2025_associations,24,18,7.71728515625,7.849609375,-0.13232421875
Dymarska2025_associations,24,19,7.3125,6.75,0.5625
Dymarska2025_associations,24,20,2.9345703125,2.0048828125,0.9296875
Dymarska2025_associations,24,21,7.4375,6.01171875,1.42578125
Dymarska2025_associations,24,22,8.3427734375,9.7646484375,-1.421875
Dymarska2025_associations,24,23,4.75,3.71875,1.03125
Dymarska2025_associations,24,24,7.257781982421875,5.601531982421875,1.65625
Dymarska2025_associations,24,25,7.806640625,8.19921875,-0.392578125
Dymarska2025_associations,24,26,6.6953125,5.4052734375,1.2900390625
Dymarska2025_associations,24,27,6.62109375,6.134765625,0.486328125
Dymarska2025_associations,24,28,9.578125,9.40625,0.171875
Dymarska2025_associations,24,29,12.0,11.0,1.0
Dymarska2025_associations,24,30,6.564453125,6.11767578125,0.44677734375
Dymarska2025_associations,24,31,9.05078125,9.41796875,-0.3671875
Dymarska2025_associations,24,32,6.046875,5.75,0.296875
Dymarska2025_associations,24,33,12.02392578125,13.11572265625,-1.091796875
Dymarska2025_associations,24,34,8.9375,8.171875,0.765625
Dymarska2025_associations,24,35,7.03125,6.57421875,0.45703125
Dymarska2025_associations,24,36,7.7734375,7.1015625,0.671875
Dymarska2025_associations,24,37,5.7109375,4.955078125,0.755859375
Dymarska2025_associations,24,38,8.49951171875,8.070281982421875,0.429229736328125
Dymarska2025_associations,24,39,6.015625,4.19140625,1.82421875
Dymarska2025_associations,24,40,1.093719482421875,0.494140625,0.599578857421875
Dymarska2025_associations,24,41,2.1484375,2.12890625,0.01953125
Dymarska2025_associations,24,42,3.296875,3.375,-0.078125
Dymarska2025_associations,24,43,5.039031982421875,4.9375,0.101531982421875
Dymarska2025_associations,24,44,5.58251953125,4.788330078125,0.794189453125
Dymarska2025_associations,24,45,4.3583984375,5.23876953125,-0.88037109375
Dymarska2025_associations,24,46,7.01025390625,6.8291015625,0.18115234375
Dymarska2025_associations,24,47,6.523193359375,6.210693359375,0.3125
Dymarska2025_associations,24,48,8.119140625,8.001953125,0.1171875
Dymarska2025_associations,24,49,7.4765625,6.62109375,0.85546875
Dymarska2025_associations,24,50,5.0673828125,5.84521484375,-0.77783203125
Dymarska2025_associations,24,51,9.125,9.328125,-0.203125
Dymarska2025_associations,24,52,5.6640625,4.69140625,0.97265625
Dymarska2025_associations,24,53,5.398406982421875,5.898406982421875,-0.5
Dymarska2025_associations,24,54,8.17578125,8.9619140625,-0.7861328125
Dymarska2025_associations,24,55,10.4375,9.796875,0.640625
Dymarska2025_associations,24,56,9.346160888671877,6.60150146484375,2.7446594238281268
Dymarska2025_associations,24,57,5.05859375,5.10546875,-0.046875
Dymarska2025_associations,24,58,4.991424560546875,5.077972412109375,-0.0865478515625
Dymarska2025_associations,24,59,3.451171875,2.38037109375,1.07080078125
Dymarska2025_associations,24,60,2.640625,2.15625,0.484375
Dymarska2025_associations,24,61,8.8125,10.4375,-1.625
Dymarska2025_associations,24,62,4.65625,5.0625,-0.40625
Dymarska2025_associations,24,63,9.1015625,9.826171875,-0.724609375
Dymarska2025_associations,24,64,2.5859375,2.4765625,0.109375
Dymarska2025_associations,24,65,6.5,6.3125,0.1875
Dymarska2025_associations,24,66,10.90478515625,11.875,-0.97021484375
Dymarska2025_associations,24,67,4.1708984375,5.1240234375,-0.953125
Dymarska2025_associations,24,68,4.9375,4.59375,0.34375
Dymarska2025_associations,24,69,3.23046875,3.3759765625,-0.1455078125
Dymarska2025_associations,24,70,8.2734375,9.09375,-0.8203125
Dymarska2025_associations,24,71,7.931640625,7.6728515625,0.2587890625
Dymarska2025_associations,24,72,5.35302734375,4.726318359375,0.626708984375
Dymarska2025_associations,24,73,3.701171875,3.576171875,0.125
Dymarska2025_associations,24,74,11.0625,12.5625,-1.5
Dymarska2025_associations,24,75,7.16162109375,7.31640625,-0.15478515625
Dymarska2025_associations,24,76,7.593505859375,8.00927734375,-0.415771484375
Dymarska2025_associations,24,77,5.859375,6.158203125,-0.298828125
Dymarska2025_associations,24,78,7.0625,6.96875,0.09375
Dymarska2025_associations,24,79,3.02734375,2.65576171875,0.37158203125
Dymarska2025_associations,24,80,12.046875,9.701171875,2.345703125
Dymarska2025_associations,24,81,7.578125,8.0859375,-0.5078125
Dymarska2025_associations,24,82,4.148193359375,4.9530029296875,-0.8048095703125
Dymarska2025_associations,24,83,7.66162109375,6.61572265625,1.0458984375
Dymarska2025_associations,24,84,3.841552734375,4.02978515625,-0.188232421875
Dymarska2025_associations,24,85,9.085693359375,8.96826171875,0.117431640625
Dymarska2025_associations,24,86,4.66845703125,4.850341796875,-0.181884765625
Dymarska2025_associations,24,87,6.77197265625,5.7080078125,1.06396484375
Dymarska2025_associations,24,88,6.0859375,5.37890625,0.70703125
Dymarska2025_associations,24,89,3.15625,2.046875,1.109375
Dymarska2025_associations,24,90,8.546875,7.9375,0.609375
Dymarska2025_associations,24,91,7.257080078125,5.694580078125,1.5625
Dymarska2025_associations,24,92,9.3125,9.25,0.0625
Dymarska2025_associations,24,93,8.986328125,9.84375,-0.857421875
Dymarska2025_associations,24,94,3.50048828125,4.5830078125,-1.08251953125
Dymarska2025_associations,24,95,10.0390625,8.171875,1.8671875
Dymarska2025_associations,24,96,3.09765625,2.17138671875,0.92626953125
Dymarska2025_associations,24,97,6.30859375,6.9375,-0.62890625
Dymarska2025_associations,24,98,6.59375,5.8125,0.78125
Dymarska2025_associations,24,99,7.1875,6.375,0.8125
Dymarska2025_associations,24,100,10.11572265625,10.0126953125,0.10302734375
Dymarska2025_associations,24,101,6.453125,5.5859375,0.8671875
Dymarska2025_associations,24,102,6.1796875,4.1376953125,2.0419921875
Dymarska2025_associations,24,103,7.96875,7.625,0.34375
Dymarska2025_associations,24,104,5.5361328125,6.322265625,-0.7861328125
Dymarska2025_associations,24,105,4.546875,4.01953125,0.52734375
Dymarska2025_associations,24,106,7.585693359375,8.8280029296875,-1.2423095703125
Dymarska2025_associations,24,107,4.734375,4.818359375,-0.083984375
Dymarska2025_associations,24,108,0.812469482421875,0.32421875,0.488250732421875
Dymarska2025_associations,24,109,3.1865234375,2.77001953125,0.41650390625
Dymarska2025_associations,24,110,0.710784912109375,0.535125732421875,0.1756591796875
Dymarska2025_associations,24,111,5.538330078125,5.16650390625,0.371826171875
Dymarska2025_associations,24,112,0.820281982421875,0.785125732421875,0.03515625
Dymarska2025_associations,24,113,7.69384765625,7.9755859375,-0.28173828125
Dymarska2025_associations,24,114,11.0234375,9.484375,1.5390625
Dymarska2025_associations,24,115,6.2030029296875,7.0458984375,-0.8428955078125
Dymarska2025_associations,24,116,8.32421875,7.288330078125,1.035888671875
Dymarska2025_associations,24,117,7.53125,6.99609375,0.53515625
Dymarska2025_associations,24,118,8.703125,7.27734375,1.42578125
Dymarska2025_associations,24,119,6.46875,5.796875,0.671875
Dymarska2025_associations,24,120,3.75146484375,3.944580078125,-0.193115234375
Dymarska2025_associations,24,121,6.156005859375,5.4921875,0.663818359375
Dymarska2025_associations,24,122,4.6875,4.59375,0.09375
Dymarska2025_associations,24,123,10.97265625,9.74609375,1.2265625
Dymarska2025_associations,24,124,8.14990234375,7.7498779296875,0.4000244140625
Dymarska2025_associations,24,125,3.109375,2.921875,0.1875
Dymarska2025_associations,24,126,6.09375,6.75,-0.65625
Dymarska2025_associations,24,127,7.453125,7.84375,-0.390625
Dymarska2025_associations,24,128,5.556640625,5.8310546875,-0.2744140625
Dymarska2025_associations,24,129,7.51953125,5.6982421875,1.8212890625
Dymarska2025_associations,24,130,6.75,6.625,0.125
Dymarska2025_associations,24,131,2.7568359375,2.82275390625,-0.06591796875
Dymarska2025_associations,24,132,10.48828125,9.03515625,1.453125
Dymarska2025_associations,24,133,7.125,6.5625,0.5625
Dymarska2025_associations,24,134,8.3125,11.34375,-3.03125
Dymarska2025_associations,24,135,7.1317138671875,6.2322998046875,0.8994140625
Dymarska2025_associations,24,136,6.4140625,5.65234375,0.76171875
Dymarska2025_associations,24,137,6.9140625,6.85546875,0.05859375
Dymarska2025_associations,24,138,9.640625,8.455078125,1.185546875
Dymarska2025_associations,24,139,6.96875,6.5625,0.40625
Dymarska2025_associations,24,140,12.984375,11.21875,1.765625
Dymarska2025_associations,24,141,5.5936279296875,4.84765625,0.7459716796875
Dymarska2025_associations,24,142,7.25,7.71875,-0.46875
Dymarska2025_associations,24,143,3.6522216796875,3.5972900390625,0.054931640625
Dymarska2025_associations,24,144,7.625,3.31689453125,4.30810546875
Dymarska2025_associations,24,145,6.226318359375,7.06201171875,-0.835693359375
Dymarska2025_associations,24,146,5.648193359375,5.4530029296875,0.1951904296875
Dymarska2025_associations,24,147,6.5234375,6.291015625,0.232421875
Dymarska2025_associations,24,148,6.1875,5.625,0.5625
Dymarska2025_associations,24,149,2.81640625,2.9443359375,-0.1279296875
Dymarska2025_associations,24,150,6.7734375,6.19140625,0.58203125
Dymarska2025_associations,24,151,4.346923828125,3.364990234375,0.98193359375
Dymarska2025_associations,24,152,4.65625,5.90625,-1.25
Dymarska2025_associations,24,153,1.7734375,2.4140625,-0.640625
Dymarska2025_associations,24,154,8.15625,5.378173828125,2.778076171875
Dymarska2025_associations,24,155,6.359375,6.44921875,-0.08984375
Dymarska2025_associations,24,156,5.67822265625,5.15576171875,0.5224609375
Dymarska2025_associations,24,157,8.625,9.5,-0.875
Dymarska2025_associations,24,158,4.732421875,4.5693359375,0.1630859375
Dymarska2025_associations,24,159,6.4208984375,6.248046875,0.1728515625
Dymarska2025_associations,24,160,10.125,7.9375,2.1875
Dymarska2025_associations,24,161,2.5364990234375,2.9490966796875,-0.41259765625
Dymarska2025_associations,24,162,5.1748046875,5.4638671875,-0.2890625
Dymarska2025_associations,24,163,6.078125,5.26953125,0.80859375
Dymarska2025_associations,24,164,6.921875,7.3515625,-0.4296875
Dymarska2025_associations,24,165,5.61376953125,6.6591796875,-1.04541015625
Dymarska2025_associations,24,166,8.1875,7.5625,0.625
Dymarska2025_associations,24,167,3.5859375,2.6494140625,0.9365234375
Dymarska2025_associations,24,168,3.937225341796875,4.014862060546875,-0.07763671875
Dymarska2025_associations,24,169,2.9736328125,1.24560546875,1.72802734375
Dymarska2025_associations,24,170,1.8173828125,1.52587890625,0.29150390625
Dymarska2025_associations,24,171,5.02587890625,4.39697265625,0.62890625
Dymarska2025_associations,24,172,9.71484375,10.22900390625,-0.51416015625
Dymarska2025_associations,24,173,6.876953125,5.85302734375,1.02392578125
Dymarska2025_associations,24,174,6.3291015625,7.123046875,-0.7939453125
Dymarska2025_associations,24,175,2.6484375,2.41796875,0.23046875
Dymarska2025_associations,24,176,8.0625,8.15625,-0.09375
Dymarska2025_associations,24,177,4.085906982421875,3.671844482421875,0.4140625
Dymarska2025_associations,24,178,6.5234375,6.08203125,0.44140625
Dymarska2025_associations,24,179,6.583984375,7.41455078125,-0.83056640625
Dymarska2025_associations,24,180,7.2303466796875,7.571044921875,-0.3406982421875
Dymarska2025_associations,24,181,11.1796875,10.62890625,0.55078125
Dymarska2025_associations,24,182,10.0,9.328125,0.671875
Dymarska2025_associations,24,183,6.5302734375,6.533203125,-0.0029296875
Dymarska2025_associations,24,184,5.88427734375,7.234619140625,-1.350341796875
Dymarska2025_associations,24,185,5.70068359375,6.846649169921875,-1.145965576171875
Dymarska2025_associations,24,186,3.46875,2.5,0.96875
Dymarska2025_associations,24,187,2.9873046875,3.60400390625,-0.61669921875
Dymarska2025_associations,24,188,4.808563232421875,5.507781982421875,-0.69921875
Dymarska2025_associations,25,0,7.27734375,12.0205078125,-4.7431640625
Dymarska2025_associations,25,1,7.4921875,9.1484375,-1.65625
Dymarska2025_associations,25,2,10.0,10.3125,-0.3125
Dymarska2025_associations,25,3,6.63037109375,5.1083984375,1.52197265625
Dymarska2025_associations,25,4,6.625,6.25,0.375
Dymarska2025_associations,25,5,6.21875,6.046875,0.171875
Dymarska2025_associations,25,6,4.62109375,5.875,-1.25390625
Dymarska2025_associations,25,7,7.53125,7.375,0.15625
Dymarska2025_associations,25,8,5.1416015625,3.90576171875,1.23583984375
Dymarska2025_associations,25,9,10.46875,11.25,-0.78125
Dymarska2025_associations,25,10,10.984375,12.40625,-1.421875
Dymarska2025_associations,25,11,9.0625,9.125,-0.0625
Dymarska2025_associations,25,12,10.015625,8.7734375,1.2421875
Dymarska2025_associations,25,13,5.328125,5.65625,-0.328125
Dymarska2025_associations,25,14,8.625,8.203125,0.421875
Dymarska2025_associations,25,15,10.25,9.444580078125,0.805419921875
Dymarska2025_associations,25,16,6.978515625,7.41015625,-0.431640625
Dymarska2025_associations,25,17,7.9716796875,7.1717529296875,0.7999267578125
Dymarska2025_associations,25,18,7.65234375,7.6015625,0.05078125
Dymarska2025_associations,25,19,7.5625,8.65625,-1.09375
Dymarska2025_associations,25,20,2.8056640625,1.47265625,1.3330078125
Dymarska2025_associations,25,21,4.7734375,4.0,0.7734375
Dymarska2025_associations,25,22,4.71875,4.4375,0.28125
Dymarska2025_associations,25,23,6.125,5.625,0.5
Dymarska2025_associations,25,24,8.2890625,7.828125,0.4609375
Dymarska2025_associations,25,25,4.1875,3.9375,0.25
Dymarska2025_associations,25,26,3.203125,2.78125,0.421875
Dymarska2025_associations,25,27,6.4375,5.71875,0.71875
Dymarska2025_associations,25,28,8.0,8.3125,-0.3125
Dymarska2025_associations,25,29,5.75,6.875,-1.125
Dymarska2025_associations,25,30,6.859375,4.08984375,2.76953125
Dymarska2025_associations,25,31,4.6787109375,4.24609375,0.4326171875
Dymarska2025_associations,25,32,5.5625,5.5,0.0625
Dymarska2025_associations,25,33,8.375,9.0,-0.625
Dymarska2025_associations,25,34,8.3125,7.0234375,1.2890625
Dymarska2025_associations,25,35,6.8125,7.375,-0.5625
Dymarska2025_associations,25,36,6.890869140625,9.105712890625,-2.21484375
Dymarska2025_associations,25,37,5.5,6.0,-0.5
Dymarska2025_associations,25,38,4.3125,5.03125,-0.71875
Dymarska2025_associations,25,39,5.65087890625,5.3123779296875,0.3385009765625
Dymarska2025_associations,25,40,1.054656982421875,0.81640625,0.238250732421875
Dymarska2025_associations,25,41,6.69140625,6.6953125,-0.00390625
Dymarska2025_associations,25,42,5.3125,4.8125,0.5
Dymarska2025_associations,25,43,9.28125,8.5,0.78125
Dymarska2025_associations,25,44,6.265625,6.8125,-0.546875
Dymarska2025_associations,25,45,6.19921875,5.2275390625,0.9716796875
Dymarska2025_associations,25,46,7.546875,8.1875,-0.640625
Dymarska2025_associations,25,47,6.5625,6.015625,0.546875
Dymarska2025_associations,25,48,8.56201171875,6.49853515625,2.0634765625
Dymarska2025_associations,25,49,6.710906982421875,6.632781982421875,0.078125
Dymarska2025_associations,25,50,6.42333984375,5.58447265625,0.8388671875
Dymarska2025_associations,25,51,3.416015625,2.501953125,0.9140625
Dymarska2025_associations,25,52,10.18359375,9.984375,0.19921875
Dymarska2025_associations,25,53,7.3515625,6.91796875,0.43359375
Dymarska2025_associations,25,54,7.6171875,6.32421875,1.29296875
Dymarska2025_associations,25,55,6.109375,5.0625,1.046875
Dymarska2025_associations,25,56,5.1845703125,4.84326171875,0.34130859375
Dymarska2025_associations,25,57,6.45703125,5.1875,1.26953125
Dymarska2025_associations,25,58,7.25,6.859375,0.390625
Dymarska2025_associations,25,59,7.875,7.34375,0.53125
Dymarska2025_associations,25,60,9.5390625,9.171875,0.3671875
Dymarska2025_associations,25,61,7.218017578125,7.179656982421875,0.038360595703125
Dymarska2025_associations,25,62,5.30517578125,5.725830078125,-0.420654296875
Dymarska2025_associations,25,63,9.34375,7.78125,1.5625
Dymarska2025_associations,25,64,6.8203125,6.421875,0.3984375
Dymarska2025_associations,25,65,9.65625,10.3125,-0.65625
Dymarska2025_associations,25,66,2.8271484375,3.34326171875,-0.51611328125
Dymarska2025_associations,25,67,4.78125,4.8046875,-0.0234375
Dymarska2025_associations,25,68,5.6326904296875,5.367156982421875,0.265533447265625
Dymarska2025_associations,25,69,5.515625,5.0859375,0.4296875
Dymarska2025_associations,25,70,4.640625,4.171875,0.46875
Dymarska2025_associations,25,71,3.21484375,2.90625,0.30859375
Dymarska2025_associations,25,72,8.1875,8.5625,-0.375
Dymarska2025_associations,25,73,5.5791015625,4.95458984375,0.62451171875
Dymarska2025_associations,25,74,9.6943359375,10.2041015625,-0.509765625
Dymarska2025_associations,25,75,3.56640625,3.056640625,0.509765625
Dymarska2025_associations,25,76,5.42138671875,5.31005859375,0.111328125
Dymarska2025_associations,25,77,5.710693359375,5.37451171875,0.336181640625
Dymarska2025_associations,25,78,9.796875,10.375,-0.578125
Dymarska2025_associations,25,79,7.1875,7.109375,0.078125
Dymarska2025_associations,25,80,3.835906982421875,4.28125,-0.445343017578125
Dymarska2025_associations,25,81,8.5,8.25,0.25
Dymarska2025_associations,25,82,5.578125,5.546875,0.03125
Dymarska2025_associations,25,83,6.66650390625,7.568359375,-0.90185546875
Dymarska2025_associations,25,84,10.77392578125,9.7967529296875,0.9771728515625
Dymarska2025_associations,25,85,6.52490234375,7.28369140625,-0.7587890625
Dymarska2025_associations,25,86,8.125,7.8828125,0.2421875
Dymarska2025_associations,25,87,8.25,8.5625,-0.3125
Dymarska2025_associations,25,88,6.75,5.09375,1.65625
Dymarska2025_associations,25,89,9.625,9.875,-0.25
Dymarska2025_associations,25,90,5.87451171875,6.15234375,-0.27783203125
Dymarska2025_associations,25,91,7.1875,7.0,0.1875
Dymarska2025_associations,25,92,6.4375,6.625,-0.1875
Dymarska2025_associations,25,93,10.96875,12.28125,-1.3125
Dymarska2025_associations,25,94,7.8125,7.84375,-0.03125
Dymarska2025_associations,25,95,5.58203125,5.744140625,-0.162109375
Dymarska2025_associations,25,96,7.6875,6.8125,0.875
Dymarska2025_associations,25,97,7.296875,7.25,0.046875
Dymarska2025_associations,25,98,6.7734375,6.26171875,0.51171875
Dymarska2025_associations,25,99,5.65625,6.0,-0.34375
Dymarska2025_associations,25,100,3.54296875,3.4111328125,0.1318359375
Dymarska2025_associations,25,101,7.0,5.875,1.125
Dymarska2025_associations,25,102,5.39208984375,5.87890625,-0.48681640625
Dymarska2025_associations,25,103,6.671875,7.05322265625,-0.38134765625
Dymarska2025_associations,25,104,4.875,3.46875,1.40625
Dymarska2025_associations,25,105,4.4609375,3.6484375,0.8125
Dymarska2025_associations,25,106,5.38671875,4.958984375,0.427734375
Dymarska2025_associations,25,107,8.28125,8.25,0.03125
Dymarska2025_associations,25,108,7.953125,7.34375,0.609375
Dymarska2025_associations,25,109,2.070281982421875,2.0076904296875,0.062591552734375
Dymarska2025_associations,25,110,8.9375,7.953125,0.984375
Dymarska2025_associations,25,111,7.375,6.96875,0.40625
Dymarska2025_associations,25,112,6.2421875,5.44140625,0.80078125
Dymarska2025_associations,25,113,8.3671875,7.16796875,1.19921875
Dymarska2025_associations,25,114,4.9375,4.8125,0.125
Dymarska2025_associations,25,115,7.9921875,8.3203125,-0.328125
Dymarska2025_associations,25,116,4.1875,3.078125,1.109375
Dymarska2025_associations,25,117,4.2890625,4.0546875,0.234375
Dymarska2025_associations,25,118,7.3046875,6.4453125,0.859375
Dymarska2025_associations,25,119,8.125,8.4375,-0.3125
Dymarska2025_associations,25,120,8.8125,7.546875,1.265625
Dymarska2025_associations,25,121,9.375,7.9375,1.4375
Dymarska2025_associations,25,122,7.43359375,7.4765625,-0.04296875
Dymarska2025_associations,25,123,6.20703125,5.24609375,0.9609375
Dymarska2025_associations,25,124,5.642578125,5.37890625,0.263671875
Dymarska2025_associations,25,125,6.8125,7.1875,-0.375
Dymarska2025_associations,25,126,5.75,6.46875,-0.71875
Dymarska2025_associations,25,127,6.51220703125,6.3173828125,0.19482421875
Dymarska2025_associations,25,128,4.1640625,3.828125,0.3359375
Dymarska2025_associations,25,129,11.53125,8.6875,2.84375
Dymarska2025_associations,25,130,5.859375,6.546875,-0.6875
Dymarska2025_associations,25,131,5.5625,5.875,-0.3125
Dymarska2025_associations,25,132,3.57421875,3.759765625,-0.185546875
Dymarska2025_associations,25,133,9.4140625,4.937469482421875,4.476593017578125
Dymarska2025_associations,25,134,6.4375,7.2265625,-0.7890625
Dymarska2025_associations,25,135,7.890625,9.65625,-1.765625
Dymarska2025_associations,25,136,9.6875,9.75,-0.0625
Dymarska2025_associations,25,137,4.68359375,4.2578125,0.42578125
Dymarska2025_associations,25,138,7.351043701171875,7.476043701171875,-0.125
Dymarska2025_associations,25,139,4.84375,4.3125,0.53125
Dymarska2025_associations,25,140,7.8125,6.1875,1.625
Dymarska2025_associations,25,141,5.216796875,5.257568359375,-0.040771484375
Dymarska2025_associations,25,142,5.46875,6.15625,-0.6875
Dymarska2025_associations,25,143,4.9365234375,4.569091796875,0.367431640625
Dymarska2025_associations,25,144,4.40625,3.3046875,1.1015625
Dymarska2025_associations,25,145,9.125,9.1875,-0.0625
Dymarska2025_associations,25,146,3.625,3.03125,0.59375
Dymarska2025_associations,25,147,10.10546875,9.07958984375,1.02587890625
Dymarska2025_associations,25,148,7.304443359375,7.24951171875,0.054931640625
Dymarska2025_associations,25,149,7.46875,7.1875,0.28125
Dymarska2025_associations,25,150,11.06640625,10.728515625,0.337890625
Dymarska2025_associations,25,151,8.5,8.3125,0.1875
Dymarska2025_associations,25,152,3.625,2.328125,1.296875
Dymarska2025_associations,25,153,10.375,11.5625,-1.1875
Dymarska2025_associations,25,154,6.6875,6.46875,0.21875
Dymarska2025_associations,25,155,5.71875,5.0625,0.65625
Dymarska2025_associations,25,156,3.328125,3.140625,0.1875
Dymarska2025_associations,25,157,4.5625,4.5,0.0625
Dymarska2025_associations,25,158,7.625,8.5,-0.875
Dymarska2025_associations,25,159,6.669921875,6.47900390625,0.19091796875
Dymarska2025_associations,25,160,10.5625,10.40625,0.15625
Dymarska2025_associations,25,161,8.625,9.625,-1.0
Dymarska2025_associations,25,162,11.21875,12.4375,-1.21875
Dymarska2025_associations,25,163,5.39697265625,5.3525390625,0.04443359375
Dymarska2025_associations,25,164,11.7734375,12.453125,-0.6796875
Dymarska2025_associations,25,165,10.98876953125,10.58251953125,0.40625
Dymarska2025_associations,25,166,8.69921875,9.90625,-1.20703125
Dymarska2025_associations,25,167,11.4375,12.0625,-0.625
Dymarska2025_associations,25,168,8.0,6.6875,1.3125
Dymarska2025_associations,25,169,10.26953125,10.59375,-0.32421875
Dymarska2025_associations,25,170,6.828125,7.171875,-0.34375
Dymarska2025_associations,25,171,4.63671875,4.25,0.38671875
Dymarska2025_associations,25,172,5.4375,6.109375,-0.671875
Dymarska2025_associations,25,173,10.265625,8.4609375,1.8046875
Dymarska2025_associations,25,174,8.9375,9.6875,-0.75
Dymarska2025_associations,25,175,7.84375,8.296875,-0.453125
Dymarska2025_associations,25,176,7.53125,7.125,0.40625
Dymarska2025_associations,25,177,5.384765625,5.21484375,0.169921875
Dymarska2025_associations,25,178,9.7890625,9.6796875,0.109375
Dymarska2025_associations,25,179,5.375,5.375,0.0
Dymarska2025_associations,25,180,2.47998046875,2.09619140625,0.3837890625
Dymarska2025_associations,25,181,5.33984375,5.03515625,0.3046875
Dymarska2025_associations,25,182,6.59375,5.53125,1.0625
Dymarska2025_associations,25,183,5.9375,5.515625,0.421875
Dymarska2025_associations,25,184,9.09375,9.625,-0.53125
Dymarska2025_associations,25,185,6.796875,6.40625,0.390625
Dymarska2025_associations,25,186,14.86328125,15.163330078125,-0.300048828125
Dymarska2025_associations,25,187,6.625,7.125,-0.5
Dymarska2025_associations,25,188,6.748046875,6.2705078125,0.4775390625
Dymarska2025_associations,25,189,6.828125,6.640625,0.1875
Dymarska2025_associations,25,190,7.78125,7.546875,0.234375
Dymarska2025_associations,25,191,5.9375,6.9375,-1.0
Dymarska2025_associations,25,192,5.23828125,5.255859375,-0.017578125
Dymarska2025_associations,25,193,4.0068359375,3.8466796875,0.16015625
Dymarska2025_associations,25,194,6.2890625,5.34765625,0.94140625
Dymarska2025_associations,25,195,4.75830078125,3.85400390625,0.904296875
Dymarska2025_associations,25,196,8.75,8.61328125,0.13671875
Dymarska2025_associations,25,197,5.962860107421875,5.839813232421875,0.123046875
Dymarska2025_associations,25,198,8.25,8.3125,-0.0625
Dymarska2025_associations,25,199,6.0,6.5,-0.5
Dymarska2025_associations,26,0,3.6455078125,9.85400390625,-6.20849609375
Dymarska2025_associations,26,1,4.15576171875,2.6875,1.46826171875
Dymarska2025_associations,26,2,6.65576171875,6.08642578125,0.5693359375
Dymarska2025_associations,26,3,5.046875,5.640625,-0.59375
Dymarska2025_associations,26,4,8.75,6.19921875,2.55078125
Dymarska2025_associations,26,5,5.90625,4.65625,1.25
Dymarska2025_associations,26,6,3.685546875,2.7498779296875,0.9356689453125
Dymarska2025_associations,26,7,5.94140625,5.263671875,0.677734375
Dymarska2025_associations,26,8,6.015625,6.8125,-0.796875
Dymarska2025_associations,26,9,1.3154296875,1.1396484375,0.17578125
Dymarska2025_associations,26,10,2.962860107421875,2.736785888671875,0.22607421875
Dymarska2025_associations,26,11,10.34765625,10.7734375,-0.42578125
Dymarska2025_associations,26,12,5.72900390625,5.5380859375,0.19091796875
Dymarska2025_associations,26,13,16.484375,17.03125,-0.546875
Dymarska2025_associations,26,14,3.173828125,3.2353515625,-0.0615234375
Dymarska2025_associations,26,15,16.453094482421875,9.583984375,6.869110107421875
Dymarska2025_associations,26,16,9.9375,10.484375,-0.546875
Dymarska2025_associations,26,17,15.609375,7.7861328125,7.8232421875
Dymarska2025_associations,26,18,5.56103515625,5.6025390625,-0.04150390625
Dymarska2025_associations,26,19,8.9990234375,7.976043701171875,1.022979736328125
Dymarska2025_associations,26,20,4.28125,2.828125,1.453125
Dymarska2025_associations,26,21,12.1131591796875,11.3006591796875,0.8125
Dymarska2025_associations,26,22,3.41162109375,2.210693359375,1.200927734375
Dymarska2025_associations,26,23,4.6875,4.15625,0.53125
Dymarska2025_associations,26,24,6.92041015625,6.765869140625,0.154541015625
Dymarska2025_associations,26,25,4.523193359375,3.570281982421875,0.952911376953125
Dymarska2025_associations,26,26,5.927734375,5.69482421875,0.23291015625
Dymarska2025_associations,26,27,6.773284912109375,6.32806396484375,0.445220947265625
Dymarska2025_associations,26,28,8.875,8.5,0.375
Dymarska2025_associations,26,29,5.2333984375,4.66943359375,0.56396484375
Dymarska2025_associations,26,30,3.49072265625,3.12109375,0.36962890625
Dymarska2025_associations,26,31,9.3125,8.8125,0.5
Dymarska2025_associations,26,32,5.90625,4.46875,1.4375
Dymarska2025_associations,26,33,3.078125,2.796875,0.28125
Dymarska2025_associations,26,34,3.8846435546875,3.00390625,0.8807373046875
Dymarska2025_associations,26,35,6.8046875,7.92578125,-1.12109375
Dymarska2025_associations,26,36,4.126953125,3.48046875,0.646484375
Dymarska2025_associations,26,37,6.453125,7.078125,-0.625
Dymarska2025_associations,26,38,4.33203125,3.9375,0.39453125
Dymarska2025_associations,26,39,3.234375,3.015594482421875,0.218780517578125
Dymarska2025_associations,26,40,4.4169921875,4.94921875,-0.5322265625
Dymarska2025_associations,26,41,8.757781982421875,9.664031982421877,-0.9062500000000018
Dymarska2025_associations,26,42,10.21875,11.0,-0.78125
Dymarska2025_associations,26,43,4.6640625,4.27734375,0.38671875
Dymarska2025_associations,26,44,7.1875,6.8125,0.375
Dymarska2025_associations,26,45,6.136688232421875,6.103515625,0.033172607421875
Dymarska2025_associations,26,46,7.0625,7.46875,-0.40625
Dymarska2025_associations,26,47,6.046875,5.5625,0.484375
Dymarska2025_associations,26,48,7.97265625,8.5234375,-0.55078125
Dymarska2025_associations,26,49,7.126953125,7.78515625,-0.658203125
Dymarska2025_associations,26,50,7.65625,6.875,0.78125
Dymarska2025_associations,26,51,4.4375,4.0,0.4375
Dymarska2025_associations,26,52,4.0390625,3.51953125,0.51953125
Dymarska2025_associations,26,53,6.4375,6.46875,-0.03125
Dymarska2025_associations,26,54,6.3125,3.5,2.8125
Dymarska2025_associations,26,55,11.5625,7.541015625,4.021484375
Dymarska2025_associations,26,56,15.71728515625,6.22802734375,9.4892578125
Dymarska2025_associations,26,57,8.46875,8.40625,0.0625
Dymarska2025_associations,26,58,6.515625,4.84375,1.671875
Dymarska2025_associations,26,59,4.57958984375,3.64501953125,0.9345703125
Dymarska2025_associations,26,60,12.3671875,14.8046875,-2.4375
Dymarska2025_associations,26,61,3.397705078125,4.013671875,-0.615966796875
Dymarska2025_associations,26,62,8.4375,9.375,-0.9375
Dymarska2025_associations,26,63,3.5,3.453125,0.046875
Dymarska2025_associations,26,64,3.71875,4.46875,-0.75
Dymarska2025_associations,26,65,5.265625,4.7578125,0.5078125
Dymarska2025_associations,26,66,6.77734375,4.820281982421875,1.957061767578125
Dymarska2025_associations,26,67,8.046844482421875,6.84375,1.203094482421875
Dymarska2025_associations,26,68,3.626922607421875,3.525146484375,0.101776123046875
Dymarska2025_associations,26,69,8.75,7.484375,1.265625
Dymarska2025_associations,26,70,2.6875,1.7890625,0.8984375
Dymarska2025_associations,26,71,6.6875,6.875,-0.1875
Dymarska2025_associations,26,72,5.1591796875,4.835693359375,0.323486328125
Dymarska2025_associations,26,73,2.051727294921875,1.904754638671875,0.14697265625
Dymarska2025_associations,26,74,6.25,5.375,0.875
Dymarska2025_associations,26,75,6.927734375,6.72265625,0.205078125
Dymarska2025_associations,26,76,7.390625,6.78125,0.609375
Dymarska2025_associations,26,77,6.0859375,5.825439453125,0.260498046875
Dymarska2025_associations,26,78,3.8125,4.0,-0.1875
Dymarska2025_associations,26,79,2.78564453125,2.41259765625,0.373046875
Dymarska2025_associations,26,80,8.375,6.34375,2.03125
Dymarska2025_associations,26,81,3.7099609375,4.1318359375,-0.421875
Dymarska2025_associations,26,82,6.4217529296875,5.671844482421875,0.749908447265625
Dymarska2025_associations,26,83,10.109375,9.375,0.734375
Dymarska2025_associations,26,84,6.1640625,6.7109375,-0.546875
Dymarska2025_associations,26,85,8.55419921875,9.536590576171877,-0.9823913574218768
Dymarska2025_associations,26,86,18.3046875,16.71826171875,1.58642578125
Dymarska2025_associations,26,87,10.34375,9.90625,0.4375
Dymarska2025_associations,26,88,4.322265625,4.6171875,-0.294921875
Dymarska2025_associations,26,89,4.232421875,4.060546875,0.171875
Dymarska2025_associations,26,90,2.022705078125,2.975830078125,-0.953125
Dymarska2025_associations,26,91,4.456787109375,4.5780029296875,-0.1212158203125
Dymarska2025_associations,26,92,4.2655029296875,4.0155029296875,0.25
Dymarska2025_associations,26,93,14.890625,12.50390625,2.38671875
Dymarska2025_associations,26,94,4.2109375,3.7734375,0.4375
Dymarska2025_associations,26,95,3.9217529296875,3.664031982421875,0.257720947265625
Dymarska2025_associations,26,96,7.73046875,7.53076171875,0.19970703125
Dymarska2025_associations,26,97,7.65625,8.78125,-1.125
Dymarska2025_associations,26,98,3.546875,4.3125,-0.765625
Dymarska2025_associations,26,99,8.3905029296875,7.945281982421875,0.445220947265625
Dymarska2025_associations,26,100,3.5,3.25390625,0.24609375
Dymarska2025_associations,26,101,4.623504638671875,3.71868896484375,0.904815673828125
Dymarska2025_associations,26,102,5.716796875,5.7080078125,0.0087890625
Dymarska2025_associations,26,103,3.30078125,2.80078125,0.5
Dymarska2025_associations,26,104,4.841796875,4.71142578125,0.13037109375
Dymarska2025_associations,26,105,6.158203125,6.54833984375,-0.39013671875
Dymarska2025_associations,26,106,0.59375,0.318359375,0.275390625
Dymarska2025_associations,26,107,1.8675537109375,2.066162109375,-0.1986083984375
Dymarska2025_associations,26,108,3.091796875,3.1630859375,-0.0712890625
Dymarska2025_associations,26,109,3.390625,3.328125,0.0625
Dymarska2025_associations,26,110,6.9921875,2.849609375,4.142578125
Dymarska2025_associations,26,111,4.6953125,5.328125,-0.6328125
Dymarska2025_associations,26,112,4.960906982421875,5.492156982421875,-0.53125
Dymarska2025_associations,26,113,3.1600341796875,2.9232177734375,0.23681640625
Dymarska2025_associations,26,114,4.26171875,4.3349609375,-0.0732421875
Dymarska2025_associations,26,115,7.95703125,8.3515625,-0.39453125
Dymarska2025_associations,26,116,4.851531982421875,4.820281982421875,0.03125
Dymarska2025_associations,26,117,6.3046875,7.109375,-0.8046875
Dymarska2025_associations,26,118,5.06640625,5.564453125,-0.498046875
Dymarska2025_associations,26,119,5.710693359375,5.550750732421875,0.159942626953125
Dymarska2025_associations,26,120,6.94140625,7.203125,-0.26171875
Dymarska2025_associations,26,121,5.927734375,6.58642578125,-0.65869140625
Dymarska2025_associations,26,122,5.413818359375,5.4451904296875,-0.0313720703125
Dymarska2025_associations,26,123,9.5625,9.5,0.0625
Dymarska2025_associations,26,124,9.75,10.21875,-0.46875
Dymarska2025_associations,26,125,8.26171875,8.6328125,-0.37109375
Dymarska2025_associations,26,126,8.44921875,7.8349609375,0.6142578125
Dymarska2025_associations,26,127,13.559326171875,9.7137451171875,3.8455810546875
Dymarska2025_associations,26,128,4.0155029296875,3.835906982421875,0.179595947265625
Dymarska2025_associations,26,129,5.460784912109375,4.280975341796875,1.1798095703125
Dymarska2025_associations,26,130,1.58203125,1.703125,-0.12109375
Dymarska2025_associations,26,131,2.830078125,2.815673828125,0.014404296875
Dymarska2025_associations,26,132,4.656219482421875,4.7109375,-0.054718017578125
Dymarska2025_associations,26,133,9.3037109375,9.435546875,-0.1318359375
Dymarska2025_associations,26,134,9.625,8.4375,1.1875
Dymarska2025_associations,26,135,4.4150390625,5.4091796875,-0.994140625
Dymarska2025_associations,26,136,3.445159912109375,3.218017578125,0.227142333984375
Dymarska2025_associations,26,137,5.31640625,4.826171875,0.490234375
Dymarska2025_associations,26,138,4.447265625,4.376922607421875,0.070343017578125
Dymarska2025_associations,26,139,6.90625,6.78125,0.125
Dymarska2025_associations,26,140,5.8905029296875,5.710906982421875,0.179595947265625
Dymarska2025_associations,26,141,3.4423828125,3.013671875,0.4287109375
Dymarska2025_associations,26,142,5.2655029296875,5.257781982421875,0.007720947265625
Dymarska2025_associations,26,143,4.382781982421875,3.257781982421875,1.125
Dymarska2025_associations,26,144,6.978515625,6.4638671875,0.5146484375
Dymarska2025_associations,26,145,6.28125,4.6875,1.59375
Dymarska2025_associations,26,146,3.67578125,4.330078125,-0.654296875
Dymarska2025_associations,26,147,3.02734375,2.498046875,0.529296875
Dymarska2025_associations,26,148,19.84375,16.87060546875,2.97314453125
Dymarska2025_associations,26,149,4.33984375,4.44287109375,-0.10302734375
Dymarska2025_associations,26,150,3.0625,2.484375,0.578125
Dymarska2025_associations,26,151,2.66162109375,2.53564453125,0.1259765625
Dymarska2025_associations,26,152,7.414031982421875,7.257781982421875,0.15625
Dymarska2025_associations,26,153,9.171875,8.46875,0.703125
Dymarska2025_associations,26,154,12.3125,12.5625,-0.25
Dymarska2025_associations,26,155,8.0780029296875,9.185546875,-1.1075439453125
Dymarska2025_associations,26,156,9.140625,8.40625,0.734375
Dymarska2025_associations,26,157,6.75,6.53125,0.21875
Dymarska2025_associations,26,158,9.03125,8.9375,0.09375
Dymarska2025_associations,26,159,8.21875,8.0625,0.15625
Dymarska2025_associations,26,160,7.81640625,4.8271484375,2.9892578125
Dymarska2025_associations,26,161,4.125,3.421875,0.703125
Dymarska2025_associations,26,162,5.25,5.4453125,-0.1953125
Dymarska2025_associations,26,163,12.859375,13.59375,-0.734375
Dymarska2025_associations,26,164,8.0859375,6.9453125,1.140625
Dymarska2025_associations,26,165,6.249969482421875,6.2255859375,0.024383544921875
Dymarska2025_associations,26,166,2.632781982421875,1.601531982421875,1.03125
Dymarska2025_associations,26,167,19.695281982421875,17.507781982421875,2.1875
Dymarska2025_associations,26,168,9.46875,8.5,0.96875
Dymarska2025_associations,26,169,11.015625,11.578125,-0.5625
Dymarska2025_associations,26,170,4.0625,3.875,0.1875
Dymarska2025_associations,26,171,1.2734375,1.46484375,-0.19140625
Dymarska2025_associations,26,172,4.125,4.125,0.0
Dymarska2025_associations,26,173,6.125,4.8046875,1.3203125
Dymarska2025_associations,26,174,4.4696044921875,4.5135498046875,-0.0439453125
Dymarska2025_associations,26,175,2.522705078125,2.388671875,0.134033203125
Dymarska2025_associations,26,176,8.3125,7.8125,0.5
Dymarska2025_associations,26,177,5.46875,7.484375,-2.015625
Dymarska2025_associations,26,178,3.9375,3.953125,-0.015625
Dymarska2025_associations,26,179,6.2021484375,5.5654296875,0.63671875
Dymarska2025_associations,26,180,5.2734375,3.30224609375,1.97119140625
Dymarska2025_associations,26,181,5.478515625,5.859375,-0.380859375
Dymarska2025_associations,26,182,5.632781982421875,5.453125,0.179656982421875
Dymarska2025_associations,26,183,2.859375,1.875,0.984375
Dymarska2025_associations,26,184,5.0859375,5.234375,-0.1484375
Dymarska2025_associations,26,185,9.51708984375,6.2998046875,3.21728515625
Dymarska2025_associations,26,186,15.125,16.015625,-0.890625
Dymarska2025_associations,26,187,9.076171875,9.501953125,-0.42578125
Dymarska2025_associations,26,188,6.2674560546875,5.230438232421875,1.037017822265625
Dymarska2025_associations,26,189,2.80078125,2.71142578125,0.08935546875
Dymarska2025_associations,27,0,8.75,13.3916015625,-4.6416015625
Dymarska2025_associations,27,1,10.4375,9.140625,1.296875
Dymarska2025_associations,27,2,9.42578125,7.09765625,2.328125
Dymarska2025_associations,27,3,8.671875,7.53125,1.140625
Dymarska2025_associations,27,4,15.2381591796875,12.5936279296875,2.64453125
Dymarska2025_associations,27,5,7.8125,4.701416015625,3.111083984375
Dymarska2025_associations,27,6,20.955078125,17.66015625,3.294921875
Dymarska2025_associations,27,7,6.3125,3.5,2.8125
Dymarska2025_associations,27,8,6.1875,4.75,1.4375
Dymarska2025_associations,27,9,4.08984375,2.30224609375,1.78759765625
Dymarska2025_associations,27,10,9.78515625,10.28125,-0.49609375
Dymarska2025_associations,27,11,7.1875,4.91796875,2.26953125
Dymarska2025_associations,27,12,7.73046875,7.015625,0.71484375
Dymarska2025_associations,27,13,3.328125,3.015625,0.3125
Dymarska2025_associations,27,14,4.9375,3.234375,1.703125
Dymarska2025_associations,27,15,9.94921875,9.4453125,0.50390625
Dymarska2025_associations,27,16,11.53125,10.109375,1.421875
Dymarska2025_associations,27,17,8.5780029296875,6.656219482421875,1.921783447265625
Dymarska2025_associations,27,18,7.75,7.625,0.125
Dymarska2025_associations,27,19,0.2421875,0.060546875,0.181640625
Dymarska2025_associations,27,20,7.6953125,6.3525390625,1.3427734375
Dymarska2025_associations,27,21,6.44140625,6.7265625,-0.28515625
Dymarska2025_associations,27,22,7.0625,8.328125,-1.265625
Dymarska2025_associations,27,23,7.65234375,8.5155029296875,-0.8631591796875
Dymarska2025_associations,27,24,13.186767578125,10.803192138671877,2.3835754394531232
Dymarska2025_associations,27,25,7.177734375,6.91650390625,0.26123046875
Dymarska2025_associations,27,26,7.0205078125,5.873046875,1.1474609375
Dymarska2025_associations,27,27,5.540985107421875,5.2734375,0.267547607421875
Dymarska2025_associations,27,28,5.00390625,5.7265625,-0.72265625
Dymarska2025_associations,27,29,8.671875,8.6171875,0.0546875
Dymarska2025_associations,27,30,10.53125,12.0625,-1.53125
Dymarska2025_associations,27,31,5.17919921875,5.99072265625,-0.8115234375
Dymarska2025_associations,27,32,7.4140625,6.0390625,1.375
Dymarska2025_associations,27,33,6.0625,6.0625,0.0
Dymarska2025_associations,27,34,6.453125,5.25,1.203125
Dymarska2025_associations,27,35,3.827880859375,3.3115234375,0.516357421875
Dymarska2025_associations,27,36,5.00390625,4.1640625,0.83984375
Dymarska2025_associations,27,37,5.158203125,4.9404296875,0.2177734375
Dymarska2025_associations,27,38,2.9921875,2.4013671875,0.5908203125
Dymarska2025_associations,27,39,8.4765625,8.1953125,0.28125
Dymarska2025_associations,27,40,7.780975341796875,7.210784912109375,0.5701904296875
Dymarska2025_associations,27,41,4.620361328125,5.72802734375,-1.107666015625
Dymarska2025_associations,27,42,2.7030029296875,2.351531982421875,0.351470947265625
Dymarska2025_associations,27,43,4.46875,4.03125,0.4375
Dymarska2025_associations,27,44,7.225830078125,6.585693359375,0.64013671875
Dymarska2025_associations,27,45,6.59375,7.109375,-0.515625
Dymarska2025_associations,27,46,5.390625,5.265625,0.125
Dymarska2025_associations,27,47,7.904052734375,9.819091796875,-1.9150390625
Dymarska2025_associations,27,48,2.71826171875,2.507293701171875,0.210968017578125
Dymarska2025_associations,27,49,6.42578125,6.484375,-0.05859375
Dymarska2025_associations,27,50,8.078125,6.6171875,1.4609375
Dymarska2025_associations,27,51,6.2578125,4.703125,1.5546875
Dymarska2025_associations,27,52,7.171875,8.4375,-1.265625
Dymarska2025_associations,27,53,3.1405029296875,3.195281982421875,-0.054779052734375
Dymarska2025_associations,27,54,8.7186279296875,9.0,-0.2813720703125
Dymarska2025_associations,27,55,8.806121826171875,8.14056396484375,0.665557861328125
Dymarska2025_associations,27,56,6.16015625,5.6328125,0.52734375
Dymarska2025_associations,27,57,4.0625,2.068359375,1.994140625
Dymarska2025_associations,27,58,8.5,7.625,0.875
Dymarska2025_associations,27,59,5.3359375,5.052734375,0.283203125
Dymarska2025_associations,27,60,6.9443359375,1.854736328125,5.089599609375
Dymarska2025_associations,27,61,3.14056396484375,3.48431396484375,-0.34375
Dymarska2025_associations,27,62,5.484375,5.93359375,-0.44921875
Dymarska2025_associations,27,63,4.75,5.1875,-0.4375
Dymarska2025_associations,27,64,6.296875,7.859375,-1.5625
Dymarska2025_associations,27,65,11.765350341796877,9.055877685546877,2.70947265625
Dymarska2025_associations,27,66,4.59765625,5.57421875,-0.9765625
Dymarska2025_associations,27,67,4.1376953125,3.7060546875,0.431640625
Dymarska2025_associations,27,68,9.87109375,9.763671875,0.107421875
Dymarska2025_associations,27,69,6.982421875,6.55126953125,0.43115234375
Dymarska2025_associations,27,70,10.0150146484375,9.859100341796877,0.15591430664062322
Dymarska2025_associations,27,71,3.02197265625,2.919921875,0.10205078125
Dymarska2025_associations,27,72,6.00390625,4.12890625,1.875
Dymarska2025_associations,27,73,8.4375,8.75,-0.3125
Dymarska2025_associations,27,74,0.9453125,0.86328125,0.08203125
Dymarska2025_associations,27,75,4.46875,4.5625,-0.09375
Dymarska2025_associations,27,76,2.9296875,3.123046875,-0.193359375
Dymarska2025_associations,27,77,5.845703125,3.6639404296875,2.1817626953125
Dymarska2025_associations,27,78,4.31640625,3.470703125,0.845703125
Dymarska2025_associations,27,79,8.0584716796875,8.16015625,-0.1016845703125
Dymarska2025_associations,27,80,7.28515625,5.138671875,2.146484375
Dymarska2025_associations,27,81,5.890625,6.0625,-0.171875
Dymarska2025_associations,27,82,8.827880859375,8.9306640625,-0.102783203125
Dymarska2025_associations,27,83,3.890625,2.515625,1.375
Dymarska2025_associations,27,84,3.646484375,3.5234375,0.123046875
Dymarska2025_associations,27,85,7.921875,9.453125,-1.53125
Dymarska2025_associations,27,86,4.100830078125,3.6092529296875,0.4915771484375
Dymarska2025_associations,27,87,7.38671875,6.164031982421875,1.222686767578125
Dymarska2025_associations,27,88,7.390625,7.0625,0.328125
Dymarska2025_associations,27,89,6.8125,7.25,-0.4375
Dymarska2025_associations,27,90,7.5625,7.625,-0.0625
Dymarska2025_associations,27,91,8.03662109375,7.8896484375,0.14697265625
Dymarska2025_associations,27,92,6.46875,6.890625,-0.421875
Dymarska2025_associations,27,93,10.0,8.375,1.625
Dymarska2025_associations,27,94,7.59765625,6.078125,1.51953125
Dymarska2025_associations,27,95,3.6990966796875,2.216278076171875,1.482818603515625
Dymarska2025_associations,27,96,4.3359375,3.94140625,0.39453125
Dymarska2025_associations,27,97,2.46087646484375,2.18157958984375,0.279296875
Dymarska2025_associations,27,98,8.25,7.46875,0.78125
Dymarska2025_associations,27,99,5.375,4.35693359375,1.01806640625
Dymarska2025_associations,27,100,4.1083984375,3.935546875,0.1728515625
Dymarska2025_associations,27,101,3.22314453125,4.58984375,-1.36669921875
Dymarska2025_associations,27,102,7.66650390625,6.585693359375,1.080810546875
Dymarska2025_associations,27,103,3.84375,3.171875,0.671875
Dymarska2025_associations,27,104,7.919921875,6.6923828125,1.2275390625
Dymarska2025_associations,27,105,2.671875,3.30078125,-0.62890625
Dymarska2025_associations,27,106,2.74609375,1.8905029296875,0.8555908203125
Dymarska2025_associations,27,107,4.84375,4.0,0.84375
Dymarska2025_associations,27,108,3.4862060546875,4.4256591796875,-0.939453125
Dymarska2025_associations,27,109,5.294921875,5.80322265625,-0.50830078125
Dymarska2025_associations,27,110,2.358367919921875,1.293914794921875,1.064453125
Dymarska2025_associations,27,111,7.6796875,7.1640625,0.515625
Dymarska2025_associations,27,112,7.125,6.0625,1.0625
Dymarska2025_associations,27,113,5.5625,4.6875,0.875
Dymarska2025_associations,27,114,1.2734375,0.97265625,0.30078125
Dymarska2025_associations,27,115,1.66796875,2.3125,-0.64453125
Dymarska2025_associations,27,116,4.210205078125,3.44091796875,0.769287109375
Dymarska2025_associations,27,117,5.8232421875,4.75,1.0732421875
Dymarska2025_associations,27,118,4.4375,3.201171875,1.236328125
Dymarska2025_associations,27,119,2.390625,2.296875,0.09375
Dymarska2025_associations,27,120,6.43310546875,6.953369140625,-0.520263671875
Dymarska2025_associations,27,121,8.444793701171875,8.179168701171875,0.265625
Dymarska2025_associations,27,122,4.625,5.125,-0.5
Dymarska2025_associations,27,123,6.11328125,7.1484375,-1.03515625
Dymarska2025_associations,27,124,9.375,8.890625,0.484375
Dymarska2025_associations,27,125,5.638671875,6.509765625,-0.87109375
Dymarska2025_associations,27,126,7.7734375,6.898406982421875,0.875030517578125
Dymarska2025_associations,27,127,4.947265625,5.10546875,-0.158203125
Dymarska2025_associations,27,128,7.6639404296875,7.8123779296875,-0.1484375
Dymarska2025_associations,27,129,6.33251953125,6.523193359375,-0.190673828125
Dymarska2025_associations,27,130,7.14453125,5.5780029296875,1.5665283203125
Dymarska2025_associations,27,131,5.46875,4.171875,1.296875
Dymarska2025_associations,27,132,6.109375,6.5,-0.390625
Dymarska2025_associations,27,133,5.75,5.375,0.375
Dymarska2025_associations,27,134,6.8125,6.375,0.4375
Dymarska2025_associations,27,135,4.664031982421875,4.914031982421875,-0.25
Dymarska2025_associations,27,136,8.726531982421875,9.070281982421877,-0.3437500000000018
Dymarska2025_associations,27,137,4.1220703125,4.16015625,-0.0380859375
Dymarska2025_associations,27,138,5.90283203125,6.178955078125,-0.276123046875
Dymarska2025_associations,27,139,7.6796875,7.328125,0.3515625
Dymarska2025_associations,27,140,8.772705078125,6.68994140625,2.082763671875
Dymarska2025_associations,27,141,7.7265625,6.6171875,1.109375
Dymarska2025_associations,27,142,3.89697265625,3.74951171875,0.1474609375
Dymarska2025_associations,27,143,3.72412109375,2.4373779296875,1.2867431640625
Dymarska2025_associations,27,144,5.45703125,5.90625,-0.44921875
Dymarska2025_associations,27,145,6.4375,7.09375,-0.65625
Dymarska2025_associations,27,146,8.625,6.5625,2.0625
Dymarska2025_associations,27,147,5.19482421875,4.773193359375,0.421630859375
Dymarska2025_associations,27,148,11.984375,12.78125,-0.796875
Dymarska2025_associations,27,149,2.1217041015625,2.121826171875,-0.0001220703125
Dymarska2025_associations,27,150,5.984375,6.921875,-0.9375
Dymarska2025_associations,27,151,3.101531982421875,2.9217529296875,0.179779052734375
Dymarska2025_associations,27,152,5.474609375,3.57666015625,1.89794921875
Dymarska2025_associations,27,153,9.375,8.96875,0.40625
Dymarska2025_associations,27,154,10.65625,8.15625,2.5
Dymarska2025_associations,27,155,1.156005859375,1.3358154296875,-0.1798095703125
Dymarska2025_associations,27,156,5.375,5.96875,-0.59375
Dymarska2025_associations,27,157,2.424774169921875,2.31243896484375,0.112335205078125
Dymarska2025_associations,27,158,7.023193359375,6.632781982421875,0.390411376953125
Dymarska2025_associations,27,159,16.03125,16.34375,-0.3125
Dymarska2025_associations,27,160,6.828125,6.671875,0.15625
Dymarska2025_associations,27,161,6.25,6.125,0.125
Dymarska2025_associations,27,162,7.734375,5.796875,1.9375
Dymarska2025_associations,27,163,4.0625,5.5,-1.4375
Dymarska2025_associations,27,164,4.640625,4.9921875,-0.3515625
Dymarska2025_associations,27,165,9.328125,8.140625,1.1875
Dymarska2025_associations,27,166,9.109344482421877,7.937469482421875,1.1718750000000018
Dymarska2025_associations,27,167,8.640625,9.28125,-0.640625
Dymarska2025_associations,27,168,4.091796875,3.408203125,0.68359375
Dymarska2025_associations,27,169,11.0,8.748046875,2.251953125
Dymarska2025_associations,27,170,9.5546875,8.89501953125,0.65966796875
Dymarska2025_associations,27,171,9.375,8.4375,0.9375
Dymarska2025_associations,27,172,4.9609375,4.609375,0.3515625
Dymarska2025_associations,27,173,4.84375,5.28125,-0.4375
Dymarska2025_associations,27,174,0.83197021484375,0.851531982421875,-0.019561767578125
Dymarska2025_associations,27,175,2.100830078125,1.4217529296875,0.6790771484375
Dymarska2025_associations,27,176,6.1875,2.28076171875,3.90673828125
Dymarska2025_associations,27,177,8.38671875,8.0703125,0.31640625
Dymarska2025_associations,27,178,3.861572265625,3.57763671875,0.283935546875
Dymarska2025_associations,27,179,8.30078125,7.9658203125,0.3349609375
Dymarska2025_associations,27,180,11.0,11.90625,-0.90625
Dymarska2025_associations,27,181,5.453125,5.23046875,0.22265625
Dymarska2025_associations,27,182,3.617156982421875,3.101531982421875,0.515625
Dymarska2025_associations,27,183,5.625,4.6875,0.9375
Dymarska2025_associations,27,184,7.75,7.625,0.125
Dymarska2025_associations,27,185,4.8905029296875,5.726531982421875,-0.836029052734375
Dymarska2025_associations,27,186,15.4140625,15.765625,-0.3515625
Dymarska2025_associations,27,187,9.953125,8.4375,1.515625
Dymarska2025_associations,27,188,4.4921875,4.345703125,0.146484375
Dymarska2025_associations,27,189,12.578125,12.07421875,0.50390625
Dymarska2025_associations,27,190,7.140625,6.0625,1.078125
Dymarska2025_associations,27,191,4.79638671875,4.4437255859375,0.3526611328125
Dymarska2025_associations,27,192,5.90625,5.703125,0.203125
Dymarska2025_associations,27,193,7.5,8.40625,-0.90625
Dymarska2025_associations,28,0,13.4462890625,17.96826171875,-4.52197265625
Dymarska2025_associations,28,1,11.40234375,14.507781982421877,-3.1054382324218768
Dymarska2025_associations,28,2,6.913818359375,7.601318359375,-0.6875
Dymarska2025_associations,28,3,12.75,10.5,2.25
Dymarska2025_associations,28,4,6.30859375,7.71875,-1.41015625
Dymarska2025_associations,28,5,4.8798828125,5.8271484375,-0.947265625
Dymarska2025_associations,28,6,9.53125,9.28125,0.25
Dymarska2025_associations,28,7,10.154296875,9.890625,0.263671875
Dymarska2025_associations,28,8,8.25,7.53125,0.71875
Dymarska2025_associations,28,9,7.875,6.5390625,1.3359375
Dymarska2025_associations,28,10,3.3125,2.140625,1.171875
Dymarska2025_associations,28,11,19.984375,17.875,2.109375
Dymarska2025_associations,28,12,18.267578125,17.0830078125,1.1845703125
Dymarska2025_associations,28,13,7.9375,8.59375,-0.65625
Dymarska2025_associations,28,14,13.841278076171877,14.223114013671877,-0.3818359375
Dymarska2025_associations,28,15,6.875,7.0,-0.125
Dymarska2025_associations,28,16,11.3280029296875,11.2342529296875,0.09375
Dymarska2025_associations,28,17,10.08984375,10.02099609375,0.06884765625
Dymarska2025_associations,28,18,9.953125,10.671875,-0.71875
Dymarska2025_associations,28,19,7.4140625,8.484375,-1.0703125
Dymarska2025_associations,28,20,3.65625,1.85107421875,1.80517578125
Dymarska2025_associations,28,21,13.8125,11.375,2.4375
Dymarska2025_associations,28,22,7.3193359375,7.083984375,0.2353515625
Dymarska2025_associations,28,23,11.15625,6.9453125,4.2109375
Dymarska2025_associations,28,24,6.125,6.0625,0.0625
Dymarska2025_associations,28,25,7.75,6.625,1.125
Dymarska2025_associations,28,26,8.544921875,8.61328125,-0.068359375
Dymarska2025_associations,28,27,8.1875,8.25,-0.0625
Dymarska2025_associations,28,28,7.94921875,8.279296875,-0.330078125
Dymarska2025_associations,28,29,7.75,7.6875,0.0625
Dymarska2025_associations,28,30,9.375,9.5625,-0.1875
Dymarska2025_associations,28,31,11.42529296875,13.8173828125,-2.39208984375
Dymarska2025_associations,28,32,12.5155029296875,13.18701171875,-0.6715087890625
Dymarska2025_associations,28,33,7.390625,7.65625,-0.265625
Dymarska2025_associations,28,34,7.34375,7.15234375,0.19140625
Dymarska2025_associations,28,35,3.99609375,3.507080078125,0.489013671875
Dymarska2025_associations,28,36,6.96875,6.125,0.84375
Dymarska2025_associations,28,37,5.74609375,5.81640625,-0.0703125
Dymarska2025_associations,28,38,7.203125,7.0234375,0.1796875
Dymarska2025_associations,28,39,9.5625,9.9375,-0.375
Dymarska2025_associations,28,40,16.5625,16.53125,0.03125
Dymarska2025_associations,28,41,7.6015625,6.18359375,1.41796875
Dymarska2025_associations,28,42,7.03125,6.578125,0.453125
Dymarska2025_associations,28,43,4.84375,4.6015625,0.2421875
Dymarska2025_associations,28,44,4.015625,4.2255859375,-0.2099609375
Dymarska2025_associations,28,45,7.1376953125,7.42822265625,-0.29052734375
Dymarska2025_associations,28,46,6.513671875,6.466796875,0.046875
Dymarska2025_associations,28,47,6.595703125,5.49072265625,1.10498046875
Dymarska2025_associations,28,48,4.26171875,3.619140625,0.642578125
Dymarska2025_associations,28,49,5.94525146484375,5.484344482421875,0.460906982421875
Dymarska2025_associations,28,50,9.904296875,11.14501953125,-1.24072265625
Dymarska2025_associations,28,51,6.08935546875,6.096923828125,-0.007568359375
Dymarska2025_associations,28,52,6.59375,6.046875,0.546875
Dymarska2025_associations,28,53,8.897918701171875,8.9058837890625,-0.007965087890625
Dymarska2025_associations,28,54,11.748046875,13.236328125,-1.48828125
Dymarska2025_associations,28,55,7.164031982421875,7.206024169921875,-0.0419921875
Dymarska2025_associations,28,56,7.6875,7.75,-0.0625
Dymarska2025_associations,28,57,7.75,6.625,1.125
Dymarska2025_associations,28,58,12.451171875,11.3984375,1.052734375
Dymarska2025_associations,28,59,6.248046875,5.88671875,0.361328125
Dymarska2025_associations,28,60,7.3271484375,7.4208984375,-0.09375
Dymarska2025_associations,28,61,15.605224609375,12.95068359375,2.654541015625
Dymarska2025_associations,28,62,7.125,7.859375,-0.734375
Dymarska2025_associations,28,63,2.938720703125,3.0830078125,-0.144287109375
Dymarska2025_associations,28,64,10.03125,9.375,0.65625
Dymarska2025_associations,28,65,6.92578125,6.98828125,-0.0625
Dymarska2025_associations,28,66,5.0107421875,3.4136962890625,1.5970458984375
Dymarska2025_associations,28,67,2.814453125,1.656005859375,1.158447265625
Dymarska2025_associations,28,68,10.61767578125,6.685546875,3.93212890625
Dymarska2025_associations,28,69,8.2265625,7.962890625,0.263671875
Dymarska2025_associations,28,70,7.359375,7.3125,0.046875
Dymarska2025_associations,28,71,7.609375,7.875,-0.265625
Dymarska2025_associations,28,72,4.875,4.09375,0.78125
Dymarska2025_associations,28,73,6.9765625,7.02734375,-0.05078125
Dymarska2025_associations,28,74,8.2225341796875,8.4873046875,-0.2647705078125
Dymarska2025_associations,28,75,10.9375,8.3359375,2.6015625
Dymarska2025_associations,28,76,13.851531982421877,11.5467529296875,2.3047790527343768
Dymarska2025_associations,28,77,8.416015625,8.5263671875,-0.1103515625
Dymarska2025_associations,28,78,4.078125,3.375,0.703125
Dymarska2025_associations,28,79,10.484375,7.8505859375,2.6337890625
Dymarska2025_associations,28,80,8.695281982421875,8.578094482421875,0.1171875
Dymarska2025_associations,28,81,8.435546875,8.07763671875,0.35791015625
Dymarska2025_associations,28,82,7.515625,7.625,-0.109375
Dymarska2025_associations,28,83,3.7705078125,3.70751953125,0.06298828125
Dymarska2025_associations,28,84,7.0625,5.65625,1.40625
Dymarska2025_associations,28,85,7.6669921875,8.3876953125,-0.720703125
Dymarska2025_associations,28,86,9.9296875,8.71484375,1.21484375
Dymarska2025_associations,28,87,10.6875,11.3125,-0.625
Dymarska2025_associations,28,88,8.4609375,8.8046875,-0.34375
Dymarska2025_associations,28,89,12.927734375,8.32080078125,4.60693359375
Dymarska2025_associations,28,90,11.335906982421877,11.75,-0.4140930175781232
Dymarska2025_associations,28,91,11.6796875,11.78125,-0.1015625
Dymarska2025_associations,28,92,15.57275390625,12.21240234375,3.3603515625
Dymarska2025_associations,28,93,15.9393310546875,11.988739013671877,3.9505920410156232
Dymarska2025_associations,28,94,5.7928466796875,5.060546875,0.7322998046875
Dymarska2025_associations,28,95,6.6761474609375,6.279144287109375,0.397003173828125
Dymarska2025_associations,28,96,6.6875,5.96875,0.71875
Dymarska2025_associations,28,97,7.5,7.3125,0.1875
Dymarska2025_associations,28,98,12.865234375,14.61328125,-1.748046875
Dymarska2025_associations,28,99,9.482421875,9.76171875,-0.279296875
Dymarska2025_associations,28,100,4.125,3.953125,0.171875
Dymarska2025_associations,28,101,20.32421875,21.23828125,-0.9140625
Dymarska2025_associations,28,102,8.015625,6.734375,1.28125
Dymarska2025_associations,28,103,6.546875,6.125,0.421875
Dymarska2025_associations,28,104,6.203125,5.3720703125,0.8310546875
Dymarska2025_associations,28,105,5.507080078125,4.600830078125,0.90625
Dymarska2025_associations,28,106,7.3125,7.5625,-0.25
Dymarska2025_associations,28,107,4.6875,3.875,0.8125
Dymarska2025_associations,28,108,11.5625,8.28125,3.28125
Dymarska2025_associations,28,109,11.421875,10.75,0.671875
Dymarska2025_associations,28,110,6.27734375,5.017578125,1.259765625
Dymarska2025_associations,28,111,10.75,8.8436279296875,1.9063720703125
Dymarska2025_associations,28,112,6.875,6.890625,-0.015625
Dymarska2025_associations,28,113,7.5623779296875,6.6834716796875,0.87890625
Dymarska2025_associations,28,114,6.78125,7.4931640625,-0.7119140625
Dymarska2025_associations,28,115,6.765625,7.59375,-0.828125
Dymarska2025_associations,28,116,3.0390625,3.1005859375,-0.0615234375
Dymarska2025_associations,28,117,6.4140625,5.9541015625,0.4599609375
Dymarska2025_associations,28,118,5.4217529296875,4.882781982421875,0.538970947265625
Dymarska2025_associations,28,119,11.9375,12.1875,-0.25
Dymarska2025_associations,28,120,5.742156982421875,5.8206787109375,-0.078521728515625
Dymarska2025_associations,28,121,5.9921875,6.25,-0.2578125
Dymarska2025_associations,28,122,7.125,8.25,-1.125
Dymarska2025_associations,28,123,7.0,7.625,-0.625
Dymarska2025_associations,28,124,5.9375,5.34375,0.59375
Dymarska2025_associations,28,125,3.640625,2.53125,1.109375
Dymarska2025_associations,28,126,5.96875,6.71875,-0.75
Dymarska2025_associations,28,127,9.640625,9.328125,0.3125
Dymarska2025_associations,28,128,5.273406982421875,5.992156982421875,-0.71875
Dymarska2025_associations,28,129,7.97265625,7.751953125,0.220703125
Dymarska2025_associations,28,130,6.84375,6.484375,0.359375
Dymarska2025_associations,28,131,9.46875,8.625,0.84375
Dymarska2025_associations,28,132,4.16796875,3.435546875,0.732421875
Dymarska2025_associations,28,133,8.71875,8.21875,0.5
Dymarska2025_associations,28,134,6.63665771484375,5.992156982421875,0.644500732421875
Dymarska2025_associations,28,135,8.3828125,7.81640625,0.56640625
Dymarska2025_associations,28,136,2.369140625,2.0986328125,0.2705078125
Dymarska2025_associations,28,137,5.76806640625,5.061004638671875,0.707061767578125
Dymarska2025_associations,28,138,11.88671875,12.359375,-0.47265625
Dymarska2025_associations,28,139,7.828125,7.78515625,0.04296875
Dymarska2025_associations,28,140,6.138671875,5.41357421875,0.72509765625
Dymarska2025_associations,28,141,12.203125,7.5,4.703125
Dymarska2025_associations,28,142,5.96875,6.28125,-0.3125
Dymarska2025_associations,28,143,9.623046875,9.1328125,0.490234375
Dymarska2025_associations,28,144,16.2265625,16.427734375,-0.201171875
Dymarska2025_associations,28,145,8.46875,8.640625,-0.171875
Dymarska2025_associations,28,146,26.37890625,18.515625,7.86328125
Dymarska2025_associations,28,147,3.984375,3.84375,0.140625
Dymarska2025_associations,28,148,7.96875,8.8125,-0.84375
Dymarska2025_associations,28,149,5.914031982421875,5.773193359375,0.140838623046875
Dymarska2025_associations,28,150,3.218505859375,3.5076904296875,-0.2891845703125
Dymarska2025_associations,28,151,5.867034912109375,5.835784912109375,0.03125
Dymarska2025_associations,28,152,9.048553466796877,9.208709716796877,-0.16015625
Dymarska2025_associations,28,153,6.150360107421875,6.954833984375,-0.804473876953125
Dymarska2025_associations,29,0,3.5830078125,9.85400390625,-6.27099609375
Dymarska2025_associations,29,1,1.24853515625,3.18701171875,-1.9384765625
Dymarska2025_associations,29,2,4.396484375,3.83984375,0.556640625
Dymarska2025_associations,29,3,5.4150390625,3.4677734375,1.947265625
Dymarska2025_associations,29,4,5.78125,3.453125,2.328125
Dymarska2025_associations,29,5,4.148406982421875,3.15625,0.992156982421875
Dymarska2025_associations,29,6,5.39453125,5.3515625,0.04296875
Dymarska2025_associations,29,7,4.303955078125,3.632781982421875,0.671173095703125
Dymarska2025_associations,29,8,6.1092529296875,5.7811279296875,0.328125
Dymarska2025_associations,29,9,3.828125,4.109375,-0.28125
Dymarska2025_associations,29,10,7.33203125,8.5703125,-1.23828125
Dymarska2025_associations,29,11,5.08984375,1.705810546875,3.384033203125
Dymarska2025_associations,29,12,2.84375,3.3046875,-0.4609375
Dymarska2025_associations,29,13,5.0625,5.0625,0.0
Dymarska2025_associations,29,14,12.09375,7.5205078125,4.5732421875
Dymarska2025_associations,29,15,8.21875,9.671875,-1.453125
Dymarska2025_associations,29,16,5.671875,7.328125,-1.65625
Dymarska2025_associations,29,17,5.0439453125,1.9764404296875,3.0675048828125
Dymarska2025_associations,29,18,9.93359375,10.27734375,-0.34375
Dymarska2025_associations,29,19,3.5780029296875,5.257781982421875,-1.679779052734375
Dymarska2025_associations,29,20,11.301025390625,9.241455078125,2.0595703125
Dymarska2025_associations,29,21,7.71875,7.453125,0.265625
Dymarska2025_associations,29,22,10.09375,8.859375,1.234375
Dymarska2025_associations,29,23,8.375,8.125,0.25
Dymarska2025_associations,29,24,5.6328125,5.681640625,-0.048828125
Dymarska2025_associations,29,25,4.5458984375,4.413330078125,0.132568359375
Dymarska2025_associations,29,26,6.09375,7.4375,-1.34375
Dymarska2025_associations,29,27,5.429443359375,5.9217529296875,-0.4923095703125
Dymarska2025_associations,29,28,4.328125,4.69091796875,-0.36279296875
Dymarska2025_associations,29,29,7.046875,7.265625,-0.21875
Dymarska2025_associations,29,30,4.3515625,4.322265625,0.029296875
Dymarska2025_associations,29,31,2.9453125,2.984375,-0.0390625
Dymarska2025_associations,29,32,2.21875,2.1875,0.03125
Dymarska2025_associations,29,33,4.44140625,4.011688232421875,0.429718017578125
Dymarska2025_associations,29,34,6.791015625,6.75439453125,0.03662109375
Dymarska2025_associations,29,35,11.0234375,11.74609375,-0.72265625
Dymarska2025_associations,29,36,8.359375,7.203125,1.15625
Dymarska2025_associations,29,37,3.3125,2.375,0.9375
Dymarska2025_associations,29,38,3.1484375,2.482421875,0.666015625
Dymarska2025_associations,29,39,6.0955810546875,5.2567138671875,0.8388671875
Dymarska2025_associations,29,40,3.171875,2.59375,0.578125
Dymarska2025_associations,29,41,2.109375,1.2421875,0.8671875
Dymarska2025_associations,29,42,3.554656982421875,4.5,-0.945343017578125
Dymarska2025_associations,29,43,3.6873779296875,3.492156982421875,0.195220947265625
Dymarska2025_associations,29,44,5.1015625,3.58984375,1.51171875
Dymarska2025_associations,29,45,10.0,8.8125,1.1875
Dymarska2025_associations,29,46,3.20263671875,3.757080078125,-0.554443359375
Dymarska2025_associations,29,47,8.3671875,7.83984375,0.52734375
Dymarska2025_associations,29,48,7.08447265625,6.507781982421875,0.576690673828125
Dymarska2025_associations,29,49,6.796875,5.953125,0.84375
Dymarska2025_associations,29,50,6.412841796875,6.69482421875,-0.281982421875
Dymarska2025_associations,29,51,9.14892578125,9.30859375,-0.15966796875
Dymarska2025_associations,29,52,5.671142578125,4.7421875,0.928955078125
Dymarska2025_associations,29,53,7.375,6.7578125,0.6171875
Dymarska2025_associations,29,54,7.09375,6.359375,0.734375
Dymarska2025_associations,29,55,7.0,6.587890625,0.412109375
Dymarska2025_associations,29,56,4.9482421875,4.529296875,0.4189453125
Dymarska2025_associations,29,57,6.125,4.4375,1.6875
Dymarska2025_associations,29,58,6.1953125,5.55859375,0.63671875
Dymarska2025_associations,29,59,5.5,4.6875,0.8125
Dymarska2025_associations,29,60,2.91015625,1.85546875,1.0546875
Dymarska2025_associations,29,61,7.46484375,7.3583984375,0.1064453125
Dymarska2025_associations,29,62,13.6875,14.21875,-0.53125
Dymarska2025_associations,29,63,5.0858154296875,4.117156982421875,0.968658447265625
Dymarska2025_associations,29,64,13.3837890625,12.8514404296875,0.5323486328125
Dymarska2025_associations,29,65,8.03125,6.828125,1.203125
Dymarska2025_associations,29,66,4.68505859375,4.085693359375,0.599365234375
Dymarska2025_associations,29,67,5.2001953125,5.288330078125,-0.088134765625
Dymarska2025_associations,29,68,5.59375,5.6328125,-0.0390625
Dymarska2025_associations,29,69,6.6796875,6.6328125,0.046875
Dymarska2025_associations,29,70,4.9140625,5.0703125,-0.15625
Dymarska2025_associations,29,71,8.5,7.875,0.625
Dymarska2025_associations,29,72,8.96875,9.109375,-0.140625
Dymarska2025_associations,29,73,7.13671875,6.384765625,0.751953125
Dymarska2025_associations,29,74,5.9375,5.875,0.0625
Dymarska2025_associations,29,75,10.8125,9.90625,0.90625
Dymarska2025_associations,29,76,6.5859375,3.169921875,3.416015625
Dymarska2025_associations,29,77,7.187469482421875,6.546875,0.640594482421875
Dymarska2025_associations,29,78,3.1318359375,3.470703125,-0.3388671875
Dymarska2025_associations,29,79,8.8671875,8.03125,0.8359375
Dymarska2025_associations,29,80,9.71875,9.52001953125,0.19873046875
Dymarska2025_associations,29,81,5.069091796875,5.91748046875,-0.848388671875
Dymarska2025_associations,29,82,5.15625,5.25,-0.09375
Dymarska2025_associations,29,83,6.11322021484375,5.291961669921875,0.821258544921875
Dymarska2025_associations,29,84,4.03515625,3.1875,0.84765625
Dymarska2025_associations,29,85,2.820281982421875,2.234375,0.585906982421875
Dymarska2025_associations,29,86,4.3280029296875,3.5936279296875,0.734375
Dymarska2025_associations,29,87,6.4530029296875,4.5390625,1.9139404296875
Dymarska2025_associations,29,88,5.4267578125,5.492156982421875,-0.065399169921875
Dymarska2025_associations,29,89,7.015625,6.8125,0.203125
Dymarska2025_associations,29,90,6.2578125,6.55078125,-0.29296875
Dymarska2025_associations,29,91,6.609375,7.140625,-0.53125
Dymarska2025_associations,29,92,9.1875,9.25,-0.0625
Dymarska2025_associations,29,93,3.509765625,3.85546875,-0.345703125
Dymarska2025_associations,29,94,10.3125,10.28125,0.03125
Dymarska2025_associations,29,95,5.21875,5.5,-0.28125
Dymarska2025_associations,29,96,4.6796875,4.26953125,0.41015625
Dymarska2025_associations,29,97,6.375,5.09375,1.28125
Dymarska2025_associations,29,98,7.953125,6.40625,1.546875
Dymarska2025_associations,29,99,6.22265625,5.48828125,0.734375
Dymarska2025_associations,29,100,5.86083984375,5.3505859375,0.51025390625
Dymarska2025_associations,29,101,3.701171875,3.68359375,0.017578125
Dymarska2025_associations,29,102,6.46875,8.5,-2.03125
Dymarska2025_associations,29,103,1.9296875,1.4921875,0.4375
Dymarska2025_associations,29,104,3.0859375,2.06689453125,1.01904296875
Dymarska2025_associations,29,105,3.74609375,3.7236328125,0.0224609375
Dymarska2025_associations,29,106,5.4140625,6.546875,-1.1328125
Dymarska2025_associations,29,107,3.538909912109375,3.39599609375,0.142913818359375
Dymarska2025_associations,29,108,2.3955078125,1.405517578125,0.989990234375
Dymarska2025_associations,29,109,9.84228515625,9.9293212890625,-0.0870361328125
Dymarska2025_associations,29,110,11.875,8.18115234375,3.69384765625
Dymarska2025_associations,29,111,7.28125,6.90625,0.375
Dymarska2025_associations,29,112,9.4765625,7.2890625,2.1875
Dymarska2025_associations,29,113,3.33203125,3.84765625,-0.515625
Dymarska2025_associations,29,114,3.662109375,1.6318359375,2.0302734375
Dymarska2025_associations,29,115,7.609375,7.10546875,0.50390625
Dymarska2025_associations,29,116,5.4443359375,3.8748779296875,1.5694580078125
Dymarska2025_associations,29,117,9.875,8.84375,1.03125
Dymarska2025_associations,29,118,5.9189453125,6.33251953125,-0.41357421875
Dymarska2025_associations,29,119,2.287109375,2.29296875,-0.005859375
Dymarska2025_associations,29,120,4.507781982421875,4.7342529296875,-0.226470947265625
Dymarska2025_associations,29,121,8.385986328125,6.148406982421875,2.237579345703125
Dymarska2025_associations,29,122,9.0625,7.96875,1.09375
Dymarska2025_associations,29,123,8.1337890625,8.69140625,-0.5576171875
Dymarska2025_associations,29,124,3.3330078125,2.93359375,0.3994140625
Dymarska2025_associations,29,125,7.84375,8.09375,-0.25
Dymarska2025_associations,29,126,2.85546875,3.04833984375,-0.19287109375
Dymarska2025_associations,29,127,2.148193359375,3.773193359375,-1.625
Dymarska2025_associations,29,128,5.867156982421875,5.8787841796875,-0.011627197265625
Dymarska2025_associations,29,129,6.609375,5.515625,1.09375
Dymarska2025_associations,29,130,3.7021484375,4.748046875,-1.0458984375
Dymarska2025_associations,29,131,1.914031982421875,1.8359375,0.078094482421875
Dymarska2025_associations,29,132,9.625,9.0625,0.5625
Dymarska2025_associations,29,133,2.953125,2.888671875,0.064453125
Dymarska2025_associations,29,134,8.03125,7.796875,0.234375
Dymarska2025_associations,29,135,7.296875,7.087890625,0.208984375
Dymarska2025_associations,29,136,6.46875,6.125,0.34375
Dymarska2025_associations,29,137,7.587890625,7.80126953125,-0.21337890625
Dymarska2025_associations,29,138,5.03515625,4.5052490234375,0.5299072265625
Dymarska2025_associations,29,139,10.65625,9.171875,1.484375
Dymarska2025_associations,29,140,3.96875,3.46875,0.5
Dymarska2025_associations,29,141,3.8984375,4.5859375,-0.6875
Dymarska2025_associations,29,142,9.15625,8.59375,0.5625
Dymarska2025_associations,29,143,6.233642578125,6.294189453125,-0.060546875
Dymarska2025_associations,29,144,1.5205078125,1.73046875,-0.2099609375
Dymarska2025_associations,29,145,9.7890625,10.21875,-0.4296875
Dymarska2025_associations,29,146,4.890625,5.0,-0.109375
Dymarska2025_associations,29,147,6.1875,5.65625,0.53125
Dymarska2025_associations,29,148,7.21484375,7.25390625,-0.0390625
Dymarska2025_associations,29,149,7.15625,5.5,1.65625
Dymarska2025_associations,29,150,8.96875,10.1953125,-1.2265625
Dymarska2025_associations,29,151,6.7021484375,6.701171875,0.0009765625
Dymarska2025_associations,29,152,7.0699462890625,6.98388671875,0.0860595703125
Dymarska2025_associations,29,153,2.653778076171875,2.87451171875,-0.220733642578125
Dymarska2025_associations,29,154,5.71875,4.0625,1.65625
Dymarska2025_associations,29,155,2.97412109375,2.7216796875,0.25244140625
Dymarska2025_associations,29,156,6.398284912109375,7.312225341796875,-0.9139404296875
Dymarska2025_associations,29,157,2.310546875,2.1865234375,0.1240234375
Dymarska2025_associations,29,158,5.53125,5.8125,-0.28125
Dymarska2025_associations,29,159,8.96826171875,8.944580078125,0.023681640625
Dymarska2025_associations,30,0,11.921875,14.2265625,-2.3046875
Dymarska2025_associations,30,1,7.1953125,2.75,4.4453125
Dymarska2025_associations,30,2,7.8046875,5.6171875,2.1875
Dymarska2025_associations,30,3,8.88330078125,6.91015625,1.97314453125
Dymarska2025_associations,30,4,7.0,3.703125,3.296875
Dymarska2025_associations,30,5,3.759765625,2.9052734375,0.8544921875
Dymarska2025_associations,30,6,5.9765625,4.5234375,1.453125
Dymarska2025_associations,30,7,9.060546875,8.21826171875,0.84228515625
Dymarska2025_associations,30,8,8.43212890625,8.4842529296875,-0.0521240234375
Dymarska2025_associations,30,9,5.4375,4.59375,0.84375
Dymarska2025_associations,30,10,8.626708984375,6.888671875,1.738037109375
Dymarska2025_associations,30,11,7.140625,5.34375,1.796875
Dymarska2025_associations,30,12,6.796875,7.490234375,-0.693359375
Dymarska2025_associations,30,13,8.125,6.8125,1.3125
Dymarska2025_associations,30,14,8.0,4.828125,3.171875
Dymarska2025_associations,30,15,8.72265625,10.94287109375,-2.22021484375
Dymarska2025_associations,30,16,7.984375,7.984375,0.0
Dymarska2025_associations,30,17,6.36572265625,7.435546875,-1.06982421875
Dymarska2025_associations,30,18,7.1875,8.4375,-1.25
Dymarska2025_associations,30,19,7.25,6.71875,0.53125
Dymarska2025_associations,30,20,9.58984375,9.0155029296875,0.5743408203125
Dymarska2025_associations,30,21,12.0,11.1875,0.8125
Dymarska2025_associations,30,22,6.8671875,6.203125,0.6640625
Dymarska2025_associations,30,23,8.7822265625,8.4140625,0.3681640625
Dymarska2025_associations,30,24,5.1875,4.78125,0.40625
Dymarska2025_associations,30,25,6.953125,6.6875,0.265625
Dymarska2025_associations,30,26,9.810546875,10.435546875,-0.625
Dymarska2025_associations,30,27,8.124969482421875,7.594207763671875,0.53076171875
Dymarska2025_associations,30,28,5.96875,6.4375,-0.46875
Dymarska2025_associations,30,29,4.140625,3.3984375,0.7421875
Dymarska2025_associations,30,30,9.44140625,9.62109375,-0.1796875
Dymarska2025_associations,30,31,8.890625,8.28125,0.609375
Dymarska2025_associations,30,32,11.33984375,9.984375,1.35546875
Dymarska2025_associations,30,33,10.578125,10.59375,-0.015625
Dymarska2025_associations,30,34,8.4375,7.015625,1.421875
Dymarska2025_associations,30,35,7.90625,9.25,-1.34375
Dymarska2025_associations,30,36,7.640625,9.15625,-1.515625
Dymarska2025_associations,30,37,9.16259765625,9.24951171875,-0.0869140625
Dymarska2025_associations,30,38,12.125,11.703125,0.421875
Dymarska2025_associations,30,39,8.171875,8.140625,0.03125
Dymarska2025_associations,30,40,1.9111328125,0.449188232421875,1.461944580078125
Dymarska2025_associations,30,41,3.59375,2.7265625,0.8671875
Dymarska2025_associations,30,42,8.15625,8.3125,-0.15625
Dymarska2025_associations,30,43,6.546875,4.578125,1.96875
Dymarska2025_associations,30,44,4.773193359375,5.585205078125,-0.81201171875
Dymarska2025_associations,30,45,4.9521484375,5.46826171875,-0.51611328125
Dymarska2025_associations,30,46,5.80615234375,5.4920654296875,0.3140869140625
Dymarska2025_associations,30,47,3.8275146484375,2.2564697265625,1.571044921875
Dymarska2025_associations,30,48,6.8232421875,4.4892578125,2.333984375
Dymarska2025_associations,30,49,8.4375,7.578125,0.859375
Dymarska2025_associations,30,50,5.796875,5.265625,0.53125
Dymarska2025_associations,30,51,5.67822265625,5.898193359375,-0.219970703125
Dymarska2025_associations,30,52,9.476531982421877,9.648193359375,-0.17166137695312322
Dymarska2025_associations,30,53,9.742034912109377,9.163909912109377,0.578125
Dymarska2025_associations,30,54,10.900390625,8.4296875,2.470703125
Dymarska2025_associations,30,55,8.015625,9.453125,-1.4375
Dymarska2025_associations,30,56,11.7734375,10.9375,0.8359375
Dymarska2025_associations,30,57,11.2265625,10.17578125,1.05078125
Dymarska2025_associations,30,58,6.6875,7.5,-0.8125
Dymarska2025_associations,30,59,9.4217529296875,10.007568359375,-0.5858154296875
Dymarska2025_associations,30,60,2.12451171875,0.886688232421875,1.237823486328125
Dymarska2025_associations,30,61,6.794921875,6.179534912109375,0.615386962890625
Dymarska2025_associations,30,62,6.294921875,7.0390625,-0.744140625
Dymarska2025_associations,30,63,5.36572265625,5.09326171875,0.2724609375
Dymarska2025_associations,30,64,4.257781982421875,4.226531982421875,0.03125
Dymarska2025_associations,30,65,2.97265625,3.6484375,-0.67578125
Dymarska2025_associations,30,66,4.64697265625,4.8583984375,-0.21142578125
Dymarska2025_associations,30,67,5.3515625,5.08984375,0.26171875
Dymarska2025_associations,30,68,5.1162109375,5.15625,-0.0400390625
Dymarska2025_associations,30,69,5.4296875,4.94140625,0.48828125
Dymarska2025_associations,30,70,4.19140625,5.1875,-0.99609375
Dymarska2025_associations,30,71,4.87109375,3.9072265625,0.9638671875
Dymarska2025_associations,30,72,9.08984375,4.1748046875,4.9150390625
Dymarska2025_associations,30,73,6.671875,4.71875,1.953125
Dymarska2025_associations,30,74,3.935546875,5.435546875,-1.5
Dymarska2025_associations,30,75,10.0390625,10.005859375,0.033203125
Dymarska2025_associations,30,76,7.14697265625,4.6083984375,2.53857421875
Dymarska2025_associations,30,77,12.0,9.9375,2.0625
Dymarska2025_associations,30,78,8.1875,5.65625,2.53125
Dymarska2025_associations,30,79,6.6875,8.5,-1.8125
Dymarska2025_associations,30,80,2.241943359375,2.320281982421875,-0.078338623046875
Dymarska2025_associations,30,81,6.0,4.78125,1.21875
Dymarska2025_associations,30,82,4.600830078125,3.163818359375,1.43701171875
Dymarska2025_associations,30,83,2.68743896484375,2.140625,0.54681396484375
Dymarska2025_associations,30,84,4.47265625,4.50390625,-0.03125
Dymarska2025_associations,30,85,6.632781982421875,5.945281982421875,0.6875
Dymarska2025_associations,30,86,3.0625,3.40625,-0.34375
Dymarska2025_associations,30,87,3.046875,2.75,0.296875
Dymarska2025_associations,30,88,7.8134765625,7.35888671875,0.45458984375
Dymarska2025_associations,30,89,4.921875,4.55078125,0.37109375
Dymarska2025_associations,30,90,5.720703125,6.87109375,-1.150390625
Dymarska2025_associations,30,91,3.91015625,3.576171875,0.333984375
Dymarska2025_associations,30,92,5.3125,4.0,1.3125
Dymarska2025_associations,30,93,5.15625,5.544921875,-0.388671875
Dymarska2025_associations,30,94,5.875,5.3125,0.5625
Dymarska2025_associations,30,95,4.25,4.0,0.25
Dymarska2025_associations,30,96,7.21875,7.26953125,-0.05078125
Dymarska2025_associations,30,97,8.625,8.0625,0.5625
Dymarska2025_associations,30,98,3.89453125,4.2255859375,-0.3310546875
Dymarska2025_associations,30,99,4.375,3.625,0.75
Dymarska2025_associations,30,100,1.21875,1.2109375,0.0078125
Dymarska2025_associations,30,101,9.195281982421877,10.195281982421877,-1.0
Dymarska2025_associations,30,102,9.40625,8.560546875,0.845703125
Dymarska2025_associations,30,103,6.8671875,6.0712890625,0.7958984375
Dymarska2025_associations,30,104,2.390625,1.1953125,1.1953125
Dymarska2025_associations,30,105,6.1875,4.46875,1.71875
Dymarska2025_associations,30,106,5.4921875,4.8125,0.6796875
Dymarska2025_associations,30,107,12.2342529296875,13.505859375,-1.2716064453125
Dymarska2025_associations,30,108,11.085693359375,11.773193359375,-0.6875
Dymarska2025_associations,30,109,7.6875,7.0,0.6875
Dymarska2025_associations,30,110,6.884765625,6.37451171875,0.51025390625
Dymarska2025_associations,30,111,6.375,6.34375,0.03125
Dymarska2025_associations,30,112,8.1904296875,8.08251953125,0.10791015625
Dymarska2025_associations,30,113,5.5126953125,5.435546875,0.0771484375
Dymarska2025_associations,30,114,4.61328125,4.59765625,0.015625
Dymarska2025_associations,30,115,20.5625,15.12109375,5.44140625
Dymarska2025_associations,30,116,8.35546875,8.8681640625,-0.5126953125
Dymarska2025_associations,30,117,9.640625,9.96875,-0.328125
Dymarska2025_associations,30,118,7.28125,5.875,1.40625
Dymarska2025_associations,30,119,5.73828125,5.1474609375,0.5908203125
Dymarska2025_associations,30,120,1.6170654296875,1.3670654296875,0.25
Dymarska2025_associations,30,121,3.08251953125,2.600830078125,0.481689453125
Dymarska2025_associations,30,122,2.882781982421875,2.851531982421875,0.03125
Dymarska2025_associations,30,123,6.45751953125,6.9755859375,-0.51806640625
Dymarska2025_associations,30,124,1.7529296875,1.36767578125,0.38525390625
Dymarska2025_associations,30,125,7.5625,7.75,-0.1875
Dymarska2025_associations,30,126,6.1875,4.9375,1.25
Dymarska2025_associations,30,127,6.28125,6.16796875,0.11328125
Dymarska2025_associations,30,128,8.1875,8.71875,-0.53125
Dymarska2025_associations,30,129,9.38818359375,9.85205078125,-0.4638671875
Dymarska2025_associations,30,130,6.538330078125,5.84912109375,0.689208984375
Dymarska2025_associations,30,131,7.28125,8.859375,-1.578125
Dymarska2025_associations,30,132,4.578125,4.466796875,0.111328125
Dymarska2025_associations,30,133,2.65234375,1.9296875,0.72265625
Dymarska2025_associations,30,134,10.5,9.796875,0.703125
Dymarska2025_associations,30,135,5.125,3.71875,1.40625
Dymarska2025_associations,30,136,9.46875,10.3125,-0.84375
Dymarska2025_associations,30,137,5.259765625,5.46484375,-0.205078125
Dymarska2025_associations,30,138,9.625,9.375,0.25
Dymarska2025_associations,30,139,4.2967529296875,4.5858154296875,-0.2890625
Dymarska2025_associations,30,140,2.84765625,3.3359375,-0.48828125
Dymarska2025_associations,30,141,9.16796875,10.0634765625,-0.8955078125
Dymarska2025_associations,30,142,4.4375,4.28125,0.15625
Dymarska2025_associations,30,143,6.9375,7.203125,-0.265625
Dymarska2025_associations,30,144,4.05322265625,3.78076171875,0.2724609375
Dymarska2025_associations,30,145,6.42578125,5.828125,0.59765625
Dymarska2025_associations,30,146,8.25,8.125,0.125
Dymarska2025_associations,30,147,8.09326171875,6.4212646484375,1.6719970703125
Dymarska2025_associations,30,148,4.78125,4.59375,0.1875
Dymarska2025_associations,30,149,9.5,10.8125,-1.3125
Dymarska2025_associations,30,150,10.1824951171875,11.001953125,-0.8194580078125
Dymarska2025_associations,30,151,4.619140625,4.23828125,0.380859375
Dymarska2025_associations,30,152,8.9765625,8.0537109375,0.9228515625
Dymarska2025_associations,30,153,5.3642578125,4.849609375,0.5146484375
Dymarska2025_associations,30,154,7.4375,7.625,-0.1875
Dymarska2025_associations,30,155,10.328125,9.5625,0.765625
Dymarska2025_associations,30,156,10.765625,11.140625,-0.375
Dymarska2025_associations,30,157,4.24951171875,5.3280029296875,-1.0784912109375
Dymarska2025_associations,30,158,9.577392578125,8.9022216796875,0.6751708984375
Dymarska2025_associations,30,159,9.8349609375,10.342742919921877,-0.5077819824218768
Dymarska2025_associations,30,160,2.857421875,2.900390625,-0.04296875
Dymarska2025_associations,30,161,9.0,7.75,1.25
Dymarska2025_associations,30,162,4.2933349609375,4.560028076171875,-0.266693115234375
Dymarska2025_associations,30,163,9.9140625,10.34375,-0.4296875
Dymarska2025_associations,30,164,1.84033203125,2.085906982421875,-0.245574951171875
Dymarska2025_associations,30,165,7.078125,6.81494140625,0.26318359375
Dymarska2025_associations,30,166,8.041229248046875,7.737060546875,0.304168701171875
Dymarska2025_associations,30,167,5.7265625,5.408203125,0.318359375
Dymarska2025_associations,30,168,8.81787109375,9.560546875,-0.74267578125
Dymarska2025_associations,30,169,5.828125,6.125,-0.296875
Dymarska2025_associations,30,170,6.7265625,6.7109375,0.015625
Dymarska2025_associations,30,171,5.4140625,5.4140625,0.0
Dymarska2025_associations,30,172,5.725830078125,4.40576171875,1.320068359375
Dymarska2025_associations,30,173,7.234375,6.828125,0.40625
Dymarska2025_associations,30,174,6.259765625,5.853515625,0.40625
Dymarska2025_associations,30,175,4.87890625,4.859375,0.01953125
Dymarska2025_associations,30,176,1.05859375,0.91015625,0.1484375
Dymarska2025_associations,30,177,4.96875,5.765625,-0.796875
Dymarska2025_associations,30,178,2.786102294921875,3.886688232421875,-1.1005859375
Dymarska2025_associations,30,179,6.75,5.8125,0.9375
Dymarska2025_associations,30,180,10.28125,10.921875,-0.640625
Dymarska2025_associations,30,181,6.0625,4.4375,1.625
Dymarska2025_associations,30,182,2.466796875,2.375,0.091796875
Dymarska2025_associations,30,183,7.28125,7.4375,-0.15625
Dymarska2025_associations,30,184,7.058563232421875,8.07763671875,-1.019073486328125
Dymarska2025_associations,30,185,5.31640625,4.9482421875,0.3681640625
Dymarska2025_associations,30,186,5.17822265625,4.204833984375,0.973388671875
Dymarska2025_associations,30,187,4.970703125,4.43359375,0.537109375
Dymarska2025_associations,30,188,4.398193359375,4.2030029296875,0.1951904296875
Dymarska2025_associations,30,189,9.28125,8.5390625,0.7421875
Dymarska2025_associations,30,190,12.84375,10.66259765625,2.18115234375
Dymarska2025_associations,30,191,6.384765625,5.71484375,0.669921875
Dymarska2025_associations,30,192,8.43359375,9.31787109375,-0.88427734375
Dymarska2025_associations,30,193,7.109375,7.00390625,0.10546875
Dymarska2025_associations,30,194,13.4375,12.5,0.9375
Dymarska2025_associations,30,195,3.349609375,2.91455078125,0.43505859375
Dymarska2025_associations,31,0,5.091796875,10.25,-5.158203125
Dymarska2025_associations,31,1,6.607421875,3.787109375,2.8203125
Dymarska2025_associations,31,2,2.40625,1.931640625,0.474609375
Dymarska2025_associations,31,3,3.132781982421875,2.540985107421875,0.591796875
Dymarska2025_associations,31,4,3.2939453125,4.55126953125,-1.25732421875
Dymarska2025_associations,31,5,10.09375,5.3544921875,4.7392578125
Dymarska2025_associations,31,6,1.73046875,2.3515625,-0.62109375
Dymarska2025_associations,31,7,5.140594482421875,6.695281982421875,-1.5546875
Dymarska2025_associations,31,8,8.453125,8.328125,0.125
Dymarska2025_associations,31,9,5.578125,5.2421875,0.3359375
Dymarska2025_associations,31,10,3.93896484375,4.36572265625,-0.4267578125
Dymarska2025_associations,31,11,5.445281982421875,5.2030029296875,0.242279052734375
Dymarska2025_associations,31,12,9.119140625,8.2841796875,0.8349609375
Dymarska2025_associations,31,13,8.359375,9.34375,-0.984375
Dymarska2025_associations,31,14,6.28125,7.03125,-0.75
Dymarska2025_associations,31,15,9.40625,10.34375,-0.9375
Dymarska2025_associations,31,16,4.9375,5.1875,-0.25
Dymarska2025_associations,31,17,6.07373046875,6.694580078125,-0.620849609375
Dymarska2025_associations,31,18,8.8125,8.53515625,0.27734375
Dymarska2025_associations,31,19,6.109375,6.765625,-0.65625
Dymarska2025_associations,31,20,8.96826171875,7.4217529296875,1.5465087890625
Dymarska2025_associations,31,21,6.12890625,5.90625,0.22265625
Dymarska2025_associations,31,22,3.14892578125,2.6708984375,0.47802734375
Dymarska2025_associations,31,23,9.25,9.375,-0.125
Dymarska2025_associations,31,24,8.8203125,7.1953125,1.625
Dymarska2025_associations,31,25,10.0625,9.171875,0.890625
Dymarska2025_associations,31,26,4.7265625,3.583984375,1.142578125
Dymarska2025_associations,31,27,8.0537109375,6.937469482421875,1.116241455078125
Dymarska2025_associations,31,28,4.97900390625,4.64501953125,0.333984375
Dymarska2025_associations,31,29,14.625,16.125,-1.5
Dymarska2025_associations,31,30,8.140625,6.11328125,2.02734375
Dymarska2025_associations,31,31,11.15625,10.3125,0.84375
Dymarska2025_associations,31,32,7.15478515625,6.72607421875,0.4287109375
Dymarska2025_associations,31,33,26.95703125,22.19140625,4.765625
Dymarska2025_associations,31,34,3.398406982421875,2.783203125,0.615203857421875
Dymarska2025_associations,31,35,5.948455810546875,6.827850341796875,-0.87939453125
Dymarska2025_associations,31,36,5.6875,5.796875,-0.109375
Dymarska2025_associations,31,37,5.5,6.125,-0.625
Dymarska2025_associations,31,38,3.505859375,3.53125,-0.025390625
Dymarska2025_associations,31,39,5.1630859375,5.194580078125,-0.031494140625
Dymarska2025_associations,31,40,3.015625,2.265625,0.75
Dymarska2025_associations,31,41,3.08203125,2.09814453125,0.98388671875
Dymarska2025_associations,31,42,5.9580078125,6.30859375,-0.3505859375
Dymarska2025_associations,31,43,9.9375,11.53125,-1.59375
Dymarska2025_associations,31,44,4.183563232421875,3.867156982421875,0.31640625
Dymarska2025_associations,31,45,4.17578125,3.263671875,0.912109375
Dymarska2025_associations,31,46,5.39453125,8.796875,-3.40234375
Dymarska2025_associations,31,47,5.0,2.328125,2.671875
Dymarska2025_associations,31,48,5.46826171875,4.960693359375,0.507568359375
Dymarska2025_associations,31,49,8.5,8.515625,-0.015625
Dymarska2025_associations,31,50,10.68359375,11.09765625,-0.4140625
Dymarska2025_associations,31,51,9.640625,9.703125,-0.0625
Dymarska2025_associations,31,52,15.238037109375,16.777099609375,-1.5390625
Dymarska2025_associations,31,53,9.14056396484375,9.51556396484375,-0.375
Dymarska2025_associations,31,54,7.578125,7.0546875,0.5234375
Dymarska2025_associations,31,55,7.5,7.234375,0.265625
Dymarska2025_associations,31,56,9.8984375,8.470703125,1.427734375
Dymarska2025_associations,31,57,9.96875,10.25,-0.28125
Dymarska2025_associations,31,58,8.0625,7.375,0.6875
Dymarska2025_associations,31,59,10.25,9.59375,0.65625
Dymarska2025_associations,31,60,9.88671875,9.30029296875,0.58642578125
Dymarska2025_associations,31,61,6.505859375,7.05859375,-0.552734375
Dymarska2025_associations,31,62,7.408203125,6.100830078125,1.307373046875
Dymarska2025_associations,31,63,7.25,6.44921875,0.80078125
Dymarska2025_associations,31,64,7.052734375,6.4541015625,0.5986328125
Dymarska2025_associations,31,65,4.7265625,2.71484375,2.01171875
Dymarska2025_associations,31,66,6.882781982421875,6.0859375,0.796844482421875
Dymarska2025_associations,31,67,2.51171875,1.6259765625,0.8857421875
Dymarska2025_associations,31,68,2.2303466796875,2.3343505859375,-0.10400390625
Dymarska2025_associations,31,69,5.327880859375,4.484344482421875,0.843536376953125
Dymarska2025_associations,31,70,25.4765625,18.72021484375,6.75634765625
Dymarska2025_associations,31,71,5.34375,6.234375,-0.890625
Dymarska2025_associations,31,72,12.34326171875,12.0771484375,0.26611328125
Dymarska2025_associations,31,73,3.390625,3.2265625,0.1640625
Dymarska2025_associations,31,74,5.375,3.953125,1.421875
Dymarska2025_associations,31,75,6.375,5.0,1.375
Dymarska2025_associations,31,76,7.921875,7.171875,0.75
Dymarska2025_associations,31,77,6.75,6.59375,0.15625
Dymarska2025_associations,31,78,4.595703125,4.37109375,0.224609375
Dymarska2025_associations,31,79,6.787078857421875,6.07470703125,0.712371826171875
Dymarska2025_associations,31,80,4.619140625,4.443328857421875,0.175811767578125
Dymarska2025_associations,31,81,5.8818359375,4.7939453125,1.087890625
Dymarska2025_associations,31,82,11.0,11.25,-0.25
Dymarska2025_associations,31,83,9.96875,11.078125,-1.109375
Dymarska2025_associations,31,84,4.65625,1.73046875,2.92578125
Dymarska2025_associations,31,85,9.46875,8.546875,0.921875
Dymarska2025_associations,31,86,9.703094482421877,8.875,0.8280944824218768
Dymarska2025_associations,31,87,8.945281982421875,8.625,0.320281982421875
Dymarska2025_associations,31,88,10.116180419921877,9.9837646484375,0.13241577148437678
Dymarska2025_associations,31,89,3.82763671875,3.5311279296875,0.2965087890625
Dymarska2025_associations,31,90,3.7265625,4.2421875,-0.515625
Dymarska2025_associations,31,91,7.9375,8.375,-0.4375
Dymarska2025_associations,31,92,6.953125,6.078125,0.875
Dymarska2025_associations,31,93,11.234375,6.882781982421875,4.351593017578125
Dymarska2025_associations,31,94,4.382781982421875,4.5487060546875,-0.165924072265625
Dymarska2025_associations,31,95,5.66650390625,5.6064453125,0.06005859375
Dymarska2025_associations,31,96,5.0,6.03125,-1.03125
Dymarska2025_associations,31,97,11.46875,8.7568359375,2.7119140625
Dymarska2025_associations,31,98,10.1171875,11.7890625,-1.671875
Dymarska2025_associations,31,99,5.34375,5.96875,-0.625
Dymarska2025_associations,31,100,6.4105224609375,6.1669921875,0.2435302734375
Dymarska2025_associations,31,101,7.40625,7.734375,-0.328125
Dymarska2025_associations,31,102,4.1064453125,4.8173828125,-0.7109375
Dymarska2025_associations,31,103,5.53125,5.546875,-0.015625
Dymarska2025_associations,31,104,8.6875,9.1875,-0.5
Dymarska2025_associations,31,105,7.09375,6.453125,0.640625
Dymarska2025_associations,31,106,6.06787109375,7.154296875,-1.08642578125
Dymarska2025_associations,31,107,4.37451171875,3.22021484375,1.154296875
Dymarska2025_associations,31,108,5.093719482421875,4.451141357421875,0.642578125
Dymarska2025_associations,31,109,4.3125,3.46875,0.84375
Dymarska2025_associations,31,110,4.8592529296875,3.8905029296875,0.96875
Dymarska2025_associations,31,111,5.15576171875,6.060546875,-0.90478515625
Dymarska2025_associations,31,112,5.875,5.5625,0.3125
Dymarska2025_associations,31,113,8.71875,8.25,0.46875
Dymarska2025_associations,31,114,4.660125732421875,4.2069091796875,0.453216552734375
Dymarska2025_associations,31,115,8.421875,7.890625,0.53125
Dymarska2025_associations,31,116,6.0703125,5.15234375,0.91796875
Dymarska2025_associations,31,117,6.625,5.578125,1.046875
Dymarska2025_associations,31,118,9.356201171875,8.986572265625,0.36962890625
Dymarska2025_associations,31,119,5.40234375,3.9765625,1.42578125
Dymarska2025_associations,31,120,5.1875,4.33984375,0.84765625
Dymarska2025_associations,31,121,6.976531982421875,6.78125,0.195281982421875
Dymarska2025_associations,31,122,1.884765625,2.044921875,-0.16015625
Dymarska2025_associations,31,123,14.9375,15.0,-0.0625
Dymarska2025_associations,31,124,9.15625,9.125,0.03125
Dymarska2025_associations,31,125,7.05078125,6.671875,0.37890625
Dymarska2025_associations,31,126,6.125,6.125,0.0
Dymarska2025_associations,31,127,4.4375,3.234375,1.203125
Dymarska2025_associations,31,128,6.953125,7.75,-0.796875
Dymarska2025_associations,31,129,14.359375,13.4609375,0.8984375
Dymarska2025_associations,31,130,5.166015625,5.251953125,-0.0859375
Dymarska2025_associations,31,131,9.1640625,8.287109375,0.876953125
Dymarska2025_associations,31,132,4.84765625,4.279296875,0.568359375
Dymarska2025_associations,31,133,7.71875,7.679168701171875,0.039581298828125
Dymarska2025_associations,31,134,7.1875,6.375,0.8125
Dymarska2025_associations,31,135,7.87890625,8.515625,-0.63671875
Dymarska2025_associations,31,136,7.453125,8.03125,-0.578125
Dymarska2025_associations,31,137,7.53125,8.125,-0.59375
Dymarska2025_associations,31,138,8.2626953125,9.01171875,-0.7490234375
Dymarska2025_associations,31,139,3.90625,3.32421875,0.58203125
Dymarska2025_associations,31,140,10.076171875,9.78515625,0.291015625
Dymarska2025_associations,31,141,26.21875,25.15625,1.0625
Dymarska2025_associations,31,142,4.414031982421875,5.195281982421875,-0.78125
Dymarska2025_associations,31,143,3.82421875,4.203125,-0.37890625
Dymarska2025_associations,31,144,7.38671875,6.71484375,0.671875
Dymarska2025_associations,31,145,9.13525390625,9.951171875,-0.81591796875
Dymarska2025_associations,31,146,5.484375,5.48046875,0.00390625
Dymarska2025_associations,31,147,5.716796875,5.2421875,0.474609375
Dymarska2025_associations,31,148,10.25,10.09375,0.15625
Dymarska2025_associations,31,149,6.210693359375,6.404754638671875,-0.194061279296875
Dymarska2025_associations,31,150,5.28076171875,5.2919921875,-0.01123046875
Dymarska2025_associations,31,151,4.15087890625,3.64013671875,0.5107421875
Dymarska2025_associations,31,152,4.90625,5.34375,-0.4375
Dymarska2025_associations,31,153,7.71875,8.484375,-0.765625
Dymarska2025_associations,31,154,6.6875,5.1875,1.5
Dymarska2025_associations,31,155,6.0625,8.25,-2.1875
Dymarska2025_associations,31,156,2.67578125,2.67578125,0.0
Dymarska2025_associations,31,157,15.1474609375,16.8720703125,-1.724609375
Dymarska2025_associations,31,158,15.78125,11.578125,4.203125
Dymarska2025_associations,31,159,9.171875,9.09375,0.078125
Dymarska2025_associations,31,160,9.53125,9.109375,0.421875
Dymarska2025_associations,31,161,9.0625,8.359375,0.703125
Dymarska2025_associations,31,162,2.36328125,2.7734375,-0.41015625
Dymarska2025_associations,31,163,5.64306640625,4.208984375,1.43408203125
Dymarska2025_associations,31,164,11.984375,8.44921875,3.53515625
Dymarska2025_associations,31,165,9.114501953125,9.6265869140625,-0.5120849609375
Dymarska2025_associations,31,166,6.557861328125,6.186767578125,0.37109375
Dymarska2025_associations,31,167,6.48828125,7.7294921875,-1.2412109375
Dymarska2025_associations,31,168,7.671875,8.140625,-0.46875
Dymarska2025_associations,31,169,6.9638671875,7.11376953125,-0.14990234375
Dymarska2025_associations,31,170,9.03125,8.0,1.03125
Dymarska2025_associations,31,171,6.9375,3.3203125,3.6171875
Dymarska2025_associations,31,172,7.35400390625,6.467254638671875,0.886749267578125
Dymarska2025_associations,31,173,11.1953125,13.234375,-2.0390625
Dymarska2025_associations,31,174,8.546875,8.7421875,-0.1953125
Dymarska2025_associations,31,175,4.5625,4.625,-0.0625
Dymarska2025_associations,31,176,7.4375,8.03125,-0.59375
Dymarska2025_associations,31,177,5.6328125,5.15234375,0.48046875
Dymarska2025_associations,31,178,5.671875,5.5,0.171875
Dymarska2025_associations,31,179,4.625,5.1875,-0.5625
Dymarska2025_associations,31,180,6.875,6.34375,0.53125
Dymarska2025_associations,31,181,7.625,8.28125,-0.65625
Dymarska2025_associations,32,0,6.13671875,10.4716796875,-4.3349609375
Dymarska2025_associations,32,1,7.296875,5.12109375,2.17578125
Dymarska2025_associations,32,2,22.90234375,19.64453125,3.2578125
Dymarska2025_associations,32,3,13.6640625,9.4609375,4.203125
Dymarska2025_associations,32,4,5.5390625,4.845703125,0.693359375
Dymarska2025_associations,32,5,4.7900390625,4.048828125,0.7412109375
Dymarska2025_associations,32,6,4.92578125,3.951171875,0.974609375
Dymarska2025_associations,32,7,6.55078125,7.22265625,-0.671875
Dymarska2025_associations,32,8,1.61767578125,1.016082763671875,0.601593017578125
Dymarska2025_associations,32,9,9.1396484375,6.7498779296875,2.3897705078125
Dymarska2025_associations,32,10,5.98828125,7.6328125,-1.64453125
Dymarska2025_associations,32,11,8.71875,8.84375,-0.125
Dymarska2025_associations,32,12,7.71875,6.7265625,0.9921875
Dymarska2025_associations,32,13,5.40576171875,6.070281982421875,-0.664520263671875
Dymarska2025_associations,32,14,5.28515625,5.75390625,-0.46875
Dymarska2025_associations,32,15,3.1630859375,2.210205078125,0.952880859375
Dymarska2025_associations,32,16,4.96875,5.890625,-0.921875
Dymarska2025_associations,32,17,4.3828125,5.80859375,-1.42578125
Dymarska2025_associations,32,18,5.400390625,4.68359375,0.716796875
Dymarska2025_associations,32,19,5.36083984375,5.725830078125,-0.364990234375
Dymarska2025_associations,32,20,6.734375,5.828125,0.90625
Dymarska2025_associations,32,21,6.7958984375,5.960693359375,0.835205078125
Dymarska2025_associations,32,22,6.5,4.9375,1.5625
Dymarska2025_associations,32,23,7.31787109375,6.788330078125,0.529541015625
Dymarska2025_associations,32,24,7.109375,7.03125,0.078125
Dymarska2025_associations,32,25,7.724578857421875,7.271453857421875,0.453125
Dymarska2025_associations,32,26,3.73828125,3.6875,0.05078125
Dymarska2025_associations,32,27,6.71875,5.875,0.84375
Dymarska2025_associations,32,28,5.59375,4.875,0.71875
Dymarska2025_associations,32,29,5.328094482421875,3.705047607421875,1.623046875
Dymarska2025_associations,32,30,3.171875,3.09375,0.078125
Dymarska2025_associations,32,31,6.4140625,6.578125,-0.1640625
Dymarska2025_associations,32,32,8.3828125,7.3359375,1.046875
Dymarska2025_associations,32,33,7.28125,7.46875,-0.1875
Dymarska2025_associations,32,34,6.16357421875,4.548828125,1.61474609375
Dymarska2025_associations,32,35,6.59375,5.009765625,1.583984375
Dymarska2025_associations,32,36,6.0078125,7.109375,-1.1015625
Dymarska2025_associations,32,37,5.87939453125,4.853515625,1.02587890625
Dymarska2025_associations,32,38,4.671844482421875,4.9920654296875,-0.320220947265625
Dymarska2025_associations,32,39,14.2958984375,13.9530029296875,0.3428955078125
Dymarska2025_associations,32,40,7.34375,6.8125,0.53125
Dymarska2025_associations,32,41,6.28125,4.875,1.40625
Dymarska2025_associations,32,42,6.71875,7.0625,-0.34375
Dymarska2025_associations,32,43,3.023406982421875,3.625,-0.601593017578125
Dymarska2025_associations,32,44,6.34375,4.625,1.71875
Dymarska2025_associations,32,45,5.9697265625,6.4638671875,-0.494140625
Dymarska2025_associations,32,46,9.5,9.0,0.5
Dymarska2025_associations,32,47,3.328125,2.6171875,0.7109375
Dymarska2025_associations,32,48,15.3125,11.4375,3.875
Dymarska2025_associations,32,49,13.015625,9.265625,3.75
Dymarska2025_associations,32,50,12.96484375,10.7490234375,2.2158203125
Dymarska2025_associations,32,51,8.18359375,4.5830078125,3.6005859375
Dymarska2025_associations,32,52,9.6162109375,9.248046875,0.3681640625
Dymarska2025_associations,32,53,8.429656982421875,8.320281982421875,0.109375
Dymarska2025_associations,32,54,10.59375,9.048828125,1.544921875
Dymarska2025_associations,32,55,10.71875,11.59375,-0.875
Dymarska2025_associations,32,56,7.322265625,8.423828125,-1.1015625
Dymarska2025_associations,32,57,5.125,3.9375,1.1875
Dymarska2025_associations,32,58,4.2265625,3.6796875,0.546875
Dymarska2025_associations,32,59,10.08056640625,8.48876953125,1.591796875
Dymarska2025_associations,32,60,6.328125,6.2890625,0.0390625
Dymarska2025_associations,32,61,9.2900390625,9.2607421875,0.029296875
Dymarska2025_associations,32,62,10.15625,10.0625,0.09375
Dymarska2025_associations,32,63,7.73431396484375,6.410003662109375,1.324310302734375
Dymarska2025_associations,32,64,6.0146484375,4.492431640625,1.522216796875
Dymarska2025_associations,32,65,11.21875,10.4140625,0.8046875
Dymarska2025_associations,32,66,8.3046875,7.125,1.1796875
Dymarska2025_associations,32,67,1.9453125,1.5390625,0.40625
Dymarska2025_associations,32,68,3.494140625,1.63671875,1.857421875
Dymarska2025_associations,32,69,6.100830078125,5.06982421875,1.031005859375
Dymarska2025_associations,32,70,15.859375,15.296875,0.5625
Dymarska2025_associations,32,71,13.2177734375,11.726531982421877,1.4912414550781232
Dymarska2025_associations,32,72,5.40625,5.5625,-0.15625
Dymarska2025_associations,32,73,7.65625,7.46484375,0.19140625
Dymarska2025_associations,32,74,15.04296875,15.132080078125,-0.089111328125
Dymarska2025_associations,32,75,5.3753662109375,4.100067138671875,1.275299072265625
Dymarska2025_associations,32,76,10.4990234375,9.3662109375,1.1328125
Dymarska2025_associations,32,77,7.109375,7.0390625,0.0703125
Dymarska2025_associations,32,78,9.046630859375,10.351318359375,-1.3046875
Dymarska2025_associations,32,79,7.765625,7.359375,0.40625
Dymarska2025_associations,32,80,6.27734375,5.4755859375,0.8017578125
Dymarska2025_associations,32,81,7.8046875,7.50390625,0.30078125
Dymarska2025_associations,32,82,4.2578125,4.1328125,0.125
Dymarska2025_associations,32,83,3.9375,3.38671875,0.55078125
Dymarska2025_associations,32,84,3.1357421875,1.85693359375,1.27880859375
Dymarska2025_associations,32,85,4.0458984375,5.069580078125,-1.023681640625
Dymarska2025_associations,32,86,14.2333984375,12.3876953125,1.845703125
Dymarska2025_associations,32,87,7.507781982421875,6.851531982421875,0.65625
Dymarska2025_associations,32,88,7.41015625,7.30859375,0.1015625
Dymarska2025_associations,32,89,4.616180419921875,5.324188232421875,-0.7080078125
Dymarska2025_associations,32,90,3.10546875,2.14697265625,0.95849609375
Dymarska2025_associations,32,91,7.640594482421875,7.0819091796875,0.558685302734375
Dymarska2025_associations,32,92,5.23583984375,4.39501953125,0.8408203125
Dymarska2025_associations,32,93,4.8828125,4.373046875,0.509765625
Dymarska2025_associations,32,94,11.1953125,9.5546875,1.640625
Dymarska2025_associations,32,95,5.962890625,6.556640625,-0.59375
Dymarska2025_associations,32,96,6.708984375,6.83984375,-0.130859375
Dymarska2025_associations,32,97,8.40625,9.0625,-0.65625
Dymarska2025_associations,32,98,5.624969482421875,5.4412841796875,0.183685302734375
Dymarska2025_associations,32,99,3.4892578125,2.947265625,0.5419921875
Dymarska2025_associations,32,100,3.7099609375,4.640625,-0.9306640625
Dymarska2025_associations,32,101,9.03125,7.50390625,1.52734375
Dymarska2025_associations,32,102,7.9822998046875,8.1053466796875,-0.123046875
Dymarska2025_associations,32,103,12.359375,8.11328125,4.24609375
Dymarska2025_associations,32,104,5.6875,6.03125,-0.34375
Dymarska2025_associations,32,105,14.093719482421877,15.2108154296875,-1.1170959472656232
Dymarska2025_associations,32,106,7.74609375,7.921875,-0.17578125
Dymarska2025_associations,32,107,1.939453125,2.13671875,-0.197265625
Dymarska2025_associations,32,108,1.882659912109375,1.812469482421875,0.0701904296875
Dymarska2025_associations,32,109,4.37890625,4.80859375,-0.4296875
Dymarska2025_associations,32,110,8.03125,7.15625,0.875
Dymarska2025_associations,32,111,10.05859375,10.375,-0.31640625
Dymarska2025_associations,32,112,3.6220703125,5.306640625,-1.6845703125
Dymarska2025_associations,32,113,3.216796875,2.6376953125,0.5791015625
Dymarska2025_associations,32,114,5.13037109375,5.507080078125,-0.376708984375
Dymarska2025_associations,32,115,3.708953857421875,3.64892578125,0.060028076171875
Dymarska2025_associations,32,116,11.125,11.625,-0.5
Dymarska2025_associations,32,117,16.2332763671875,10.6365966796875,5.5966796875
Dymarska2025_associations,32,118,7.53125,7.75,-0.21875
Dymarska2025_associations,32,119,4.2890625,4.19140625,0.09765625
Dymarska2025_associations,32,120,9.125,4.83203125,4.29296875
Dymarska2025_associations,32,121,5.96875,5.03125,0.9375
Dymarska2025_associations,32,122,3.765625,3.84375,-0.078125
Dymarska2025_associations,32,123,3.491943359375,3.070281982421875,0.421661376953125
Dymarska2025_associations,32,124,5.76171875,5.75634765625,0.00537109375
Dymarska2025_associations,32,125,7.3037109375,7.59521484375,-0.29150390625
Dymarska2025_associations,32,126,5.6875,5.8125,-0.125
Dymarska2025_associations,32,127,8.484375,7.470703125,1.013671875
Dymarska2025_associations,32,128,4.79833984375,4.498046875,0.30029296875
Dymarska2025_associations,32,129,15.3900146484375,15.5604248046875,-0.17041015625
Dymarska2025_associations,32,130,12.94140625,13.4354248046875,-0.4940185546875
Dymarska2025_associations,32,131,2.95703125,3.39453125,-0.4375
Dymarska2025_associations,32,132,9.310546875,9.5126953125,-0.2021484375
Dymarska2025_associations,32,133,4.28125,4.125,0.15625
Dymarska2025_associations,32,134,4.512939453125,4.679443359375,-0.16650390625
Dymarska2025_associations,32,135,7.4375,6.8125,0.625
Dymarska2025_associations,32,136,6.90234375,6.421875,0.48046875
Dymarska2025_associations,32,137,10.03125,9.40625,0.625
Dymarska2025_associations,32,138,5.685546875,5.96484375,-0.279296875
Dymarska2025_associations,32,139,1.673828125,1.611328125,0.0625
Dymarska2025_associations,32,140,8.9375,9.03125,-0.09375
Dymarska2025_associations,32,141,5.554443359375,5.527313232421875,0.027130126953125
Dymarska2025_associations,32,142,4.115234375,3.88671875,0.228515625
Dymarska2025_associations,32,143,5.65625,6.828125,-1.171875
Dymarska2025_associations,32,144,7.0537109375,6.3955078125,0.658203125
Dymarska2025_associations,32,145,8.84375,8.58203125,0.26171875
Dymarska2025_associations,32,146,3.98828125,3.75390625,0.234375
Dymarska2025_associations,32,147,23.65625,21.203125,2.453125
Dymarska2025_associations,32,148,7.9375,8.2734375,-0.3359375
Dymarska2025_associations,32,149,6.03125,5.34375,0.6875
Dymarska2025_associations,32,150,6.9375,5.40234375,1.53515625
Dymarska2025_associations,32,151,10.5390625,9.76513671875,0.77392578125
Dymarska2025_associations,33,0,9.75,13.25,-3.5
Dymarska2025_associations,33,1,8.15625,9.671875,-1.515625
Dymarska2025_associations,33,2,5.320068359375,4.81103515625,0.509033203125
Dymarska2025_associations,33,3,7.1875,6.75,0.4375
Dymarska2025_associations,33,4,9.476531982421877,7.109375,2.3671569824218768
Dymarska2025_associations,33,5,9.4765625,7.138671875,2.337890625
Dymarska2025_associations,33,6,7.5625,4.5625,3.0
Dymarska2025_associations,33,7,6.625,6.3125,0.3125
Dymarska2025_associations,33,8,5.15625,3.96875,1.1875
Dymarska2025_associations,33,9,7.12158203125,6.984375,0.13720703125
Dymarska2025_associations,33,10,9.444580078125,4.458953857421875,4.985626220703125
Dymarska2025_associations,33,11,7.75,5.375,2.375
Dymarska2025_associations,33,12,7.5,6.12451171875,1.37548828125
Dymarska2025_associations,33,13,6.623046875,7.225830078125,-0.602783203125
Dymarska2025_associations,33,14,9.0,5.71630859375,3.28369140625
Dymarska2025_associations,33,15,7.953125,6.0078125,1.9453125
Dymarska2025_associations,33,16,4.1875,3.21875,0.96875
Dymarska2025_associations,33,17,12.875,10.109375,2.765625
Dymarska2025_associations,33,18,6.875,6.03125,0.84375
Dymarska2025_associations,33,19,8.265625,9.71875,-1.453125
Dymarska2025_associations,33,20,8.013671875,9.2177734375,-1.2041015625
Dymarska2025_associations,33,21,4.87109375,4.819580078125,0.051513671875
Dymarska2025_associations,33,22,6.75390625,6.888671875,-0.134765625
Dymarska2025_associations,33,23,4.757781982421875,5.101531982421875,-0.34375
Dymarska2025_associations,33,24,14.375,14.984375,-0.609375
Dymarska2025_associations,33,25,8.28125,7.03125,1.25
Dymarska2025_associations,33,26,5.4375,5.5625,-0.125
Dymarska2025_associations,33,27,6.73046875,7.1845703125,-0.4541015625
Dymarska2025_associations,33,28,9.40625,7.23046875,2.17578125
Dymarska2025_associations,33,29,7.625,8.5,-0.875
Dymarska2025_associations,33,30,2.421875,1.95947265625,0.46240234375
Dymarska2025_associations,33,31,7.18359375,7.18701171875,-0.00341796875
Dymarska2025_associations,33,32,7.125,7.5,-0.375
Dymarska2025_associations,33,33,4.02734375,3.32421875,0.703125
Dymarska2025_associations,33,34,8.2713623046875,8.968505859375,-0.6971435546875
Dymarska2025_associations,33,35,8.625,8.9375,-0.3125
Dymarska2025_associations,33,36,7.101531982421875,6.882781982421875,0.21875
Dymarska2025_associations,33,37,7.859375,8.125,-0.265625
Dymarska2025_associations,33,38,13.03125,8.95751953125,4.07373046875
Dymarska2025_associations,33,39,1.23388671875,0.398406982421875,0.835479736328125
Dymarska2025_associations,33,40,4.0625,3.15234375,0.91015625
Dymarska2025_associations,33,41,4.523193359375,5.7342529296875,-1.2110595703125
Dymarska2025_associations,33,42,3.384765625,2.68701171875,0.69775390625
Dymarska2025_associations,33,43,4.851531982421875,5.070281982421875,-0.21875
Dymarska2025_associations,33,44,5.1064453125,4.8984375,0.2080078125
Dymarska2025_associations,33,45,8.8828125,6.515625,2.3671875
Dymarska2025_associations,33,46,9.375,8.671875,0.703125
Dymarska2025_associations,33,47,7.046875,6.96875,0.078125
Dymarska2025_associations,33,48,3.40625,3.1015625,0.3046875
Dymarska2025_associations,33,49,6.21875,5.875,0.34375
Dymarska2025_associations,33,50,7.125,7.71875,-0.59375
Dymarska2025_associations,33,51,6.734375,5.90625,0.828125
Dymarska2025_associations,33,52,3.79681396484375,3.1875,0.60931396484375
Dymarska2025_associations,33,53,11.734375,8.9453125,2.7890625
Dymarska2025_associations,33,54,7.53125,7.5390625,-0.0078125
Dymarska2025_associations,33,55,5.25,5.3125,-0.0625
Dymarska2025_associations,33,56,5.94189453125,3.40869140625,2.533203125
Dymarska2025_associations,33,57,7.0,7.1875,-0.1875
Dymarska2025_associations,33,58,7.6805419921875,7.251922607421875,0.428619384765625
Dymarska2025_associations,33,59,6.835906982421875,6.015594482421875,0.8203125
Dymarska2025_associations,33,60,4.125,3.09375,1.03125
Dymarska2025_associations,33,61,4.5155029296875,1.898406982421875,2.617095947265625
Dymarska2025_associations,33,62,3.882781982421875,3.03125,0.851531982421875
Dymarska2025_associations,33,63,4.828125,4.734375,0.09375
Dymarska2025_associations,33,64,3.859375,4.71875,-0.859375
Dymarska2025_associations,33,65,7.8984375,7.98583984375,-0.08740234375
Dymarska2025_associations,33,66,8.46484375,6.748046875,1.716796875
Dymarska2025_associations,33,67,3.12451171875,2.35888671875,0.765625
Dymarska2025_associations,33,68,6.765625,3.5,3.265625
Dymarska2025_associations,33,69,6.3125,6.34375,-0.03125
Dymarska2025_associations,33,70,6.0,6.59375,-0.59375
Dymarska2025_associations,33,71,5.802734375,5.52783203125,0.27490234375
Dymarska2025_associations,33,72,7.9375,8.25,-0.3125
Dymarska2025_associations,33,73,3.216796875,3.3974609375,-0.1806640625
Dymarska2025_associations,33,74,9.671875,9.328125,0.34375
Dymarska2025_associations,33,75,7.25,5.62109375,1.62890625
Dymarska2025_associations,33,76,5.93017578125,6.5478515625,-0.61767578125
Dymarska2025_associations,33,77,11.59375,10.8125,0.78125
Dymarska2025_associations,33,78,5.67578125,5.1572265625,0.5185546875
Dymarska2025_associations,33,79,3.09375,3.640625,-0.546875
Dymarska2025_associations,33,80,6.601531982421875,7.0625,-0.460968017578125
Dymarska2025_associations,33,81,17.828125,16.7890625,1.0390625
Dymarska2025_associations,33,82,5.71875,6.4375,-0.71875
Dymarska2025_associations,33,83,3.484375,3.46875,0.015625
Dymarska2025_associations,33,84,7.0625,7.09375,-0.03125
Dymarska2025_associations,33,85,5.875,4.75,1.125
Dymarska2025_associations,33,86,11.640625,7.5625,4.078125
Dymarska2025_associations,33,87,1.7109375,1.6875,0.0234375
Dymarska2025_associations,33,88,3.47265625,2.8603515625,0.6123046875
Dymarska2025_associations,33,89,6.78125,6.21875,0.5625
Dymarska2025_associations,33,90,4.556640625,4.30517578125,0.25146484375
Dymarska2025_associations,33,91,5.55859375,4.94140625,0.6171875
Dymarska2025_associations,33,92,3.625,3.21875,0.40625
Dymarska2025_associations,33,93,3.875,3.09375,0.78125
Dymarska2025_associations,33,94,7.429443359375,8.726318359375,-1.296875
Dymarska2025_associations,33,95,7.25,6.0625,1.1875
Dymarska2025_associations,33,96,4.21826171875,4.413330078125,-0.195068359375
Dymarska2025_associations,33,97,7.765625,8.109375,-0.34375
Dymarska2025_associations,33,98,8.357421875,8.5625,-0.205078125
Dymarska2025_associations,33,99,6.734375,6.6953125,0.0390625
Dymarska2025_associations,33,100,9.84375,9.49951171875,0.34423828125
Dymarska2025_associations,33,101,5.875,4.79296875,1.08203125
Dymarska2025_associations,33,102,6.40625,5.75,0.65625
Dymarska2025_associations,33,103,9.84375,9.601531982421877,0.24221801757812322
Dymarska2025_associations,33,104,3.53125,2.5625,0.96875
Dymarska2025_associations,33,105,8.8125,8.09375,0.71875
Dymarska2025_associations,33,106,6.625,3.9853515625,2.6396484375
Dymarska2025_associations,33,107,2.3271484375,1.6474609375,0.6796875
Dymarska2025_associations,33,108,1.632781982421875,2.21875,-0.585968017578125
Dymarska2025_associations,33,109,10.476531982421877,7.749969482421875,2.7265625000000018
Dymarska2025_associations,33,110,7.68359375,6.9530029296875,0.7305908203125
Dymarska2025_associations,33,111,3.0751953125,2.888671875,0.1865234375
Dymarska2025_associations,33,112,4.410125732421875,4.5877685546875,-0.177642822265625
Dymarska2025_associations,33,113,3.07421875,2.609375,0.46484375
Dymarska2025_associations,33,114,7.171875,8.09375,-0.921875
Dymarska2025_associations,33,115,4.6171875,4.25,0.3671875
Dymarska2025_associations,33,116,6.96484375,5.607421875,1.357421875
Dymarska2025_associations,33,117,9.125,8.625,0.5
Dymarska2025_associations,33,118,6.203125,6.09375,0.109375
Dymarska2025_associations,33,119,9.90625,7.421875,2.484375
Dymarska2025_associations,33,120,6.56787109375,6.77197265625,-0.2041015625
Dymarska2025_associations,33,121,7.921875,8.765594482421875,-0.843719482421875
Dymarska2025_associations,33,122,9.4375,8.39453125,1.04296875
Dymarska2025_associations,33,123,8.9375,8.625,0.3125
Dymarska2025_associations,33,124,8.574188232421875,9.863250732421877,-1.2890625000000018
Dymarska2025_associations,33,125,8.25,7.78125,0.46875
Dymarska2025_associations,33,126,7.953125,7.90625,0.046875
Dymarska2025_associations,33,127,3.259765625,2.98828125,0.271484375
Dymarska2025_associations,33,128,6.933563232421875,7.523193359375,-0.589630126953125
Dymarska2025_associations,33,129,7.59375,7.0625,0.53125
Dymarska2025_associations,33,130,6.5419921875,6.06201171875,0.47998046875
Dymarska2025_associations,33,131,6.3125,5.0625,1.25
Dymarska2025_associations,33,132,4.56787109375,3.907958984375,0.659912109375
Dymarska2025_associations,33,133,4.123046875,4.2958984375,-0.1728515625
Dymarska2025_associations,33,134,5.1875,5.3515625,-0.1640625
Dymarska2025_associations,33,135,6.74951171875,6.92529296875,-0.17578125
Dymarska2025_associations,33,136,7.343505859375,7.064453125,0.279052734375
Dymarska2025_associations,33,137,8.546875,8.828125,-0.28125
Dymarska2025_associations,33,138,7.5,6.30517578125,1.19482421875
Dymarska2025_associations,33,139,8.328125,8.671875,-0.34375
Dymarska2025_associations,33,140,6.1875,4.648193359375,1.539306640625
Dymarska2025_associations,33,141,7.40625,7.125,0.28125
Dymarska2025_associations,33,142,9.48828125,7.763916015625,1.724365234375
Dymarska2025_associations,33,143,6.5,4.3125,2.1875
Dymarska2025_associations,33,144,7.921875,7.2900390625,0.6318359375
Dymarska2025_associations,33,145,8.1328125,7.181640625,0.951171875
Dymarska2025_associations,33,146,8.16015625,6.109375,2.05078125
Dymarska2025_associations,33,147,2.144500732421875,1.8046875,0.339813232421875
Dymarska2025_associations,33,148,3.56201171875,4.554443359375,-0.992431640625
Dymarska2025_associations,33,149,4.18017578125,3.1767578125,1.00341796875
Dymarska2025_associations,33,150,6.648406982421875,2.963836669921875,3.6845703125
Dymarska2025_associations,33,151,2.9296875,1.311767578125,1.617919921875
Dymarska2025_associations,33,152,7.813446044921875,8.622039794921875,-0.80859375
Dymarska2025_associations,33,153,5.332275390625,5.642333984375,-0.31005859375
Dymarska2025_associations,33,154,3.486328125,2.8349609375,0.6513671875
Dymarska2025_associations,33,155,7.203125,5.59375,1.609375
Dymarska2025_associations,33,156,6.65625,6.734375,-0.078125
Dymarska2025_associations,33,157,5.033203125,4.63330078125,0.39990234375
Dymarska2025_associations,33,158,3.625,3.546875,0.078125
Dymarska2025_associations,33,159,4.07421875,3.22265625,0.8515625
Dymarska2025_associations,33,160,5.75,4.21875,1.53125
Dymarska2025_associations,33,161,4.25390625,3.828125,0.42578125
Dymarska2025_associations,33,162,8.71875,8.0,0.71875
Dymarska2025_associations,33,163,3.4833984375,3.913818359375,-0.430419921875
Dymarska2025_associations,33,164,5.37109375,6.16796875,-0.796875
Dymarska2025_associations,33,165,6.8125,6.0,0.8125
Dymarska2025_associations,33,166,5.4140625,5.2734375,0.140625
Dymarska2025_associations,33,167,4.375,4.53125,-0.15625
Dymarska2025_associations,33,168,1.787109375,2.71875,-0.931640625
Dymarska2025_associations,33,169,6.0234375,5.328125,0.6953125
Dymarska2025_associations,33,170,0.81396484375,1.06103515625,-0.2470703125
Dymarska2025_associations,33,171,6.125,6.796875,-0.671875
Dymarska2025_associations,33,172,6.75,7.31640625,-0.56640625
Dymarska2025_associations,33,173,6.615234375,5.15576171875,1.45947265625
Dymarska2025_associations,33,174,7.203125,5.625,1.578125
Dymarska2025_associations,33,175,9.62890625,9.498046875,0.130859375
Dymarska2025_associations,33,176,3.68408203125,3.0615234375,0.62255859375
Dymarska2025_associations,33,177,12.2890625,11.2265625,1.0625
Dymarska2025_associations,33,178,8.7421875,9.00390625,-0.26171875
Dymarska2025_associations,33,179,5.81201171875,6.283203125,-0.47119140625
Dymarska2025_associations,33,180,8.3125,8.375,-0.0625
Dymarska2025_associations,33,181,5.94140625,5.4794921875,0.4619140625
Dymarska2025_associations,33,182,6.0,6.578125,-0.578125
Dymarska2025_associations,33,183,5.42822265625,5.382781982421875,0.045440673828125
Dymarska2025_associations,34,0,12.3671875,17.515625,-5.1484375
Dymarska2025_associations,34,1,11.390625,5.439453125,5.951171875
Dymarska2025_associations,34,2,15.109375,14.1640625,0.9453125
Dymarska2025_associations,34,3,4.65625,3.3173828125,1.3388671875
Dymarska2025_associations,34,4,1.7578125,1.3671875,0.390625
Dymarska2025_associations,34,5,7.1875,8.21875,-1.03125
Dymarska2025_associations,34,6,5.046875,1.929443359375,3.117431640625
Dymarska2025_associations,34,7,7.1015625,5.8828125,1.21875
Dymarska2025_associations,34,8,9.66064453125,8.2236328125,1.43701171875
Dymarska2025_associations,34,9,4.9921875,4.214813232421875,0.777374267578125
Dymarska2025_associations,34,10,9.384765625,8.4530029296875,0.9317626953125
Dymarska2025_associations,34,11,10.0,8.71875,1.28125
Dymarska2025_associations,34,12,6.436370849609375,6.2451171875,0.191253662109375
Dymarska2025_associations,34,13,11.125,9.234375,1.890625
Dymarska2025_associations,34,14,5.25,5.125,0.125
Dymarska2025_associations,34,15,7.0400390625,6.1767578125,0.86328125
Dymarska2025_associations,34,16,5.546875,4.94140625,0.60546875
Dymarska2025_associations,34,17,4.69921875,5.59326171875,-0.89404296875
Dymarska2025_associations,34,18,8.4375,7.890625,0.546875
Dymarska2025_associations,34,19,5.3359375,5.9296875,-0.59375
Dymarska2025_associations,34,20,13.921844482421877,13.507781982421877,0.4140625
Dymarska2025_associations,34,21,3.671875,2.734375,0.9375
Dymarska2025_associations,34,22,5.38671875,3.48046875,1.90625
Dymarska2025_associations,34,23,7.12890625,6.62890625,0.5
Dymarska2025_associations,34,24,11.0457763671875,7.3250732421875,3.720703125
Dymarska2025_associations,34,25,6.2021484375,4.73779296875,1.46435546875
Dymarska2025_associations,34,26,15.55322265625,15.5458984375,0.00732421875
Dymarska2025_associations,34,27,8.171875,5.59375,2.578125
Dymarska2025_associations,34,28,7.84375,7.9375,-0.09375
Dymarska2025_associations,34,29,6.46875,6.8125,-0.34375
Dymarska2025_associations,34,30,3.878875732421875,3.156219482421875,0.72265625
Dymarska2025_associations,34,31,8.03125,7.78125,0.25
Dymarska2025_associations,34,32,4.03125,3.912109375,0.119140625
Dymarska2025_associations,34,33,8.669921875,8.953125,-0.283203125
Dymarska2025_associations,34,34,7.125,6.1875,0.9375
Dymarska2025_associations,34,35,5.58984375,6.97265625,-1.3828125
Dymarska2025_associations,34,36,8.546875,8.78125,-0.234375
Dymarska2025_associations,34,37,7.26513671875,6.9521484375,0.31298828125
Dymarska2025_associations,34,38,7.3046875,7.1796875,0.125
Dymarska2025_associations,34,39,4.0234375,2.890625,1.1328125
Dymarska2025_associations,34,40,8.370849609375,7.3695068359375,1.0013427734375
Dymarska2025_associations,34,41,2.1873779296875,2.070281982421875,0.117095947265625
Dymarska2025_associations,34,42,3.578125,2.89453125,0.68359375
Dymarska2025_associations,34,43,4.78515625,5.517578125,-0.732421875
Dymarska2025_associations,34,44,3.62890625,2.038818359375,1.590087890625
Dymarska2025_associations,34,45,7.109375,6.703125,0.40625
Dymarska2025_associations,34,46,3.45751953125,2.991943359375,0.465576171875
Dymarska2025_associations,34,47,4.8779296875,5.6953125,-0.8173828125
Dymarska2025_associations,34,48,7.171875,6.65625,0.515625
Dymarska2025_associations,34,49,7.55224609375,6.22412109375,1.328125
Dymarska2025_associations,34,50,12.75,12.0625,0.6875
Dymarska2025_associations,34,51,4.78125,6.015625,-1.234375
Dymarska2025_associations,34,52,5.8671875,5.390625,0.4765625
Dymarska2025_associations,34,53,8.748046875,6.882781982421875,1.865264892578125
Dymarska2025_associations,34,54,5.25390625,5.00390625,0.25
Dymarska2025_associations,34,55,10.375,10.1875,0.1875
Dymarska2025_associations,34,56,8.25,6.9375,1.3125
Dymarska2025_associations,34,57,5.9375,6.8125,-0.875
Dymarska2025_associations,34,58,4.14501953125,2.9501953125,1.19482421875
Dymarska2025_associations,34,59,5.8125,6.0,-0.1875
Dymarska2025_associations,34,60,1.195068359375,0.878173828125,0.31689453125
Dymarska2025_associations,34,61,3.67333984375,3.41064453125,0.2626953125
Dymarska2025_associations,34,62,5.46875,6.28125,-0.8125
Dymarska2025_associations,34,63,13.5693359375,12.8095703125,0.759765625
Dymarska2025_associations,34,64,4.0234375,3.9951171875,0.0283203125
Dymarska2025_associations,34,65,10.84375,9.93359375,0.91015625
Dymarska2025_associations,34,66,1.99951171875,1.3896484375,0.60986328125
Dymarska2025_associations,34,67,6.75,5.65625,1.09375
Dymarska2025_associations,34,68,5.130859375,5.25390625,-0.123046875
Dymarska2025_associations,34,69,9.23046875,10.12109375,-0.890625
Dymarska2025_associations,34,70,7.09375,6.6015625,0.4921875
Dymarska2025_associations,34,71,5.625,4.51953125,1.10546875
Dymarska2025_associations,34,72,2.583984375,1.2294921875,1.3544921875
Dymarska2025_associations,34,73,6.296875,7.109375,-0.8125
Dymarska2025_associations,34,74,0.344970703125,0.329833984375,0.01513671875
Dymarska2025_associations,34,75,2.109375,2.09375,0.015625
Dymarska2025_associations,34,76,3.64056396484375,3.65618896484375,-0.015625
Dymarska2025_associations,34,77,0.4609375,0.431640625,0.029296875
Dymarska2025_associations,34,78,5.58203125,5.001953125,0.580078125
Dymarska2025_associations,34,79,5.9921875,5.65234375,0.33984375
Dymarska2025_associations,34,80,1.601531982421875,2.445281982421875,-0.84375
Dymarska2025_associations,34,81,6.66015625,5.9140625,0.74609375
Dymarska2025_associations,34,82,6.703125,7.21875,-0.515625
Dymarska2025_associations,34,83,4.875,4.6875,0.1875
Dymarska2025_associations,34,84,5.46826171875,4.851531982421875,0.616729736328125
Dymarska2025_associations,34,85,13.6669921875,11.99609375,1.6708984375
Dymarska2025_associations,34,86,6.05859375,5.570281982421875,0.488311767578125
Dymarska2025_associations,34,87,6.890625,6.609375,0.28125
Dymarska2025_associations,34,88,6.375,6.3125,0.0625
Dymarska2025_associations,34,89,7.3203125,7.9375,-0.6171875
Dymarska2025_associations,34,90,7.71875,7.078125,0.640625
Dymarska2025_associations,34,91,8.07421875,7.515625,0.55859375
Dymarska2025_associations,34,92,5.796875,4.921875,0.875
Dymarska2025_associations,34,93,8.109375,7.59375,0.515625
Dymarska2025_associations,34,94,9.039031982421877,8.9061279296875,0.13290405273437678
Dymarska2025_associations,34,95,5.0,4.625,0.375
Dymarska2025_associations,34,96,5.6171875,4.939453125,0.677734375
Dymarska2025_associations,34,97,7.03125,6.078125,0.953125
Dymarska2025_associations,34,98,14.23046875,10.109375,4.12109375
Dymarska2025_associations,34,99,4.4375,5.25,-0.8125
Dymarska2025_associations,34,100,1.44140625,1.71630859375,-0.27490234375
Dymarska2025_associations,34,101,2.07421875,2.337890625,-0.263671875
Dymarska2025_associations,34,102,2.445281982421875,2.523193359375,-0.077911376953125
Dymarska2025_associations,34,103,29.2158203125,27.42333984375,1.79248046875
Dymarska2025_associations,34,104,4.55078125,3.982421875,0.568359375
Dymarska2025_associations,34,105,4.6875,3.3125,1.375
Dymarska2025_associations,34,106,1.632537841796875,1.468475341796875,0.1640625
Dymarska2025_associations,34,107,3.40576171875,4.27734375,-0.87158203125
Dymarska2025_associations,34,108,6.4530029296875,5.289031982421875,1.163970947265625
Dymarska2025_associations,34,109,4.296875,4.484375,-0.1875
Dymarska2025_associations,34,110,5.091766357421875,5.015594482421875,0.076171875
Dymarska2025_associations,34,111,7.115966796875,7.671600341796875,-0.555633544921875
Dymarska2025_associations,34,112,7.828125,7.296875,0.53125
Dymarska2025_associations,34,113,6.1513671875,6.5908203125,-0.439453125
Dymarska2025_associations,34,114,3.55078125,2.72265625,0.828125
Dymarska2025_associations,34,115,6.06640625,5.90625,0.16015625
Dymarska2025_associations,34,116,5.1875,4.851531982421875,0.335968017578125
Dymarska2025_associations,34,117,7.3125,7.296875,0.015625
Dymarska2025_associations,34,118,3.34765625,2.671875,0.67578125
Dymarska2025_associations,34,119,5.77734375,5.373046875,0.404296875
Dymarska2025_associations,34,120,3.917236328125,2.97021484375,0.947021484375
Dymarska2025_associations,34,121,7.171875,9.3125,-2.140625
Dymarska2025_associations,34,122,3.234375,3.6640625,-0.4296875
Dymarska2025_associations,34,123,7.74951171875,6.632781982421875,1.116729736328125
Dymarska2025_associations,34,124,6.564453125,5.30712890625,1.25732421875
Dymarska2025_associations,34,125,8.1875,7.02734375,1.16015625
Dymarska2025_associations,34,126,4.48046875,4.2469482421875,0.2335205078125
Dymarska2025_associations,34,127,5.140625,4.197265625,0.943359375
Dymarska2025_associations,34,128,7.9169921875,7.3905029296875,0.5264892578125
Dymarska2025_associations,34,129,5.9140625,5.6025390625,0.3115234375
Dymarska2025_associations,34,130,10.9375,11.15625,-0.21875
Dymarska2025_associations,34,131,5.953125,5.78125,0.171875
Dymarska2025_associations,34,132,6.3125,6.3828125,-0.0703125
Dymarska2025_associations,34,133,8.46875,8.5,-0.03125
Dymarska2025_associations,34,134,6.034149169921875,5.422821044921875,0.611328125
Dymarska2025_associations,34,135,4.474609375,3.86474609375,0.60986328125
Dymarska2025_associations,34,136,4.4375,3.88671875,0.55078125
Dymarska2025_associations,34,137,5.78125,4.417724609375,1.363525390625
Dymarska2025_associations,34,138,10.0625,10.25,-0.1875
Dymarska2025_associations,34,139,2.578125,3.21875,-0.640625
Dymarska2025_associations,34,140,5.15625,4.0078125,1.1484375
Dymarska2025_associations,34,141,9.054443359375,7.335205078125,1.71923828125
Dymarska2025_associations,34,142,2.560791015625,2.5272216796875,0.0335693359375
Dymarska2025_associations,34,143,4.3291015625,4.513671875,-0.1845703125
Dymarska2025_associations,34,144,5.109375,4.75,0.359375
Dymarska2025_associations,34,145,8.1533203125,8.287567138671875,-0.134246826171875
Dymarska2025_associations,34,146,8.30078125,5.587890625,2.712890625
Dymarska2025_associations,34,147,10.171875,9.28515625,0.88671875
Dymarska2025_associations,34,148,7.06103515625,7.263671875,-0.20263671875
Dymarska2025_associations,34,149,6.3720703125,6.1103515625,0.26171875
Dymarska2025_associations,34,150,6.5625,5.43359375,1.12890625
Dymarska2025_associations,34,151,0.8701171875,0.323974609375,0.546142578125
Dymarska2025_associations,34,152,6.47314453125,5.41064453125,1.0625
Dymarska2025_associations,34,153,4.507781982421875,3.789031982421875,0.71875
Dymarska2025_associations,34,154,10.09375,9.375,0.71875
Dymarska2025_associations,34,155,8.796875,8.40625,0.390625
Dymarska2025_associations,34,156,7.726531982421875,8.9925537109375,-1.266021728515625
Dymarska2025_associations,34,157,10.40625,10.28125,0.125
Dymarska2025_associations,34,158,3.69921875,3.5703125,0.12890625
Dymarska2025_associations,34,159,5.171630859375,4.86669921875,0.304931640625
Dymarska2025_associations,34,160,1.966796875,2.13671875,-0.169921875
Dymarska2025_associations,34,161,2.007781982421875,2.109375,-0.101593017578125
Dymarska2025_associations,34,162,4.373046875,4.0703125,0.302734375
Dymarska2025_associations,34,163,1.90625,2.220703125,-0.314453125
Dymarska2025_associations,34,164,6.37451171875,6.664031982421875,-0.289520263671875
Dymarska2025_associations,34,165,6.375,6.90625,-0.53125
Dymarska2025_associations,34,166,2.0,1.7890625,0.2109375
Dymarska2025_associations,34,167,5.63671875,5.875,-0.23828125
Dymarska2025_associations,34,168,8.96875,8.1875,0.78125
Dymarska2025_associations,34,169,6.708984375,6.873046875,-0.1640625
Dymarska2025_associations,34,170,10.54150390625,6.8251953125,3.71630859375
Dymarska2025_associations,34,171,6.9375,6.4375,0.5
Dymarska2025_associations,34,172,7.890625,5.921875,1.96875
Dymarska2025_associations,34,173,10.0625,9.921875,0.140625
Dymarska2025_associations,34,174,5.24951171875,4.7030029296875,0.5465087890625
Dymarska2025_associations,34,175,6.9375,6.46875,0.46875
Dymarska2025_associations,34,176,4.632568359375,4.005615234375,0.626953125
Dymarska2025_associations,34,177,4.2705078125,4.7216796875,-0.451171875
Dymarska2025_associations,34,178,6.34375,7.71875,-1.375
Dymarska2025_associations,34,179,6.625,6.5,0.125
Dymarska2025_associations,34,180,2.632568359375,1.343719482421875,1.288848876953125
Dymarska2025_associations,34,181,1.49212646484375,1.687225341796875,-0.195098876953125
Dymarska2025_associations,34,182,7.140625,4.069580078125,3.071044921875
Dymarska2025_associations,34,183,9.1005859375,9.19775390625,-0.09716796875
Dymarska2025_associations,34,184,6.69140625,5.7109375,0.98046875
Dymarska2025_associations,34,185,4.56982421875,4.07763671875,0.4921875
Dymarska2025_associations,34,186,9.9453125,10.033203125,-0.087890625
Dymarska2025_associations,34,187,9.875,9.6875,0.1875
Dymarska2025_associations,34,188,3.978515625,4.642578125,-0.6640625
Dymarska2025_associations,34,189,3.61328125,4.46484375,-0.8515625
Dymarska2025_associations,34,190,7.90625,7.875,0.03125
Dymarska2025_associations,34,191,6.71875,6.1953125,0.5234375
Dymarska2025_associations,34,192,5.275390625,5.4990234375,-0.2236328125
Dymarska2025_associations,34,193,4.082000732421875,4.833953857421875,-0.751953125
Dymarska2025_associations,34,194,6.55078125,7.513671875,-0.962890625
Dymarska2025_associations,34,195,7.96875,7.15625,0.8125
Dymarska2025_associations,34,196,5.59765625,4.9609375,0.63671875
Dymarska2025_associations,34,197,6.826171875,6.2900390625,0.5361328125
Dymarska2025_associations,34,198,2.947265625,3.39453125,-0.447265625
Dymarska2025_associations,34,199,4.970703125,5.65625,-0.685546875
Dymarska2025_associations,35,0,8.75,13.3916015625,-4.6416015625
Dymarska2025_associations,35,1,22.609375,20.4609375,2.1484375
Dymarska2025_associations,35,2,7.501953125,4.7900390625,2.7119140625
Dymarska2025_associations,35,3,6.2509765625,5.6787109375,0.572265625
Dymarska2025_associations,35,4,6.921875,6.06640625,0.85546875
Dymarska2025_associations,35,5,6.5126953125,4.96484375,1.5478515625
Dymarska2025_associations,35,6,9.265625,5.515625,3.75
Dymarska2025_associations,35,7,17.390625,14.828125,2.5625
Dymarska2025_associations,35,8,7.7578125,8.890625,-1.1328125
Dymarska2025_associations,35,9,1.617156982421875,1.210906982421875,0.40625
Dymarska2025_associations,35,10,1.2288818359375,1.4541015625,-0.2252197265625
Dymarska2025_associations,35,11,5.7314453125,5.107421875,0.6240234375
Dymarska2025_associations,35,12,4.1875,2.984375,1.203125
Dymarska2025_associations,35,13,4.84375,3.734375,1.109375
Dymarska2025_associations,35,14,6.71875,4.865234375,1.853515625
Dymarska2025_associations,35,15,3.34375,3.390625,-0.046875
Dymarska2025_associations,35,16,0.49212646484375,0.1942138671875,0.29791259765625
Dymarska2025_associations,35,17,5.8125,3.367156982421875,2.445343017578125
Dymarska2025_associations,35,18,5.96484375,6.734375,-0.76953125
Dymarska2025_associations,35,19,6.64453125,6.58984375,0.0546875
Dymarska2025_associations,35,20,3.11279296875,3.66650390625,-0.5537109375
Dymarska2025_associations,35,21,6.375,4.125,2.25
Dymarska2025_associations,35,22,5.71875,6.3125,-0.59375
Dymarska2025_associations,35,23,6.89404296875,6.0614013671875,0.8326416015625
Dymarska2025_associations,35,24,4.0625,2.546875,1.515625
Dymarska2025_associations,35,25,4.12109375,2.9609375,1.16015625
Dymarska2025_associations,35,26,3.11572265625,2.80322265625,0.3125
Dymarska2025_associations,35,27,8.388671875,6.96142578125,1.42724609375
Dymarska2025_associations,35,28,10.383758544921877,9.195281982421877,1.1884765625
Dymarska2025_associations,35,29,8.2109375,8.064453125,0.146484375
Dymarska2025_associations,35,30,2.9921875,3.96875,-0.9765625
Dymarska2025_associations,35,31,10.59375,9.75,0.84375
Dymarska2025_associations,35,32,6.7635498046875,5.933349609375,0.8302001953125
Dymarska2025_associations,35,33,10.943359375,11.7890625,-0.845703125
Dymarska2025_associations,35,34,3.4697265625,3.4375,0.0322265625
Dymarska2025_associations,35,35,5.875,5.8125,0.0625
Dymarska2025_associations,35,36,2.875,3.09375,-0.21875
Dymarska2025_associations,35,37,9.28125,9.4375,-0.15625
Dymarska2025_associations,35,38,7.984375,8.640625,-0.65625
Dymarska2025_associations,35,39,6.84375,6.8125,0.03125
Dymarska2025_associations,35,40,7.780975341796875,6.781005859375,0.999969482421875
Dymarska2025_associations,35,41,8.21875,8.140625,0.078125
Dymarska2025_associations,35,42,7.40625,6.96484375,0.44140625
Dymarska2025_associations,35,43,5.42138671875,5.710205078125,-0.288818359375
Dymarska2025_associations,35,44,4.7420654296875,5.76513671875,-1.0230712890625
Dymarska2025_associations,35,45,11.109375,9.140625,1.96875
Dymarska2025_associations,35,46,3.4541015625,3.62939453125,-0.17529296875
Dymarska2025_associations,35,47,4.1650390625,3.716796875,0.4482421875
Dymarska2025_associations,35,48,4.4375,4.375,0.0625
Dymarska2025_associations,35,49,5.59375,5.070281982421875,0.523468017578125
Dymarska2025_associations,35,50,4.8046875,5.5078125,-0.703125
Dymarska2025_associations,35,51,5.1015625,5.09375,0.0078125
Dymarska2025_associations,35,52,3.60205078125,4.82958984375,-1.2275390625
Dymarska2025_associations,35,53,6.125,6.25,-0.125
Dymarska2025_associations,35,54,3.5625,3.375,0.1875
Dymarska2025_associations,35,55,4.5234375,3.953125,0.5703125
Dymarska2025_associations,35,56,3.966796875,3.3748779296875,0.5919189453125
Dymarska2025_associations,35,57,5.375,6.09375,-0.71875
Dymarska2025_associations,35,58,5.960418701171875,6.2025146484375,-0.242095947265625
Dymarska2025_associations,35,59,7.0625,7.6875,-0.625
Dymarska2025_associations,35,60,1.4130859375,0.71044921875,0.70263671875
Dymarska2025_associations,35,61,2.0069580078125,1.808563232421875,0.198394775390625
Dymarska2025_associations,35,62,2.101531982421875,1.9373779296875,0.164154052734375
Dymarska2025_associations,35,63,8.17578125,7.685546875,0.490234375
Dymarska2025_associations,35,64,4.273193359375,3.757568359375,0.515625
Dymarska2025_associations,35,65,3.10009765625,2.788818359375,0.311279296875
Dymarska2025_associations,35,66,3.0517578125,2.87451171875,0.17724609375
Dymarska2025_associations,35,67,4.94921875,4.34375,0.60546875
Dymarska2025_associations,35,68,5.3125,4.875,0.4375
Dymarska2025_associations,35,69,3.150390625,3.376953125,-0.2265625
Dymarska2025_associations,35,70,5.0078125,4.8359375,0.171875
Dymarska2025_associations,35,71,0.396484375,0.740234375,-0.34375
Dymarska2025_associations,35,72,8.882080078125,6.98876953125,1.893310546875
Dymarska2025_associations,35,73,7.05078125,7.34375,-0.29296875
Dymarska2025_associations,35,74,6.18017578125,6.14501953125,0.03515625
Dymarska2025_associations,35,75,8.46875,9.125,-0.65625
Dymarska2025_associations,35,76,8.71875,9.0625,-0.34375
Dymarska2025_associations,35,77,5.59375,5.78125,-0.1875
Dymarska2025_associations,35,78,13.11328125,12.79296875,0.3203125
Dymarska2025_associations,35,79,4.71875,4.125,0.59375
Dymarska2025_associations,35,80,8.390625,5.703125,2.6875
Dymarska2025_associations,35,81,3.6875,2.109375,1.578125
Dymarska2025_associations,35,82,5.29150390625,5.658203125,-0.36669921875
Dymarska2025_associations,35,83,5.265625,5.484375,-0.21875
Dymarska2025_associations,35,84,6.625,6.1328125,0.4921875
Dymarska2025_associations,35,85,5.27734375,5.02392578125,0.25341796875
Dymarska2025_associations,35,86,8.1015625,8.1875,-0.0859375
Dymarska2025_associations,35,87,5.64453125,6.33984375,-0.6953125
Dymarska2025_associations,35,88,5.59375,5.375,0.21875
Dymarska2025_associations,35,89,4.945281982421875,4.6717529296875,0.273529052734375
Dymarska2025_associations,35,90,11.1875,11.734375,-0.546875
Dymarska2025_associations,35,91,4.55078125,4.87890625,-0.328125
Dymarska2025_associations,35,92,8.0,8.0625,-0.0625
Dymarska2025_associations,35,93,8.8671875,7.699951171875,1.167236328125
Dymarska2025_associations,35,94,4.0224609375,4.583984375,-0.5615234375
Dymarska2025_associations,35,95,2.66162109375,2.12939453125,0.5322265625
Dymarska2025_associations,35,96,7.640625,7.625,0.015625
Dymarska2025_associations,35,97,8.25,9.0,-0.75
Dymarska2025_associations,35,98,5.640625,5.265625,0.375
Dymarska2025_associations,35,99,7.34716796875,7.440673828125,-0.093505859375
Dymarska2025_associations,35,100,2.875,2.0625,0.8125
Dymarska2025_associations,35,101,1.96875,2.375,-0.40625
Dymarska2025_associations,35,102,9.3125,9.125,0.1875
Dymarska2025_associations,35,103,13.9375,14.6875,-0.75
Dymarska2025_associations,35,104,2.6240234375,3.1240234375,-0.5
Dymarska2025_associations,35,105,2.1591796875,2.369140625,-0.2099609375
Dymarska2025_associations,35,106,2.25,2.20306396484375,0.04693603515625
Dymarska2025_associations,35,107,11.523406982421877,10.24993896484375,1.2734680175781268
Dymarska2025_associations,35,108,5.80859375,4.33251953125,1.47607421875
Dymarska2025_associations,35,109,7.1875,7.40625,-0.21875
Dymarska2025_associations,35,110,1.640625,1.671875,-0.03125
Dymarska2025_associations,35,111,9.156219482421877,9.302703857421877,-0.146484375
Dymarska2025_associations,35,112,5.5,5.0703125,0.4296875
Dymarska2025_associations,35,113,3.609375,3.859375,-0.25
Dymarska2025_associations,35,114,1.8515625,1.640625,0.2109375
Dymarska2025_associations,35,115,3.5,3.921875,-0.421875
Dymarska2025_associations,35,116,3.6796875,3.25,0.4296875
Dymarska2025_associations,35,117,7.25,6.0,1.25
Dymarska2025_associations,35,118,6.875,7.09375,-0.21875
Dymarska2025_associations,35,119,10.6875,10.625,0.0625
Dymarska2025_associations,35,120,5.390625,6.40625,-1.015625
Dymarska2025_associations,35,121,4.6912841796875,3.9608154296875,0.73046875
Dymarska2025_associations,35,122,4.375,4.625,-0.25
Dymarska2025_associations,35,123,16.71875,16.34375,0.375
Dymarska2025_associations,35,124,6.5595703125,4.57666015625,1.98291015625
Dymarska2025_associations,35,125,4.451171875,4.3984375,0.052734375
Dymarska2025_associations,35,126,8.80078125,8.287109375,0.513671875
Dymarska2025_associations,35,127,7.125,3.638671875,3.486328125
Dymarska2025_associations,35,128,3.8123779296875,3.78076171875,0.0316162109375
Dymarska2025_associations,35,129,6.7890625,7.21875,-0.4296875
Dymarska2025_associations,35,130,4.0966796875,3.3958740234375,0.7008056640625
Dymarska2025_associations,35,131,7.0625,6.992156982421875,0.070343017578125
Dymarska2025_associations,35,132,6.523193359375,6.810546875,-0.287353515625
Dymarska2025_associations,35,133,10.8125,9.40625,1.40625
Dymarska2025_associations,35,134,5.9443359375,6.701171875,-0.7568359375
Dymarska2025_associations,35,135,12.273193359375,11.0185546875,1.254638671875
Dymarska2025_associations,35,136,6.4375,4.31787109375,2.11962890625
Dymarska2025_associations,35,137,2.375,1.859375,0.515625
Dymarska2025_associations,35,138,7.3125,7.1796875,0.1328125
Dymarska2025_associations,35,139,6.59375,6.609375,-0.015625
Dymarska2025_associations,35,140,4.4453125,3.8359375,0.609375
Dymarska2025_associations,35,141,1.92919921875,2.053955078125,-0.124755859375
Dymarska2025_associations,35,142,3.263671875,3.88330078125,-0.61962890625
Dymarska2025_associations,35,143,1.9356689453125,1.9346923828125,0.0009765625
Dymarska2025_associations,35,144,3.458984375,3.466552734375,-0.007568359375
Dymarska2025_associations,35,145,4.7734375,4.36767578125,0.40576171875
Dymarska2025_associations,35,146,4.6405029296875,5.2562255859375,-0.61572265625
Dymarska2025_associations,35,147,4.792449951171875,4.908203125,-0.115753173828125
Dymarska2025_associations,35,148,5.921875,6.578125,-0.65625
Dymarska2025_associations,35,149,6.9375,6.59375,0.34375
Dymarska2025_associations,35,150,5.359375,4.59375,0.765625
Dymarska2025_associations,35,151,8.46875,8.453125,0.015625
Dymarska2025_associations,35,152,4.185546875,3.6640625,0.521484375
Dymarska2025_associations,35,153,7.6875,7.0625,0.625
Dymarska2025_associations,35,154,4.6953125,5.453125,-0.7578125
Dymarska2025_associations,35,155,7.234375,7.5625,-0.328125
Dymarska2025_associations,35,156,6.841552734375,6.311737060546875,0.529815673828125
Dymarska2025_associations,35,157,6.257080078125,5.3896484375,0.867431640625
Dymarska2025_associations,35,158,8.89453125,10.109375,-1.21484375
Dymarska2025_associations,35,159,3.2978515625,3.0283203125,0.26953125
Dymarska2025_associations,35,160,1.67138671875,2.1083984375,-0.43701171875
Dymarska2025_associations,35,161,5.25,4.484375,0.765625
Dymarska2025_associations,35,162,3.407684326171875,3.37255859375,0.035125732421875
Dymarska2025_associations,35,163,4.5625,4.1875,0.375
Dymarska2025_associations,35,164,2.875,2.09375,0.78125
Dymarska2025_associations,35,165,9.3125,9.0,0.3125
Dymarska2025_associations,35,166,17.609375,16.90625,0.703125
Dymarska2025_associations,35,167,3.9530029296875,3.0069580078125,0.946044921875
Dymarska2025_associations,35,168,3.546875,4.4765625,-0.9296875
Dymarska2025_associations,35,169,9.980224609375,10.808563232421877,-0.8283386230468768
Dymarska2025_associations,35,170,5.71875,5.28125,0.4375
Dymarska2025_associations,35,171,3.234375,3.8359375,-0.6015625
Dymarska2025_associations,35,172,5.21826171875,4.74951171875,0.46875
Dymarska2025_associations,35,173,12.820281982421877,14.2967529296875,-1.4764709472656232
Dymarska2025_associations,35,174,11.125,12.923828125,-1.798828125
Dymarska2025_associations,35,175,4.84375,4.49462890625,0.34912109375
Dymarska2025_associations,35,176,12.390625,11.326171875,1.064453125
Dymarska2025_associations,35,177,8.3125,8.0625,0.25
Dymarska2025_associations,35,178,13.296875,10.04833984375,3.24853515625
Dymarska2025_associations,35,179,2.984375,2.421875,0.5625
Dymarska2025_associations,35,180,2.663330078125,1.6873779296875,0.9759521484375
Dymarska2025_associations,35,181,1.507659912109375,1.452850341796875,0.0548095703125
Dymarska2025_associations,35,182,7.1561279296875,6.351531982421875,0.804595947265625
Dymarska2025_associations,35,183,4.875,4.625,0.25
Dymarska2025_associations,35,184,12.3125,11.65625,0.65625
Dymarska2025_associations,35,185,7.625,7.0625,0.5625
Dymarska2025_associations,35,186,7.55859375,5.9530029296875,1.6055908203125
Dymarska2025_associations,35,187,8.078125,6.765625,1.3125
Dymarska2025_associations,35,188,11.125,7.94140625,3.18359375
Dymarska2025_associations,35,189,6.609375,6.171875,0.4375
Dymarska2025_associations,35,190,5.53759765625,4.331787109375,1.205810546875
Dymarska2025_associations,35,191,13.078125,11.939453125,1.138671875
Dymarska2025_associations,35,192,7.203125,7.0,0.203125
Dymarska2025_associations,35,193,6.929168701171875,5.96868896484375,0.960479736328125
Dymarska2025_associations,35,194,9.6005859375,9.400390625,0.2001953125
Dymarska2025_associations,35,195,7.539031982421875,8.117156982421875,-0.578125
Dymarska2025_associations,35,196,4.9296875,5.046875,-0.1171875
Dymarska2025_associations,35,197,4.875,4.25,0.625
Dymarska2025_associations,35,198,5.671875,5.859375,-0.1875
Dymarska2025_associations,35,199,9.505828857421877,8.4237060546875,1.0821228027343768
Dymarska2025_associations,36,0,7.18359375,12.283203125,-5.099609375
Dymarska2025_associations,36,1,3.84375,5.125,-1.28125
Dymarska2025_associations,36,2,3.265625,2.3125,0.953125
Dymarska2025_associations,36,3,6.296875,5.17578125,1.12109375
Dymarska2025_associations,36,4,5.3280029296875,4.960693359375,0.3673095703125
Dymarska2025_associations,36,5,4.83984375,4.7421875,0.09765625
Dymarska2025_associations,36,6,4.0966796875,3.96142578125,0.13525390625
Dymarska2025_associations,36,7,4.83984375,5.6376953125,-0.7978515625
Dymarska2025_associations,36,8,9.873046875,9.18701171875,0.68603515625
Dymarska2025_associations,36,9,7.96875,8.375,-0.40625
Dymarska2025_associations,36,10,9.34375,7.25,2.09375
Dymarska2025_associations,36,11,5.5859375,3.33203125,2.25390625
Dymarska2025_associations,36,12,8.5625,9.1875,-0.625
Dymarska2025_associations,36,13,2.46875,2.734375,-0.265625
Dymarska2025_associations,36,14,7.0,5.921875,1.078125
Dymarska2025_associations,36,15,13.94921875,14.0390625,-0.08984375
Dymarska2025_associations,36,16,10.171875,10.34765625,-0.17578125
Dymarska2025_associations,36,17,6.3828125,5.5078125,0.875
Dymarska2025_associations,36,18,10.648193359375,10.31201171875,0.336181640625
Dymarska2025_associations,36,19,4.3515625,3.5859375,0.765625
Dymarska2025_associations,36,20,6.873046875,4.438323974609375,2.434722900390625
Dymarska2025_associations,36,21,1.8974609375,1.58251953125,0.31494140625
Dymarska2025_associations,36,22,4.125,3.703125,0.421875
Dymarska2025_associations,36,23,6.8076171875,3.167236328125,3.640380859375
Dymarska2025_associations,36,24,7.78125,7.875,-0.09375
Dymarska2025_associations,36,25,7.796875,7.20703125,0.58984375
Dymarska2025_associations,36,26,12.27734375,11.1435546875,1.1337890625
Dymarska2025_associations,36,27,1.847625732421875,0.523406982421875,1.32421875
Dymarska2025_associations,36,28,3.889862060546875,4.14501953125,-0.255157470703125
Dymarska2025_associations,36,29,4.601531982421875,4.75,-0.148468017578125
Dymarska2025_associations,36,30,7.23828125,6.546875,0.69140625
Dymarska2025_associations,36,31,8.857421875,10.00537109375,-1.14794921875
Dymarska2025_associations,36,32,6.359375,5.765625,0.59375
Dymarska2025_associations,36,33,4.171112060546875,4.046112060546875,0.125
Dymarska2025_associations,36,34,8.3369140625,7.84326171875,0.49365234375
Dymarska2025_associations,36,35,5.671875,4.8203125,0.8515625
Dymarska2025_associations,36,36,7.39501953125,7.611785888671875,-0.216766357421875
Dymarska2025_associations,36,37,4.420166015625,4.476318359375,-0.05615234375
Dymarska2025_associations,36,38,2.914031982421875,2.265625,0.648406982421875
Dymarska2025_associations,36,39,7.992156982421875,7.882781982421875,0.109375
Dymarska2025_associations,36,40,9.436767578125,9.594970703125,-0.158203125
Dymarska2025_associations,36,41,6.373046875,5.75,0.623046875
Dymarska2025_associations,36,42,8.078125,7.546875,0.53125
Dymarska2025_associations,36,43,4.5389404296875,4.2420654296875,0.296875
Dymarska2025_associations,36,44,9.33642578125,9.61376953125,-0.27734375
Dymarska2025_associations,36,45,10.375,10.5,-0.125
Dymarska2025_associations,36,46,6.640625,7.0703125,-0.4296875
Dymarska2025_associations,36,47,3.994140625,4.9921875,-0.998046875
Dymarska2025_associations,36,48,4.6875,5.25,-0.5625
Dymarska2025_associations,36,49,2.65234375,2.953094482421875,-0.300750732421875
Dymarska2025_associations,36,50,3.36865234375,3.259033203125,0.109619140625
Dymarska2025_associations,36,51,6.6171875,7.28125,-0.6640625
Dymarska2025_associations,36,52,5.08984375,4.296875,0.79296875
Dymarska2025_associations,36,53,5.6552734375,6.9990234375,-1.34375
Dymarska2025_associations,36,54,5.9921875,5.734375,0.2578125
Dymarska2025_associations,36,55,8.015625,8.71875,-0.703125
Dymarska2025_associations,36,56,8.546875,8.703125,-0.15625
Dymarska2025_associations,36,57,3.4560546875,4.3818359375,-0.92578125
Dymarska2025_associations,36,58,6.73876953125,7.42822265625,-0.689453125
Dymarska2025_associations,36,59,8.7734375,8.6796875,0.09375
Dymarska2025_associations,36,60,4.25,3.984375,0.265625
Dymarska2025_associations,36,61,3.296630859375,2.8739013671875,0.4227294921875
Dymarska2025_associations,36,62,5.34375,4.66015625,0.68359375
Dymarska2025_associations,36,63,11.203125,9.06640625,2.13671875
Dymarska2025_associations,36,64,4.69287109375,4.92626953125,-0.2333984375
Dymarska2025_associations,36,65,4.909912109375,4.627685546875,0.2822265625
Dymarska2025_associations,36,66,10.9716796875,7.3553466796875,3.6163330078125
Dymarska2025_associations,36,67,2.804931640625,3.044189453125,-0.2392578125
Dymarska2025_associations,36,68,8.125,7.53125,0.59375
Dymarska2025_associations,36,69,6.158203125,6.388671875,-0.23046875
Dymarska2025_associations,36,70,8.96875,7.984375,0.984375
Dymarska2025_associations,36,71,8.00146484375,8.58447265625,-0.5830078125
Dymarska2025_associations,36,72,5.6640625,6.85546875,-1.19140625
Dymarska2025_associations,36,73,7.953125,8.125,-0.171875
Dymarska2025_associations,36,74,3.17724609375,3.178955078125,-0.001708984375
Dymarska2025_associations,36,75,6.65625,7.171875,-0.515625
Dymarska2025_associations,36,76,21.5078125,13.66015625,7.84765625
Dymarska2025_associations,36,77,5.1015625,4.048828125,1.052734375
Dymarska2025_associations,36,78,6.5625,6.75,-0.1875
Dymarska2025_associations,36,79,2.5,1.3203125,1.1796875
Dymarska2025_associations,36,80,4.609375,3.78515625,0.82421875
Dymarska2025_associations,36,81,4.75390625,3.8046875,0.94921875
Dymarska2025_associations,36,82,5.76513671875,4.40576171875,1.359375
Dymarska2025_associations,36,83,3.254852294921875,3.48876953125,-0.233917236328125
Dymarska2025_associations,36,84,8.023193359375,7.2030029296875,0.8201904296875
Dymarska2025_associations,36,85,5.984375,5.953125,0.03125
Dymarska2025_associations,36,86,8.890625,8.796875,0.09375
Dymarska2025_associations,36,87,4.17578125,3.6826171875,0.4931640625
Dymarska2025_associations,36,88,4.01953125,5.078125,-1.05859375
Dymarska2025_associations,36,89,8.875,7.05078125,1.82421875
Dymarska2025_associations,36,90,8.3125,7.359375,0.953125
Dymarska2025_associations,36,91,4.71044921875,4.9599609375,-0.24951171875
Dymarska2025_associations,36,92,5.970703125,6.52734375,-0.556640625
Dymarska2025_associations,36,93,8.15625,6.515625,1.640625
Dymarska2025_associations,36,94,6.296875,6.21875,0.078125
Dymarska2025_associations,36,95,3.97265625,4.69921875,-0.7265625
Dymarska2025_associations,36,96,7.279296875,7.3203125,-0.041015625
Dymarska2025_associations,36,97,5.125,5.093719482421875,0.031280517578125
Dymarska2025_associations,36,98,5.655517578125,5.5224609375,0.133056640625
Dymarska2025_associations,36,99,3.28564453125,3.24609375,0.03955078125
Dymarska2025_associations,36,100,7.322265625,7.7734375,-0.451171875
Dymarska2025_associations,36,101,3.90576171875,4.17822265625,-0.2724609375
Dymarska2025_associations,36,102,4.5625,4.3125,0.25
Dymarska2025_associations,36,103,5.8436279296875,6.1405029296875,-0.296875
Dymarska2025_associations,36,104,5.921875,5.9921875,-0.0703125
Dymarska2025_associations,36,105,6.828125,5.335906982421875,1.492218017578125
Dymarska2025_associations,36,106,4.5546875,4.578125,-0.0234375
Dymarska2025_associations,36,107,13.78125,13.75,0.03125
Dymarska2025_associations,36,108,1.6014404296875,1.3123779296875,0.2890625
Dymarska2025_associations,36,109,9.724609375,9.2607421875,0.4638671875
Dymarska2025_associations,36,110,7.47265625,7.6405029296875,-0.1678466796875
Dymarska2025_associations,36,111,3.9521484375,3.601318359375,0.350830078125
Dymarska2025_associations,36,112,3.6064453125,3.8095703125,-0.203125
Dymarska2025_associations,36,113,6.289031982421875,6.7576904296875,-0.468658447265625
Dymarska2025_associations,36,114,6.5,5.546875,0.953125
Dymarska2025_associations,36,115,3.490234375,2.76171875,0.728515625
Dymarska2025_associations,36,116,8.9375,9.382781982421877,-0.4452819824218768
Dymarska2025_associations,36,117,8.5,8.375,0.125
Dymarska2025_associations,36,118,6.671875,6.0625,0.609375
Dymarska2025_associations,36,119,5.59375,4.375,1.21875
Dymarska2025_associations,36,120,1.9111328125,1.708984375,0.2021484375
Dymarska2025_associations,36,121,5.5625,5.51953125,0.04296875
Dymarska2025_associations,36,122,3.562469482421875,3.6248779296875,-0.062408447265625
Dymarska2025_associations,36,123,7.59375,9.046875,-1.453125
Dymarska2025_associations,36,124,3.6376953125,4.240234375,-0.6025390625
Dymarska2025_associations,36,125,5.97412109375,6.17626953125,-0.2021484375
Dymarska2025_associations,36,126,9.21826171875,7.8905029296875,1.3277587890625
Dymarska2025_associations,36,127,2.3759765625,2.171875,0.2041015625
Dymarska2025_associations,36,128,5.625,6.1875,-0.5625
Dymarska2025_associations,36,129,2.583984375,1.865234375,0.71875
Dymarska2025_associations,36,130,5.8125,4.9375,0.875
Dymarska2025_associations,36,131,5.351318359375,5.2030029296875,0.1483154296875
Dymarska2025_associations,36,132,5.011688232421875,3.5576171875,1.454071044921875
Dymarska2025_associations,36,133,9.0966796875,8.0467529296875,1.0499267578125
Dymarska2025_associations,36,134,12.773193359375,6.226531982421875,6.546661376953125
Dymarska2025_associations,36,135,10.8359375,7.716796875,3.119140625
Dymarska2025_associations,36,136,6.578125,8.1875,-1.609375
Dymarska2025_associations,36,137,7.21875,6.078125,1.140625
Dymarska2025_associations,36,138,3.384765625,3.029296875,0.35546875
Dymarska2025_associations,36,139,2.328094482421875,3.2420654296875,-0.913970947265625
Dymarska2025_associations,36,140,1.6044921875,1.431640625,0.1728515625
Dymarska2025_associations,36,141,3.046875,5.1640625,-2.1171875
Dymarska2025_associations,36,142,2.824188232421875,3.0869140625,-0.262725830078125
Dymarska2025_associations,36,143,3.77197265625,5.00537109375,-1.2333984375
Dymarska2025_associations,36,144,4.0780029296875,4.53076171875,-0.4527587890625
Dymarska2025_associations,36,145,6.6328125,3.5537109375,3.0791015625
Dymarska2025_associations,36,146,9.54833984375,9.8955078125,-0.34716796875
Dymarska2025_associations,36,147,6.015625,5.8046875,0.2109375
Dymarska2025_associations,36,148,6.6904296875,6.45751953125,0.23291015625
Dymarska2025_associations,36,149,3.14453125,3.294921875,-0.150390625
Dymarska2025_associations,36,150,6.53125,6.46875,0.0625
Dymarska2025_associations,36,151,1.8359375,1.8359375,0.0
Dymarska2025_associations,36,152,4.445281982421875,4.4530029296875,-0.007720947265625
Dymarska2025_associations,36,153,7.8115234375,6.8369140625,0.974609375
Dymarska2025_associations,36,154,3.73876953125,4.632080078125,-0.893310546875
Dymarska2025_associations,36,155,5.711883544921875,6.134246826171875,-0.42236328125
Dymarska2025_associations,36,156,3.882781982421875,4.007781982421875,-0.125
Dymarska2025_associations,36,157,7.578125,5.138671875,2.439453125
Dymarska2025_associations,37,0,6.193359375,10.33984375,-4.146484375
Dymarska2025_associations,37,1,5.04296875,1.6356201171875,3.4073486328125
Dymarska2025_associations,37,2,3.224578857421875,2.864227294921875,0.3603515625
Dymarska2025_associations,37,3,3.81689453125,3.35400390625,0.462890625
Dymarska2025_associations,37,4,5.0,3.86328125,1.13671875
Dymarska2025_associations,37,5,3.5107421875,3.62451171875,-0.11376953125
Dymarska2025_associations,37,6,11.91796875,12.0703125,-0.15234375
Dymarska2025_associations,37,7,2.789031982421875,2.312469482421875,0.4765625
Dymarska2025_associations,37,8,4.2841796875,4.97900390625,-0.69482421875
Dymarska2025_associations,37,9,8.4375,8.6875,-0.25
Dymarska2025_associations,37,10,7.74609375,8.109375,-0.36328125
Dymarska2025_associations,37,11,4.64453125,4.10546875,0.5390625
Dymarska2025_associations,37,12,5.9375,7.71875,-1.78125
Dymarska2025_associations,37,13,8.75,8.015625,0.734375
Dymarska2025_associations,37,14,10.9375,10.515625,0.421875
Dymarska2025_associations,37,15,9.7626953125,8.05517578125,1.70751953125
Dymarska2025_associations,37,16,6.6875,5.65625,1.03125
Dymarska2025_associations,37,17,3.8720703125,5.483642578125,-1.611572265625
Dymarska2025_associations,37,18,6.75,7.4375,-0.6875
Dymarska2025_associations,37,19,6.453125,6.3662109375,0.0869140625
Dymarska2025_associations,37,20,3.78125,2.179443359375,1.601806640625
Dymarska2025_associations,37,21,7.29296875,5.93212890625,1.36083984375
Dymarska2025_associations,37,22,6.84375,6.0625,0.78125
Dymarska2025_associations,37,23,7.4521484375,6.24609375,1.2060546875
Dymarska2025_associations,37,24,3.6092529296875,3.023406982421875,0.585845947265625
Dymarska2025_associations,37,25,5.43701171875,5.6083984375,-0.17138671875
Dymarska2025_associations,37,26,9.390625,9.4541015625,-0.0634765625
Dymarska2025_associations,37,27,3.82958984375,4.58984375,-0.76025390625
Dymarska2025_associations,37,28,8.1591796875,8.39501953125,-0.23583984375
Dymarska2025_associations,37,29,10.148406982421877,9.347625732421877,0.80078125
Dymarska2025_associations,37,30,10.6015625,6.67578125,3.92578125
Dymarska2025_associations,37,31,3.839813232421875,3.28515625,0.554656982421875
Dymarska2025_associations,37,32,4.14453125,3.622039794921875,0.522491455078125
Dymarska2025_associations,37,33,4.484375,3.25390625,1.23046875
Dymarska2025_associations,37,34,7.09375,7.65625,-0.5625
Dymarska2025_associations,37,35,6.2021484375,5.960205078125,0.241943359375
Dymarska2025_associations,37,36,4.87109375,4.49609375,0.375
Dymarska2025_associations,37,37,4.453125,4.890625,-0.4375
Dymarska2025_associations,37,38,5.748046875,5.3544921875,0.3935546875
Dymarska2025_associations,37,39,6.1484375,5.5078125,0.640625
Dymarska2025_associations,37,40,4.790985107421875,4.4443359375,0.346649169921875
Dymarska2025_associations,37,41,9.3125,9.4375,-0.125
Dymarska2025_associations,37,42,5.435546875,5.234375,0.201171875
Dymarska2025_associations,37,43,6.765625,6.234375,0.53125
Dymarska2025_associations,37,44,6.5,5.71875,0.78125
Dymarska2025_associations,37,45,6.625,3.265625,3.359375
Dymarska2025_associations,37,46,9.671875,7.78125,1.890625
Dymarska2025_associations,37,47,10.53125,9.140625,1.390625
Dymarska2025_associations,37,48,7.359375,5.5390625,1.8203125
Dymarska2025_associations,37,49,5.125,4.25,0.875
Dymarska2025_associations,37,50,7.0,7.0625,-0.0625
Dymarska2025_associations,37,51,7.9375,7.421875,0.515625
Dymarska2025_associations,37,52,4.828125,5.21875,-0.390625
Dymarska2025_associations,37,53,9.15625,8.90625,0.25
Dymarska2025_associations,37,54,5.90625,5.90625,0.0
Dymarska2025_associations,37,55,5.875,4.8125,1.0625
Dymarska2025_associations,37,56,10.1875,12.65625,-2.46875
Dymarska2025_associations,37,57,7.2265625,6.125,1.1015625
Dymarska2025_associations,37,58,6.234375,5.0,1.234375
Dymarska2025_associations,37,59,5.9140625,5.7158203125,0.1982421875
Dymarska2025_associations,37,60,8.1484375,7.25634765625,0.89208984375
Dymarska2025_associations,37,61,4.3125,4.26171875,0.05078125
Dymarska2025_associations,37,62,2.216796875,1.37109375,0.845703125
Dymarska2025_associations,37,63,4.5625,2.390625,2.171875
Dymarska2025_associations,37,64,5.77880859375,4.161376953125,1.617431640625
Dymarska2025_associations,37,65,3.57763671875,3.29833984375,0.279296875
Dymarska2025_associations,37,66,7.0625,7.1875,-0.125
Dymarska2025_associations,37,67,5.7265625,5.703125,0.0234375
Dymarska2025_associations,37,68,3.9921875,4.015625,-0.0234375
Dymarska2025_associations,37,69,7.833984375,3.9375,3.896484375
Dymarska2025_associations,37,70,8.5458984375,8.2958984375,0.25
Dymarska2025_associations,37,71,5.43701171875,5.63037109375,-0.193359375
Dymarska2025_associations,37,72,5.6015625,5.6015625,0.0
Dymarska2025_associations,37,73,7.484375,6.59375,0.890625
Dymarska2025_associations,37,74,8.90625,8.78125,0.125
Dymarska2025_associations,37,75,6.5625,7.046875,-0.484375
Dymarska2025_associations,37,76,2.8125,2.09375,0.71875
Dymarska2025_associations,37,77,5.726531982421875,5.382781982421875,0.34375
Dymarska2025_associations,37,78,5.3046875,4.73046875,0.57421875
Dymarska2025_associations,37,79,6.59375,5.84375,0.75
Dymarska2025_associations,37,80,13.5,12.6875,0.8125
Dymarska2025_associations,37,81,7.0703125,5.37890625,1.69140625
Dymarska2025_associations,37,82,1.921875,1.6796875,0.2421875
Dymarska2025_associations,37,83,2.9296875,2.2578125,0.671875
Dymarska2025_associations,37,84,6.6328125,6.4765625,0.15625
Dymarska2025_associations,37,85,5.18359375,5.36767578125,-0.18408203125
Dymarska2025_associations,37,86,3.8123779296875,2.8905029296875,0.921875
Dymarska2025_associations,37,87,6.9375,5.96875,0.96875
Dymarska2025_associations,37,88,14.90625,14.71875,0.1875
Dymarska2025_associations,37,89,8.080078125,7.89892578125,0.18115234375
Dymarska2025_associations,37,90,9.75,10.1875,-0.4375
Dymarska2025_associations,37,91,3.46875,3.296875,0.171875
Dymarska2025_associations,37,92,5.37109375,4.5623779296875,0.8087158203125
Dymarska2025_associations,37,93,7.4609375,8.279296875,-0.818359375
Dymarska2025_associations,37,94,12.984375,12.25,0.734375
Dymarska2025_associations,37,95,4.335693359375,4.054443359375,0.28125
Dymarska2025_associations,37,96,4.15234375,3.1494140625,1.0029296875
Dymarska2025_associations,37,97,10.09375,7.23828125,2.85546875
Dymarska2025_associations,37,98,9.578125,10.0625,-0.484375
Dymarska2025_associations,37,99,9.203125,9.171875,0.03125
Dymarska2025_associations,37,100,9.75,10.0,-0.25
Dymarska2025_associations,37,101,8.085693359375,7.851531982421875,0.234161376953125
Dymarska2025_associations,37,102,5.140625,6.71875,-1.578125
Dymarska2025_associations,37,103,3.601531982421875,2.833953857421875,0.767578125
Dymarska2025_associations,37,104,8.1796875,5.08349609375,3.09619140625
Dymarska2025_associations,37,105,4.9296875,4.6796875,0.25
Dymarska2025_associations,37,106,8.859375,9.3125,-0.453125
Dymarska2025_associations,37,107,4.30419921875,4.02685546875,0.27734375
Dymarska2025_associations,37,108,5.375,4.6875,0.6875
Dymarska2025_associations,37,109,5.671875,5.875,-0.203125
Dymarska2025_associations,37,110,4.6875,3.796875,0.890625
Dymarska2025_associations,37,111,5.914031982421875,6.164031982421875,-0.25
Dymarska2025_associations,37,112,5.64794921875,6.62451171875,-0.9765625
Dymarska2025_associations,37,113,4.62890625,4.939453125,-0.310546875
Dymarska2025_associations,37,114,5.921875,7.8125,-1.890625
Dymarska2025_associations,37,115,7.091796875,7.4296875,-0.337890625
Dymarska2025_associations,37,116,11.875,7.87890625,3.99609375
Dymarska2025_associations,37,117,5.201171875,5.267578125,-0.06640625
Dymarska2025_associations,37,118,4.4765625,5.546875,-1.0703125
Dymarska2025_associations,37,119,7.03125,8.25,-1.21875
Dymarska2025_associations,37,120,5.43359375,4.994140625,0.439453125
Dymarska2025_associations,37,121,4.65625,3.9453125,0.7109375
Dymarska2025_associations,37,122,1.751953125,1.71875,0.033203125
Dymarska2025_associations,37,123,7.63037109375,8.00537109375,-0.375
Dymarska2025_associations,37,124,5.89837646484375,6.066375732421875,-0.167999267578125
Dymarska2025_associations,37,125,2.148406982421875,2.710906982421875,-0.5625
Dymarska2025_associations,37,126,2.9765625,2.8974609375,0.0791015625
Dymarska2025_associations,37,127,3.6405029296875,4.7967529296875,-1.15625
Dymarska2025_associations,37,128,18.73583984375,11.29833984375,7.4375
Dymarska2025_associations,37,129,4.49951171875,3.9287109375,0.57080078125
Dymarska2025_associations,37,130,4.80859375,3.5244140625,1.2841796875
Dymarska2025_associations,37,131,9.5625,10.0,-0.4375
Dymarska2025_associations,37,132,5.24609375,5.48828125,-0.2421875
Dymarska2025_associations,37,133,4.992156982421875,4.580535888671875,0.41162109375
Dymarska2025_associations,37,134,3.68896484375,3.28662109375,0.40234375
Dymarska2025_associations,37,135,5.953125,4.78125,1.171875
Dymarska2025_associations,37,136,11.1708984375,11.28076171875,-0.10986328125
Dymarska2025_associations,37,137,8.36474609375,8.08447265625,0.2802734375
Dymarska2025_associations,37,138,8.625,8.328125,0.296875
Dymarska2025_associations,37,139,2.671875,2.1875,0.484375
Dymarska2025_associations,37,140,8.5625,8.875,-0.3125
Dymarska2025_associations,37,141,9.453125,8.578125,0.875
Dymarska2025_associations,37,142,8.519287109375,8.724853515625,-0.20556640625
Dymarska2025_associations,37,143,4.86328125,5.192138671875,-0.328857421875
Dymarska2025_associations,37,144,4.1796875,3.9248046875,0.2548828125
Dymarska2025_associations,37,145,6.78125,8.0625,-1.28125
Dymarska2025_associations,37,146,10.78125,9.1875,1.59375
Dymarska2025_associations,37,147,9.9375,9.875,0.0625
Dymarska2025_associations,37,148,8.453125,8.3408203125,0.1123046875
Dymarska2025_associations,37,149,5.5625,5.8125,-0.25
Dymarska2025_associations,37,150,16.125,16.625,-0.5
Dymarska2025_associations,37,151,15.75,9.38671875,6.36328125
Dymarska2025_associations,37,152,8.62451171875,9.46484375,-0.84033203125
Dymarska2025_associations,37,153,7.890625,7.20703125,0.68359375
Dymarska2025_associations,37,154,5.101531982421875,4.8740234375,0.227508544921875
Dymarska2025_associations,37,155,10.9375,7.25,3.6875
Dymarska2025_associations,37,156,6.46875,5.84375,0.625
Dymarska2025_associations,37,157,8.4326171875,8.87109375,-0.4384765625
Dymarska2025_associations,37,158,8.140625,7.109375,1.03125
Dymarska2025_associations,37,159,4.4375,7.125,-2.6875
Dymarska2025_associations,37,160,6.0,7.21875,-1.21875
Dymarska2025_associations,37,161,6.234375,5.859375,0.375
Dymarska2025_associations,37,162,7.0625,6.3125,0.75
Dymarska2025_associations,37,163,9.2421875,8.5078125,0.734375
Dymarska2025_associations,37,164,5.984375,5.966796875,0.017578125
Dymarska2025_associations,37,165,6.9091796875,6.55517578125,0.35400390625
Dymarska2025_associations,37,166,3.8828125,3.283203125,0.599609375
Dymarska2025_associations,37,167,6.78076171875,6.65576171875,0.125
Dymarska2025_associations,37,168,3.9306640625,3.69140625,0.2392578125
Dymarska2025_associations,37,169,5.615234375,2.904296875,2.7109375
Dymarska2025_associations,37,170,2.736328125,2.736328125,0.0
Dymarska2025_associations,37,171,5.4306640625,5.06494140625,0.36572265625
Dymarska2025_associations,37,172,3.90625,4.1875,-0.28125
Dymarska2025_associations,37,173,4.900390625,5.984375,-1.083984375
Dymarska2025_associations,37,174,8.32080078125,8.197265625,0.12353515625
Dymarska2025_associations,37,175,5.03125,4.3017578125,0.7294921875
Dymarska2025_associations,37,176,10.45068359375,10.5135498046875,-0.0628662109375
Dymarska2025_associations,37,177,4.84765625,4.4609375,0.38671875
Dymarska2025_associations,37,178,4.15576171875,4.3896484375,-0.23388671875
Dymarska2025_associations,38,0,10.7568359375,14.0966796875,-3.33984375
Dymarska2025_associations,38,1,8.578125,4.3046875,4.2734375
Dymarska2025_associations,38,2,2.78125,1.59375,1.1875
Dymarska2025_associations,38,3,7.0625,4.125,2.9375
Dymarska2025_associations,38,4,3.913330078125,3.851531982421875,0.061798095703125
Dymarska2025_associations,38,5,9.203125,9.1015625,0.1015625
Dymarska2025_associations,38,6,7.609375,6.7412109375,0.8681640625
Dymarska2025_associations,38,7,7.75,5.6875,2.0625
Dymarska2025_associations,38,8,2.95361328125,3.3857421875,-0.43212890625
Dymarska2025_associations,38,9,8.96875,9.75,-0.78125
Dymarska2025_associations,38,10,5.952880859375,5.37451171875,0.578369140625
Dymarska2025_associations,38,11,4.55078125,4.51953125,0.03125
Dymarska2025_associations,38,12,7.398193359375,7.125,0.273193359375
Dymarska2025_associations,38,13,7.140625,7.9375,-0.796875
Dymarska2025_associations,38,14,8.951171875,8.12109375,0.830078125
Dymarska2025_associations,38,15,3.015625,2.84375,0.171875
Dymarska2025_associations,38,16,6.85546875,8.060546875,-1.205078125
Dymarska2025_associations,38,17,4.57421875,4.49609375,0.078125
Dymarska2025_associations,38,18,3.4022216796875,3.679443359375,-0.2772216796875
Dymarska2025_associations,38,19,4.2421875,4.71484375,-0.47265625
Dymarska2025_associations,38,20,6.15625,6.1875,-0.03125
Dymarska2025_associations,38,21,11.375,10.9375,0.4375
Dymarska2025_associations,38,22,5.625,5.3125,0.3125
Dymarska2025_associations,38,23,5.0234375,4.7265625,0.296875
Dymarska2025_associations,38,24,7.375,7.1875,0.1875
Dymarska2025_associations,38,25,7.429443359375,7.53125,-0.101806640625
Dymarska2025_associations,38,26,6.994140625,4.225830078125,2.768310546875
Dymarska2025_associations,38,27,5.677734375,4.6669921875,1.0107421875
Dymarska2025_associations,38,28,7.9837646484375,7.179534912109375,0.804229736328125
Dymarska2025_associations,38,29,1.7889404296875,1.742156982421875,0.046783447265625
Dymarska2025_associations,38,30,6.3125,4.875,1.4375
Dymarska2025_associations,38,31,4.8046875,5.194580078125,-0.389892578125
Dymarska2025_associations,38,32,9.06640625,8.70556640625,0.36083984375
Dymarska2025_associations,38,33,8.25,6.525390625,1.724609375
Dymarska2025_associations,38,34,7.65625,7.4217529296875,0.2344970703125
Dymarska2025_associations,38,35,2.55078125,2.1484375,0.40234375
Dymarska2025_associations,38,36,4.125,4.5,-0.375
Dymarska2025_associations,38,37,11.0,10.8125,0.1875
Dymarska2025_associations,38,38,4.25,4.5625,-0.3125
Dymarska2025_associations,38,39,5.82568359375,3.60205078125,2.2236328125
Dymarska2025_associations,38,40,8.390625,5.68359375,2.70703125
Dymarska2025_associations,38,41,1.061767578125,0.86572265625,0.196044921875
Dymarska2025_associations,38,42,2.640625,3.95703125,-1.31640625
Dymarska2025_associations,38,43,6.281219482421875,5.722625732421875,0.55859375
Dymarska2025_associations,38,44,3.2987060546875,3.204833984375,0.0938720703125
Dymarska2025_associations,38,45,5.451171875,5.4150390625,0.0361328125
Dymarska2025_associations,38,46,7.09912109375,3.62841796875,3.470703125
Dymarska2025_associations,38,47,2.663330078125,2.81884765625,-0.155517578125
Dymarska2025_associations,38,48,3.3740234375,3.27197265625,0.10205078125
Dymarska2025_associations,38,49,5.4375,4.78125,0.65625
Dymarska2025_associations,38,50,3.697265625,2.8837890625,0.8134765625
Dymarska2025_associations,38,51,6.38671875,5.765625,0.62109375
Dymarska2025_associations,38,52,5.828125,7.15625,-1.328125
Dymarska2025_associations,38,53,4.201171875,2.9013671875,1.2998046875
Dymarska2025_associations,38,54,3.5234375,3.501953125,0.021484375
Dymarska2025_associations,38,55,8.953125,9.046875,-0.09375
Dymarska2025_associations,38,56,5.3447265625,5.57421875,-0.2294921875
Dymarska2025_associations,38,57,5.22314453125,5.0927734375,0.13037109375
Dymarska2025_associations,38,58,8.3515625,7.1533203125,1.1982421875
Dymarska2025_associations,38,59,6.139862060546875,6.1632080078125,-0.023345947265625
Dymarska2025_associations,38,60,10.234375,12.3046875,-2.0703125
Dymarska2025_associations,38,61,4.392578125,4.69921875,-0.306640625
Dymarska2025_associations,38,62,7.875,3.5537109375,4.3212890625
Dymarska2025_associations,38,63,6.9541015625,7.458984375,-0.5048828125
Dymarska2025_associations,38,64,3.8740234375,4.66796875,-0.7939453125
Dymarska2025_associations,38,65,6.2109375,6.484375,-0.2734375
Dymarska2025_associations,38,66,7.046875,5.2265625,1.8203125
Dymarska2025_associations,38,67,5.470703125,6.3203125,-0.849609375
Dymarska2025_associations,38,68,5.703125,5.1015625,0.6015625
Dymarska2025_associations,38,69,5.16015625,5.640625,-0.48046875
Dymarska2025_associations,38,70,5.171875,5.703125,-0.53125
Dymarska2025_associations,38,71,2.125,2.375,-0.25
Dymarska2025_associations,38,72,5.123046875,3.4794921875,1.6435546875
Dymarska2025_associations,38,73,2.913818359375,3.726318359375,-0.8125
Dymarska2025_associations,38,74,4.2655029296875,3.601531982421875,0.663970947265625
Dymarska2025_associations,38,75,2.84326171875,4.00634765625,-1.1630859375
Dymarska2025_associations,38,76,3.4959716796875,3.078094482421875,0.417877197265625
Dymarska2025_associations,38,77,2.71875,1.9920654296875,0.7266845703125
Dymarska2025_associations,38,78,1.3896484375,1.6103515625,-0.220703125
Dymarska2025_associations,38,79,5.663543701171875,4.521240234375,1.142303466796875
Dymarska2025_associations,38,80,4.0205078125,3.78515625,0.2353515625
Dymarska2025_associations,38,81,2.955078125,4.1552734375,-1.2001953125
Dymarska2025_associations,38,82,4.63232421875,4.71826171875,-0.0859375
Dymarska2025_associations,38,83,5.83984375,6.88671875,-1.046875
Dymarska2025_associations,38,84,3.03125,3.695281982421875,-0.664031982421875
Dymarska2025_associations,38,85,6.0369873046875,5.5609130859375,0.47607421875
Dymarska2025_associations,38,86,1.8984375,1.8828125,0.015625
Dymarska2025_associations,38,87,4.320281982421875,3.5780029296875,0.742279052734375
Dymarska2025_associations,38,88,3.4755859375,2.35107421875,1.12451171875
Dymarska2025_associations,38,89,3.546875,4.5,-0.953125
Dymarska2025_associations,38,90,6.075653076171875,6.2725830078125,-0.196929931640625
Dymarska2025_associations,38,91,2.984375,2.65625,0.328125
Dymarska2025_associations,38,92,7.225830078125,4.17919921875,3.046630859375
Dymarska2025_associations,38,93,7.884765625,7.48828125,0.396484375
Dymarska2025_associations,38,94,3.0439453125,2.7529296875,0.291015625
Dymarska2025_associations,38,95,4.53125,4.25,0.28125
Dymarska2025_associations,38,96,6.828125,6.65576171875,0.17236328125
Dymarska2025_associations,38,97,7.538330078125,7.945068359375,-0.40673828125
Dymarska2025_associations,38,98,10.001953125,9.91015625,0.091796875
Dymarska2025_associations,38,99,5.783203125,5.7294921875,0.0537109375
Dymarska2025_associations,38,100,7.046875,5.69140625,1.35546875
Dymarska2025_associations,38,101,8.8359375,8.326171875,0.509765625
Dymarska2025_associations,38,102,2.966796875,2.83203125,0.134765625
Dymarska2025_associations,38,103,7.5537109375,7.123046875,0.4306640625
Dymarska2025_associations,38,104,3.74951171875,3.8505859375,-0.10107421875
Dymarska2025_associations,38,105,5.181640625,5.478515625,-0.296875
Dymarska2025_associations,38,106,7.0081787109375,7.568328857421875,-0.560150146484375
Dymarska2025_associations,38,107,2.516571044921875,2.701141357421875,-0.1845703125
Dymarska2025_associations,38,108,1.87469482421875,1.773040771484375,0.101654052734375
Dymarska2025_associations,38,109,1.923797607421875,2.257568359375,-0.333770751953125
Dymarska2025_associations,38,110,5.166015625,4.419921875,0.74609375
Dymarska2025_associations,38,111,4.975830078125,4.09326171875,0.882568359375
Dymarska2025_associations,38,112,8.609375,8.28125,0.328125
Dymarska2025_associations,38,113,6.210693359375,6.578094482421875,-0.367401123046875
Dymarska2025_associations,38,114,3.0849609375,2.875,0.2099609375
Dymarska2025_associations,38,115,2.913909912109375,2.89056396484375,0.023345947265625
Dymarska2025_associations,38,116,6.625,7.5625,-0.9375
Dymarska2025_associations,38,117,5.8436279296875,5.496063232421875,0.347564697265625
Dymarska2025_associations,38,118,2.303955078125,2.35009765625,-0.046142578125
Dymarska2025_associations,38,119,2.9422607421875,2.486572265625,0.4556884765625
Dymarska2025_associations,38,120,2.404296875,3.42138671875,-1.01708984375
Dymarska2025_associations,38,121,8.26708984375,4.95654296875,3.310546875
Dymarska2025_associations,38,122,8.09375,7.50390625,0.58984375
Dymarska2025_associations,38,123,7.84375,7.546875,0.296875
Dymarska2025_associations,38,124,9.609375,8.546875,1.0625
Dymarska2025_associations,38,125,3.007568359375,1.695281982421875,1.312286376953125
Dymarska2025_associations,38,126,1.538909912109375,1.593475341796875,-0.0545654296875
Dymarska2025_associations,38,127,9.578125,7.609375,1.96875
Dymarska2025_associations,38,128,7.1845703125,6.23388671875,0.95068359375
Dymarska2025_associations,38,129,4.1875,3.53125,0.65625
Dymarska2025_associations,38,130,10.0,7.228515625,2.771484375
Dymarska2025_associations,38,131,4.841552734375,4.65966796875,0.181884765625
Dymarska2025_associations,38,132,8.3125,8.4375,-0.125
Dymarska2025_associations,38,133,7.5810546875,5.970703125,1.6103515625
Dymarska2025_associations,38,134,14.703125,12.90625,1.796875
Dymarska2025_associations,38,135,10.4375,10.703125,-0.265625
Dymarska2025_associations,38,136,6.84375,5.3125,1.53125
Dymarska2025_associations,38,137,5.90625,5.91015625,-0.00390625
Dymarska2025_associations,38,138,4.49560546875,4.4169921875,0.07861328125
Dymarska2025_associations,38,139,2.6865234375,3.2490234375,-0.5625
Dymarska2025_associations,38,140,9.359375,8.234375,1.125
Dymarska2025_associations,38,141,11.3680419921875,9.0537109375,2.3143310546875
Dymarska2025_associations,38,142,7.4296875,6.4375,0.9921875
Dymarska2025_associations,38,143,4.67822265625,3.539031982421875,1.139190673828125
Dymarska2025_associations,38,144,4.939453125,5.63671875,-0.697265625
Dymarska2025_associations,39,0,13.4375,14.1796875,-0.7421875
Dymarska2025_associations,39,1,11.734375,4.0618896484375,7.6724853515625
Dymarska2025_associations,39,2,3.79150390625,3.5830078125,0.20849609375
Dymarska2025_associations,39,3,7.125,5.6875,1.4375
Dymarska2025_associations,39,4,6.5234375,4.001953125,2.521484375
Dymarska2025_associations,39,5,6.2578125,6.083984375,0.173828125
Dymarska2025_associations,39,6,5.06640625,4.654296875,0.412109375
Dymarska2025_associations,39,7,3.125,2.375,0.75
Dymarska2025_associations,39,8,1.0625,2.1875,-1.125
Dymarska2025_associations,39,9,4.34375,5.8125,-1.46875
Dymarska2025_associations,39,10,7.36328125,7.1083984375,0.2548828125
Dymarska2025_associations,39,11,14.96875,12.15625,2.8125
Dymarska2025_associations,39,12,9.17822265625,9.1455078125,0.03271484375
Dymarska2025_associations,39,13,6.225830078125,4.84912109375,1.376708984375
Dymarska2025_associations,39,14,4.71875,4.5625,0.15625
Dymarska2025_associations,39,15,7.12890625,6.529296875,0.599609375
Dymarska2025_associations,39,16,8.47314453125,8.94580078125,-0.47265625
Dymarska2025_associations,39,17,8.05078125,6.1405029296875,1.9102783203125
Dymarska2025_associations,39,18,6.8515625,5.0166015625,1.8349609375
Dymarska2025_associations,39,19,5.9375,4.0625,1.875
Dymarska2025_associations,39,20,4.5780029296875,4.1092529296875,0.46875
Dymarska2025_associations,39,21,8.382781982421875,8.132781982421875,0.25
Dymarska2025_associations,39,22,5.59765625,5.4609375,0.13671875
Dymarska2025_associations,39,23,11.72265625,10.109375,1.61328125
Dymarska2025_associations,39,24,7.51708984375,7.932586669921875,-0.415496826171875
Dymarska2025_associations,39,25,11.65625,12.15625,-0.5
Dymarska2025_associations,39,26,8.1875,7.921875,0.265625
Dymarska2025_associations,39,27,3.125,3.203125,-0.078125
Dymarska2025_associations,39,28,0.769500732421875,0.501922607421875,0.267578125
Dymarska2025_associations,39,29,3.71875,4.0234375,-0.3046875
Dymarska2025_associations,39,30,6.984375,7.515625,-0.53125
Dymarska2025_associations,39,31,7.519287109375,8.022705078125,-0.50341796875
Dymarska2025_associations,39,32,6.88525390625,6.6815185546875,0.2037353515625
Dymarska2025_associations,39,33,3.328125,3.1787109375,0.1494140625
Dymarska2025_associations,39,34,5.984375,5.546875,0.4375
Dymarska2025_associations,39,35,3.8748779296875,3.49993896484375,0.37493896484375
Dymarska2025_associations,39,36,7.367156982421875,6.78509521484375,0.582061767578125
Dymarska2025_associations,39,37,15.7890625,16.3828125,-0.59375
Dymarska2025_associations,39,38,5.499969482421875,4.296875,1.203094482421875
Dymarska2025_associations,39,39,6.39892578125,6.310546875,0.08837890625
Dymarska2025_associations,39,40,9.625,8.375,1.25
Dymarska2025_associations,39,41,7.765625,6.21875,1.546875
Dymarska2025_associations,39,42,6.5,6.23046875,0.26953125
Dymarska2025_associations,39,43,5.59375,5.875,-0.28125
Dymarska2025_associations,39,44,4.6405029296875,4.8280029296875,-0.1875
Dymarska2025_associations,39,45,4.5625,3.46875,1.09375
Dymarska2025_associations,39,46,1.4686279296875,1.023406982421875,0.445220947265625
Dymarska2025_associations,39,47,2.78125,2.59375,0.1875
Dymarska2025_associations,39,48,5.24609375,4.6708984375,0.5751953125
Dymarska2025_associations,39,49,6.7734375,4.1982421875,2.5751953125
Dymarska2025_associations,39,50,9.390625,8.1455078125,1.2451171875
Dymarska2025_associations,39,51,3.929168701171875,3.319580078125,0.609588623046875
Dymarska2025_associations,39,52,4.201904296875,3.6748046875,0.527099609375
Dymarska2025_associations,39,53,8.0625,9.1875,-1.125
Dymarska2025_associations,39,54,9.71875,9.34375,0.375
Dymarska2025_associations,39,55,7.5625,4.36865234375,3.19384765625
Dymarska2025_associations,39,56,6.78125,5.625,1.15625
Dymarska2025_associations,39,57,5.73828125,5.65234375,0.0859375
Dymarska2025_associations,39,58,3.8125,4.3984375,-0.5859375
Dymarska2025_associations,39,59,1.4217529296875,1.491943359375,-0.0701904296875
Dymarska2025_associations,39,60,4.8592529296875,4.6717529296875,0.1875
Dymarska2025_associations,39,61,8.0625,9.328125,-1.265625
Dymarska2025_associations,39,62,3.0467529296875,2.6990966796875,0.34765625
Dymarska2025_associations,39,63,6.2811279296875,6.351531982421875,-0.070404052734375
Dymarska2025_associations,39,64,1.2733154296875,1.234130859375,0.0391845703125
Dymarska2025_associations,39,65,2.546875,3.625,-1.078125
Dymarska2025_associations,39,66,6.86083984375,6.27197265625,0.5888671875
Dymarska2025_associations,39,67,7.947265625,7.757080078125,0.190185546875
Dymarska2025_associations,39,68,2.71875,2.71875,0.0
Dymarska2025_associations,39,69,3.99072265625,2.7967529296875,1.1939697265625
Dymarska2025_associations,39,70,6.179656982421875,4.492034912109375,1.6876220703125
Dymarska2025_associations,39,71,8.275390625,8.3671875,-0.091796875
Dymarska2025_associations,39,72,3.890625,3.45703125,0.43359375
Dymarska2025_associations,39,73,3.472137451171875,4.132293701171875,-0.66015625
Dymarska2025_associations,39,74,8.9921875,7.17578125,1.81640625
Dymarska2025_associations,39,75,7.2607421875,7.609375,-0.3486328125
Dymarska2025_associations,39,76,2.078125,1.7578125,0.3203125
Dymarska2025_associations,39,77,5.070281982421875,4.773406982421875,0.296875
Dymarska2025_associations,39,78,5.3125,4.96875,0.34375
Dymarska2025_associations,39,79,9.96875,9.28125,0.6875
Dymarska2025_associations,39,80,4.62109375,4.22265625,0.3984375
Dymarska2025_associations,39,81,5.55322265625,5.36572265625,0.1875
Dymarska2025_associations,39,82,1.359375,0.953125,0.40625
Dymarska2025_associations,39,83,5.23828125,3.60205078125,1.63623046875
Dymarska2025_associations,39,84,7.75,6.75,1.0
Dymarska2025_associations,39,85,3.539031982421875,2.578125,0.960906982421875
Dymarska2025_associations,39,86,5.154266357421875,3.812255859375,1.342010498046875
Dymarska2025_associations,39,87,11.84912109375,12.84375,-0.99462890625
Dymarska2025_associations,39,88,11.5546875,10.373046875,1.181640625
Dymarska2025_associations,39,89,4.355438232421875,3.7528076171875,0.602630615234375
Dymarska2025_associations,39,90,8.500457763671875,8.2650146484375,0.235443115234375
Dymarska2025_associations,39,91,8.546875,7.6875,0.859375
Dymarska2025_associations,39,92,5.8397216796875,4.966766357421875,0.872955322265625
Dymarska2025_associations,39,93,1.359375,2.375,-1.015625
Dymarska2025_associations,39,94,2.73828125,2.724609375,0.013671875
Dymarska2025_associations,39,95,4.203125,4.0,0.203125
Dymarska2025_associations,39,96,3.1717529296875,3.2655029296875,-0.09375
Dymarska2025_associations,39,97,2.76025390625,2.0751953125,0.68505859375
Dymarska2025_associations,39,98,12.1875,10.375,1.8125
Dymarska2025_associations,39,99,8.21875,4.5224609375,3.6962890625
Dymarska2025_associations,39,100,3.85546875,3.908203125,-0.052734375
Dymarska2025_associations,39,101,3.82421875,4.12890625,-0.3046875
Dymarska2025_associations,39,102,3.7841796875,4.30859375,-0.5244140625
Dymarska2025_associations,39,103,5.328125,5.9140625,-0.5859375
Dymarska2025_associations,39,104,9.81884765625,9.38134765625,0.4375
Dymarska2025_associations,39,105,12.5625,12.6875,-0.125
Dymarska2025_associations,39,106,12.65625,7.23583984375,5.42041015625
Dymarska2025_associations,39,107,4.601531982421875,5.0,-0.398468017578125
Dymarska2025_associations,39,108,6.5,5.125,1.375
Dymarska2025_associations,39,109,8.828125,7.013671875,1.814453125
Dymarska2025_associations,39,110,4.21875,4.6328125,-0.4140625
Dymarska2025_associations,39,111,4.365234375,4.515625,-0.150390625
Dymarska2025_associations,39,112,5.83251953125,5.810546875,0.02197265625
Dymarska2025_associations,39,113,7.79736328125,8.702392578125,-0.905029296875
Dymarska2025_associations,39,114,6.1279296875,6.2119140625,-0.083984375
Dymarska2025_associations,39,115,5.058349609375,4.6170654296875,0.4412841796875
Dymarska2025_associations,39,116,6.080078125,5.3369140625,0.7431640625
Dymarska2025_associations,39,117,5.52001953125,5.11376953125,0.40625
Dymarska2025_associations,39,118,4.82421875,4.74609375,0.078125
Dymarska2025_associations,39,119,7.75,7.3125,0.4375
Dymarska2025_associations,39,120,6.1875,5.5625,0.625
Dymarska2025_associations,39,121,5.8515625,5.50390625,0.34765625
Dymarska2025_associations,39,122,6.1171875,5.796875,0.3203125
Dymarska2025_associations,39,123,5.625,5.375,0.25
Dymarska2025_associations,39,124,5.90625,6.171875,-0.265625
Dymarska2025_associations,39,125,8.1044921875,8.59375,-0.4892578125
Dymarska2025_associations,39,126,7.4267578125,8.0533447265625,-0.6265869140625
Dymarska2025_associations,39,127,3.58984375,3.513671875,0.076171875
Dymarska2025_associations,39,128,3.3026123046875,1.78125,1.5213623046875
Dymarska2025_associations,39,129,2.42822265625,1.952392578125,0.475830078125
Dymarska2025_associations,39,130,8.4375,7.8125,0.625
Dymarska2025_associations,39,131,3.4345703125,3.09375,0.3408203125
Dymarska2025_associations,39,132,0.771484375,1.07421875,-0.302734375
Dymarska2025_associations,39,133,6.5166015625,6.1845703125,0.33203125
Dymarska2025_associations,39,134,5.98828125,6.468505859375,-0.480224609375
Dymarska2025_associations,39,135,4.125,4.34375,-0.21875
Dymarska2025_associations,39,136,8.7001953125,8.310546875,0.3896484375
Dymarska2025_associations,39,137,5.703125,5.890625,-0.1875
Dymarska2025_associations,39,138,2.0703125,2.267578125,-0.197265625
Dymarska2025_associations,39,139,8.89453125,9.71875,-0.82421875
Dymarska2025_associations,39,140,8.4697265625,8.873046875,-0.4033203125
Dymarska2025_associations,39,141,8.578125,6.9375,1.640625
Dymarska2025_associations,39,142,2.40625,2.1875,0.21875
Dymarska2025_associations,39,143,2.9998779296875,2.99993896484375,-6.103515625e-05
Dymarska2025_associations,39,144,8.913330078125,10.08447265625,-1.171142578125
Dymarska2025_associations,39,145,8.435546875,8.7890625,-0.353515625
Dymarska2025_associations,39,146,5.0390625,3.6689453125,1.3701171875
Dymarska2025_associations,39,147,7.810546875,8.03076171875,-0.22021484375
Dymarska2025_associations,39,148,7.40625,7.5625,-0.15625
Dymarska2025_associations,39,149,5.35302734375,5.54931640625,-0.1962890625
Dymarska2025_associations,39,150,5.75,6.578125,-0.828125
Dymarska2025_associations,40,0,7.3125,7.59375,-0.28125
Dymarska2025_associations,40,1,3.171875,2.19384765625,0.97802734375
Dymarska2025_associations,40,2,5.859375,4.10546875,1.75390625
Dymarska2025_associations,40,3,3.86328125,3.6728515625,0.1904296875
Dymarska2025_associations,40,4,6.8125,6.75,0.0625
Dymarska2025_associations,40,5,6.890625,6.421875,0.46875
Dymarska2025_associations,40,6,3.0634765625,3.109375,-0.0458984375
Dymarska2025_associations,40,7,7.56640625,7.52001953125,0.04638671875
Dymarska2025_associations,40,8,13.0390625,13.36328125,-0.32421875
Dymarska2025_associations,40,9,5.9296875,6.234375,-0.3046875
Dymarska2025_associations,40,10,4.6875,5.640625,-0.953125
Dymarska2025_associations,40,11,8.4765625,7.02734375,1.44921875
Dymarska2025_associations,40,12,5.4375,5.1875,0.25
Dymarska2025_associations,40,13,6.1053466796875,6.0213623046875,0.083984375
Dymarska2025_associations,40,14,9.6875,9.875,-0.1875
Dymarska2025_associations,40,15,4.230438232421875,4.6170654296875,-0.386627197265625
Dymarska2025_associations,40,16,6.6064453125,5.330535888671875,1.275909423828125
Dymarska2025_associations,40,17,5.203125,5.2890625,-0.0859375
Dymarska2025_associations,40,18,1.5439453125,0.796875,0.7470703125
Dymarska2025_associations,40,19,4.6953125,3.69921875,0.99609375
Dymarska2025_associations,40,20,2.34326171875,1.7568359375,0.58642578125
Dymarska2025_associations,40,21,5.58349609375,3.094207763671875,2.489288330078125
Dymarska2025_associations,40,22,4.33984375,3.72265625,0.6171875
Dymarska2025_associations,40,23,8.8037109375,10.616455078125,-1.812744140625
Dymarska2025_associations,40,24,6.99267578125,7.05517578125,-0.0625
Dymarska2025_associations,40,25,3.780975341796875,4.498504638671875,-0.717529296875
Dymarska2025_associations,40,26,10.7109375,12.06640625,-1.35546875
Dymarska2025_associations,40,27,8.984375,7.53125,1.453125
Dymarska2025_associations,40,28,6.8125,6.5625,0.25
Dymarska2025_associations,40,29,4.8671875,4.796875,0.0703125
Dymarska2025_associations,40,30,0.8984375,0.53125,0.3671875
Dymarska2025_associations,40,31,7.89697265625,7.75830078125,0.138671875
Dymarska2025_associations,40,32,6.60400390625,6.0986328125,0.50537109375
Dymarska2025_associations,40,33,4.8515625,5.109375,-0.2578125
Dymarska2025_associations,40,34,2.484375,2.34765625,0.13671875
Dymarska2025_associations,40,35,5.796875,6.171875,-0.375
Dymarska2025_associations,40,36,6.72265625,6.80078125,-0.078125
Dymarska2025_associations,40,37,3.90234375,4.288330078125,-0.385986328125
Dymarska2025_associations,40,38,3.89404296875,3.438720703125,0.455322265625
Dymarska2025_associations,40,39,9.34375,8.328125,1.015625
Dymarska2025_associations,40,40,6.4375,6.375,0.0625
Dymarska2025_associations,40,41,8.998046875,8.021484375,0.9765625
Dymarska2025_associations,40,42,6.49609375,5.197723388671875,1.298370361328125
Dymarska2025_associations,40,43,4.701171875,4.750457763671875,-0.049285888671875
Dymarska2025_associations,40,44,1.2030029296875,0.87451171875,0.3284912109375
Dymarska2025_associations,40,45,2.8447265625,2.90234375,-0.0576171875
Dymarska2025_associations,40,46,8.3125,6.263671875,2.048828125
Dymarska2025_associations,40,47,7.5234375,7.77734375,-0.25390625
Dymarska2025_associations,40,48,8.884765625,8.97265625,-0.087890625
Dymarska2025_associations,40,49,8.4451904296875,8.804443359375,-0.3592529296875
Dymarska2025_associations,40,50,5.523284912109375,4.8583984375,0.664886474609375
Dymarska2025_associations,40,51,4.560546875,2.927734375,1.6328125
Dymarska2025_associations,40,52,4.533203125,4.3984375,0.134765625
Dymarska2025_associations,40,53,7.794921875,8.08349609375,-0.28857421875
Dymarska2025_associations,40,54,5.125,4.25,0.875
Dymarska2025_associations,40,55,5.0,4.0625,0.9375
Dymarska2025_associations,40,56,2.353515625,1.8876953125,0.4658203125
Dymarska2025_associations,40,57,4.148193359375,4.96826171875,-0.820068359375
Dymarska2025_associations,40,58,8.62451171875,7.428955078125,1.195556640625
Dymarska2025_associations,40,59,6.65625,7.203125,-0.546875
Dymarska2025_associations,40,60,11.25,10.6875,0.5625
Dymarska2025_associations,40,61,5.070281982421875,5.90625,-0.835968017578125
Dymarska2025_associations,40,62,5.58984375,5.43359375,0.15625
Dymarska2025_associations,40,63,2.81201171875,3.6873779296875,-0.8753662109375
Dymarska2025_associations,40,64,7.501953125,8.39892578125,-0.89697265625
Dymarska2025_associations,40,65,4.8125,4.125,0.6875
Dymarska2025_associations,40,66,5.6962890625,5.810546875,-0.1142578125
Dymarska2025_associations,40,67,4.1376953125,3.4970703125,0.640625
Dymarska2025_associations,40,68,3.179168701171875,2.96826171875,0.210906982421875
Dymarska2025_associations,40,69,5.4853515625,4.736785888671875,0.748565673828125
Dymarska2025_associations,40,70,3.203125,3.08837890625,0.11474609375
Dymarska2025_associations,40,71,5.75,4.2890625,1.4609375
Dymarska2025_associations,40,72,3.8662109375,3.3076171875,0.55859375
Dymarska2025_associations,40,73,6.0478515625,5.60302734375,0.44482421875
Dymarska2025_associations,40,74,4.060546875,3.892822265625,0.167724609375
Dymarska2025_associations,40,75,4.6484375,4.515625,0.1328125
Dymarska2025_associations,40,76,3.194305419921875,3.049774169921875,0.14453125
Dymarska2025_associations,40,77,7.5625,6.28125,1.28125
Dymarska2025_associations,40,78,8.5,8.25,0.25
Dymarska2025_associations,40,79,7.189453125,6.7001953125,0.4892578125
Dymarska2025_associations,40,80,9.626953125,7.991943359375,1.635009765625
Dymarska2025_associations,40,81,4.7265625,5.275390625,-0.548828125
Dymarska2025_associations,40,82,5.6162109375,5.478515625,0.1376953125
Dymarska2025_associations,40,83,2.76953125,2.87060546875,-0.10107421875
Dymarska2025_associations,40,84,8.234375,8.015625,0.21875
Dymarska2025_associations,40,85,5.6875,5.0703125,0.6171875
Dymarska2025_associations,40,86,4.96484375,5.28125,-0.31640625
Dymarska2025_associations,40,87,3.03125,3.34375,-0.3125
Dymarska2025_associations,40,88,4.0859375,4.0166015625,0.0693359375
Dymarska2025_associations,40,89,3.21875,2.16650390625,1.05224609375
Dymarska2025_associations,40,90,4.6015625,5.328125,-0.7265625
Dymarska2025_associations,40,91,10.6875,7.710693359375,2.976806640625
Dymarska2025_associations,40,92,5.485321044921875,5.467254638671875,0.01806640625
Dymarska2025_associations,40,93,3.11328125,3.810546875,-0.697265625
Dymarska2025_associations,40,94,3.265625,3.6875,-0.421875
Dymarska2025_associations,40,95,0.796875,0.55078125,0.24609375
Dymarska2025_associations,40,96,3.6875,3.84375,-0.15625
Dymarska2025_associations,40,97,3.3271484375,3.57421875,-0.2470703125
Dymarska2025_associations,40,98,5.566375732421875,3.304534912109375,2.2618408203125
Dymarska2025_associations,40,99,7.9375,6.875,1.0625
Dymarska2025_associations,40,100,4.2265625,4.0546875,0.171875
Dymarska2025_associations,40,101,7.421875,6.046875,1.375
Dymarska2025_associations,40,102,3.609375,2.84375,0.765625
Dymarska2025_associations,40,103,4.185546875,4.65234375,-0.466796875
Dymarska2025_associations,40,104,2.94140625,2.86328125,0.078125
Dymarska2025_associations,40,105,6.415985107421875,5.725830078125,0.690155029296875
Dymarska2025_associations,40,106,6.0625,4.875,1.1875
Dymarska2025_associations,40,107,5.6875,5.625,0.0625
Dymarska2025_associations,40,108,3.472625732421875,3.824188232421875,-0.3515625
Dymarska2025_associations,40,109,7.3125,6.4375,0.875
Dymarska2025_associations,40,110,7.0908203125,6.748046875,0.3427734375
Dymarska2025_associations,40,111,4.3671875,4.109375,0.2578125
Dymarska2025_associations,40,112,3.04638671875,3.548828125,-0.50244140625
Dymarska2025_associations,40,113,5.5576171875,5.935546875,-0.3779296875
Dymarska2025_associations,40,114,9.512451171875,9.679443359375,-0.1669921875
Dymarska2025_associations,40,115,4.15234375,4.13525390625,0.01708984375
Dymarska2025_associations,40,116,3.7978515625,2.939453125,0.8583984375
Dymarska2025_associations,40,117,6.77197265625,8.8076171875,-2.03564453125
Dymarska2025_associations,40,118,5.757781982421875,5.820281982421875,-0.0625
Dymarska2025_associations,40,119,3.66015625,3.30078125,0.359375
Dymarska2025_associations,40,120,2.734375,2.671875,0.0625
Dymarska2025_associations,40,121,5.6328125,4.9453125,0.6875
Dymarska2025_associations,40,122,5.25,5.5400390625,-0.2900390625
Dymarska2025_associations,40,123,6.015625,7.0625,-1.046875
Dymarska2025_associations,40,124,9.890625,9.1796875,0.7109375
Dymarska2025_associations,40,125,3.414031982421875,4.7655029296875,-1.351470947265625
Dymarska2025_associations,40,126,5.18359375,4.646484375,0.537109375
Dymarska2025_associations,40,127,5.119140625,5.017578125,0.1015625
Dymarska2025_associations,40,128,3.96875,3.015625,0.953125
Dymarska2025_associations,40,129,1.5537109375,1.537841796875,0.015869140625
Dymarska2025_associations,40,130,1.63525390625,1.32470703125,0.310546875
Dymarska2025_associations,40,131,4.2431640625,3.8553466796875,0.3878173828125
Dymarska2025_associations,40,132,3.451171875,5.984375,-2.533203125
Dymarska2025_associations,40,133,7.2734375,7.515625,-0.2421875
Dymarska2025_associations,40,134,5.90625,7.15625,-1.25
Dymarska2025_associations,40,135,3.029296875,3.0595703125,-0.0302734375
Dymarska2025_associations,40,136,4.4375,5.46875,-1.03125
Dymarska2025_associations,40,137,8.59375,8.109375,0.484375
Dymarska2025_associations,40,138,7.09375,7.8125,-0.71875
Dymarska2025_associations,40,139,3.15234375,3.1435546875,0.0087890625
Dymarska2025_associations,40,140,4.6455078125,5.251953125,-0.6064453125
Dymarska2025_associations,40,141,8.84375,8.21875,0.625
