experiment,participant_id,item_index,nll_minitaur,nll_ours,delta_log_likelihood
guenther2023grammaticality,1,0,1.390625,0.3125,1.078125
guenther2023grammaticality,1,1,0.9921875,0.5234375,0.46875
guenther2023grammaticality,1,2,0.39453125,0.05322265625,0.34130859375
guenther2023grammaticality,1,3,0.48046875,0.390625,0.08984375
guenther2023grammaticality,1,4,1.0546875,0.69140625,0.36328125
guenther2023grammaticality,1,5,1.3125,0.9765625,0.3359375
guenther2023grammaticality,1,6,0.76171875,0.6328125,0.12890625
guenther2023grammaticality,1,7,0.828125,0.828125,0.0
guenther2023grammaticality,1,8,2.125,1.140625,0.984375
guenther2023grammaticality,1,9,0.828125,0.12451171875,0.70361328125
guenther2023grammaticality,1,10,1.140625,1.8046875,-0.6640625
guenther2023grammaticality,1,11,0.828125,1.0546875,-0.2265625
guenther2023grammaticality,1,12,1.3125,0.3125,1.0
guenther2023grammaticality,1,13,0.69140625,0.6328125,0.05859375
guenther2023grammaticality,1,14,0.828125,0.5234375,0.3046875
guenther2023grammaticality,1,15,0.69140625,0.69140625,0.0
guenther2023grammaticality,1,16,0.69140625,0.578125,0.11328125
guenther2023grammaticality,1,17,0.4765625,0.5234375,-0.046875
guenther2023grammaticality,1,18,0.69140625,0.4765625,0.21484375
guenther2023grammaticality,1,19,0.828125,0.578125,0.25
guenther2023grammaticality,1,20,0.69140625,0.08251953125,0.60888671875
guenther2023grammaticality,1,21,0.578125,0.3125,0.265625
guenther2023grammaticality,1,22,0.431640625,0.10400390625,0.32763671875
guenther2023grammaticality,1,23,0.22265625,0.10400390625,0.11865234375
guenther2023grammaticality,1,24,0.431640625,0.69140625,-0.259765625
guenther2023grammaticality,1,25,0.69140625,0.69140625,0.0
guenther2023grammaticality,1,26,0.431640625,0.578125,-0.146484375
guenther2023grammaticality,1,27,0.578125,0.6328125,-0.0546875
guenther2023grammaticality,1,28,0.22265625,0.5234375,-0.30078125
guenther2023grammaticality,1,29,0.1455078125,0.69140625,-0.5458984375
guenther2023grammaticality,1,30,0.5234375,0.6328125,-0.109375
guenther2023grammaticality,1,31,0.345703125,0.431640625,-0.0859375
guenther2023grammaticality,1,32,0.12451171875,0.4765625,-0.35205078125
guenther2023grammaticality,1,33,0.6328125,0.3125,0.3203125
guenther2023grammaticality,1,34,0.4765625,0.431640625,0.044921875
guenther2023grammaticality,1,35,0.10400390625,0.5234375,-0.41943359375
guenther2023grammaticality,1,36,0.11083984375,0.0458984375,0.06494140625
guenther2023grammaticality,1,37,0.158203125,0.345703125,-0.1875
guenther2023grammaticality,1,38,0.390625,0.5234375,-0.1328125
guenther2023grammaticality,1,39,0.431640625,0.25390625,0.177734375
guenther2023grammaticality,1,40,0.283203125,0.22265625,0.060546875
guenther2023grammaticality,1,41,0.11083984375,0.158203125,-0.04736328125
guenther2023grammaticality,1,42,0.345703125,1.0546875,-0.708984375
guenther2023grammaticality,1,43,2.125,1.140625,0.984375
guenther2023grammaticality,1,44,0.69140625,0.69140625,0.0
guenther2023grammaticality,1,45,0.11083984375,0.578125,-0.46728515625
guenther2023grammaticality,1,46,0.22265625,0.4765625,-0.25390625
guenther2023grammaticality,1,47,0.0155029296875,0.69140625,-0.6759033203125
guenther2023grammaticality,1,48,0.12451171875,0.578125,-0.45361328125
guenther2023grammaticality,1,49,0.060546875,0.22265625,-0.162109375
guenther2023grammaticality,1,50,0.03076171875,0.431640625,-0.40087890625
guenther2023grammaticality,1,51,0.08251953125,0.578125,-0.49560546875
guenther2023grammaticality,1,52,0.03076171875,0.6328125,-0.60205078125
guenther2023grammaticality,1,53,0.08984375,0.283203125,-0.193359375
guenther2023grammaticality,1,54,0.0458984375,0.1787109375,-0.1328125
guenther2023grammaticality,1,55,4.875,2.359375,2.515625
guenther2023grammaticality,1,56,0.08984375,0.5234375,-0.43359375
guenther2023grammaticality,1,57,0.08251953125,0.390625,-0.30810546875
guenther2023grammaticality,1,58,0.158203125,0.578125,-0.419921875
guenther2023grammaticality,1,59,0.038330078125,0.5234375,-0.485107421875
guenther2023grammaticality,1,60,2.6875,0.828125,1.859375
guenther2023grammaticality,1,61,0.5234375,0.6328125,-0.109375
guenther2023grammaticality,1,62,0.08251953125,0.390625,-0.30810546875
guenther2023grammaticality,1,63,0.10400390625,0.390625,-0.28662109375
guenther2023grammaticality,1,64,0.11083984375,0.390625,-0.27978515625
guenther2023grammaticality,1,65,1.140625,1.21875,-0.078125
guenther2023grammaticality,1,66,0.828125,0.7578125,0.0703125
guenther2023grammaticality,1,67,0.1787109375,0.431640625,-0.2529296875
guenther2023grammaticality,1,68,0.08251953125,0.8984375,-0.81591796875
guenther2023grammaticality,1,69,0.03076171875,0.345703125,-0.31494140625
guenther2023grammaticality,1,70,0.05322265625,0.390625,-0.33740234375
guenther2023grammaticality,1,71,0.345703125,0.9765625,-0.630859375
guenther2023grammaticality,1,72,0.10400390625,0.22265625,-0.11865234375
guenther2023grammaticality,1,73,0.060546875,0.828125,-0.767578125
guenther2023grammaticality,1,74,0.03076171875,0.390625,-0.35986328125
guenther2023grammaticality,1,75,0.0155029296875,0.345703125,-0.3302001953125
guenther2023grammaticality,1,76,0.038330078125,0.060546875,-0.022216796875
guenther2023grammaticality,1,77,0.05322265625,0.578125,-0.52490234375
guenther2023grammaticality,1,78,1.703125,1.5,0.203125
guenther2023grammaticality,1,79,0.0458984375,0.4765625,-0.4306640625
guenther2023grammaticality,1,80,0.03076171875,0.4765625,-0.44580078125
guenther2023grammaticality,1,81,0.06787109375,0.283203125,-0.21533203125
guenther2023grammaticality,1,82,0.0155029296875,0.431640625,-0.4161376953125
guenther2023grammaticality,1,83,0.03076171875,0.5234375,-0.49267578125
guenther2023grammaticality,1,84,0.03076171875,0.5234375,-0.49267578125
guenther2023grammaticality,1,85,0.9765625,1.140625,-0.1640625
guenther2023grammaticality,1,86,0.11083984375,0.345703125,-0.23486328125
guenther2023grammaticality,1,87,0.11083984375,0.5234375,-0.41259765625
guenther2023grammaticality,1,88,0.7578125,0.6328125,0.125
guenther2023grammaticality,1,89,0.05322265625,0.3125,-0.25927734375
guenther2023grammaticality,1,90,3.28125,1.0546875,2.2265625
guenther2023grammaticality,1,91,0.03076171875,0.4765625,-0.44580078125
guenther2023grammaticality,1,92,0.158203125,0.578125,-0.419921875
guenther2023grammaticality,1,93,0.0458984375,0.283203125,-0.2373046875
guenther2023grammaticality,1,94,0.390625,0.69140625,-0.30078125
guenther2023grammaticality,1,95,0.3125,0.6328125,-0.3203125
guenther2023grammaticality,1,96,0.03076171875,0.5234375,-0.49267578125
guenther2023grammaticality,1,97,0.69140625,1.140625,-0.44921875
guenther2023grammaticality,1,98,0.08984375,0.038330078125,0.051513671875
guenther2023grammaticality,1,99,0.023193359375,0.578125,-0.554931640625
guenther2023grammaticality,1,100,0.158203125,0.431640625,-0.2734375
guenther2023grammaticality,1,101,0.283203125,0.390625,-0.107421875
guenther2023grammaticality,1,102,0.023193359375,0.390625,-0.367431640625
guenther2023grammaticality,1,103,0.345703125,0.828125,-0.482421875
guenther2023grammaticality,1,104,0.023193359375,0.3125,-0.289306640625
guenther2023grammaticality,1,105,0.03076171875,0.2041015625,-0.17333984375
guenther2023grammaticality,1,106,0.6328125,0.4765625,0.15625
guenther2023grammaticality,1,107,0.08984375,0.2041015625,-0.1142578125
guenther2023grammaticality,1,108,0.158203125,0.6328125,-0.474609375
guenther2023grammaticality,1,109,0.0458984375,0.0458984375,0.0
guenther2023grammaticality,2,0,1.234375,0.158203125,1.076171875
guenther2023grammaticality,2,1,0.53125,0.69140625,-0.16015625
guenther2023grammaticality,2,2,0.283203125,0.05322265625,0.22998046875
guenther2023grammaticality,2,3,0.3515625,0.69140625,-0.33984375
guenther2023grammaticality,2,4,0.578125,0.158203125,0.419921875
guenther2023grammaticality,2,5,0.08251953125,0.023193359375,0.059326171875
guenther2023grammaticality,2,6,0.25390625,0.0458984375,0.2080078125
guenther2023grammaticality,2,7,0.5234375,1.5,-0.9765625
guenther2023grammaticality,2,8,0.2294921875,0.08251953125,0.14697265625
guenther2023grammaticality,2,9,3.171875,0.6328125,2.5390625
guenther2023grammaticality,2,10,0.578125,0.431640625,0.146484375
guenther2023grammaticality,2,11,0.4765625,0.431640625,0.044921875
guenther2023grammaticality,2,12,0.431640625,0.4765625,-0.044921875
guenther2023grammaticality,2,13,0.1787109375,0.1787109375,0.0
guenther2023grammaticality,2,14,0.2041015625,0.12451171875,0.07958984375
guenther2023grammaticality,2,15,0.25390625,0.2041015625,0.0498046875
guenther2023grammaticality,2,16,0.22265625,0.12451171875,0.09814453125
guenther2023grammaticality,2,17,0.2041015625,0.431640625,-0.2275390625
guenther2023grammaticality,2,18,0.06787109375,0.03076171875,0.037109375
guenther2023grammaticality,2,19,1.8046875,2.46875,-0.6640625
guenther2023grammaticality,2,20,0.8984375,0.578125,0.3203125
guenther2023grammaticality,2,21,0.7578125,0.6328125,0.125
guenther2023grammaticality,2,22,0.3125,0.578125,-0.265625
guenther2023grammaticality,2,23,0.828125,0.4765625,0.3515625
guenther2023grammaticality,2,24,0.283203125,0.3125,-0.029296875
guenther2023grammaticality,2,25,0.1787109375,0.3125,-0.1337890625
guenther2023grammaticality,2,26,0.023193359375,0.038330078125,-0.01513671875
guenther2023grammaticality,2,27,1.40625,1.59375,-0.1875
guenther2023grammaticality,2,28,1.21875,0.8984375,0.3203125
guenther2023grammaticality,2,29,0.9765625,0.9765625,0.0
guenther2023grammaticality,2,30,0.6328125,0.8984375,-0.265625
guenther2023grammaticality,2,31,0.390625,0.578125,-0.1875
guenther2023grammaticality,2,32,0.578125,0.9765625,-0.3984375
guenther2023grammaticality,2,33,0.25390625,0.390625,-0.13671875
guenther2023grammaticality,2,34,0.6328125,0.6328125,0.0
guenther2023grammaticality,2,35,0.69140625,0.7578125,-0.06640625
guenther2023grammaticality,2,36,0.4765625,0.390625,0.0859375
guenther2023grammaticality,2,37,0.578125,0.5234375,0.0546875
guenther2023grammaticality,2,38,0.158203125,0.5234375,-0.365234375
guenther2023grammaticality,2,39,0.3125,0.6328125,-0.3203125
guenther2023grammaticality,2,40,0.4765625,0.5234375,-0.046875
guenther2023grammaticality,2,41,0.1787109375,0.5234375,-0.3447265625
guenther2023grammaticality,2,42,0.345703125,0.7578125,-0.412109375
guenther2023grammaticality,2,43,1.0546875,0.12451171875,0.93017578125
guenther2023grammaticality,2,44,0.3125,0.7578125,-0.4453125
guenther2023grammaticality,2,45,0.283203125,0.345703125,-0.0625
guenther2023grammaticality,2,46,0.345703125,0.345703125,0.0
guenther2023grammaticality,2,47,0.345703125,0.158203125,0.1875
guenther2023grammaticality,2,48,2.359375,0.9765625,1.3828125
guenther2023grammaticality,2,49,0.283203125,0.578125,-0.294921875
guenther2023grammaticality,2,50,0.1787109375,0.390625,-0.2119140625
guenther2023grammaticality,2,51,0.3125,0.6328125,-0.3203125
guenther2023grammaticality,2,52,0.22265625,0.5234375,-0.30078125
guenther2023grammaticality,2,53,0.578125,0.578125,0.0
guenther2023grammaticality,2,54,0.158203125,0.283203125,-0.125
guenther2023grammaticality,2,55,0.2041015625,0.12451171875,0.07958984375
guenther2023grammaticality,2,56,0.4765625,0.431640625,0.044921875
guenther2023grammaticality,2,57,0.12451171875,0.11083984375,0.013671875
guenther2023grammaticality,2,58,0.22265625,0.6328125,-0.41015625
guenther2023grammaticality,2,59,0.3125,1.0546875,-0.7421875
guenther2023grammaticality,2,60,0.10400390625,0.345703125,-0.24169921875
guenther2023grammaticality,2,61,0.10400390625,0.4765625,-0.37255859375
guenther2023grammaticality,2,62,0.06787109375,0.08251953125,-0.0146484375
guenther2023grammaticality,2,63,0.2041015625,0.4765625,-0.2724609375
guenther2023grammaticality,2,64,0.22265625,0.578125,-0.35546875
guenther2023grammaticality,2,65,0.2041015625,0.828125,-0.6240234375
guenther2023grammaticality,2,66,0.08984375,0.3125,-0.22265625
guenther2023grammaticality,2,67,0.08251953125,0.4765625,-0.39404296875
guenther2023grammaticality,2,68,0.0458984375,0.345703125,-0.2998046875
guenther2023grammaticality,2,69,0.2041015625,0.69140625,-0.4873046875
guenther2023grammaticality,2,70,0.2041015625,0.6328125,-0.4287109375
guenther2023grammaticality,2,71,0.06787109375,0.384765625,-0.31689453125
guenther2023grammaticality,2,72,0.060546875,0.06787109375,-0.00732421875
guenther2023grammaticality,2,73,0.0458984375,0.25390625,-0.2080078125
guenther2023grammaticality,2,74,0.0458984375,0.12451171875,-0.07861328125
guenther2023grammaticality,2,75,0.05322265625,0.25390625,-0.20068359375
guenther2023grammaticality,2,76,0.03076171875,0.023193359375,0.007568359375
guenther2023grammaticality,2,77,0.2041015625,0.7578125,-0.5537109375
guenther2023grammaticality,2,78,0.038330078125,0.22265625,-0.184326171875
guenther2023grammaticality,2,79,0.283203125,0.7578125,-0.474609375
guenther2023grammaticality,2,80,1.703125,1.0546875,0.6484375
guenther2023grammaticality,2,81,0.060546875,0.431640625,-0.37109375
guenther2023grammaticality,2,82,0.023193359375,0.3125,-0.289306640625
guenther2023grammaticality,2,83,0.03076171875,0.158203125,-0.12744140625
guenther2023grammaticality,2,84,0.08251953125,0.390625,-0.30810546875
guenther2023grammaticality,2,85,0.060546875,0.345703125,-0.28515625
guenther2023grammaticality,2,86,0.11083984375,0.4765625,-0.36572265625
guenther2023grammaticality,2,87,0.10400390625,0.6328125,-0.52880859375
guenther2023grammaticality,2,88,0.0458984375,0.431640625,-0.3857421875
guenther2023grammaticality,2,89,0.038330078125,0.5234375,-0.485107421875
guenther2023grammaticality,2,90,0.060546875,0.5234375,-0.462890625
guenther2023grammaticality,2,91,0.03076171875,0.283203125,-0.25244140625
guenther2023grammaticality,2,92,0.08984375,0.12451171875,-0.03466796875
guenther2023grammaticality,2,93,0.8984375,0.6328125,0.265625
guenther2023grammaticality,2,94,0.060546875,0.431640625,-0.37109375
guenther2023grammaticality,2,95,0.060546875,0.11083984375,-0.05029296875
guenther2023grammaticality,2,96,0.11083984375,0.5234375,-0.41259765625
guenther2023grammaticality,2,97,0.060546875,0.283203125,-0.22265625
guenther2023grammaticality,2,98,0.03076171875,0.023193359375,0.007568359375
guenther2023grammaticality,2,99,0.0155029296875,0.038330078125,-0.0228271484375
guenther2023grammaticality,2,100,0.03076171875,0.345703125,-0.31494140625
guenther2023grammaticality,2,101,0.0458984375,0.4765625,-0.4306640625
guenther2023grammaticality,2,102,0.0458984375,0.431640625,-0.3857421875
guenther2023grammaticality,2,103,0.0458984375,0.25390625,-0.2080078125
guenther2023grammaticality,2,104,0.0458984375,0.345703125,-0.2998046875
guenther2023grammaticality,2,105,0.023193359375,0.1787109375,-0.155517578125
guenther2023grammaticality,2,106,0.0458984375,0.22265625,-0.1767578125
guenther2023grammaticality,2,107,0.023193359375,0.283203125,-0.260009765625
guenther2023grammaticality,2,108,1.0546875,1.3125,-0.2578125
guenther2023grammaticality,2,109,0.038330078125,0.578125,-0.539794921875
guenther2023grammaticality,3,0,0.67578125,0.5234375,0.15234375
guenther2023grammaticality,3,1,0.400390625,0.11083984375,0.28955078125
guenther2023grammaticality,3,2,0.259765625,0.158203125,0.1015625
guenther2023grammaticality,3,3,1.40625,2.359375,-0.953125
guenther2023grammaticality,3,4,0.1455078125,0.05322265625,0.09228515625
guenther2023grammaticality,3,5,0.2041015625,0.1455078125,0.05859375
guenther2023grammaticality,3,6,1.5,0.828125,0.671875
guenther2023grammaticality,3,7,3.171875,1.21875,1.953125
guenther2023grammaticality,3,8,0.431640625,0.69140625,-0.259765625
guenther2023grammaticality,3,9,0.25390625,0.283203125,-0.029296875
guenther2023grammaticality,3,10,2.578125,2.234375,0.34375
guenther2023grammaticality,3,11,0.9765625,0.69140625,0.28515625
guenther2023grammaticality,3,12,0.3515625,0.4765625,-0.125
guenther2023grammaticality,3,13,0.6328125,0.5234375,0.109375
guenther2023grammaticality,3,14,0.5234375,0.4765625,0.046875
guenther2023grammaticality,3,15,0.431640625,0.3125,0.119140625
guenther2023grammaticality,3,16,0.283203125,0.1455078125,0.1376953125
guenther2023grammaticality,3,17,0.5234375,0.578125,-0.0546875
guenther2023grammaticality,3,18,0.390625,0.578125,-0.1875
guenther2023grammaticality,3,19,0.3515625,0.390625,-0.0390625
guenther2023grammaticality,3,20,0.8984375,0.69140625,0.20703125
guenther2023grammaticality,3,21,0.25390625,0.060546875,0.193359375
guenther2023grammaticality,3,22,0.9765625,0.5234375,0.453125
guenther2023grammaticality,3,23,0.4765625,0.345703125,0.130859375
guenther2023grammaticality,3,24,1.2265625,1.3125,-0.0859375
guenther2023grammaticality,3,25,0.4765625,0.578125,-0.1015625
guenther2023grammaticality,3,26,0.22265625,0.12451171875,0.09814453125
guenther2023grammaticality,3,27,0.08984375,0.03076171875,0.05908203125
guenther2023grammaticality,3,28,1.5,0.69140625,0.80859375
guenther2023grammaticality,3,29,0.283203125,0.10400390625,0.17919921875
guenther2023grammaticality,3,30,0.1455078125,0.06787109375,0.07763671875
guenther2023grammaticality,3,31,0.5234375,0.7578125,-0.234375
guenther2023grammaticality,3,32,0.22265625,0.3125,-0.08984375
guenther2023grammaticality,3,33,0.3125,0.3125,0.0
guenther2023grammaticality,3,34,0.25390625,0.05322265625,0.20068359375
guenther2023grammaticality,3,35,0.3125,0.22265625,0.08984375
guenther2023grammaticality,3,36,0.5234375,0.283203125,0.240234375
guenther2023grammaticality,3,37,0.22265625,0.2041015625,0.0185546875
guenther2023grammaticality,3,38,0.3125,0.431640625,-0.119140625
guenther2023grammaticality,3,39,0.10400390625,0.08984375,0.01416015625
guenther2023grammaticality,3,40,0.390625,0.345703125,0.044921875
guenther2023grammaticality,3,41,0.22265625,0.578125,-0.35546875
guenther2023grammaticality,3,42,0.0458984375,0.03076171875,0.01513671875
guenther2023grammaticality,3,43,0.1455078125,0.3125,-0.1669921875
guenther2023grammaticality,3,44,1.3125,1.5,-0.1875
guenther2023grammaticality,3,45,0.060546875,0.08251953125,-0.02197265625
guenther2023grammaticality,3,46,0.11083984375,0.345703125,-0.23486328125
guenther2023grammaticality,3,47,0.038330078125,0.1787109375,-0.140380859375
guenther2023grammaticality,3,48,0.038330078125,0.1787109375,-0.140380859375
guenther2023grammaticality,3,49,0.08984375,0.345703125,-0.255859375
guenther2023grammaticality,3,50,0.0155029296875,0.08984375,-0.0743408203125
guenther2023grammaticality,3,51,0.038330078125,0.06787109375,-0.029541015625
guenther2023grammaticality,3,52,0.023193359375,0.0155029296875,0.0076904296875
guenther2023grammaticality,3,53,0.0155029296875,0.060546875,-0.0450439453125
guenther2023grammaticality,3,54,0.05322265625,0.08984375,-0.03662109375
guenther2023grammaticality,3,55,0.038330078125,0.0458984375,-0.007568359375
guenther2023grammaticality,3,56,0.06787109375,0.06787109375,0.0
guenther2023grammaticality,3,57,0.05322265625,0.3125,-0.25927734375
guenther2023grammaticality,3,58,0.0458984375,0.22265625,-0.1767578125
guenther2023grammaticality,3,59,0.03076171875,0.038330078125,-0.007568359375
guenther2023grammaticality,3,60,1.90625,1.3125,0.59375
guenther2023grammaticality,3,61,0.060546875,0.3125,-0.251953125
guenther2023grammaticality,3,62,0.0155029296875,0.0458984375,-0.0303955078125
guenther2023grammaticality,3,63,0.578125,0.431640625,0.146484375
guenther2023grammaticality,3,64,0.08984375,0.158203125,-0.068359375
guenther2023grammaticality,3,65,1.0546875,1.140625,-0.0859375
guenther2023grammaticality,3,66,0.007781982421875,0.038330078125,-0.030548095703125
guenther2023grammaticality,3,67,0.023193359375,0.05322265625,-0.030029296875
guenther2023grammaticality,3,68,0.08984375,0.3125,-0.22265625
guenther2023grammaticality,3,69,0.023193359375,0.22265625,-0.199462890625
guenther2023grammaticality,3,70,0.431640625,0.3125,0.119140625
guenther2023grammaticality,3,71,0.578125,0.5234375,0.0546875
guenther2023grammaticality,3,72,0.3125,0.2041015625,0.1083984375
guenther2023grammaticality,3,73,0.10400390625,0.431640625,-0.32763671875
guenther2023grammaticality,3,74,1.21875,1.3125,-0.09375
guenther2023grammaticality,3,75,0.08251953125,0.3125,-0.22998046875
guenther2023grammaticality,3,76,0.007781982421875,0.03076171875,-0.022979736328125
guenther2023grammaticality,3,77,0.06787109375,0.11083984375,-0.04296875
guenther2023grammaticality,3,78,0.007781982421875,0.03076171875,-0.022979736328125
guenther2023grammaticality,3,79,0.05322265625,0.158203125,-0.10498046875
guenther2023grammaticality,3,80,3.53125,1.5,2.03125
guenther2023grammaticality,3,81,0.5234375,0.4765625,0.046875
guenther2023grammaticality,3,82,0.12451171875,0.1787109375,-0.05419921875
guenther2023grammaticality,3,83,0.1455078125,0.3125,-0.1669921875
guenther2023grammaticality,3,84,0.05322265625,0.10400390625,-0.05078125
guenther2023grammaticality,3,85,0.11083984375,0.25390625,-0.14306640625
guenther2023grammaticality,3,86,1.0546875,1.21875,-0.1640625
guenther2023grammaticality,3,87,0.05322265625,0.2041015625,-0.15087890625
guenther2023grammaticality,3,88,0.03076171875,0.158203125,-0.12744140625
guenther2023grammaticality,3,89,0.11083984375,0.283203125,-0.17236328125
guenther2023grammaticality,3,90,0.158203125,0.10400390625,0.05419921875
guenther2023grammaticality,3,91,0.03076171875,0.2041015625,-0.17333984375
guenther2023grammaticality,3,92,0.578125,0.578125,0.0
guenther2023grammaticality,3,93,0.08984375,0.11083984375,-0.02099609375
guenther2023grammaticality,3,94,0.4765625,0.5234375,-0.046875
guenther2023grammaticality,3,95,0.03076171875,0.11083984375,-0.080078125
guenther2023grammaticality,3,96,0.03076171875,0.060546875,-0.02978515625
guenther2023grammaticality,3,97,0.023193359375,0.08251953125,-0.059326171875
guenther2023grammaticality,3,98,0.25390625,0.283203125,-0.029296875
guenther2023grammaticality,3,99,0.0458984375,0.158203125,-0.1123046875
guenther2023grammaticality,3,100,0.0155029296875,0.03076171875,-0.0152587890625
guenther2023grammaticality,3,101,0.038330078125,0.060546875,-0.022216796875
guenther2023grammaticality,3,102,0.023193359375,0.11083984375,-0.087646484375
guenther2023grammaticality,3,103,0.038330078125,0.0458984375,-0.007568359375
guenther2023grammaticality,3,104,0.2041015625,0.283203125,-0.0791015625
guenther2023grammaticality,3,105,0.0458984375,0.1787109375,-0.1328125
guenther2023grammaticality,3,106,0.03076171875,0.10400390625,-0.0732421875
guenther2023grammaticality,3,107,0.023193359375,0.05322265625,-0.030029296875
guenther2023grammaticality,3,108,0.0155029296875,0.05322265625,-0.0377197265625
guenther2023grammaticality,3,109,0.023193359375,0.023193359375,0.0
guenther2023grammaticality,4,0,2.328125,1.6015625,0.7265625
guenther2023grammaticality,4,1,1.328125,0.828125,0.5
guenther2023grammaticality,4,2,0.3515625,0.283203125,0.068359375
guenther2023grammaticality,4,3,0.3125,0.4765625,-0.1640625
guenther2023grammaticality,4,4,0.158203125,0.158203125,0.0
guenther2023grammaticality,4,5,0.10400390625,0.1455078125,-0.04150390625
guenther2023grammaticality,4,6,0.283203125,0.283203125,0.0
guenther2023grammaticality,4,7,0.007781982421875,0.038330078125,-0.030548095703125
guenther2023grammaticality,4,8,0.6328125,1.5,-0.8671875
guenther2023grammaticality,4,9,0.0,0.283203125,-0.283203125
guenther2023grammaticality,4,10,0.2041015625,0.12451171875,0.07958984375
guenther2023grammaticality,4,11,1.0546875,1.140625,-0.0859375
guenther2023grammaticality,4,12,0.007781982421875,0.9765625,-0.968780517578125
guenther2023grammaticality,4,13,0.007781982421875,0.8984375,-0.890655517578125
guenther2023grammaticality,4,14,0.0,0.283203125,-0.283203125
guenther2023grammaticality,4,15,0.431640625,0.431640625,0.0
guenther2023grammaticality,4,16,0.828125,0.8984375,-0.0703125
guenther2023grammaticality,4,17,0.0,0.345703125,-0.345703125
guenther2023grammaticality,4,18,0.0,0.1455078125,-0.1455078125
guenther2023grammaticality,4,19,0.0,0.06787109375,-0.06787109375
guenther2023grammaticality,4,20,0.431640625,0.10400390625,0.32763671875
guenther2023grammaticality,4,21,0.007781982421875,0.03076171875,-0.022979736328125
guenther2023grammaticality,4,22,0.0,0.08251953125,-0.08251953125
guenther2023grammaticality,4,23,0.007781982421875,0.8984375,-0.890655517578125
guenther2023grammaticality,4,24,0.0,0.390625,-0.390625
guenther2023grammaticality,4,25,0.0,0.2041015625,-0.2041015625
guenther2023grammaticality,4,26,0.0,0.578125,-0.578125
guenther2023grammaticality,4,27,0.0,0.12451171875,-0.12451171875
guenther2023grammaticality,4,28,0.0,0.038330078125,-0.038330078125
guenther2023grammaticality,4,29,0.0,0.158203125,-0.158203125
guenther2023grammaticality,4,30,0.0,0.05322265625,-0.05322265625
guenther2023grammaticality,4,31,0.0,0.10400390625,-0.10400390625
guenther2023grammaticality,4,32,0.007781982421875,0.7578125,-0.750030517578125
guenther2023grammaticality,4,33,0.007781982421875,0.4765625,-0.468780517578125
guenther2023grammaticality,4,34,0.0,0.4765625,-0.4765625
guenther2023grammaticality,4,35,0.0,0.22265625,-0.22265625
guenther2023grammaticality,4,36,0.0,0.06787109375,-0.06787109375
guenther2023grammaticality,4,37,0.0,0.22265625,-0.22265625
guenther2023grammaticality,4,38,0.0,0.08984375,-0.08984375
guenther2023grammaticality,4,39,0.0,0.0458984375,-0.0458984375
guenther2023grammaticality,4,40,0.0,0.22265625,-0.22265625
guenther2023grammaticality,4,41,0.0,0.038330078125,-0.038330078125
guenther2023grammaticality,4,42,0.0,0.08984375,-0.08984375
guenther2023grammaticality,4,43,0.0,0.158203125,-0.158203125
guenther2023grammaticality,4,44,0.0,0.1455078125,-0.1455078125
guenther2023grammaticality,4,45,0.0,0.060546875,-0.060546875
guenther2023grammaticality,4,46,0.0,0.038330078125,-0.038330078125
guenther2023grammaticality,4,47,0.0,0.25390625,-0.25390625
guenther2023grammaticality,4,48,0.0,0.03076171875,-0.03076171875
guenther2023grammaticality,4,49,0.0,0.03076171875,-0.03076171875
guenther2023grammaticality,4,50,0.0,0.007781982421875,-0.007781982421875
guenther2023grammaticality,4,51,0.0,0.03076171875,-0.03076171875
guenther2023grammaticality,4,52,0.0,0.08251953125,-0.08251953125
guenther2023grammaticality,4,53,0.0,0.023193359375,-0.023193359375
guenther2023grammaticality,4,54,0.0,0.390625,-0.390625
guenther2023grammaticality,4,55,0.0,0.08251953125,-0.08251953125
guenther2023grammaticality,4,56,0.0,0.0458984375,-0.0458984375
guenther2023grammaticality,4,57,0.0,0.12451171875,-0.12451171875
guenther2023grammaticality,4,58,0.0,0.05322265625,-0.05322265625
guenther2023grammaticality,4,59,0.0,0.12451171875,-0.12451171875
guenther2023grammaticality,4,60,0.0,0.0458984375,-0.0458984375
guenther2023grammaticality,4,61,0.0,0.007781982421875,-0.007781982421875
guenther2023grammaticality,4,62,0.0,0.0458984375,-0.0458984375
guenther2023grammaticality,4,63,0.0,0.2041015625,-0.2041015625
guenther2023grammaticality,4,64,0.0,0.038330078125,-0.038330078125
guenther2023grammaticality,4,65,0.0,0.05322265625,-0.05322265625
guenther2023grammaticality,4,66,0.0,0.0155029296875,-0.0155029296875
guenther2023grammaticality,4,67,0.0,0.05322265625,-0.05322265625
guenther2023grammaticality,4,68,0.0,0.0458984375,-0.0458984375
guenther2023grammaticality,4,69,0.0,0.06787109375,-0.06787109375
guenther2023grammaticality,4,70,0.0,0.023193359375,-0.023193359375
guenther2023grammaticality,4,71,0.0,0.0155029296875,-0.0155029296875
guenther2023grammaticality,4,72,0.0,0.11083984375,-0.11083984375
guenther2023grammaticality,4,73,0.0,0.03076171875,-0.03076171875
guenther2023grammaticality,4,74,0.0,0.08251953125,-0.08251953125
guenther2023grammaticality,4,75,0.0,0.431640625,-0.431640625
guenther2023grammaticality,4,76,0.0,0.023193359375,-0.023193359375
guenther2023grammaticality,4,77,0.0,0.038330078125,-0.038330078125
guenther2023grammaticality,4,78,0.0,0.03076171875,-0.03076171875
guenther2023grammaticality,4,79,0.0,0.023193359375,-0.023193359375
guenther2023grammaticality,4,80,0.0,0.0155029296875,-0.0155029296875
guenther2023grammaticality,4,81,0.0,0.05322265625,-0.05322265625
guenther2023grammaticality,4,82,0.0,0.023193359375,-0.023193359375
guenther2023grammaticality,4,83,0.0,0.11083984375,-0.11083984375
guenther2023grammaticality,4,84,0.0,0.03076171875,-0.03076171875
guenther2023grammaticality,4,85,0.0,0.0155029296875,-0.0155029296875
guenther2023grammaticality,4,86,0.0,0.023193359375,-0.023193359375
guenther2023grammaticality,4,87,0.0,0.0155029296875,-0.0155029296875
guenther2023grammaticality,4,88,0.0,0.023193359375,-0.023193359375
guenther2023grammaticality,4,89,0.0,0.0155029296875,-0.0155029296875
guenther2023grammaticality,4,90,0.0,0.023193359375,-0.023193359375
guenther2023grammaticality,4,91,0.0,0.007781982421875,-0.007781982421875
guenther2023grammaticality,4,92,0.0,0.007781982421875,-0.007781982421875
guenther2023grammaticality,4,93,0.0,0.0458984375,-0.0458984375
guenther2023grammaticality,4,94,0.0,0.060546875,-0.060546875
guenther2023grammaticality,4,95,0.0,0.023193359375,-0.023193359375
guenther2023grammaticality,4,96,0.0,0.06787109375,-0.06787109375
guenther2023grammaticality,4,97,0.0,0.007781982421875,-0.007781982421875
guenther2023grammaticality,4,98,0.0,0.0155029296875,-0.0155029296875
guenther2023grammaticality,4,99,0.0,0.0155029296875,-0.0155029296875
guenther2023grammaticality,4,100,0.0,0.007781982421875,-0.007781982421875
guenther2023grammaticality,4,101,0.0,0.0155029296875,-0.0155029296875
guenther2023grammaticality,4,102,0.0,0.0155029296875,-0.0155029296875
guenther2023grammaticality,4,103,0.0,0.0155029296875,-0.0155029296875
guenther2023grammaticality,4,104,0.0,0.007781982421875,-0.007781982421875
guenther2023grammaticality,4,105,0.0,0.0155029296875,-0.0155029296875
guenther2023grammaticality,4,106,0.0,0.007781982421875,-0.007781982421875
guenther2023grammaticality,4,107,0.0,0.03076171875,-0.03076171875
guenther2023grammaticality,4,108,0.0,0.007781982421875,-0.007781982421875
guenther2023grammaticality,4,109,0.0,0.007781982421875,-0.007781982421875
guenther2023grammaticality,5,0,0.625,0.25390625,0.37109375
guenther2023grammaticality,5,1,0.40625,0.3125,0.09375
guenther2023grammaticality,5,2,0.1650390625,0.12451171875,0.04052734375
guenther2023grammaticality,5,3,0.1845703125,0.06787109375,0.11669921875
guenther2023grammaticality,5,4,0.2041015625,0.03076171875,0.17333984375
guenther2023grammaticality,5,5,0.1650390625,0.0458984375,0.119140625
guenther2023grammaticality,5,6,0.08251953125,0.0458984375,0.03662109375
guenther2023grammaticality,5,7,0.05322265625,0.023193359375,0.030029296875
guenther2023grammaticality,5,8,0.023193359375,0.0155029296875,0.0076904296875
guenther2023grammaticality,5,9,0.0155029296875,0.03076171875,-0.0152587890625
guenther2023grammaticality,5,10,3.65625,4.25,-0.59375
guenther2023grammaticality,5,11,0.1787109375,0.2041015625,-0.025390625
guenther2023grammaticality,5,12,0.060546875,0.10400390625,-0.04345703125
guenther2023grammaticality,5,13,0.08251953125,0.11083984375,-0.0283203125
guenther2023grammaticality,5,14,0.12451171875,0.1455078125,-0.02099609375
guenther2023grammaticality,5,15,0.06787109375,0.060546875,0.00732421875
guenther2023grammaticality,5,16,0.060546875,0.08984375,-0.029296875
guenther2023grammaticality,5,17,0.023193359375,0.0458984375,-0.022705078125
guenther2023grammaticality,5,18,0.63671875,0.1787109375,0.4580078125
guenther2023grammaticality,5,19,0.007781982421875,0.08251953125,-0.074737548828125
guenther2023grammaticality,5,20,0.007781982421875,0.05322265625,-0.045440673828125
guenther2023grammaticality,5,21,0.007781982421875,0.023193359375,-0.015411376953125
guenther2023grammaticality,5,22,0.7578125,0.2041015625,0.5537109375
guenther2023grammaticality,5,23,0.038330078125,0.06787109375,-0.029541015625
guenther2023grammaticality,5,24,0.007781982421875,0.023193359375,-0.015411376953125
guenther2023grammaticality,5,25,0.007781982421875,0.03076171875,-0.022979736328125
guenther2023grammaticality,5,26,0.007781982421875,0.0155029296875,-0.007720947265625
guenther2023grammaticality,5,27,0.0458984375,0.03076171875,0.01513671875
guenther2023grammaticality,5,28,0.007781982421875,0.0155029296875,-0.007720947265625
guenther2023grammaticality,5,29,0.038330078125,0.03076171875,0.007568359375
guenther2023grammaticality,5,30,0.06787109375,0.0458984375,0.02197265625
guenther2023grammaticality,5,31,0.007781982421875,0.03076171875,-0.022979736328125
guenther2023grammaticality,5,32,0.007781982421875,0.0155029296875,-0.007720947265625
guenther2023grammaticality,5,33,0.007781982421875,0.0155029296875,-0.007720947265625
guenther2023grammaticality,5,34,0.023193359375,0.023193359375,0.0
guenther2023grammaticality,5,35,0.007781982421875,0.007781982421875,0.0
guenther2023grammaticality,5,36,0.007781982421875,0.007781982421875,0.0
guenther2023grammaticality,5,37,0.007781982421875,0.0155029296875,-0.007720947265625
guenther2023grammaticality,5,38,0.0155029296875,0.007781982421875,0.007720947265625
guenther2023grammaticality,5,39,0.007781982421875,0.007781982421875,0.0
guenther2023grammaticality,5,40,0.0155029296875,0.007781982421875,0.007720947265625
guenther2023grammaticality,5,41,0.007781982421875,0.007781982421875,0.0
guenther2023grammaticality,5,42,0.060546875,0.038330078125,0.022216796875
guenther2023grammaticality,5,43,0.023193359375,0.023193359375,0.0
guenther2023grammaticality,5,44,0.007781982421875,0.007781982421875,0.0
guenther2023grammaticality,5,45,0.007781982421875,0.007781982421875,0.0
guenther2023grammaticality,5,46,0.2041015625,0.158203125,0.0458984375
guenther2023grammaticality,5,47,0.0155029296875,0.03076171875,-0.0152587890625
guenther2023grammaticality,5,48,0.007781982421875,0.007781982421875,0.0
guenther2023grammaticality,5,49,0.007781982421875,0.0155029296875,-0.007720947265625
guenther2023grammaticality,5,50,0.0,0.007781982421875,-0.007781982421875
guenther2023grammaticality,5,51,0.0,0.007781982421875,-0.007781982421875
guenther2023grammaticality,5,52,0.0,0.007781982421875,-0.007781982421875
guenther2023grammaticality,5,53,0.0155029296875,0.0155029296875,0.0
guenther2023grammaticality,5,54,0.0155029296875,0.0155029296875,0.0
guenther2023grammaticality,5,55,0.007781982421875,0.007781982421875,0.0
guenther2023grammaticality,5,56,0.007781982421875,0.007781982421875,0.0
guenther2023grammaticality,5,57,0.0155029296875,0.0155029296875,0.0
guenther2023grammaticality,5,58,0.0155029296875,0.007781982421875,0.007720947265625
guenther2023grammaticality,5,59,0.060546875,0.08984375,-0.029296875
guenther2023grammaticality,5,60,6.375,5.5,0.875
guenther2023grammaticality,5,61,0.03076171875,0.060546875,-0.02978515625
guenther2023grammaticality,5,62,0.0155029296875,0.03076171875,-0.0152587890625
guenther2023grammaticality,5,63,0.060546875,0.05322265625,0.00732421875
guenther2023grammaticality,5,64,0.03076171875,0.060546875,-0.02978515625
guenther2023grammaticality,5,65,0.0155029296875,0.023193359375,-0.0076904296875
guenther2023grammaticality,5,66,0.0458984375,0.0458984375,0.0
guenther2023grammaticality,5,67,0.007781982421875,0.023193359375,-0.015411376953125
guenther2023grammaticality,5,68,0.007781982421875,0.007781982421875,0.0
guenther2023grammaticality,5,69,0.007781982421875,0.023193359375,-0.015411376953125
guenther2023grammaticality,5,70,0.03076171875,0.03076171875,0.0
guenther2023grammaticality,5,71,0.007781982421875,0.0155029296875,-0.007720947265625
guenther2023grammaticality,5,72,0.0155029296875,0.0155029296875,0.0
guenther2023grammaticality,5,73,0.007781982421875,0.007781982421875,0.0
guenther2023grammaticality,5,74,0.007781982421875,0.0155029296875,-0.007720947265625
guenther2023grammaticality,5,75,0.007781982421875,0.007781982421875,0.0
guenther2023grammaticality,5,76,0.007781982421875,0.007781982421875,0.0
guenther2023grammaticality,5,77,0.007781982421875,0.0155029296875,-0.007720947265625
guenther2023grammaticality,5,78,0.007781982421875,0.007781982421875,0.0
guenther2023grammaticality,5,79,0.007781982421875,0.0155029296875,-0.007720947265625
guenther2023grammaticality,5,80,0.03076171875,0.05322265625,-0.0224609375
guenther2023grammaticality,5,81,0.007781982421875,0.007781982421875,0.0
guenther2023grammaticality,5,82,0.007781982421875,0.007781982421875,0.0
guenther2023grammaticality,5,83,0.023193359375,0.0155029296875,0.0076904296875
guenther2023grammaticality,5,84,0.007781982421875,0.007781982421875,0.0
guenther2023grammaticality,5,85,0.007781982421875,0.007781982421875,0.0
guenther2023grammaticality,5,86,0.0,0.007781982421875,-0.007781982421875
guenther2023grammaticality,5,87,0.007781982421875,0.007781982421875,0.0
guenther2023grammaticality,5,88,0.007781982421875,0.007781982421875,0.0
guenther2023grammaticality,5,89,0.007781982421875,0.007781982421875,0.0
guenther2023grammaticality,5,90,0.007781982421875,0.007781982421875,0.0
guenther2023grammaticality,5,91,0.007781982421875,0.007781982421875,0.0
guenther2023grammaticality,5,92,0.007781982421875,0.007781982421875,0.0
guenther2023grammaticality,5,93,0.0,0.007781982421875,-0.007781982421875
guenther2023grammaticality,5,94,0.007781982421875,0.0,0.007781982421875
guenther2023grammaticality,5,95,0.0,0.007781982421875,-0.007781982421875
guenther2023grammaticality,5,96,0.0,0.0,0.0
guenther2023grammaticality,5,97,0.0,0.007781982421875,-0.007781982421875
guenther2023grammaticality,5,98,0.0155029296875,0.007781982421875,0.007720947265625
guenther2023grammaticality,5,99,0.007781982421875,0.007781982421875,0.0
guenther2023grammaticality,5,100,0.007781982421875,0.007781982421875,0.0
guenther2023grammaticality,5,101,0.007781982421875,0.0155029296875,-0.007720947265625
guenther2023grammaticality,5,102,0.0,0.007781982421875,-0.007781982421875
guenther2023grammaticality,5,103,0.007781982421875,0.007781982421875,0.0
guenther2023grammaticality,5,104,0.0,0.007781982421875,-0.007781982421875
guenther2023grammaticality,5,105,0.0,0.007781982421875,-0.007781982421875
guenther2023grammaticality,5,106,0.0,0.007781982421875,-0.007781982421875
guenther2023grammaticality,5,107,0.0,0.0,0.0
guenther2023grammaticality,5,108,0.007781982421875,0.0155029296875,-0.007720947265625
guenther2023grammaticality,5,109,0.007781982421875,0.0,0.007781982421875
guenther2023grammaticality,6,0,0.83984375,0.390625,0.44921875
guenther2023grammaticality,6,1,0.70703125,1.5,-0.79296875
guenther2023grammaticality,6,2,0.330078125,0.431640625,-0.1015625
guenther2023grammaticality,6,3,0.390625,0.431640625,-0.041015625
guenther2023grammaticality,6,4,0.2294921875,0.7578125,-0.5283203125
guenther2023grammaticality,6,5,0.828125,0.69140625,0.13671875
guenther2023grammaticality,6,6,0.05322265625,0.3125,-0.25927734375
guenther2023grammaticality,6,7,4.375,1.0546875,3.3203125
guenther2023grammaticality,6,8,0.431640625,0.578125,-0.146484375
guenther2023grammaticality,6,9,0.060546875,0.158203125,-0.09765625
guenther2023grammaticality,6,10,0.1455078125,0.25390625,-0.1083984375
guenther2023grammaticality,6,11,0.69140625,0.390625,0.30078125
guenther2023grammaticality,6,12,0.828125,0.828125,0.0
guenther2023grammaticality,6,13,0.3125,0.345703125,-0.033203125
guenther2023grammaticality,6,14,0.1845703125,0.08251953125,0.10205078125
guenther2023grammaticality,6,15,3.28125,1.8046875,1.4765625
guenther2023grammaticality,6,16,2.6875,1.59375,1.09375
guenther2023grammaticality,6,17,0.6328125,0.578125,0.0546875
guenther2023grammaticality,6,18,0.69140625,0.5234375,0.16796875
guenther2023grammaticality,6,19,0.158203125,0.283203125,-0.125
guenther2023grammaticality,6,20,0.2294921875,0.283203125,-0.0537109375
guenther2023grammaticality,6,21,1.6015625,1.703125,-0.1015625
guenther2023grammaticality,6,22,0.4765625,0.390625,0.0859375
guenther2023grammaticality,6,23,0.283203125,0.10400390625,0.17919921875
guenther2023grammaticality,6,24,0.431640625,0.25390625,0.177734375
guenther2023grammaticality,6,25,0.431640625,0.431640625,0.0
guenther2023grammaticality,6,26,0.1455078125,0.22265625,-0.0771484375
guenther2023grammaticality,6,27,0.25390625,0.1455078125,0.1083984375
guenther2023grammaticality,6,28,0.2041015625,0.22265625,-0.0185546875
guenther2023grammaticality,6,29,0.7578125,0.9765625,-0.21875
guenther2023grammaticality,6,30,0.5234375,0.8984375,-0.375
guenther2023grammaticality,6,31,0.12451171875,0.22265625,-0.09814453125
guenther2023grammaticality,6,32,0.0458984375,0.1455078125,-0.099609375
guenther2023grammaticality,6,33,0.2041015625,0.283203125,-0.0791015625
guenther2023grammaticality,6,34,0.08984375,0.06787109375,0.02197265625
guenther2023grammaticality,6,35,0.8984375,1.140625,-0.2421875
guenther2023grammaticality,6,36,0.7578125,0.828125,-0.0703125
guenther2023grammaticality,6,37,0.7578125,0.7578125,0.0
guenther2023grammaticality,6,38,0.11083984375,0.25390625,-0.14306640625
guenther2023grammaticality,6,39,0.5234375,0.25390625,0.26953125
guenther2023grammaticality,6,40,0.05322265625,0.1787109375,-0.12548828125
guenther2023grammaticality,6,41,2.125,1.40625,0.71875
guenther2023grammaticality,6,42,0.5234375,0.390625,0.1328125
guenther2023grammaticality,6,43,0.11083984375,0.1787109375,-0.06787109375
guenther2023grammaticality,6,44,2.359375,1.59375,0.765625
guenther2023grammaticality,6,45,0.431640625,0.345703125,0.0859375
guenther2023grammaticality,6,46,0.1455078125,0.22265625,-0.0771484375
guenther2023grammaticality,6,47,0.08251953125,0.158203125,-0.07568359375
guenther2023grammaticality,6,48,0.10400390625,0.2041015625,-0.10009765625
guenther2023grammaticality,6,49,0.283203125,0.345703125,-0.0625
guenther2023grammaticality,6,50,0.390625,0.828125,-0.4375
guenther2023grammaticality,6,51,0.283203125,0.2041015625,0.0791015625
guenther2023grammaticality,6,52,1.703125,1.5,0.203125
guenther2023grammaticality,6,53,0.06787109375,0.1787109375,-0.11083984375
guenther2023grammaticality,6,54,0.2041015625,0.08251953125,0.12158203125
guenther2023grammaticality,6,55,1.21875,1.140625,0.078125
guenther2023grammaticality,6,56,0.11083984375,0.08984375,0.02099609375
guenther2023grammaticality,6,57,0.06787109375,0.08251953125,-0.0146484375
guenther2023grammaticality,6,58,0.283203125,0.69140625,-0.408203125
guenther2023grammaticality,6,59,1.59375,1.40625,0.1875
guenther2023grammaticality,6,60,0.08984375,0.3125,-0.22265625
guenther2023grammaticality,6,61,0.8984375,0.8984375,0.0
guenther2023grammaticality,6,62,0.06787109375,0.10400390625,-0.0361328125
guenther2023grammaticality,6,63,0.08984375,0.2041015625,-0.1142578125
guenther2023grammaticality,6,64,0.25390625,0.5234375,-0.26953125
guenther2023grammaticality,6,65,0.06787109375,0.3125,-0.24462890625
guenther2023grammaticality,6,66,0.158203125,0.6328125,-0.474609375
guenther2023grammaticality,6,67,0.1455078125,0.5234375,-0.3779296875
guenther2023grammaticality,6,68,0.08251953125,0.6328125,-0.55029296875
guenther2023grammaticality,6,69,0.283203125,0.431640625,-0.1484375
guenther2023grammaticality,6,70,0.283203125,0.5234375,-0.240234375
guenther2023grammaticality,6,71,0.0458984375,0.25390625,-0.2080078125
guenther2023grammaticality,6,72,0.06787109375,0.3125,-0.24462890625
guenther2023grammaticality,6,73,0.03076171875,0.22265625,-0.19189453125
guenther2023grammaticality,6,74,2.578125,0.8984375,1.6796875
guenther2023grammaticality,6,75,0.05322265625,0.1787109375,-0.12548828125
guenther2023grammaticality,6,76,0.06787109375,0.2041015625,-0.13623046875
guenther2023grammaticality,6,77,0.038330078125,0.1455078125,-0.107177734375
guenther2023grammaticality,6,78,0.8984375,0.9765625,-0.078125
guenther2023grammaticality,6,79,0.03076171875,0.1787109375,-0.14794921875
guenther2023grammaticality,6,80,0.1455078125,0.22265625,-0.0771484375
guenther2023grammaticality,6,81,1.59375,1.1328125,0.4609375
guenther2023grammaticality,6,82,0.023193359375,0.1787109375,-0.155517578125
guenther2023grammaticality,6,83,0.390625,0.431640625,-0.041015625
guenther2023grammaticality,6,84,0.7578125,0.5234375,0.234375
guenther2023grammaticality,6,85,0.10400390625,0.1787109375,-0.07470703125
guenther2023grammaticality,6,86,1.40625,1.1328125,0.2734375
guenther2023grammaticality,6,87,0.7578125,1.0546875,-0.296875
guenther2023grammaticality,6,88,0.10400390625,0.283203125,-0.17919921875
guenther2023grammaticality,6,89,0.1455078125,0.69140625,-0.5458984375
guenther2023grammaticality,6,90,0.0458984375,0.578125,-0.5322265625
guenther2023grammaticality,6,91,0.5234375,0.5234375,0.0
guenther2023grammaticality,6,92,0.023193359375,0.158203125,-0.135009765625
guenther2023grammaticality,6,93,0.345703125,0.578125,-0.232421875
guenther2023grammaticality,6,94,1.140625,0.9765625,0.1640625
guenther2023grammaticality,6,95,0.9765625,0.8984375,0.078125
guenther2023grammaticality,6,96,0.578125,0.7578125,-0.1796875
guenther2023grammaticality,6,97,0.08984375,0.5234375,-0.43359375
guenther2023grammaticality,6,98,0.05322265625,0.345703125,-0.29248046875
guenther2023grammaticality,6,99,1.3125,0.9765625,0.3359375
guenther2023grammaticality,6,100,2.578125,0.8984375,1.6796875
guenther2023grammaticality,6,101,0.431640625,0.431640625,0.0
guenther2023grammaticality,6,102,0.828125,0.8984375,-0.0703125
guenther2023grammaticality,6,103,0.060546875,0.25390625,-0.193359375
guenther2023grammaticality,6,104,0.5234375,0.69140625,-0.16796875
guenther2023grammaticality,6,105,0.11083984375,0.0458984375,0.06494140625
guenther2023grammaticality,6,106,0.0458984375,0.10400390625,-0.05810546875
guenther2023grammaticality,6,107,0.038330078125,0.1455078125,-0.107177734375
guenther2023grammaticality,6,108,0.11083984375,0.22265625,-0.11181640625
guenther2023grammaticality,6,109,0.03076171875,0.12451171875,-0.09375
guenther2023grammaticality,7,0,1.484375,1.90625,-0.421875
guenther2023grammaticality,7,1,1.15625,0.03076171875,1.12548828125
guenther2023grammaticality,7,2,0.1845703125,0.11083984375,0.07373046875
guenther2023grammaticality,7,3,0.1787109375,0.2041015625,-0.025390625
guenther2023grammaticality,7,4,1.40625,1.0546875,0.3515625
guenther2023grammaticality,7,5,1.0546875,1.21875,-0.1640625
guenther2023grammaticality,7,6,0.2294921875,0.69140625,-0.4619140625
guenther2023grammaticality,7,7,0.8984375,0.69140625,0.20703125
guenther2023grammaticality,7,8,0.0458984375,0.283203125,-0.2373046875
guenther2023grammaticality,7,9,0.7578125,0.8984375,-0.140625
guenther2023grammaticality,7,10,0.5234375,1.21875,-0.6953125
guenther2023grammaticality,7,11,0.5234375,0.69140625,-0.16796875
guenther2023grammaticality,7,12,0.4765625,0.7578125,-0.28125
guenther2023grammaticality,7,13,0.10400390625,0.69140625,-0.58740234375
guenther2023grammaticality,7,14,0.03076171875,0.6328125,-0.60205078125
guenther2023grammaticality,7,15,0.007781982421875,0.6328125,-0.625030517578125
guenther2023grammaticality,7,16,0.0155029296875,0.431640625,-0.4161376953125
guenther2023grammaticality,7,17,0.023193359375,0.4765625,-0.453369140625
guenther2023grammaticality,7,18,0.007781982421875,0.283203125,-0.275421142578125
guenther2023grammaticality,7,19,0.007781982421875,0.5234375,-0.515655517578125
guenther2023grammaticality,7,20,0.007781982421875,0.1787109375,-0.170928955078125
guenther2023grammaticality,7,21,0.023193359375,0.431640625,-0.408447265625
guenther2023grammaticality,7,22,0.023193359375,0.390625,-0.367431640625
guenther2023grammaticality,7,23,5.125,1.90625,3.21875
guenther2023grammaticality,7,24,0.06787109375,0.22265625,-0.15478515625
guenther2023grammaticality,7,25,0.7578125,0.9765625,-0.21875
guenther2023grammaticality,7,26,0.69140625,0.828125,-0.13671875
guenther2023grammaticality,7,27,0.023193359375,0.5234375,-0.500244140625
guenther2023grammaticality,7,28,0.03076171875,0.22265625,-0.19189453125
guenther2023grammaticality,7,29,0.0155029296875,0.1787109375,-0.1632080078125
guenther2023grammaticality,7,30,0.431640625,0.69140625,-0.259765625
guenther2023grammaticality,7,31,0.283203125,0.345703125,-0.0625
guenther2023grammaticality,7,32,2.359375,0.69140625,1.66796875
guenther2023grammaticality,7,33,2.125,1.21875,0.90625
guenther2023grammaticality,7,34,0.0458984375,0.4765625,-0.4306640625
guenther2023grammaticality,7,35,0.03076171875,0.158203125,-0.12744140625
guenther2023grammaticality,7,36,0.2041015625,0.431640625,-0.2275390625
guenther2023grammaticality,7,37,0.158203125,0.390625,-0.232421875
guenther2023grammaticality,7,38,0.0155029296875,0.08984375,-0.0743408203125
guenther2023grammaticality,7,39,0.03076171875,0.25390625,-0.22314453125
guenther2023grammaticality,7,40,0.283203125,0.5234375,-0.240234375
guenther2023grammaticality,7,41,0.578125,0.431640625,0.146484375
guenther2023grammaticality,7,42,0.05322265625,0.22265625,-0.16943359375
guenther2023grammaticality,7,43,0.25390625,0.69140625,-0.4375
guenther2023grammaticality,7,44,2.015625,1.3125,0.703125
guenther2023grammaticality,7,45,0.08984375,0.283203125,-0.193359375
guenther2023grammaticality,7,46,1.2265625,0.578125,0.6484375
guenther2023grammaticality,7,47,0.0458984375,0.5234375,-0.4775390625
guenther2023grammaticality,7,48,1.21875,1.21875,0.0
guenther2023grammaticality,7,49,0.1455078125,0.578125,-0.4326171875
guenther2023grammaticality,7,50,0.0458984375,0.431640625,-0.3857421875
guenther2023grammaticality,7,51,0.2041015625,0.4765625,-0.2724609375
guenther2023grammaticality,7,52,0.10400390625,0.390625,-0.28662109375
guenther2023grammaticality,7,53,0.08251953125,0.345703125,-0.26318359375
guenther2023grammaticality,7,54,0.023193359375,0.2041015625,-0.180908203125
guenther2023grammaticality,7,55,0.0458984375,0.283203125,-0.2373046875
guenther2023grammaticality,7,56,0.0155029296875,0.25390625,-0.2384033203125
guenther2023grammaticality,7,57,0.390625,0.6328125,-0.2421875
guenther2023grammaticality,7,58,0.023193359375,0.158203125,-0.135009765625
guenther2023grammaticality,7,59,0.0155029296875,0.10400390625,-0.0885009765625
guenther2023grammaticality,7,60,3.40625,1.59375,1.8125
guenther2023grammaticality,7,61,0.10400390625,0.390625,-0.28662109375
guenther2023grammaticality,7,62,0.828125,0.8984375,-0.0703125
guenther2023grammaticality,7,63,0.2041015625,0.390625,-0.1865234375
guenther2023grammaticality,7,64,0.060546875,0.22265625,-0.162109375
guenther2023grammaticality,7,65,0.08984375,0.431640625,-0.341796875
guenther2023grammaticality,7,66,0.2041015625,0.578125,-0.3740234375
guenther2023grammaticality,7,67,0.3125,0.12451171875,0.18798828125
guenther2023grammaticality,7,68,0.69140625,0.8984375,-0.20703125
guenther2023grammaticality,7,69,0.0458984375,0.283203125,-0.2373046875
guenther2023grammaticality,7,70,0.08984375,0.11083984375,-0.02099609375
guenther2023grammaticality,7,71,0.038330078125,0.22265625,-0.184326171875
guenther2023grammaticality,7,72,0.08251953125,0.1787109375,-0.09619140625
guenther2023grammaticality,7,73,0.060546875,0.2041015625,-0.1435546875
guenther2023grammaticality,7,74,0.08984375,0.06787109375,0.02197265625
guenther2023grammaticality,7,75,0.158203125,0.5234375,-0.365234375
guenther2023grammaticality,7,76,0.11083984375,0.345703125,-0.23486328125
guenther2023grammaticality,7,77,0.25390625,0.3125,-0.05859375
guenther2023grammaticality,7,78,0.22265625,0.25390625,-0.03125
guenther2023grammaticality,7,79,0.5234375,0.578125,-0.0546875
guenther2023grammaticality,7,80,0.038330078125,0.1787109375,-0.140380859375
guenther2023grammaticality,7,81,0.431640625,0.69140625,-0.259765625
guenther2023grammaticality,7,82,0.12451171875,0.3125,-0.18798828125
guenther2023grammaticality,7,83,0.390625,0.5234375,-0.1328125
guenther2023grammaticality,7,84,0.0458984375,0.08251953125,-0.03662109375
guenther2023grammaticality,7,85,0.08984375,0.2041015625,-0.1142578125
guenther2023grammaticality,7,86,0.6328125,0.578125,0.0546875
guenther2023grammaticality,7,87,0.431640625,0.390625,0.041015625
guenther2023grammaticality,7,88,0.08251953125,0.25390625,-0.17138671875
guenther2023grammaticality,7,89,0.08984375,0.2041015625,-0.1142578125
guenther2023grammaticality,7,90,1.140625,1.5,-0.359375
guenther2023grammaticality,7,91,3.171875,2.015625,1.15625
guenther2023grammaticality,7,92,0.5234375,0.5234375,0.0
guenther2023grammaticality,7,93,0.060546875,0.22265625,-0.162109375
guenther2023grammaticality,7,94,0.12451171875,0.25390625,-0.12939453125
guenther2023grammaticality,7,95,0.08251953125,0.1455078125,-0.06298828125
guenther2023grammaticality,7,96,0.08251953125,0.1455078125,-0.06298828125
guenther2023grammaticality,7,97,0.038330078125,0.1455078125,-0.107177734375
guenther2023grammaticality,7,98,0.4765625,0.69140625,-0.21484375
guenther2023grammaticality,7,99,0.3515625,0.4765625,-0.125
guenther2023grammaticality,7,100,1.40625,1.140625,0.265625
guenther2023grammaticality,7,101,0.2041015625,0.1455078125,0.05859375
guenther2023grammaticality,7,102,0.578125,0.578125,0.0
guenther2023grammaticality,7,103,0.060546875,0.1455078125,-0.0849609375
guenther2023grammaticality,7,104,0.1455078125,0.3125,-0.1669921875
guenther2023grammaticality,7,105,0.03076171875,0.12451171875,-0.09375
guenther2023grammaticality,7,106,0.283203125,0.5234375,-0.240234375
guenther2023grammaticality,7,107,0.1787109375,0.431640625,-0.2529296875
guenther2023grammaticality,7,108,0.431640625,0.345703125,0.0859375
guenther2023grammaticality,7,109,0.08984375,0.1787109375,-0.0888671875
guenther2023grammaticality,8,0,1.9375,1.40625,0.53125
guenther2023grammaticality,8,1,0.171875,0.12451171875,0.04736328125
guenther2023grammaticality,8,2,0.69140625,1.59375,-0.90234375
guenther2023grammaticality,8,3,0.5234375,0.8984375,-0.375
guenther2023grammaticality,8,4,0.3125,0.7578125,-0.4453125
guenther2023grammaticality,8,5,0.8984375,0.828125,0.0703125
guenther2023grammaticality,8,6,0.4765625,0.4765625,0.0
guenther2023grammaticality,8,7,0.63671875,0.06787109375,0.56884765625
guenther2023grammaticality,8,8,0.390625,0.431640625,-0.041015625
guenther2023grammaticality,8,9,0.0751953125,0.03076171875,0.04443359375
guenther2023grammaticality,8,10,4.375,0.8984375,3.4765625
guenther2023grammaticality,8,11,1.140625,1.140625,0.0
guenther2023grammaticality,8,12,0.390625,0.7578125,-0.3671875
guenther2023grammaticality,8,13,1.40625,1.40625,0.0
guenther2023grammaticality,8,14,1.140625,1.0546875,0.0859375
guenther2023grammaticality,8,15,0.431640625,0.5234375,-0.091796875
guenther2023grammaticality,8,16,0.69140625,0.7578125,-0.06640625
guenther2023grammaticality,8,17,0.5234375,0.5234375,0.0
guenther2023grammaticality,8,18,0.390625,0.4765625,-0.0859375
guenther2023grammaticality,8,19,0.25390625,0.578125,-0.32421875
guenther2023grammaticality,8,20,0.390625,0.69140625,-0.30078125
guenther2023grammaticality,8,21,0.158203125,0.1787109375,-0.0205078125
guenther2023grammaticality,8,22,0.1455078125,0.1455078125,0.0
guenther2023grammaticality,8,23,0.11083984375,0.12451171875,-0.013671875
guenther2023grammaticality,8,24,0.390625,0.158203125,0.232421875
guenther2023grammaticality,8,25,0.69140625,0.25390625,0.4375
guenther2023grammaticality,8,26,0.431640625,0.22265625,0.208984375
guenther2023grammaticality,8,27,0.4765625,0.25390625,0.22265625
guenther2023grammaticality,8,28,0.2041015625,0.12451171875,0.07958984375
guenther2023grammaticality,8,29,0.390625,0.12451171875,0.26611328125
guenther2023grammaticality,8,30,0.2041015625,0.11083984375,0.09326171875
guenther2023grammaticality,8,31,0.08984375,0.06787109375,0.02197265625
guenther2023grammaticality,8,32,0.3125,0.10400390625,0.20849609375
guenther2023grammaticality,8,33,1.3125,2.6875,-1.375
guenther2023grammaticality,8,34,0.3515625,0.25390625,0.09765625
guenther2023grammaticality,8,35,2.015625,1.90625,0.109375
guenther2023grammaticality,8,36,0.390625,0.345703125,0.044921875
guenther2023grammaticality,8,37,0.3125,0.345703125,-0.033203125
guenther2023grammaticality,8,38,1.59375,1.40625,0.1875
guenther2023grammaticality,8,39,0.345703125,0.25390625,0.091796875
guenther2023grammaticality,8,40,1.40625,1.140625,0.265625
guenther2023grammaticality,8,41,0.431640625,0.283203125,0.1484375
guenther2023grammaticality,8,42,1.5,1.703125,-0.203125
guenther2023grammaticality,8,43,0.3515625,0.0458984375,0.3056640625
guenther2023grammaticality,8,44,0.390625,0.345703125,0.044921875
guenther2023grammaticality,8,45,0.3125,0.2041015625,0.1083984375
guenther2023grammaticality,8,46,0.345703125,0.3125,0.033203125
guenther2023grammaticality,8,47,0.431640625,0.1787109375,0.2529296875
guenther2023grammaticality,8,48,0.390625,0.4765625,-0.0859375
guenther2023grammaticality,8,49,0.3125,0.283203125,0.029296875
guenther2023grammaticality,8,50,0.158203125,0.158203125,0.0
guenther2023grammaticality,8,51,0.22265625,0.22265625,0.0
guenther2023grammaticality,8,52,0.4765625,0.345703125,0.130859375
guenther2023grammaticality,8,53,0.431640625,0.12451171875,0.30712890625
guenther2023grammaticality,8,54,0.25390625,0.1455078125,0.1083984375
guenther2023grammaticality,8,55,0.1787109375,0.1455078125,0.033203125
guenther2023grammaticality,8,56,0.3125,0.1455078125,0.1669921875
guenther2023grammaticality,8,57,0.390625,0.431640625,-0.041015625
guenther2023grammaticality,8,58,0.345703125,0.345703125,0.0
guenther2023grammaticality,8,59,0.158203125,0.12451171875,0.03369140625
guenther2023grammaticality,8,60,0.22265625,0.1455078125,0.0771484375
guenther2023grammaticality,8,61,0.283203125,0.283203125,0.0
guenther2023grammaticality,8,62,0.345703125,0.283203125,0.0625
guenther2023grammaticality,8,63,0.1455078125,0.060546875,0.0849609375
guenther2023grammaticality,8,64,0.2041015625,0.06787109375,0.13623046875
guenther2023grammaticality,8,65,0.11083984375,0.060546875,0.05029296875
guenther2023grammaticality,8,66,0.1787109375,0.1787109375,0.0
guenther2023grammaticality,8,67,0.390625,0.431640625,-0.041015625
guenther2023grammaticality,8,68,0.1787109375,0.158203125,0.0205078125
guenther2023grammaticality,8,69,0.08984375,0.038330078125,0.051513671875
guenther2023grammaticality,8,70,0.1455078125,0.05322265625,0.09228515625
guenther2023grammaticality,8,71,0.2041015625,0.08984375,0.1142578125
guenther2023grammaticality,8,72,0.08251953125,0.060546875,0.02197265625
guenther2023grammaticality,8,73,0.2041015625,0.08251953125,0.12158203125
guenther2023grammaticality,8,74,0.06787109375,0.05322265625,0.0146484375
guenther2023grammaticality,8,75,0.10400390625,0.06787109375,0.0361328125
guenther2023grammaticality,8,76,0.25390625,0.11083984375,0.14306640625
guenther2023grammaticality,8,77,0.06787109375,0.03076171875,0.037109375
guenther2023grammaticality,8,78,0.11083984375,0.08251953125,0.0283203125
guenther2023grammaticality,8,79,0.25390625,0.08984375,0.1640625
guenther2023grammaticality,8,80,0.08984375,0.0458984375,0.0439453125
guenther2023grammaticality,8,81,0.0458984375,0.03076171875,0.01513671875
guenther2023grammaticality,8,82,1.8046875,2.8125,-1.0078125
guenther2023grammaticality,8,83,0.06787109375,0.06787109375,0.0
guenther2023grammaticality,8,84,0.158203125,0.08984375,0.068359375
guenther2023grammaticality,8,85,0.12451171875,0.060546875,0.06396484375
guenther2023grammaticality,8,86,0.158203125,0.023193359375,0.135009765625
guenther2023grammaticality,8,87,0.10400390625,0.060546875,0.04345703125
guenther2023grammaticality,8,88,0.06787109375,0.10400390625,-0.0361328125
guenther2023grammaticality,8,89,0.25390625,0.22265625,0.03125
guenther2023grammaticality,8,90,0.10400390625,0.0155029296875,0.0885009765625
guenther2023grammaticality,8,91,0.158203125,0.08251953125,0.07568359375
guenther2023grammaticality,8,92,0.22265625,0.1787109375,0.0439453125
guenther2023grammaticality,8,93,0.1455078125,0.05322265625,0.09228515625
guenther2023grammaticality,8,94,2.234375,2.8125,-0.578125
guenther2023grammaticality,8,95,0.1787109375,0.158203125,0.0205078125
guenther2023grammaticality,8,96,0.1787109375,0.158203125,0.0205078125
guenther2023grammaticality,8,97,0.158203125,0.158203125,0.0
guenther2023grammaticality,8,98,0.11083984375,0.08251953125,0.0283203125
guenther2023grammaticality,8,99,0.22265625,0.12451171875,0.09814453125
guenther2023grammaticality,8,100,0.22265625,0.2041015625,0.0185546875
guenther2023grammaticality,8,101,0.1787109375,0.11083984375,0.06787109375
guenther2023grammaticality,8,102,0.3125,0.158203125,0.154296875
guenther2023grammaticality,8,103,0.08984375,0.038330078125,0.051513671875
guenther2023grammaticality,8,104,0.1455078125,0.08251953125,0.06298828125
guenther2023grammaticality,8,105,0.1787109375,0.345703125,-0.1669921875
guenther2023grammaticality,8,106,0.11083984375,0.1787109375,-0.06787109375
guenther2023grammaticality,8,107,0.1787109375,0.11083984375,0.06787109375
guenther2023grammaticality,8,108,0.08984375,0.0458984375,0.0439453125
guenther2023grammaticality,8,109,0.158203125,0.11083984375,0.04736328125
guenther2023grammaticality,9,0,0.9296875,1.8046875,-0.875
guenther2023grammaticality,9,1,0.91796875,1.5,-0.58203125
guenther2023grammaticality,9,2,0.58203125,0.578125,0.00390625
guenther2023grammaticality,9,3,0.63671875,1.21875,-0.58203125
guenther2023grammaticality,9,4,0.318359375,0.390625,-0.072265625
guenther2023grammaticality,9,5,1.0546875,0.345703125,0.708984375
guenther2023grammaticality,9,6,0.038330078125,0.283203125,-0.244873046875
guenther2023grammaticality,9,7,0.03076171875,0.283203125,-0.25244140625
guenther2023grammaticality,9,8,0.0155029296875,0.12451171875,-0.1090087890625
guenther2023grammaticality,9,9,0.03076171875,1.3125,-1.28173828125
guenther2023grammaticality,9,10,0.007781982421875,0.158203125,-0.150421142578125
guenther2023grammaticality,9,11,0.8984375,1.40625,-0.5078125
guenther2023grammaticality,9,12,0.431640625,0.12451171875,0.30712890625
guenther2023grammaticality,9,13,0.69140625,0.69140625,0.0
guenther2023grammaticality,9,14,0.6328125,0.431640625,0.201171875
guenther2023grammaticality,9,15,0.007781982421875,0.3125,-0.304718017578125
guenther2023grammaticality,9,16,0.8984375,0.4765625,0.421875
guenther2023grammaticality,9,17,0.007781982421875,0.69140625,-0.683624267578125
guenther2023grammaticality,9,18,0.007781982421875,0.3125,-0.304718017578125
guenther2023grammaticality,9,19,0.007781982421875,0.158203125,-0.150421142578125
guenther2023grammaticality,9,20,0.007781982421875,0.12451171875,-0.116729736328125
guenther2023grammaticality,9,21,0.6328125,1.5,-0.8671875
guenther2023grammaticality,9,22,0.007781982421875,0.390625,-0.382843017578125
guenther2023grammaticality,9,23,0.0,0.22265625,-0.22265625
guenther2023grammaticality,9,24,0.0155029296875,0.7578125,-0.7423095703125
guenther2023grammaticality,9,25,5.875,0.390625,5.484375
guenther2023grammaticality,9,26,0.1650390625,0.7578125,-0.5927734375
guenther2023grammaticality,9,27,0.0155029296875,0.10400390625,-0.0885009765625
guenther2023grammaticality,9,28,0.0,0.0458984375,-0.0458984375
guenther2023grammaticality,9,29,0.007781982421875,0.1787109375,-0.170928955078125
guenther2023grammaticality,9,30,0.05322265625,0.7578125,-0.70458984375
guenther2023grammaticality,9,31,0.023193359375,0.431640625,-0.408447265625
guenther2023grammaticality,9,32,4.0,1.0546875,2.9453125
guenther2023grammaticality,9,33,0.03076171875,0.2041015625,-0.17333984375
guenther2023grammaticality,9,34,0.0155029296875,0.0458984375,-0.0303955078125
guenther2023grammaticality,9,35,0.0458984375,0.390625,-0.3447265625
guenther2023grammaticality,9,36,0.6328125,0.578125,0.0546875
guenther2023grammaticality,9,37,0.038330078125,0.3125,-0.274169921875
guenther2023grammaticality,9,38,0.023193359375,0.4765625,-0.453369140625
guenther2023grammaticality,9,39,0.038330078125,0.345703125,-0.307373046875
guenther2023grammaticality,9,40,0.10400390625,0.7578125,-0.65380859375
guenther2023grammaticality,9,41,0.0155029296875,0.158203125,-0.1427001953125
guenther2023grammaticality,9,42,0.0155029296875,0.25390625,-0.2384033203125
guenther2023grammaticality,9,43,0.023193359375,0.5234375,-0.500244140625
guenther2023grammaticality,9,44,0.0155029296875,0.158203125,-0.1427001953125
guenther2023grammaticality,9,45,0.007781982421875,0.060546875,-0.052764892578125
guenther2023grammaticality,9,46,0.023193359375,0.1787109375,-0.155517578125
guenther2023grammaticality,9,47,0.1787109375,0.390625,-0.2119140625
guenther2023grammaticality,9,48,0.0155029296875,0.22265625,-0.2071533203125
guenther2023grammaticality,9,49,0.2294921875,0.1455078125,0.083984375
guenther2023grammaticality,9,50,0.007781982421875,0.2041015625,-0.196319580078125
guenther2023grammaticality,9,51,0.007781982421875,0.283203125,-0.275421142578125
guenther2023grammaticality,9,52,0.007781982421875,0.0458984375,-0.038116455078125
guenther2023grammaticality,9,53,0.8984375,0.69140625,0.20703125
guenther2023grammaticality,9,54,0.023193359375,0.22265625,-0.199462890625
guenther2023grammaticality,9,55,0.3125,0.5234375,-0.2109375
guenther2023grammaticality,9,56,0.007781982421875,0.1787109375,-0.170928955078125
guenther2023grammaticality,9,57,0.007781982421875,0.345703125,-0.337921142578125
guenther2023grammaticality,9,58,0.11083984375,0.283203125,-0.17236328125
guenther2023grammaticality,9,59,0.0,0.03076171875,-0.03076171875
guenther2023grammaticality,9,60,0.08984375,0.2041015625,-0.1142578125
guenther2023grammaticality,9,61,0.038330078125,0.69140625,-0.653076171875
guenther2023grammaticality,9,62,0.007781982421875,0.1455078125,-0.137725830078125
guenther2023grammaticality,9,63,0.007781982421875,0.10400390625,-0.096221923828125
guenther2023grammaticality,9,64,0.023193359375,0.4765625,-0.453369140625
guenther2023grammaticality,9,65,0.0155029296875,0.158203125,-0.1427001953125
guenther2023grammaticality,9,66,0.007781982421875,0.22265625,-0.214874267578125
guenther2023grammaticality,9,67,0.007781982421875,0.08984375,-0.082061767578125
guenther2023grammaticality,9,68,0.023193359375,0.1455078125,-0.122314453125
guenther2023grammaticality,9,69,0.08251953125,0.345703125,-0.26318359375
guenther2023grammaticality,9,70,0.007781982421875,0.08984375,-0.082061767578125
guenther2023grammaticality,9,71,0.007781982421875,0.283203125,-0.275421142578125
guenther2023grammaticality,9,72,0.0155029296875,0.431640625,-0.4161376953125
guenther2023grammaticality,9,73,0.007781982421875,0.06787109375,-0.060089111328125
guenther2023grammaticality,9,74,0.007781982421875,0.2041015625,-0.196319580078125
guenther2023grammaticality,9,75,0.007781982421875,0.05322265625,-0.045440673828125
guenther2023grammaticality,9,76,0.0458984375,0.3125,-0.2666015625
guenther2023grammaticality,9,77,0.007781982421875,0.060546875,-0.052764892578125
guenther2023grammaticality,9,78,0.007781982421875,0.03076171875,-0.022979736328125
guenther2023grammaticality,9,79,0.007781982421875,0.05322265625,-0.045440673828125
guenther2023grammaticality,9,80,0.038330078125,0.1787109375,-0.140380859375
guenther2023grammaticality,9,81,0.007781982421875,0.0458984375,-0.038116455078125
guenther2023grammaticality,9,82,0.007781982421875,0.10400390625,-0.096221923828125
guenther2023grammaticality,9,83,0.007781982421875,0.384765625,-0.376983642578125
guenther2023grammaticality,9,84,0.007781982421875,0.158203125,-0.150421142578125
guenther2023grammaticality,9,85,0.007781982421875,0.05322265625,-0.045440673828125
guenther2023grammaticality,9,86,0.0458984375,0.10400390625,-0.05810546875
guenther2023grammaticality,9,87,0.0,0.05322265625,-0.05322265625
guenther2023grammaticality,9,88,0.007781982421875,0.158203125,-0.150421142578125
guenther2023grammaticality,9,89,0.0,0.060546875,-0.060546875
guenther2023grammaticality,9,90,2.921875,1.5,1.421875
guenther2023grammaticality,9,91,0.08251953125,0.12451171875,-0.0419921875
guenther2023grammaticality,9,92,0.023193359375,0.22265625,-0.199462890625
guenther2023grammaticality,9,93,0.3515625,0.5234375,-0.171875
guenther2023grammaticality,9,94,0.007781982421875,0.06787109375,-0.060089111328125
guenther2023grammaticality,9,95,0.007781982421875,0.10400390625,-0.096221923828125
guenther2023grammaticality,9,96,0.0155029296875,0.12451171875,-0.1090087890625
guenther2023grammaticality,9,97,0.0155029296875,0.08984375,-0.0743408203125
guenther2023grammaticality,9,98,0.0155029296875,0.3125,-0.2969970703125
guenther2023grammaticality,9,99,0.007781982421875,0.0458984375,-0.038116455078125
guenther2023grammaticality,9,100,0.007781982421875,0.11083984375,-0.103057861328125
guenther2023grammaticality,9,101,0.0155029296875,0.08251953125,-0.0670166015625
guenther2023grammaticality,9,102,0.0458984375,0.06787109375,-0.02197265625
guenther2023grammaticality,9,103,0.007781982421875,0.03076171875,-0.022979736328125
guenther2023grammaticality,9,104,0.007781982421875,0.08251953125,-0.074737548828125
guenther2023grammaticality,9,105,0.023193359375,0.0458984375,-0.022705078125
guenther2023grammaticality,9,106,0.007781982421875,0.12451171875,-0.116729736328125
guenther2023grammaticality,9,107,0.007781982421875,0.08984375,-0.082061767578125
guenther2023grammaticality,9,108,0.007781982421875,0.03076171875,-0.022979736328125
guenther2023grammaticality,9,109,0.345703125,0.25390625,0.091796875
guenther2023grammaticality,10,0,0.8125,0.8984375,-0.0859375
guenther2023grammaticality,10,1,0.984375,1.3125,-0.328125
guenther2023grammaticality,10,2,0.90234375,1.0546875,-0.15234375
guenther2023grammaticality,10,3,0.76171875,0.9765625,-0.21484375
guenther2023grammaticality,10,4,0.3515625,0.390625,-0.0390625
guenther2023grammaticality,10,5,0.283203125,0.1787109375,0.1044921875
guenther2023grammaticality,10,6,0.69140625,0.4765625,0.21484375
guenther2023grammaticality,10,7,0.25390625,0.06787109375,0.18603515625
guenther2023grammaticality,10,8,0.390625,0.25390625,0.13671875
guenther2023grammaticality,10,9,2.125,2.6875,-0.5625
guenther2023grammaticality,10,10,0.7578125,1.21875,-0.4609375
guenther2023grammaticality,10,11,0.828125,0.7578125,0.0703125
guenther2023grammaticality,10,12,0.8984375,0.578125,0.3203125
guenther2023grammaticality,10,13,0.7578125,0.6328125,0.125
guenther2023grammaticality,10,14,0.390625,0.25390625,0.13671875
guenther2023grammaticality,10,15,0.9765625,1.0546875,-0.078125
guenther2023grammaticality,10,16,0.828125,0.69140625,0.13671875
guenther2023grammaticality,10,17,0.578125,0.69140625,-0.11328125
guenther2023grammaticality,10,18,0.22265625,0.345703125,-0.123046875
guenther2023grammaticality,10,19,0.431640625,0.9765625,-0.544921875
guenther2023grammaticality,10,20,0.5234375,0.578125,-0.0546875
guenther2023grammaticality,10,21,0.345703125,0.7578125,-0.412109375
guenther2023grammaticality,10,22,0.12451171875,0.6328125,-0.50830078125
guenther2023grammaticality,10,23,0.1455078125,0.431640625,-0.2861328125
guenther2023grammaticality,10,24,0.10400390625,0.431640625,-0.32763671875
guenther2023grammaticality,10,25,0.038330078125,0.283203125,-0.244873046875
guenther2023grammaticality,10,26,0.158203125,0.4765625,-0.318359375
guenther2023grammaticality,10,27,2.015625,0.828125,1.1875
guenther2023grammaticality,10,28,0.345703125,0.6328125,-0.287109375
guenther2023grammaticality,10,29,0.12451171875,0.25390625,-0.12939453125
guenther2023grammaticality,10,30,1.3125,0.69140625,0.62109375
guenther2023grammaticality,10,31,1.0546875,1.40625,-0.3515625
guenther2023grammaticality,10,32,0.283203125,0.25390625,0.029296875
guenther2023grammaticality,10,33,1.21875,0.9765625,0.2421875
guenther2023grammaticality,10,34,0.5234375,0.4765625,0.046875
guenther2023grammaticality,10,35,0.69140625,0.578125,0.11328125
guenther2023grammaticality,10,36,0.10400390625,0.11083984375,-0.0068359375
guenther2023grammaticality,10,37,0.390625,0.431640625,-0.041015625
guenther2023grammaticality,10,38,0.345703125,0.5234375,-0.177734375
guenther2023grammaticality,10,39,0.828125,0.8984375,-0.0703125
guenther2023grammaticality,10,40,0.390625,0.5234375,-0.1328125
guenther2023grammaticality,10,41,0.283203125,0.390625,-0.107421875
guenther2023grammaticality,10,42,0.431640625,0.69140625,-0.259765625
guenther2023grammaticality,10,43,0.08251953125,0.283203125,-0.20068359375
guenther2023grammaticality,10,44,0.25390625,0.5234375,-0.26953125
guenther2023grammaticality,10,45,0.1455078125,0.345703125,-0.2001953125
guenther2023grammaticality,10,46,0.10400390625,0.390625,-0.28662109375
guenther2023grammaticality,10,47,0.1787109375,0.283203125,-0.1044921875
guenther2023grammaticality,10,48,0.283203125,0.345703125,-0.0625
guenther2023grammaticality,10,49,0.038330078125,0.25390625,-0.215576171875
guenther2023grammaticality,10,50,0.12451171875,0.08251953125,0.0419921875
guenther2023grammaticality,10,51,0.007781982421875,0.03076171875,-0.022979736328125
guenther2023grammaticality,10,52,0.0458984375,0.1455078125,-0.099609375
guenther2023grammaticality,10,53,0.05322265625,0.578125,-0.52490234375
guenther2023grammaticality,10,54,0.007781982421875,0.12451171875,-0.116729736328125
guenther2023grammaticality,10,55,0.08251953125,0.69140625,-0.60888671875
guenther2023grammaticality,10,56,0.038330078125,0.2041015625,-0.165771484375
guenther2023grammaticality,10,57,0.05322265625,0.345703125,-0.29248046875
guenther2023grammaticality,10,58,0.3125,0.6328125,-0.3203125
guenther2023grammaticality,10,59,0.03076171875,0.390625,-0.35986328125
guenther2023grammaticality,10,60,0.038330078125,0.283203125,-0.244873046875
guenther2023grammaticality,10,61,2.8125,1.8046875,1.0078125
guenther2023grammaticality,10,62,0.023193359375,0.1787109375,-0.155517578125
guenther2023grammaticality,10,63,0.25390625,0.4765625,-0.22265625
guenther2023grammaticality,10,64,0.023193359375,0.345703125,-0.322509765625
guenther2023grammaticality,10,65,0.023193359375,0.431640625,-0.408447265625
guenther2023grammaticality,10,66,0.03076171875,0.3125,-0.28173828125
guenther2023grammaticality,10,67,0.007781982421875,0.1787109375,-0.170928955078125
guenther2023grammaticality,10,68,0.007781982421875,0.345703125,-0.337921142578125
guenther2023grammaticality,10,69,0.007781982421875,0.3125,-0.304718017578125
guenther2023grammaticality,10,70,3.640625,1.8046875,1.8359375
guenther2023grammaticality,10,71,0.11083984375,0.390625,-0.27978515625
guenther2023grammaticality,10,72,0.11083984375,0.390625,-0.27978515625
guenther2023grammaticality,10,73,0.11083984375,0.1787109375,-0.06787109375
guenther2023grammaticality,10,74,0.1787109375,0.3125,-0.1337890625
guenther2023grammaticality,10,75,0.007781982421875,0.22265625,-0.214874267578125
guenther2023grammaticality,10,76,0.0155029296875,0.25390625,-0.2384033203125
guenther2023grammaticality,10,77,0.0155029296875,0.0458984375,-0.0303955078125
guenther2023grammaticality,10,78,0.5234375,0.431640625,0.091796875
guenther2023grammaticality,10,79,0.038330078125,0.22265625,-0.184326171875
guenther2023grammaticality,10,80,0.007781982421875,0.1787109375,-0.170928955078125
guenther2023grammaticality,10,81,4.125,1.59375,2.53125
guenther2023grammaticality,10,82,0.7578125,0.9765625,-0.21875
guenther2023grammaticality,10,83,0.038330078125,0.10400390625,-0.065673828125
guenther2023grammaticality,10,84,0.0155029296875,0.158203125,-0.1427001953125
guenther2023grammaticality,10,85,0.3125,0.22265625,0.08984375
guenther2023grammaticality,10,86,0.03076171875,0.25390625,-0.22314453125
guenther2023grammaticality,10,87,0.12451171875,0.22265625,-0.09814453125
guenther2023grammaticality,10,88,0.08251953125,0.2041015625,-0.12158203125
guenther2023grammaticality,10,89,0.25390625,0.283203125,-0.029296875
guenther2023grammaticality,10,90,0.0155029296875,0.05322265625,-0.0377197265625
guenther2023grammaticality,10,91,0.22265625,0.431640625,-0.208984375
guenther2023grammaticality,10,92,0.03076171875,0.08251953125,-0.0517578125
guenther2023grammaticality,10,93,0.0155029296875,0.2041015625,-0.1885986328125
guenther2023grammaticality,10,94,0.06787109375,0.390625,-0.32275390625
guenther2023grammaticality,10,95,0.007781982421875,0.08984375,-0.082061767578125
guenther2023grammaticality,10,96,0.007781982421875,0.03076171875,-0.022979736328125
guenther2023grammaticality,10,97,0.3125,0.4765625,-0.1640625
guenther2023grammaticality,10,98,0.03076171875,0.1455078125,-0.11474609375
guenther2023grammaticality,10,99,0.05322265625,0.1455078125,-0.09228515625
guenther2023grammaticality,10,100,3.28125,2.015625,1.265625
guenther2023grammaticality,10,101,0.03076171875,0.12451171875,-0.09375
guenther2023grammaticality,10,102,0.1455078125,0.283203125,-0.1376953125
guenther2023grammaticality,10,103,2.015625,0.9765625,1.0390625
guenther2023grammaticality,10,104,0.828125,0.828125,0.0
guenther2023grammaticality,10,105,0.11083984375,0.283203125,-0.17236328125
guenther2023grammaticality,10,106,0.158203125,0.22265625,-0.064453125
guenther2023grammaticality,10,107,0.06787109375,0.2041015625,-0.13623046875
guenther2023grammaticality,10,108,0.023193359375,0.25390625,-0.230712890625
guenther2023grammaticality,10,109,0.390625,0.3125,0.078125
guenther2023grammaticality,11,0,1.671875,0.3125,1.359375
guenther2023grammaticality,11,1,1.328125,0.4765625,0.8515625
guenther2023grammaticality,11,2,0.76171875,0.2041015625,0.5576171875
guenther2023grammaticality,11,3,0.578125,0.25390625,0.32421875
guenther2023grammaticality,11,4,0.318359375,0.431640625,-0.11328125
guenther2023grammaticality,11,5,0.69140625,0.3125,0.37890625
guenther2023grammaticality,11,6,0.69140625,0.283203125,0.408203125
guenther2023grammaticality,11,7,0.08251953125,0.1787109375,-0.09619140625
guenther2023grammaticality,11,8,1.21875,1.140625,0.078125
guenther2023grammaticality,11,9,0.158203125,0.6328125,-0.474609375
guenther2023grammaticality,11,10,0.8984375,0.9765625,-0.078125
guenther2023grammaticality,11,11,0.023193359375,0.1455078125,-0.122314453125
guenther2023grammaticality,11,12,0.7578125,1.8046875,-1.046875
guenther2023grammaticality,11,13,0.828125,0.828125,0.0
guenther2023grammaticality,11,14,0.158203125,0.390625,-0.232421875
guenther2023grammaticality,11,15,0.060546875,0.12451171875,-0.06396484375
guenther2023grammaticality,11,16,2.921875,1.0546875,1.8671875
guenther2023grammaticality,11,17,0.6328125,0.431640625,0.201171875
guenther2023grammaticality,11,18,0.578125,0.8984375,-0.3203125
guenther2023grammaticality,11,19,0.345703125,0.431640625,-0.0859375
guenther2023grammaticality,11,20,0.431640625,0.08984375,0.341796875
guenther2023grammaticality,11,21,0.10400390625,0.25390625,-0.14990234375
guenther2023grammaticality,11,22,0.6328125,0.69140625,-0.05859375
guenther2023grammaticality,11,23,0.69140625,0.6328125,0.05859375
guenther2023grammaticality,11,24,1.703125,0.69140625,1.01171875
guenther2023grammaticality,11,25,0.5234375,0.431640625,0.091796875
guenther2023grammaticality,11,26,0.7578125,1.0546875,-0.296875
guenther2023grammaticality,11,27,0.578125,0.9765625,-0.3984375
guenther2023grammaticality,11,28,0.578125,0.431640625,0.146484375
guenther2023grammaticality,11,29,0.578125,0.69140625,-0.11328125
guenther2023grammaticality,11,30,0.283203125,1.140625,-0.857421875
guenther2023grammaticality,11,31,0.25390625,0.390625,-0.13671875
guenther2023grammaticality,11,32,0.25390625,0.3125,-0.05859375
guenther2023grammaticality,11,33,0.283203125,0.5234375,-0.240234375
guenther2023grammaticality,11,34,0.283203125,0.158203125,0.125
guenther2023grammaticality,11,35,0.283203125,0.283203125,0.0
guenther2023grammaticality,11,36,0.0458984375,0.2041015625,-0.158203125
guenther2023grammaticality,11,37,0.25390625,0.69140625,-0.4375
guenther2023grammaticality,11,38,0.05322265625,0.06787109375,-0.0146484375
guenther2023grammaticality,11,39,0.578125,0.4765625,0.1015625
guenther2023grammaticality,11,40,3.53125,1.40625,2.125
guenther2023grammaticality,11,41,0.05322265625,0.10400390625,-0.05078125
guenther2023grammaticality,11,42,0.158203125,0.390625,-0.232421875
guenther2023grammaticality,11,43,0.7578125,0.578125,0.1796875
guenther2023grammaticality,11,44,0.158203125,0.4765625,-0.318359375
guenther2023grammaticality,11,45,0.7578125,0.5234375,0.234375
guenther2023grammaticality,11,46,0.10400390625,0.5234375,-0.41943359375
guenther2023grammaticality,11,47,0.08984375,0.08984375,0.0
guenther2023grammaticality,11,48,0.08984375,0.25390625,-0.1640625
guenther2023grammaticality,11,49,0.6328125,0.5234375,0.109375
guenther2023grammaticality,11,50,0.06787109375,0.0458984375,0.02197265625
guenther2023grammaticality,11,51,0.023193359375,0.0458984375,-0.022705078125
guenther2023grammaticality,11,52,0.05322265625,0.283203125,-0.22998046875
guenther2023grammaticality,11,53,0.023193359375,0.08251953125,-0.059326171875
guenther2023grammaticality,11,54,0.0155029296875,0.08251953125,-0.0670166015625
guenther2023grammaticality,11,55,0.023193359375,0.03076171875,-0.007568359375
guenther2023grammaticality,11,56,0.2041015625,0.4765625,-0.2724609375
guenther2023grammaticality,11,57,0.007781982421875,0.038330078125,-0.030548095703125
guenther2023grammaticality,11,58,0.7578125,0.7578125,0.0
guenther2023grammaticality,11,59,0.12451171875,0.5234375,-0.39892578125
guenther2023grammaticality,11,60,0.03076171875,0.8984375,-0.86767578125
guenther2023grammaticality,11,61,0.023193359375,0.25390625,-0.230712890625
guenther2023grammaticality,11,62,1.0546875,1.21875,-0.1640625
guenther2023grammaticality,11,63,0.0155029296875,0.0458984375,-0.0303955078125
guenther2023grammaticality,11,64,0.0458984375,0.283203125,-0.2373046875
guenther2023grammaticality,11,65,0.007781982421875,0.0458984375,-0.038116455078125
guenther2023grammaticality,11,66,0.08251953125,0.431640625,-0.34912109375
guenther2023grammaticality,11,67,0.007781982421875,0.023193359375,-0.015411376953125
guenther2023grammaticality,11,68,0.007781982421875,0.023193359375,-0.015411376953125
guenther2023grammaticality,11,69,0.0155029296875,0.3125,-0.2969970703125
guenther2023grammaticality,11,70,0.0155029296875,0.69140625,-0.6759033203125
guenther2023grammaticality,11,71,4.5,1.1328125,3.3671875
guenther2023grammaticality,11,72,0.023193359375,0.0155029296875,0.0076904296875
guenther2023grammaticality,11,73,0.0155029296875,0.0155029296875,0.0
guenther2023grammaticality,11,74,0.6328125,0.7578125,-0.125
guenther2023grammaticality,11,75,0.158203125,0.431640625,-0.2734375
guenther2023grammaticality,11,76,0.9765625,0.69140625,0.28515625
guenther2023grammaticality,11,77,0.25390625,0.5234375,-0.26953125
guenther2023grammaticality,11,78,0.5234375,0.25390625,0.26953125
guenther2023grammaticality,11,79,0.0155029296875,0.05322265625,-0.0377197265625
guenther2023grammaticality,11,80,0.0155029296875,0.038330078125,-0.0228271484375
guenther2023grammaticality,11,81,0.0155029296875,0.023193359375,-0.0076904296875
guenther2023grammaticality,11,82,0.0458984375,0.283203125,-0.2373046875
guenther2023grammaticality,11,83,0.578125,0.431640625,0.146484375
guenther2023grammaticality,11,84,0.06787109375,0.2041015625,-0.13623046875
guenther2023grammaticality,11,85,0.05322265625,0.4765625,-0.42333984375
guenther2023grammaticality,11,86,0.08251953125,0.283203125,-0.20068359375
guenther2023grammaticality,11,87,0.0458984375,0.6328125,-0.5869140625
guenther2023grammaticality,11,88,0.08251953125,0.578125,-0.49560546875
guenther2023grammaticality,11,89,0.0458984375,0.3125,-0.2666015625
guenther2023grammaticality,11,90,0.060546875,0.345703125,-0.28515625
guenther2023grammaticality,11,91,1.40625,0.6328125,0.7734375
guenther2023grammaticality,11,92,0.22265625,0.4765625,-0.25390625
guenther2023grammaticality,11,93,0.007781982421875,0.0155029296875,-0.007720947265625
guenther2023grammaticality,11,94,0.10400390625,0.345703125,-0.24169921875
guenther2023grammaticality,11,95,0.0155029296875,0.0155029296875,0.0
guenther2023grammaticality,11,96,0.11083984375,0.431640625,-0.32080078125
guenther2023grammaticality,11,97,0.578125,0.69140625,-0.11328125
guenther2023grammaticality,11,98,0.10400390625,0.384765625,-0.28076171875
guenther2023grammaticality,11,99,0.345703125,0.578125,-0.232421875
guenther2023grammaticality,11,100,0.038330078125,0.2041015625,-0.165771484375
guenther2023grammaticality,11,101,0.0155029296875,0.05322265625,-0.0377197265625
guenther2023grammaticality,11,102,0.345703125,0.345703125,0.0
guenther2023grammaticality,11,103,0.05322265625,0.431640625,-0.37841796875
guenther2023grammaticality,11,104,0.2041015625,0.25390625,-0.0498046875
guenther2023grammaticality,11,105,0.6328125,0.431640625,0.201171875
guenther2023grammaticality,11,106,0.12451171875,0.1455078125,-0.02099609375
guenther2023grammaticality,11,107,0.11083984375,0.431640625,-0.32080078125
guenther2023grammaticality,11,108,0.03076171875,0.2041015625,-0.17333984375
guenther2023grammaticality,11,109,0.038330078125,0.22265625,-0.184326171875
guenther2023grammaticality,12,0,1.5625,0.3125,1.25
guenther2023grammaticality,12,1,0.90625,0.69140625,0.21484375
guenther2023grammaticality,12,2,0.3515625,0.22265625,0.12890625
guenther2023grammaticality,12,3,0.431640625,0.283203125,0.1484375
guenther2023grammaticality,12,4,0.39453125,0.0458984375,0.3486328125
guenther2023grammaticality,12,5,0.08984375,0.007781982421875,0.082061767578125
guenther2023grammaticality,12,6,0.08251953125,0.007781982421875,0.074737548828125
guenther2023grammaticality,12,7,0.1787109375,0.10400390625,0.07470703125
guenther2023grammaticality,12,8,0.2294921875,0.22265625,0.0068359375
guenther2023grammaticality,12,9,0.11767578125,0.2041015625,-0.08642578125
guenther2023grammaticality,12,10,0.06787109375,0.060546875,0.00732421875
guenther2023grammaticality,12,11,0.08251953125,0.1455078125,-0.06298828125
guenther2023grammaticality,12,12,0.10400390625,0.0458984375,0.05810546875
guenther2023grammaticality,12,13,0.12451171875,0.08251953125,0.0419921875
guenther2023grammaticality,12,14,0.05322265625,0.03076171875,0.0224609375
guenther2023grammaticality,12,15,0.3515625,0.7578125,-0.40625
guenther2023grammaticality,12,16,0.03076171875,0.038330078125,-0.007568359375
guenther2023grammaticality,12,17,0.0155029296875,0.007781982421875,0.007720947265625
guenther2023grammaticality,12,18,0.007781982421875,0.007781982421875,0.0
guenther2023grammaticality,12,19,0.007781982421875,0.007781982421875,0.0
guenther2023grammaticality,12,20,0.0155029296875,0.038330078125,-0.0228271484375
guenther2023grammaticality,12,21,0.03076171875,0.007781982421875,0.022979736328125
guenther2023grammaticality,12,22,0.03076171875,0.007781982421875,0.022979736328125
guenther2023grammaticality,12,23,0.0,0.007781982421875,-0.007781982421875
guenther2023grammaticality,12,24,0.007781982421875,0.023193359375,-0.015411376953125
guenther2023grammaticality,12,25,0.007781982421875,0.007781982421875,0.0
guenther2023grammaticality,12,26,0.03076171875,0.007781982421875,0.022979736328125
guenther2023grammaticality,12,27,0.007781982421875,0.007781982421875,0.0
guenther2023grammaticality,12,28,0.0,0.007781982421875,-0.007781982421875
guenther2023grammaticality,12,29,0.0,0.007781982421875,-0.007781982421875
guenther2023grammaticality,12,30,0.0,0.007781982421875,-0.007781982421875
guenther2023grammaticality,12,31,0.0155029296875,0.007781982421875,0.007720947265625
guenther2023grammaticality,12,32,0.007781982421875,0.007781982421875,0.0
guenther2023grammaticality,12,33,0.007781982421875,0.007781982421875,0.0
guenther2023grammaticality,12,34,0.0,0.0,0.0
guenther2023grammaticality,12,35,0.0,0.0,0.0
guenther2023grammaticality,12,36,0.0,0.0,0.0
guenther2023grammaticality,12,37,0.0,0.0,0.0
guenther2023grammaticality,12,38,0.007781982421875,0.007781982421875,0.0
guenther2023grammaticality,12,39,0.0,0.0,0.0
guenther2023grammaticality,12,40,0.0,0.0,0.0
guenther2023grammaticality,12,41,0.0,0.0,0.0
guenther2023grammaticality,12,42,0.0,0.0,0.0
guenther2023grammaticality,12,43,0.0,0.0,0.0
guenther2023grammaticality,12,44,0.0,0.0,0.0
guenther2023grammaticality,12,45,0.0,0.007781982421875,-0.007781982421875
guenther2023grammaticality,12,46,0.0,0.0,0.0
guenther2023grammaticality,12,47,0.0,0.0,0.0
guenther2023grammaticality,12,48,0.0,0.0,0.0
guenther2023grammaticality,12,49,0.0,0.0,0.0
guenther2023grammaticality,12,50,0.0,0.0,0.0
guenther2023grammaticality,12,51,0.0,0.0,0.0
guenther2023grammaticality,12,52,0.0,0.0,0.0
guenther2023grammaticality,12,53,0.0,0.0,0.0
guenther2023grammaticality,12,54,0.0,0.0,0.0
guenther2023grammaticality,12,55,0.0,0.0,0.0
guenther2023grammaticality,12,56,0.0,0.0,0.0
guenther2023grammaticality,12,57,0.0,0.0,0.0
guenther2023grammaticality,12,58,0.0,0.0,0.0
guenther2023grammaticality,12,59,0.0,0.0,0.0
guenther2023grammaticality,12,60,0.0,0.0,0.0
guenther2023grammaticality,12,61,0.023193359375,0.2041015625,-0.180908203125
guenther2023grammaticality,12,62,0.0,0.0,0.0
guenther2023grammaticality,12,63,0.0,0.0,0.0
guenther2023grammaticality,12,64,0.0,0.0,0.0
guenther2023grammaticality,12,65,0.0,0.0,0.0
guenther2023grammaticality,12,66,0.0,0.0,0.0
guenther2023grammaticality,12,67,0.0,0.0,0.0
guenther2023grammaticality,12,68,0.0,0.0,0.0
guenther2023grammaticality,12,69,0.0,0.0,0.0
guenther2023grammaticality,12,70,0.0,0.0,0.0
guenther2023grammaticality,12,71,0.007781982421875,0.0,0.007781982421875
guenther2023grammaticality,12,72,0.0,0.0,0.0
guenther2023grammaticality,12,73,0.0,0.0,0.0
guenther2023grammaticality,12,74,0.0,0.0,0.0
guenther2023grammaticality,12,75,0.0,0.0,0.0
guenther2023grammaticality,12,76,0.0,0.0,0.0
guenther2023grammaticality,12,77,0.0,0.0,0.0
guenther2023grammaticality,12,78,0.0,0.0,0.0
guenther2023grammaticality,12,79,0.0,0.0,0.0
guenther2023grammaticality,12,80,0.0,0.0,0.0
guenther2023grammaticality,12,81,0.0,0.0,0.0
guenther2023grammaticality,12,82,0.0,0.0,0.0
guenther2023grammaticality,12,83,0.0,0.0,0.0
guenther2023grammaticality,12,84,0.0,0.0,0.0
guenther2023grammaticality,12,85,0.0,0.0,0.0
guenther2023grammaticality,12,86,0.0,0.0,0.0
guenther2023grammaticality,12,87,0.0,0.0,0.0
guenther2023grammaticality,12,88,0.0,0.0,0.0
guenther2023grammaticality,12,89,0.0,0.0,0.0
guenther2023grammaticality,12,90,0.0,0.0,0.0
guenther2023grammaticality,12,91,0.0,0.0,0.0
guenther2023grammaticality,12,92,0.0,0.0,0.0
guenther2023grammaticality,12,93,0.0,0.0,0.0
guenther2023grammaticality,12,94,0.0,0.0,0.0
guenther2023grammaticality,12,95,0.0,0.0,0.0
guenther2023grammaticality,12,96,0.007781982421875,0.05322265625,-0.045440673828125
guenther2023grammaticality,12,97,0.0,0.0,0.0
guenther2023grammaticality,12,98,0.0,0.0,0.0
guenther2023grammaticality,12,99,0.0,0.007781982421875,-0.007781982421875
guenther2023grammaticality,12,100,0.0,0.0,0.0
guenther2023grammaticality,12,101,0.0,0.0,0.0
guenther2023grammaticality,12,102,0.0,0.0,0.0
guenther2023grammaticality,12,103,0.0,0.0,0.0
guenther2023grammaticality,12,104,0.0,0.0,0.0
guenther2023grammaticality,12,105,0.0,0.0,0.0
guenther2023grammaticality,12,106,0.0,0.0,0.0
guenther2023grammaticality,12,107,0.0,0.0,0.0
guenther2023grammaticality,12,108,0.0,0.0,0.0
guenther2023grammaticality,12,109,0.0,0.007781982421875,-0.007781982421875
guenther2023grammaticality,13,0,1.53125,0.4765625,1.0546875
guenther2023grammaticality,13,1,0.216796875,0.08984375,0.126953125
guenther2023grammaticality,13,2,0.4765625,0.9765625,-0.5
guenther2023grammaticality,13,3,0.318359375,0.4765625,-0.158203125
guenther2023grammaticality,13,4,0.4765625,0.8984375,-0.421875
guenther2023grammaticality,13,5,0.5234375,0.3125,0.2109375
guenther2023grammaticality,13,6,0.05322265625,0.3125,-0.25927734375
guenther2023grammaticality,13,7,1.0546875,1.3125,-0.2578125
guenther2023grammaticality,13,8,0.578125,0.5234375,0.0546875
guenther2023grammaticality,13,9,0.1845703125,0.038330078125,0.146240234375
guenther2023grammaticality,13,10,0.431640625,0.4765625,-0.044921875
guenther2023grammaticality,13,11,0.0458984375,0.10400390625,-0.05810546875
guenther2023grammaticality,13,12,0.08984375,0.69140625,-0.6015625
guenther2023grammaticality,13,13,0.007781982421875,0.390625,-0.382843017578125
guenther2023grammaticality,13,14,0.007781982421875,0.023193359375,-0.015411376953125
guenther2023grammaticality,13,15,0.0155029296875,0.6328125,-0.6173095703125
guenther2023grammaticality,13,16,0.828125,0.4765625,0.3515625
guenther2023grammaticality,13,17,0.007781982421875,0.283203125,-0.275421142578125
guenther2023grammaticality,13,18,0.007781982421875,0.5234375,-0.515655517578125
guenther2023grammaticality,13,19,0.0,0.158203125,-0.158203125
guenther2023grammaticality,13,20,0.0,0.22265625,-0.22265625
guenther2023grammaticality,13,21,0.007781982421875,0.3125,-0.304718017578125
guenther2023grammaticality,13,22,0.007781982421875,0.2041015625,-0.196319580078125
guenther2023grammaticality,13,23,0.0,0.390625,-0.390625
guenther2023grammaticality,13,24,0.5234375,0.4765625,0.046875
guenther2023grammaticality,13,25,0.0,0.3125,-0.3125
guenther2023grammaticality,13,26,0.0,0.345703125,-0.345703125
guenther2023grammaticality,13,27,0.0,0.158203125,-0.158203125
guenther2023grammaticality,13,28,0.1455078125,0.1787109375,-0.033203125
guenther2023grammaticality,13,29,0.007781982421875,0.08251953125,-0.074737548828125
guenther2023grammaticality,13,30,0.0,0.25390625,-0.25390625
guenther2023grammaticality,13,31,0.007781982421875,0.1787109375,-0.170928955078125
guenther2023grammaticality,13,32,0.007781982421875,0.5234375,-0.515655517578125
guenther2023grammaticality,13,33,0.0,0.060546875,-0.060546875
guenther2023grammaticality,13,34,0.0,0.1787109375,-0.1787109375
guenther2023grammaticality,13,35,0.0155029296875,0.1455078125,-0.1300048828125
guenther2023grammaticality,13,36,0.0,0.10400390625,-0.10400390625
guenther2023grammaticality,13,37,0.0,0.023193359375,-0.023193359375
guenther2023grammaticality,13,38,0.0,0.06787109375,-0.06787109375
guenther2023grammaticality,13,39,0.0,0.390625,-0.390625
guenther2023grammaticality,13,40,5.875,2.6875,3.1875
guenther2023grammaticality,13,41,0.03076171875,0.22265625,-0.19189453125
guenther2023grammaticality,13,42,0.08251953125,0.25390625,-0.17138671875
guenther2023grammaticality,13,43,0.038330078125,0.1455078125,-0.107177734375
guenther2023grammaticality,13,44,0.023193359375,0.22265625,-0.199462890625
guenther2023grammaticality,13,45,0.007781982421875,0.158203125,-0.150421142578125
guenther2023grammaticality,13,46,0.5234375,0.578125,-0.0546875
guenther2023grammaticality,13,47,0.007781982421875,0.1455078125,-0.137725830078125
guenther2023grammaticality,13,48,0.007781982421875,0.1455078125,-0.137725830078125
guenther2023grammaticality,13,49,0.023193359375,0.1787109375,-0.155517578125
guenther2023grammaticality,13,50,0.023193359375,0.158203125,-0.135009765625
guenther2023grammaticality,13,51,0.0155029296875,0.3125,-0.2969970703125
guenther2023grammaticality,13,52,0.023193359375,0.2041015625,-0.180908203125
guenther2023grammaticality,13,53,1.8046875,1.59375,0.2109375
guenther2023grammaticality,13,54,0.0155029296875,0.3125,-0.2969970703125
guenther2023grammaticality,13,55,0.03076171875,0.1787109375,-0.14794921875
guenther2023grammaticality,13,56,0.023193359375,0.023193359375,0.0
guenther2023grammaticality,13,57,0.0155029296875,0.060546875,-0.0450439453125
guenther2023grammaticality,13,58,0.007781982421875,0.05322265625,-0.045440673828125
guenther2023grammaticality,13,59,0.007781982421875,0.0458984375,-0.038116455078125
guenther2023grammaticality,13,60,0.0155029296875,0.08984375,-0.0743408203125
guenther2023grammaticality,13,61,0.5234375,0.431640625,0.091796875
guenther2023grammaticality,13,62,0.0155029296875,0.283203125,-0.2677001953125
guenther2023grammaticality,13,63,0.0155029296875,0.06787109375,-0.0523681640625
guenther2023grammaticality,13,64,0.0155029296875,0.08984375,-0.0743408203125
guenther2023grammaticality,13,65,0.023193359375,0.1455078125,-0.122314453125
guenther2023grammaticality,13,66,0.007781982421875,0.1787109375,-0.170928955078125
guenther2023grammaticality,13,67,0.007781982421875,0.03076171875,-0.022979736328125
guenther2023grammaticality,13,68,0.3125,0.283203125,0.029296875
guenther2023grammaticality,13,69,0.0,0.05322265625,-0.05322265625
guenther2023grammaticality,13,70,0.0155029296875,0.060546875,-0.0450439453125
guenther2023grammaticality,13,71,0.0155029296875,0.08251953125,-0.0670166015625
guenther2023grammaticality,13,72,4.625,2.578125,2.046875
guenther2023grammaticality,13,73,0.023193359375,0.060546875,-0.037353515625
guenther2023grammaticality,13,74,0.0155029296875,0.0155029296875,0.0
guenther2023grammaticality,13,75,0.0155029296875,0.05322265625,-0.0377197265625
guenther2023grammaticality,13,76,0.03076171875,0.023193359375,0.007568359375
guenther2023grammaticality,13,77,0.2294921875,0.22265625,0.0068359375
guenther2023grammaticality,13,78,0.023193359375,0.283203125,-0.260009765625
guenther2023grammaticality,13,79,0.007781982421875,0.08984375,-0.082061767578125
guenther2023grammaticality,13,80,0.0,0.06787109375,-0.06787109375
guenther2023grammaticality,13,81,0.0,0.158203125,-0.158203125
guenther2023grammaticality,13,82,0.0155029296875,0.06787109375,-0.0523681640625
guenther2023grammaticality,13,83,0.007781982421875,0.0458984375,-0.038116455078125
guenther2023grammaticality,13,84,0.007781982421875,0.007781982421875,0.0
guenther2023grammaticality,13,85,0.0,0.0458984375,-0.0458984375
guenther2023grammaticality,13,86,0.007781982421875,0.03076171875,-0.022979736328125
guenther2023grammaticality,13,87,0.007781982421875,0.0458984375,-0.038116455078125
guenther2023grammaticality,13,88,0.25390625,0.283203125,-0.029296875
guenther2023grammaticality,13,89,0.0,0.023193359375,-0.023193359375
guenther2023grammaticality,13,90,4.875,3.640625,1.234375
guenther2023grammaticality,13,91,0.2041015625,0.25390625,-0.0498046875
guenther2023grammaticality,13,92,0.0458984375,0.25390625,-0.2080078125
guenther2023grammaticality,13,93,0.0458984375,0.08251953125,-0.03662109375
guenther2023grammaticality,13,94,0.007781982421875,0.0458984375,-0.038116455078125
guenther2023grammaticality,13,95,0.0155029296875,0.12451171875,-0.1090087890625
guenther2023grammaticality,13,96,0.2294921875,0.1787109375,0.05078125
guenther2023grammaticality,13,97,0.023193359375,0.05322265625,-0.030029296875
guenther2023grammaticality,13,98,0.1455078125,0.2041015625,-0.05859375
guenther2023grammaticality,13,99,0.023193359375,0.22265625,-0.199462890625
guenther2023grammaticality,13,100,0.0155029296875,0.06787109375,-0.0523681640625
guenther2023grammaticality,13,101,0.0,0.03076171875,-0.03076171875
guenther2023grammaticality,13,102,0.11083984375,0.158203125,-0.04736328125
guenther2023grammaticality,13,103,0.023193359375,0.08984375,-0.066650390625
guenther2023grammaticality,13,104,0.0155029296875,0.11083984375,-0.0953369140625
guenther2023grammaticality,13,105,0.007781982421875,0.007781982421875,0.0
guenther2023grammaticality,13,106,0.007781982421875,0.10400390625,-0.096221923828125
guenther2023grammaticality,13,107,0.1455078125,0.12451171875,0.02099609375
guenther2023grammaticality,13,108,0.0458984375,0.10400390625,-0.05810546875
guenther2023grammaticality,13,109,0.03076171875,0.10400390625,-0.0732421875
guenther2023grammaticality,14,0,1.0078125,0.25390625,0.75390625
guenther2023grammaticality,14,1,0.4453125,0.08251953125,0.36279296875
guenther2023grammaticality,14,2,0.48046875,0.12451171875,0.35595703125
guenther2023grammaticality,14,3,0.3515625,0.08251953125,0.26904296875
guenther2023grammaticality,14,4,0.2294921875,0.2041015625,0.025390625
guenther2023grammaticality,14,5,0.10400390625,0.0458984375,0.05810546875
guenther2023grammaticality,14,6,1.5,2.8125,-1.3125
guenther2023grammaticality,14,7,0.11083984375,0.158203125,-0.04736328125
guenther2023grammaticality,14,8,0.9765625,1.5,-0.5234375
guenther2023grammaticality,14,9,2.8125,1.8046875,1.0078125
guenther2023grammaticality,14,10,0.3515625,0.12451171875,0.22705078125
guenther2023grammaticality,14,11,1.2265625,0.7578125,0.46875
guenther2023grammaticality,14,12,0.578125,0.390625,0.1875
guenther2023grammaticality,14,13,1.0546875,0.7578125,0.296875
guenther2023grammaticality,14,14,0.578125,0.345703125,0.232421875
guenther2023grammaticality,14,15,0.4765625,0.6328125,-0.15625
guenther2023grammaticality,14,16,0.578125,0.431640625,0.146484375
guenther2023grammaticality,14,17,0.1787109375,0.158203125,0.0205078125
guenther2023grammaticality,14,18,0.431640625,0.345703125,0.0859375
guenther2023grammaticality,14,19,0.2041015625,0.08984375,0.1142578125
guenther2023grammaticality,14,20,0.22265625,0.1787109375,0.0439453125
guenther2023grammaticality,14,21,0.5234375,0.6328125,-0.109375
guenther2023grammaticality,14,22,0.578125,0.6328125,-0.0546875
guenther2023grammaticality,14,23,1.59375,1.59375,0.0
guenther2023grammaticality,14,24,0.283203125,0.2041015625,0.0791015625
guenther2023grammaticality,14,25,0.08984375,0.08251953125,0.00732421875
guenther2023grammaticality,14,26,0.1455078125,0.431640625,-0.2861328125
guenther2023grammaticality,14,27,0.283203125,0.828125,-0.544921875
guenther2023grammaticality,14,28,0.1787109375,0.1455078125,0.033203125
guenther2023grammaticality,14,29,0.69140625,0.9765625,-0.28515625
guenther2023grammaticality,14,30,2.015625,2.125,-0.109375
guenther2023grammaticality,14,31,0.1787109375,0.390625,-0.2119140625
guenther2023grammaticality,14,32,0.69140625,0.345703125,0.345703125
guenther2023grammaticality,14,33,0.1787109375,0.2041015625,-0.025390625
guenther2023grammaticality,14,34,0.6328125,0.828125,-0.1953125
guenther2023grammaticality,14,35,0.7578125,0.6328125,0.125
guenther2023grammaticality,14,36,0.6328125,0.345703125,0.287109375
guenther2023grammaticality,14,37,0.4765625,0.578125,-0.1015625
guenther2023grammaticality,14,38,0.1787109375,0.22265625,-0.0439453125
guenther2023grammaticality,14,39,1.8046875,1.3125,0.4921875
guenther2023grammaticality,14,40,0.1787109375,0.25390625,-0.0751953125
guenther2023grammaticality,14,41,0.6328125,0.158203125,0.474609375
guenther2023grammaticality,14,42,0.345703125,0.5234375,-0.177734375
guenther2023grammaticality,14,43,0.3125,0.431640625,-0.119140625
guenther2023grammaticality,14,44,1.8046875,1.40625,0.3984375
guenther2023grammaticality,14,45,0.345703125,0.431640625,-0.0859375
guenther2023grammaticality,14,46,0.25390625,0.25390625,0.0
guenther2023grammaticality,14,47,0.2041015625,0.345703125,-0.1416015625
guenther2023grammaticality,14,48,0.1787109375,0.431640625,-0.2529296875
guenther2023grammaticality,14,49,0.69140625,0.8984375,-0.20703125
guenther2023grammaticality,14,50,0.431640625,0.1787109375,0.2529296875
guenther2023grammaticality,14,51,0.2041015625,0.3125,-0.1083984375
guenther2023grammaticality,14,52,0.390625,0.4765625,-0.0859375
guenther2023grammaticality,14,53,0.3125,0.25390625,0.05859375
guenther2023grammaticality,14,54,0.158203125,0.158203125,0.0
guenther2023grammaticality,14,55,2.234375,1.140625,1.09375
guenther2023grammaticality,14,56,0.2041015625,0.578125,-0.3740234375
guenther2023grammaticality,14,57,0.4765625,0.7578125,-0.28125
guenther2023grammaticality,14,58,1.5,1.3125,0.1875
guenther2023grammaticality,14,59,0.4765625,0.4765625,0.0
guenther2023grammaticality,14,60,0.9765625,0.69140625,0.28515625
guenther2023grammaticality,14,61,0.1787109375,0.08251953125,0.09619140625
guenther2023grammaticality,14,62,0.12451171875,0.10400390625,0.0205078125
guenther2023grammaticality,14,63,0.22265625,0.10400390625,0.11865234375
guenther2023grammaticality,14,64,0.283203125,0.5234375,-0.240234375
guenther2023grammaticality,14,65,0.3125,0.69140625,-0.37890625
guenther2023grammaticality,14,66,0.3125,0.2041015625,0.1083984375
guenther2023grammaticality,14,67,0.1455078125,0.5234375,-0.3779296875
guenther2023grammaticality,14,68,0.1787109375,0.578125,-0.3994140625
guenther2023grammaticality,14,69,0.11083984375,0.3125,-0.20166015625
guenther2023grammaticality,14,70,0.11083984375,0.345703125,-0.23486328125
guenther2023grammaticality,14,71,0.390625,0.7578125,-0.3671875
guenther2023grammaticality,14,72,0.25390625,0.4765625,-0.22265625
guenther2023grammaticality,14,73,0.2041015625,0.5234375,-0.3193359375
guenther2023grammaticality,14,74,0.2041015625,0.390625,-0.1865234375
guenther2023grammaticality,14,75,0.8984375,1.0546875,-0.15625
guenther2023grammaticality,14,76,0.431640625,0.6328125,-0.201171875
guenther2023grammaticality,14,77,0.12451171875,0.1455078125,-0.02099609375
guenther2023grammaticality,14,78,2.234375,1.140625,1.09375
guenther2023grammaticality,14,79,2.46875,1.3125,1.15625
guenther2023grammaticality,14,80,0.8984375,0.828125,0.0703125
guenther2023grammaticality,14,81,0.4765625,0.578125,-0.1015625
guenther2023grammaticality,14,82,0.1455078125,0.5234375,-0.3779296875
guenther2023grammaticality,14,83,0.7578125,0.828125,-0.0703125
guenther2023grammaticality,14,84,0.2041015625,0.3125,-0.1083984375
guenther2023grammaticality,14,85,0.7578125,0.69140625,0.06640625
guenther2023grammaticality,14,86,0.1787109375,0.12451171875,0.05419921875
guenther2023grammaticality,14,87,0.25390625,0.3125,-0.05859375
guenther2023grammaticality,14,88,0.22265625,0.08251953125,0.14013671875
guenther2023grammaticality,14,89,0.6328125,0.578125,0.0546875
guenther2023grammaticality,14,90,0.25390625,0.578125,-0.32421875
guenther2023grammaticality,14,91,0.2041015625,0.12451171875,0.07958984375
guenther2023grammaticality,14,92,0.345703125,0.2041015625,0.1416015625
guenther2023grammaticality,14,93,0.2041015625,0.5234375,-0.3193359375
guenther2023grammaticality,14,94,0.1455078125,0.2041015625,-0.05859375
guenther2023grammaticality,14,95,0.431640625,0.4765625,-0.044921875
guenther2023grammaticality,14,96,0.283203125,0.5234375,-0.240234375
guenther2023grammaticality,14,97,0.158203125,0.1787109375,-0.0205078125
guenther2023grammaticality,14,98,0.3125,0.4765625,-0.1640625
guenther2023grammaticality,14,99,0.08251953125,0.05322265625,0.029296875
guenther2023grammaticality,14,100,0.08984375,0.578125,-0.48828125
guenther2023grammaticality,14,101,0.158203125,0.08251953125,0.07568359375
guenther2023grammaticality,14,102,0.69140625,0.6328125,0.05859375
guenther2023grammaticality,14,103,0.12451171875,0.1787109375,-0.05419921875
guenther2023grammaticality,14,104,0.7578125,0.9765625,-0.21875
guenther2023grammaticality,14,105,0.038330078125,0.038330078125,0.0
guenther2023grammaticality,14,106,0.390625,0.6328125,-0.2421875
guenther2023grammaticality,14,107,0.1787109375,0.384765625,-0.2060546875
guenther2023grammaticality,14,108,0.9765625,0.69140625,0.28515625
guenther2023grammaticality,14,109,0.11083984375,0.06787109375,0.04296875
guenther2023grammaticality,15,0,1.546875,0.431640625,1.115234375
guenther2023grammaticality,15,1,0.70703125,0.4765625,0.23046875
guenther2023grammaticality,15,2,1.140625,1.21875,-0.078125
guenther2023grammaticality,15,3,0.435546875,0.578125,-0.142578125
guenther2023grammaticality,15,4,0.69140625,0.578125,0.11328125
guenther2023grammaticality,15,5,0.5234375,0.4765625,0.046875
guenther2023grammaticality,15,6,0.03076171875,0.431640625,-0.40087890625
guenther2023grammaticality,15,7,0.431640625,0.828125,-0.396484375
guenther2023grammaticality,15,8,4.5,1.21875,3.28125
guenther2023grammaticality,15,9,0.3515625,0.578125,-0.2265625
guenther2023grammaticality,15,10,0.3515625,0.578125,-0.2265625
guenther2023grammaticality,15,11,0.08984375,0.22265625,-0.1328125
guenther2023grammaticality,15,12,0.1318359375,0.578125,-0.4462890625
guenther2023grammaticality,15,13,0.2041015625,0.69140625,-0.4873046875
guenther2023grammaticality,15,14,0.060546875,0.431640625,-0.37109375
guenther2023grammaticality,15,15,0.9765625,0.828125,0.1484375
guenther2023grammaticality,15,16,0.2041015625,0.7578125,-0.5537109375
guenther2023grammaticality,15,17,1.6015625,0.9765625,0.625
guenther2023grammaticality,15,18,0.11083984375,0.25390625,-0.14306640625
guenther2023grammaticality,15,19,0.06787109375,0.431640625,-0.36376953125
guenther2023grammaticality,15,20,3.40625,1.1328125,2.2734375
guenther2023grammaticality,15,21,0.390625,1.0546875,-0.6640625
guenther2023grammaticality,15,22,1.140625,0.7578125,0.3828125
guenther2023grammaticality,15,23,0.2041015625,0.22265625,-0.0185546875
guenther2023grammaticality,15,24,0.158203125,0.390625,-0.232421875
guenther2023grammaticality,15,25,0.0155029296875,0.1455078125,-0.1300048828125
guenther2023grammaticality,15,26,0.1787109375,0.3125,-0.1337890625
guenther2023grammaticality,15,27,0.08984375,0.25390625,-0.1640625
guenther2023grammaticality,15,28,0.2353515625,0.060546875,0.1748046875
guenther2023grammaticality,15,29,0.10400390625,0.345703125,-0.24169921875
guenther2023grammaticality,15,30,0.060546875,0.283203125,-0.22265625
guenther2023grammaticality,15,31,0.6328125,0.7578125,-0.125
guenther2023grammaticality,15,32,0.3125,0.4765625,-0.1640625
guenther2023grammaticality,15,33,0.05322265625,0.03076171875,0.0224609375
guenther2023grammaticality,15,34,0.06787109375,0.578125,-0.51025390625
guenther2023grammaticality,15,35,0.0458984375,0.22265625,-0.1767578125
guenther2023grammaticality,15,36,0.828125,0.25390625,0.57421875
guenther2023grammaticality,15,37,0.05322265625,0.25390625,-0.20068359375
guenther2023grammaticality,15,38,0.22265625,0.6328125,-0.41015625
guenther2023grammaticality,15,39,0.023193359375,0.1455078125,-0.122314453125
guenther2023grammaticality,15,40,0.023193359375,0.3125,-0.289306640625
guenther2023grammaticality,15,41,0.10400390625,0.12451171875,-0.0205078125
guenther2023grammaticality,15,42,0.038330078125,0.1455078125,-0.107177734375
guenther2023grammaticality,15,43,4.625,2.359375,2.265625
guenther2023grammaticality,15,44,0.08251953125,0.1787109375,-0.09619140625
guenther2023grammaticality,15,45,0.11083984375,0.5234375,-0.41259765625
guenther2023grammaticality,15,46,0.12451171875,0.4765625,-0.35205078125
guenther2023grammaticality,15,47,0.25390625,0.283203125,-0.029296875
guenther2023grammaticality,15,48,0.828125,0.384765625,0.443359375
guenther2023grammaticality,15,49,0.6328125,0.390625,0.2421875
guenther2023grammaticality,15,50,0.08984375,0.1455078125,-0.0556640625
guenther2023grammaticality,15,51,0.10400390625,0.12451171875,-0.0205078125
guenther2023grammaticality,15,52,0.03076171875,0.11083984375,-0.080078125
guenther2023grammaticality,15,53,0.05322265625,0.10400390625,-0.05078125
guenther2023grammaticality,15,54,0.060546875,0.05322265625,0.00732421875
guenther2023grammaticality,15,55,0.3125,0.12451171875,0.18798828125
guenther2023grammaticality,15,56,0.060546875,0.4765625,-0.416015625
guenther2023grammaticality,15,57,0.08984375,0.158203125,-0.068359375
guenther2023grammaticality,15,58,0.10400390625,0.25390625,-0.14990234375
guenther2023grammaticality,15,59,0.023193359375,0.10400390625,-0.080810546875
guenther2023grammaticality,15,60,0.03076171875,0.1455078125,-0.11474609375
guenther2023grammaticality,15,61,0.25390625,0.4765625,-0.22265625
guenther2023grammaticality,15,62,0.0458984375,0.431640625,-0.3857421875
guenther2023grammaticality,15,63,0.2041015625,0.1455078125,0.05859375
guenther2023grammaticality,15,64,0.038330078125,0.2041015625,-0.165771484375
guenther2023grammaticality,15,65,0.023193359375,0.158203125,-0.135009765625
guenther2023grammaticality,15,66,0.06787109375,0.1455078125,-0.07763671875
guenther2023grammaticality,15,67,0.10400390625,0.2041015625,-0.10009765625
guenther2023grammaticality,15,68,0.03076171875,0.12451171875,-0.09375
guenther2023grammaticality,15,69,0.007781982421875,0.023193359375,-0.015411376953125
guenther2023grammaticality,15,70,0.08251953125,0.158203125,-0.07568359375
guenther2023grammaticality,15,71,0.038330078125,0.22265625,-0.184326171875
guenther2023grammaticality,15,72,0.0155029296875,0.22265625,-0.2071533203125
guenther2023grammaticality,15,73,0.023193359375,0.22265625,-0.199462890625
guenther2023grammaticality,15,74,0.023193359375,0.12451171875,-0.101318359375
guenther2023grammaticality,15,75,0.023193359375,0.11083984375,-0.087646484375
guenther2023grammaticality,15,76,3.640625,1.90625,1.734375
guenther2023grammaticality,15,77,0.11083984375,0.25390625,-0.14306640625
guenther2023grammaticality,15,78,0.431640625,0.5234375,-0.091796875
guenther2023grammaticality,15,79,0.0458984375,0.12451171875,-0.07861328125
guenther2023grammaticality,15,80,0.060546875,0.12451171875,-0.06396484375
guenther2023grammaticality,15,81,0.2294921875,0.283203125,-0.0537109375
guenther2023grammaticality,15,82,0.0458984375,0.08984375,-0.0439453125
guenther2023grammaticality,15,83,0.10400390625,0.158203125,-0.05419921875
guenther2023grammaticality,15,84,0.06787109375,0.22265625,-0.15478515625
guenther2023grammaticality,15,85,0.023193359375,0.08251953125,-0.059326171875
guenther2023grammaticality,15,86,0.03076171875,0.12451171875,-0.09375
guenther2023grammaticality,15,87,0.05322265625,0.1455078125,-0.09228515625
guenther2023grammaticality,15,88,0.03076171875,0.08251953125,-0.0517578125
guenther2023grammaticality,15,89,0.023193359375,0.0966796875,-0.073486328125
guenther2023grammaticality,15,90,1.40625,2.125,-0.71875
guenther2023grammaticality,15,91,0.0458984375,0.12451171875,-0.07861328125
guenther2023grammaticality,15,92,0.0458984375,0.1787109375,-0.1328125
guenther2023grammaticality,15,93,0.11083984375,0.2041015625,-0.09326171875
guenther2023grammaticality,15,94,0.0458984375,0.10400390625,-0.05810546875
guenther2023grammaticality,15,95,0.0155029296875,0.0458984375,-0.0303955078125
guenther2023grammaticality,15,96,0.1455078125,0.2041015625,-0.05859375
guenther2023grammaticality,15,97,0.038330078125,0.11083984375,-0.072509765625
guenther2023grammaticality,15,98,0.03076171875,0.08984375,-0.05908203125
guenther2023grammaticality,15,99,0.03076171875,0.060546875,-0.02978515625
guenther2023grammaticality,15,100,0.0155029296875,0.060546875,-0.0450439453125
guenther2023grammaticality,15,101,0.0458984375,0.1787109375,-0.1328125
guenther2023grammaticality,15,102,0.03076171875,0.06787109375,-0.037109375
guenther2023grammaticality,15,103,0.007781982421875,0.06787109375,-0.060089111328125
guenther2023grammaticality,15,104,0.0155029296875,0.0458984375,-0.0303955078125
guenther2023grammaticality,15,105,0.0155029296875,0.03076171875,-0.0152587890625
guenther2023grammaticality,15,106,0.007781982421875,0.060546875,-0.052764892578125
guenther2023grammaticality,15,107,0.007781982421875,0.1455078125,-0.137725830078125
guenther2023grammaticality,15,108,0.007781982421875,0.023193359375,-0.015411376953125
guenther2023grammaticality,15,109,0.007781982421875,0.08251953125,-0.074737548828125
guenther2023grammaticality,16,0,1.0078125,1.2265625,-0.21875
guenther2023grammaticality,16,1,0.6484375,0.4765625,0.171875
guenther2023grammaticality,16,2,0.318359375,0.10400390625,0.21435546875
guenther2023grammaticality,16,3,0.1845703125,0.08251953125,0.10205078125
guenther2023grammaticality,16,4,0.283203125,0.06787109375,0.21533203125
guenther2023grammaticality,16,5,0.25390625,0.06787109375,0.18603515625
guenther2023grammaticality,16,6,0.05322265625,0.03076171875,0.0224609375
guenther2023grammaticality,16,7,0.283203125,0.05322265625,0.22998046875
guenther2023grammaticality,16,8,0.25390625,0.060546875,0.193359375
guenther2023grammaticality,16,9,0.69921875,0.283203125,0.416015625
guenther2023grammaticality,16,10,3.171875,2.8125,0.359375
guenther2023grammaticality,16,11,0.578125,0.345703125,0.232421875
guenther2023grammaticality,16,12,0.4765625,0.158203125,0.318359375
guenther2023grammaticality,16,13,0.69140625,1.703125,-1.01171875
guenther2023grammaticality,16,14,1.0546875,0.6328125,0.421875
guenther2023grammaticality,16,15,0.6328125,0.283203125,0.349609375
guenther2023grammaticality,16,16,0.6328125,0.25390625,0.37890625
guenther2023grammaticality,16,17,0.1455078125,0.1455078125,0.0
guenther2023grammaticality,16,18,0.69140625,0.345703125,0.345703125
guenther2023grammaticality,16,19,0.345703125,0.11083984375,0.23486328125
guenther2023grammaticality,16,20,0.3125,0.08251953125,0.22998046875
guenther2023grammaticality,16,21,0.11083984375,0.03076171875,0.080078125
guenther2023grammaticality,16,22,0.08251953125,0.05322265625,0.029296875
guenther2023grammaticality,16,23,0.283203125,0.11083984375,0.17236328125
guenther2023grammaticality,16,24,0.1787109375,0.06787109375,0.11083984375
guenther2023grammaticality,16,25,0.12451171875,0.05322265625,0.0712890625
guenther2023grammaticality,16,26,0.158203125,0.060546875,0.09765625
guenther2023grammaticality,16,27,0.10400390625,0.03076171875,0.0732421875
guenther2023grammaticality,16,28,0.08984375,0.0458984375,0.0439453125
guenther2023grammaticality,16,29,0.3125,0.11083984375,0.20166015625
guenther2023grammaticality,16,30,0.158203125,0.08251953125,0.07568359375
guenther2023grammaticality,16,31,0.12451171875,0.0458984375,0.07861328125
guenther2023grammaticality,16,32,0.06787109375,0.03076171875,0.037109375
guenther2023grammaticality,16,33,2.8125,3.765625,-0.953125
guenther2023grammaticality,16,34,0.283203125,0.12451171875,0.15869140625
guenther2023grammaticality,16,35,0.25390625,0.08251953125,0.17138671875
guenther2023grammaticality,16,36,0.283203125,0.12451171875,0.15869140625
guenther2023grammaticality,16,37,0.3125,0.10400390625,0.20849609375
guenther2023grammaticality,16,38,0.11083984375,0.0458984375,0.06494140625
guenther2023grammaticality,16,39,0.158203125,0.0458984375,0.1123046875
guenther2023grammaticality,16,40,0.10400390625,0.06787109375,0.0361328125
guenther2023grammaticality,16,41,0.1455078125,0.06787109375,0.07763671875
guenther2023grammaticality,16,42,0.1787109375,0.05322265625,0.12548828125
guenther2023grammaticality,16,43,0.12451171875,0.06787109375,0.056640625
guenther2023grammaticality,16,44,0.2041015625,0.05322265625,0.15087890625
guenther2023grammaticality,16,45,0.11083984375,0.05322265625,0.0576171875
guenther2023grammaticality,16,46,0.08984375,0.038330078125,0.051513671875
guenther2023grammaticality,16,47,0.11083984375,0.038330078125,0.072509765625
guenther2023grammaticality,16,48,0.08251953125,0.03076171875,0.0517578125
guenther2023grammaticality,16,49,0.05322265625,0.03076171875,0.0224609375
guenther2023grammaticality,16,50,0.12451171875,0.038330078125,0.086181640625
guenther2023grammaticality,16,51,0.12451171875,0.038330078125,0.086181640625
guenther2023grammaticality,16,52,0.08251953125,0.023193359375,0.059326171875
guenther2023grammaticality,16,53,0.06787109375,0.023193359375,0.044677734375
guenther2023grammaticality,16,54,0.08984375,0.023193359375,0.066650390625
guenther2023grammaticality,16,55,2.125,3.28125,-1.15625
guenther2023grammaticality,16,56,1.703125,2.46875,-0.765625
guenther2023grammaticality,16,57,0.08251953125,0.08251953125,0.0
guenther2023grammaticality,16,58,0.05322265625,0.0458984375,0.00732421875
guenther2023grammaticality,16,59,0.22265625,0.08984375,0.1328125
guenther2023grammaticality,16,60,0.158203125,0.060546875,0.09765625
guenther2023grammaticality,16,61,0.06787109375,0.0458984375,0.02197265625
guenther2023grammaticality,16,62,0.05322265625,0.038330078125,0.014892578125
guenther2023grammaticality,16,63,0.10400390625,0.158203125,-0.05419921875
guenther2023grammaticality,16,64,0.11083984375,0.060546875,0.05029296875
guenther2023grammaticality,16,65,0.11083984375,0.0458984375,0.06494140625
guenther2023grammaticality,16,66,0.08984375,0.05322265625,0.03662109375
guenther2023grammaticality,16,67,0.0458984375,0.03076171875,0.01513671875
guenther2023grammaticality,16,68,0.158203125,0.11083984375,0.04736328125
guenther2023grammaticality,16,69,0.060546875,0.038330078125,0.022216796875
guenther2023grammaticality,16,70,0.060546875,0.06787109375,-0.00732421875
guenther2023grammaticality,16,71,0.05322265625,0.03076171875,0.0224609375
guenther2023grammaticality,16,72,0.11083984375,0.05322265625,0.0576171875
guenther2023grammaticality,16,73,0.12451171875,0.0458984375,0.07861328125
guenther2023grammaticality,16,74,0.038330078125,0.023193359375,0.01513671875
guenther2023grammaticality,16,75,0.0458984375,0.023193359375,0.022705078125
guenther2023grammaticality,16,76,0.023193359375,0.0155029296875,0.0076904296875
guenther2023grammaticality,16,77,0.05322265625,0.0458984375,0.00732421875
guenther2023grammaticality,16,78,0.03076171875,0.03076171875,0.0
guenther2023grammaticality,16,79,0.08251953125,0.0458984375,0.03662109375
guenther2023grammaticality,16,80,1.59375,2.359375,-0.765625
guenther2023grammaticality,16,81,0.0458984375,0.023193359375,0.022705078125
guenther2023grammaticality,16,82,0.06787109375,0.023193359375,0.044677734375
guenther2023grammaticality,16,83,0.060546875,0.023193359375,0.037353515625
guenther2023grammaticality,16,84,0.4765625,0.283203125,0.193359375
guenther2023grammaticality,16,85,0.12451171875,0.03076171875,0.09375
guenther2023grammaticality,16,86,0.12451171875,0.060546875,0.06396484375
guenther2023grammaticality,16,87,0.10400390625,0.0458984375,0.05810546875
guenther2023grammaticality,16,88,0.0458984375,0.023193359375,0.022705078125
guenther2023grammaticality,16,89,0.03076171875,0.023193359375,0.007568359375
guenther2023grammaticality,16,90,0.06787109375,0.038330078125,0.029541015625
guenther2023grammaticality,16,91,2.359375,3.40625,-1.046875
guenther2023grammaticality,16,92,0.06787109375,0.05322265625,0.0146484375
guenther2023grammaticality,16,93,0.038330078125,0.023193359375,0.01513671875
guenther2023grammaticality,16,94,0.023193359375,0.03076171875,-0.007568359375
guenther2023grammaticality,16,95,0.10400390625,0.03076171875,0.0732421875
guenther2023grammaticality,16,96,0.05322265625,0.06787109375,-0.0146484375
guenther2023grammaticality,16,97,0.060546875,0.023193359375,0.037353515625
guenther2023grammaticality,16,98,0.03076171875,0.023193359375,0.007568359375
guenther2023grammaticality,16,99,1.40625,1.90625,-0.5
guenther2023grammaticality,16,100,0.060546875,0.0458984375,0.0146484375
guenther2023grammaticality,16,101,0.0458984375,0.06787109375,-0.02197265625
guenther2023grammaticality,16,102,0.0458984375,0.038330078125,0.007568359375
guenther2023grammaticality,16,103,0.023193359375,0.023193359375,0.0
guenther2023grammaticality,16,104,0.10400390625,0.08251953125,0.021484375
guenther2023grammaticality,16,105,0.5234375,0.283203125,0.240234375
guenther2023grammaticality,16,106,0.0458984375,0.05322265625,-0.00732421875
guenther2023grammaticality,16,107,0.060546875,0.03076171875,0.02978515625
guenther2023grammaticality,16,108,0.023193359375,0.0155029296875,0.0076904296875
guenther2023grammaticality,16,109,0.0155029296875,0.0155029296875,0.0
guenther2023grammaticality,17,0,0.546875,0.060546875,0.486328125
guenther2023grammaticality,17,1,0.83984375,2.46875,-1.62890625
guenther2023grammaticality,17,2,0.58203125,0.828125,-0.24609375
guenther2023grammaticality,17,3,0.578125,0.69140625,-0.11328125
guenther2023grammaticality,17,4,0.69140625,1.0546875,-0.36328125
guenther2023grammaticality,17,5,0.2041015625,0.283203125,-0.0791015625
guenther2023grammaticality,17,6,0.1455078125,0.05322265625,0.09228515625
guenther2023grammaticality,17,7,3.40625,0.6328125,2.7734375
guenther2023grammaticality,17,8,0.7578125,0.69140625,0.06640625
guenther2023grammaticality,17,9,0.6328125,0.2041015625,0.4287109375
guenther2023grammaticality,17,10,0.8984375,0.6328125,0.265625
guenther2023grammaticality,17,11,1.0546875,1.5,-0.4453125
guenther2023grammaticality,17,12,0.578125,0.6328125,-0.0546875
guenther2023grammaticality,17,13,0.4765625,0.1787109375,0.2978515625
guenther2023grammaticality,17,14,2.921875,1.90625,1.015625
guenther2023grammaticality,17,15,0.2294921875,0.283203125,-0.0537109375
guenther2023grammaticality,17,16,0.5234375,0.8984375,-0.375
guenther2023grammaticality,17,17,0.283203125,0.5234375,-0.240234375
guenther2023grammaticality,17,18,0.69140625,0.4765625,0.21484375
guenther2023grammaticality,17,19,1.40625,1.59375,-0.1875
guenther2023grammaticality,17,20,0.1455078125,0.25390625,-0.1083984375
guenther2023grammaticality,17,21,0.3125,0.25390625,0.05859375
guenther2023grammaticality,17,22,0.4765625,0.431640625,0.044921875
guenther2023grammaticality,17,23,0.69140625,0.69140625,0.0
guenther2023grammaticality,17,24,0.828125,0.69140625,0.13671875
guenther2023grammaticality,17,25,0.578125,0.9765625,-0.3984375
guenther2023grammaticality,17,26,0.7578125,0.4765625,0.28125
guenther2023grammaticality,17,27,0.6328125,0.390625,0.2421875
guenther2023grammaticality,17,28,0.1455078125,0.0458984375,0.099609375
guenther2023grammaticality,17,29,0.158203125,0.25390625,-0.095703125
guenther2023grammaticality,17,30,0.22265625,0.6328125,-0.41015625
guenther2023grammaticality,17,31,0.828125,0.69140625,0.13671875
guenther2023grammaticality,17,32,0.060546875,0.1455078125,-0.0849609375
guenther2023grammaticality,17,33,1.90625,1.21875,0.6875
guenther2023grammaticality,17,34,0.6328125,0.431640625,0.201171875
guenther2023grammaticality,17,35,0.4765625,0.4765625,0.0
guenther2023grammaticality,17,36,0.1455078125,0.158203125,-0.0126953125
guenther2023grammaticality,17,37,0.69140625,0.6328125,0.05859375
guenther2023grammaticality,17,38,0.5234375,0.345703125,0.177734375
guenther2023grammaticality,17,39,0.5234375,0.390625,0.1328125
guenther2023grammaticality,17,40,0.828125,0.431640625,0.396484375
guenther2023grammaticality,17,41,0.25390625,0.345703125,-0.091796875
guenther2023grammaticality,17,42,2.6875,2.359375,0.328125
guenther2023grammaticality,17,43,0.3125,0.283203125,0.029296875
guenther2023grammaticality,17,44,0.69140625,0.431640625,0.259765625
guenther2023grammaticality,17,45,0.390625,0.5234375,-0.1328125
guenther2023grammaticality,17,46,0.2041015625,0.283203125,-0.0791015625
guenther2023grammaticality,17,47,0.431640625,0.22265625,0.208984375
guenther2023grammaticality,17,48,0.345703125,0.22265625,0.123046875
guenther2023grammaticality,17,49,1.3125,1.703125,-0.390625
guenther2023grammaticality,17,50,0.7578125,0.69140625,0.06640625
guenther2023grammaticality,17,51,1.0546875,0.9765625,0.078125
guenther2023grammaticality,17,52,0.390625,0.25390625,0.13671875
guenther2023grammaticality,17,53,0.283203125,0.1787109375,0.1044921875
guenther2023grammaticality,17,54,0.390625,0.25390625,0.13671875
guenther2023grammaticality,17,55,0.1787109375,0.3125,-0.1337890625
guenther2023grammaticality,17,56,0.08251953125,0.158203125,-0.07568359375
guenther2023grammaticality,17,57,0.828125,0.8984375,-0.0703125
guenther2023grammaticality,17,58,0.1787109375,0.22265625,-0.0439453125
guenther2023grammaticality,17,59,0.578125,0.4765625,0.1015625
guenther2023grammaticality,17,60,0.4765625,0.345703125,0.130859375
guenther2023grammaticality,17,61,0.9765625,1.40625,-0.4296875
guenther2023grammaticality,17,62,0.1787109375,0.283203125,-0.1044921875
guenther2023grammaticality,17,63,0.390625,0.3125,0.078125
guenther2023grammaticality,17,64,0.390625,0.3125,0.078125
guenther2023grammaticality,17,65,0.283203125,0.0458984375,0.2373046875
guenther2023grammaticality,17,66,0.283203125,0.345703125,-0.0625
guenther2023grammaticality,17,67,0.25390625,0.3125,-0.05859375
guenther2023grammaticality,17,68,0.10400390625,0.22265625,-0.11865234375
guenther2023grammaticality,17,69,0.12451171875,0.22265625,-0.09814453125
guenther2023grammaticality,17,70,0.5234375,0.283203125,0.240234375
guenther2023grammaticality,17,71,1.21875,1.5,-0.28125
guenther2023grammaticality,17,72,0.390625,0.3125,0.078125
guenther2023grammaticality,17,73,1.5,1.40625,0.09375
guenther2023grammaticality,17,74,0.828125,0.5234375,0.3046875
guenther2023grammaticality,17,75,0.6328125,0.6328125,0.0
guenther2023grammaticality,17,76,0.158203125,0.22265625,-0.064453125
guenther2023grammaticality,17,77,0.578125,0.4765625,0.1015625
guenther2023grammaticality,17,78,0.4765625,0.5234375,-0.046875
guenther2023grammaticality,17,79,0.6328125,0.431640625,0.201171875
guenther2023grammaticality,17,80,0.12451171875,0.1455078125,-0.02099609375
guenther2023grammaticality,17,81,0.12451171875,0.0458984375,0.07861328125
guenther2023grammaticality,17,82,1.40625,1.59375,-0.1875
guenther2023grammaticality,17,83,0.431640625,0.431640625,0.0
guenther2023grammaticality,17,84,0.1455078125,0.3125,-0.1669921875
guenther2023grammaticality,17,85,0.08984375,0.038330078125,0.051513671875
guenther2023grammaticality,17,86,0.4765625,0.431640625,0.044921875
guenther2023grammaticality,17,87,0.431640625,0.4765625,-0.044921875
guenther2023grammaticality,17,88,0.12451171875,0.283203125,-0.15869140625
guenther2023grammaticality,17,89,1.140625,1.21875,-0.078125
guenther2023grammaticality,17,90,0.283203125,0.25390625,0.029296875
guenther2023grammaticality,17,91,0.578125,0.345703125,0.232421875
guenther2023grammaticality,17,92,0.345703125,0.1787109375,0.1669921875
guenther2023grammaticality,17,93,0.431640625,0.3125,0.119140625
guenther2023grammaticality,17,94,0.1455078125,0.1787109375,-0.033203125
guenther2023grammaticality,17,95,0.431640625,0.431640625,0.0
guenther2023grammaticality,17,96,2.234375,2.125,0.109375
guenther2023grammaticality,17,97,0.6328125,0.69140625,-0.05859375
guenther2023grammaticality,17,98,0.345703125,0.2041015625,0.1416015625
guenther2023grammaticality,17,99,2.234375,1.59375,0.640625
guenther2023grammaticality,17,100,0.390625,0.345703125,0.044921875
guenther2023grammaticality,17,101,0.431640625,0.4765625,-0.044921875
guenther2023grammaticality,17,102,0.283203125,0.3125,-0.029296875
guenther2023grammaticality,17,103,0.345703125,0.3125,0.033203125
guenther2023grammaticality,17,104,0.345703125,0.390625,-0.044921875
guenther2023grammaticality,17,105,0.283203125,0.22265625,0.060546875
guenther2023grammaticality,17,106,0.4765625,0.345703125,0.130859375
guenther2023grammaticality,17,107,0.5234375,0.3125,0.2109375
guenther2023grammaticality,17,108,0.3125,0.283203125,0.029296875
guenther2023grammaticality,17,109,0.1787109375,0.1455078125,0.033203125
guenther2023grammaticality,18,0,0.54296875,0.22265625,0.3203125
guenther2023grammaticality,18,1,0.984375,1.5,-0.515625
guenther2023grammaticality,18,2,0.390625,0.390625,0.0
guenther2023grammaticality,18,3,0.4765625,0.8984375,-0.421875
guenther2023grammaticality,18,4,0.283203125,0.158203125,0.125
guenther2023grammaticality,18,5,0.431640625,0.1787109375,0.2529296875
guenther2023grammaticality,18,6,0.390625,0.7578125,-0.3671875
guenther2023grammaticality,18,7,0.0458984375,0.06787109375,-0.02197265625
guenther2023grammaticality,18,8,0.7578125,0.431640625,0.326171875
guenther2023grammaticality,18,9,0.0155029296875,0.0458984375,-0.0303955078125
guenther2023grammaticality,18,10,0.007781982421875,0.023193359375,-0.015411376953125
guenther2023grammaticality,18,11,0.7578125,1.3125,-0.5546875
guenther2023grammaticality,18,12,0.05322265625,0.6328125,-0.57958984375
guenther2023grammaticality,18,13,0.023193359375,0.828125,-0.804931640625
guenther2023grammaticality,18,14,0.0155029296875,0.390625,-0.3751220703125
guenther2023grammaticality,18,15,0.0155029296875,0.578125,-0.5626220703125
guenther2023grammaticality,18,16,0.0155029296875,0.828125,-0.8126220703125
guenther2023grammaticality,18,17,0.6328125,0.69140625,-0.05859375
guenther2023grammaticality,18,18,0.0,0.12451171875,-0.12451171875
guenther2023grammaticality,18,19,0.0,0.22265625,-0.22265625
guenther2023grammaticality,18,20,0.0,0.431640625,-0.431640625
guenther2023grammaticality,18,21,0.007781982421875,0.08251953125,-0.074737548828125
guenther2023grammaticality,18,22,0.0,0.11083984375,-0.11083984375
guenther2023grammaticality,18,23,0.007781982421875,0.578125,-0.570343017578125
guenther2023grammaticality,18,24,0.1650390625,0.0458984375,0.119140625
guenther2023grammaticality,18,25,0.8984375,0.578125,0.3203125
guenther2023grammaticality,18,26,0.0,0.22265625,-0.22265625
guenther2023grammaticality,18,27,0.0,0.345703125,-0.345703125
guenther2023grammaticality,18,28,0.0,0.08984375,-0.08984375
guenther2023grammaticality,18,29,0.0,0.11083984375,-0.11083984375
guenther2023grammaticality,18,30,0.3515625,0.10400390625,0.24755859375
guenther2023grammaticality,18,31,0.007781982421875,0.0458984375,-0.038116455078125
guenther2023grammaticality,18,32,0.007781982421875,0.431640625,-0.423858642578125
guenther2023grammaticality,18,33,0.0,0.283203125,-0.283203125
guenther2023grammaticality,18,34,0.007781982421875,0.390625,-0.382843017578125
guenther2023grammaticality,18,35,0.0,0.11083984375,-0.11083984375
guenther2023grammaticality,18,36,0.0,0.12451171875,-0.12451171875
guenther2023grammaticality,18,37,0.0,0.05322265625,-0.05322265625
guenther2023grammaticality,18,38,0.0,0.3125,-0.3125
guenther2023grammaticality,18,39,0.0,0.08984375,-0.08984375
guenther2023grammaticality,18,40,0.007781982421875,0.5234375,-0.515655517578125
guenther2023grammaticality,18,41,0.0,0.3125,-0.3125
guenther2023grammaticality,18,42,0.007781982421875,0.431640625,-0.423858642578125
guenther2023grammaticality,18,43,0.0,0.6328125,-0.6328125
guenther2023grammaticality,18,44,0.007781982421875,0.023193359375,-0.015411376953125
guenther2023grammaticality,18,45,0.0,0.431640625,-0.431640625
guenther2023grammaticality,18,46,0.0,0.69140625,-0.69140625
guenther2023grammaticality,18,47,0.0,0.158203125,-0.158203125
guenther2023grammaticality,18,48,0.0,0.2041015625,-0.2041015625
guenther2023grammaticality,18,49,0.0,0.22265625,-0.22265625
guenther2023grammaticality,18,50,0.0,0.2041015625,-0.2041015625
guenther2023grammaticality,18,51,0.007781982421875,0.1455078125,-0.137725830078125
guenther2023grammaticality,18,52,0.0,0.2041015625,-0.2041015625
guenther2023grammaticality,18,53,0.0,0.08251953125,-0.08251953125
guenther2023grammaticality,18,54,0.0,0.12451171875,-0.12451171875
guenther2023grammaticality,18,55,0.0,0.12451171875,-0.12451171875
guenther2023grammaticality,18,56,0.0,0.0458984375,-0.0458984375
guenther2023grammaticality,18,57,0.0,0.023193359375,-0.023193359375
guenther2023grammaticality,18,58,0.0,0.345703125,-0.345703125
guenther2023grammaticality,18,59,0.007781982421875,0.3125,-0.304718017578125
guenther2023grammaticality,18,60,0.0,0.11083984375,-0.11083984375
guenther2023grammaticality,18,61,0.0,0.12451171875,-0.12451171875
guenther2023grammaticality,18,62,0.0,0.1787109375,-0.1787109375
guenther2023grammaticality,18,63,0.0,0.10400390625,-0.10400390625
guenther2023grammaticality,18,64,0.0,0.08984375,-0.08984375
guenther2023grammaticality,18,65,0.0,0.0458984375,-0.0458984375
guenther2023grammaticality,18,66,0.0,0.023193359375,-0.023193359375
guenther2023grammaticality,18,67,0.0,0.060546875,-0.060546875
guenther2023grammaticality,18,68,0.0,0.0155029296875,-0.0155029296875
guenther2023grammaticality,18,69,0.0,0.0155029296875,-0.0155029296875
guenther2023grammaticality,18,70,0.0,0.06787109375,-0.06787109375
guenther2023grammaticality,18,71,0.0,0.023193359375,-0.023193359375
guenther2023grammaticality,18,72,0.0,0.08984375,-0.08984375
guenther2023grammaticality,18,73,0.0,0.10400390625,-0.10400390625
guenther2023grammaticality,18,74,0.0,0.0155029296875,-0.0155029296875
guenther2023grammaticality,18,75,0.0,0.22265625,-0.22265625
guenther2023grammaticality,18,76,0.0,0.08984375,-0.08984375
guenther2023grammaticality,18,77,0.0,0.10400390625,-0.10400390625
guenther2023grammaticality,18,78,0.0,0.158203125,-0.158203125
guenther2023grammaticality,18,79,0.0,0.060546875,-0.060546875
guenther2023grammaticality,18,80,0.0,0.22265625,-0.22265625
guenther2023grammaticality,18,81,0.0,0.060546875,-0.060546875
guenther2023grammaticality,18,82,0.0,0.060546875,-0.060546875
guenther2023grammaticality,18,83,0.0,0.023193359375,-0.023193359375
guenther2023grammaticality,18,84,0.0,0.158203125,-0.158203125
guenther2023grammaticality,18,85,0.0,0.0458984375,-0.0458984375
guenther2023grammaticality,18,86,0.0,0.06787109375,-0.06787109375
guenther2023grammaticality,18,87,0.0,0.12451171875,-0.12451171875
guenther2023grammaticality,18,88,0.0,0.11083984375,-0.11083984375
guenther2023grammaticality,18,89,0.0,0.038330078125,-0.038330078125
guenther2023grammaticality,18,90,0.0,0.08251953125,-0.08251953125
guenther2023grammaticality,18,91,0.0,0.023193359375,-0.023193359375
guenther2023grammaticality,18,92,0.0,0.03076171875,-0.03076171875
guenther2023grammaticality,18,93,0.0,0.08251953125,-0.08251953125
guenther2023grammaticality,18,94,0.0,0.10400390625,-0.10400390625
guenther2023grammaticality,18,95,0.0,0.060546875,-0.060546875
guenther2023grammaticality,18,96,0.0,0.0458984375,-0.0458984375
guenther2023grammaticality,18,97,0.0,0.007781982421875,-0.007781982421875
guenther2023grammaticality,18,98,0.0,0.03076171875,-0.03076171875
guenther2023grammaticality,18,99,0.0,0.007781982421875,-0.007781982421875
guenther2023grammaticality,18,100,0.0,0.03076171875,-0.03076171875
guenther2023grammaticality,18,101,0.0,0.023193359375,-0.023193359375
guenther2023grammaticality,18,102,0.0,0.03076171875,-0.03076171875
guenther2023grammaticality,18,103,0.0,0.0155029296875,-0.0155029296875
guenther2023grammaticality,18,104,0.0,0.03076171875,-0.03076171875
guenther2023grammaticality,18,105,0.0,0.05322265625,-0.05322265625
guenther2023grammaticality,18,106,0.0,0.060546875,-0.060546875
guenther2023grammaticality,18,107,0.0,0.0155029296875,-0.0155029296875
guenther2023grammaticality,18,108,0.0,0.08251953125,-0.08251953125
guenther2023grammaticality,18,109,0.0,0.0155029296875,-0.0155029296875
guenther2023grammaticality,19,0,0.75390625,0.060546875,0.693359375
guenther2023grammaticality,19,1,1.0,1.2265625,-0.2265625
guenther2023grammaticality,19,2,0.69921875,0.1787109375,0.5205078125
guenther2023grammaticality,19,3,0.76171875,1.0546875,-0.29296875
guenther2023grammaticality,19,4,1.2265625,2.015625,-0.7890625
guenther2023grammaticality,19,5,0.3125,0.431640625,-0.119140625
guenther2023grammaticality,19,6,0.259765625,0.283203125,-0.0234375
guenther2023grammaticality,19,7,0.158203125,0.060546875,0.09765625
guenther2023grammaticality,19,8,0.3515625,0.283203125,0.068359375
guenther2023grammaticality,19,9,0.10400390625,0.038330078125,0.065673828125
guenther2023grammaticality,19,10,0.2294921875,0.578125,-0.3486328125
guenther2023grammaticality,19,11,0.2041015625,0.08984375,0.1142578125
guenther2023grammaticality,19,12,0.158203125,0.11083984375,0.04736328125
guenther2023grammaticality,19,13,0.08984375,0.22265625,-0.1328125
guenther2023grammaticality,19,14,0.03076171875,0.0458984375,-0.01513671875
guenther2023grammaticality,19,15,0.6328125,0.6328125,0.0
guenther2023grammaticality,19,16,0.1787109375,0.7578125,-0.5791015625
guenther2023grammaticality,19,17,0.8984375,1.5,-0.6015625
guenther2023grammaticality,19,18,0.69140625,0.25390625,0.4375
guenther2023grammaticality,19,19,1.8046875,0.828125,0.9765625
guenther2023grammaticality,19,20,0.11083984375,0.11083984375,0.0
guenther2023grammaticality,19,21,0.22265625,0.06787109375,0.15478515625
guenther2023grammaticality,19,22,0.11083984375,0.08251953125,0.0283203125
guenther2023grammaticality,19,23,0.08984375,0.03076171875,0.05908203125
guenther2023grammaticality,19,24,1.5,2.125,-0.625
guenther2023grammaticality,19,25,0.390625,0.578125,-0.1875
guenther2023grammaticality,19,26,0.4765625,0.9765625,-0.5
guenther2023grammaticality,19,27,0.578125,0.69140625,-0.11328125
guenther2023grammaticality,19,28,0.158203125,0.345703125,-0.1875
guenther2023grammaticality,19,29,0.1787109375,0.158203125,0.0205078125
guenther2023grammaticality,19,30,1.5,0.4765625,1.0234375
guenther2023grammaticality,19,31,0.10400390625,0.8984375,-0.79443359375
guenther2023grammaticality,19,32,0.08251953125,0.5234375,-0.44091796875
guenther2023grammaticality,19,33,0.10400390625,0.22265625,-0.11865234375
guenther2023grammaticality,19,34,1.40625,1.3125,0.09375
guenther2023grammaticality,19,35,0.08984375,0.6328125,-0.54296875
guenther2023grammaticality,19,36,0.1455078125,0.283203125,-0.1376953125
guenther2023grammaticality,19,37,0.158203125,0.390625,-0.232421875
guenther2023grammaticality,19,38,0.3125,0.9765625,-0.6640625
guenther2023grammaticality,19,39,0.1787109375,0.25390625,-0.0751953125
guenther2023grammaticality,19,40,0.25390625,0.828125,-0.57421875
guenther2023grammaticality,19,41,0.007781982421875,0.038330078125,-0.030548095703125
guenther2023grammaticality,19,42,0.03076171875,0.431640625,-0.40087890625
guenther2023grammaticality,19,43,0.1787109375,0.6328125,-0.4541015625
guenther2023grammaticality,19,44,0.1787109375,0.6328125,-0.4541015625
guenther2023grammaticality,19,45,0.007781982421875,0.4765625,-0.468780517578125
guenther2023grammaticality,19,46,0.08984375,0.390625,-0.30078125
guenther2023grammaticality,19,47,0.007781982421875,0.158203125,-0.150421142578125
guenther2023grammaticality,19,48,0.007781982421875,0.1787109375,-0.170928955078125
guenther2023grammaticality,19,49,0.10400390625,0.1787109375,-0.07470703125
guenther2023grammaticality,19,50,0.023193359375,0.12451171875,-0.101318359375
guenther2023grammaticality,19,51,1.90625,0.69140625,1.21484375
guenther2023grammaticality,19,52,0.0458984375,0.158203125,-0.1123046875
guenther2023grammaticality,19,53,0.0458984375,0.25390625,-0.2080078125
guenther2023grammaticality,19,54,0.7578125,1.8046875,-1.046875
guenther2023grammaticality,19,55,0.060546875,0.6328125,-0.572265625
guenther2023grammaticality,19,56,0.038330078125,0.3125,-0.274169921875
guenther2023grammaticality,19,57,0.0458984375,0.431640625,-0.3857421875
guenther2023grammaticality,19,58,0.431640625,0.8984375,-0.466796875
guenther2023grammaticality,19,59,0.1455078125,0.390625,-0.2451171875
guenther2023grammaticality,19,60,0.11083984375,0.5234375,-0.41259765625
guenther2023grammaticality,19,61,0.038330078125,0.22265625,-0.184326171875
guenther2023grammaticality,19,62,0.03076171875,0.283203125,-0.25244140625
guenther2023grammaticality,19,63,0.0458984375,0.1787109375,-0.1328125
guenther2023grammaticality,19,64,0.038330078125,0.060546875,-0.022216796875
guenther2023grammaticality,19,65,0.0155029296875,0.431640625,-0.4161376953125
guenther2023grammaticality,19,66,0.007781982421875,0.345703125,-0.337921142578125
guenther2023grammaticality,19,67,0.0,0.1787109375,-0.1787109375
guenther2023grammaticality,19,68,0.0155029296875,0.25390625,-0.2384033203125
guenther2023grammaticality,19,69,0.0,0.023193359375,-0.023193359375
guenther2023grammaticality,19,70,0.03076171875,0.431640625,-0.40087890625
guenther2023grammaticality,19,71,0.007781982421875,0.25390625,-0.246124267578125
guenther2023grammaticality,19,72,0.023193359375,0.1787109375,-0.155517578125
guenther2023grammaticality,19,73,0.038330078125,0.023193359375,0.01513671875
guenther2023grammaticality,19,74,0.0155029296875,0.2041015625,-0.1885986328125
guenther2023grammaticality,19,75,0.007781982421875,0.22265625,-0.214874267578125
guenther2023grammaticality,19,76,0.007781982421875,0.158203125,-0.150421142578125
guenther2023grammaticality,19,77,0.0,0.0155029296875,-0.0155029296875
guenther2023grammaticality,19,78,0.8984375,1.0546875,-0.15625
guenther2023grammaticality,19,79,0.0155029296875,0.22265625,-0.2071533203125
guenther2023grammaticality,19,80,0.0155029296875,0.431640625,-0.4161376953125
guenther2023grammaticality,19,81,0.0458984375,0.06787109375,-0.02197265625
guenther2023grammaticality,19,82,0.007781982421875,0.22265625,-0.214874267578125
guenther2023grammaticality,19,83,0.007781982421875,0.283203125,-0.275421142578125
guenther2023grammaticality,19,84,0.0155029296875,0.1455078125,-0.1300048828125
guenther2023grammaticality,19,85,0.1455078125,0.5234375,-0.3779296875
guenther2023grammaticality,19,86,0.05322265625,0.10400390625,-0.05078125
guenther2023grammaticality,19,87,0.007781982421875,0.1455078125,-0.137725830078125
guenther2023grammaticality,19,88,0.22265625,0.828125,-0.60546875
guenther2023grammaticality,19,89,0.0155029296875,0.25390625,-0.2384033203125
guenther2023grammaticality,19,90,0.0,0.158203125,-0.158203125
guenther2023grammaticality,19,91,0.06787109375,0.283203125,-0.21533203125
guenther2023grammaticality,19,92,0.1787109375,0.8984375,-0.7197265625
guenther2023grammaticality,19,93,0.0,0.283203125,-0.283203125
guenther2023grammaticality,19,94,0.05322265625,0.1455078125,-0.09228515625
guenther2023grammaticality,19,95,0.007781982421875,0.1787109375,-0.170928955078125
guenther2023grammaticality,19,96,0.007781982421875,0.22265625,-0.214874267578125
guenther2023grammaticality,19,97,0.007781982421875,0.3125,-0.304718017578125
guenther2023grammaticality,19,98,0.0,0.1787109375,-0.1787109375
guenther2023grammaticality,19,99,0.06787109375,0.578125,-0.51025390625
guenther2023grammaticality,19,100,0.03076171875,0.08984375,-0.05908203125
guenther2023grammaticality,19,101,0.08251953125,0.5234375,-0.44091796875
guenther2023grammaticality,19,102,0.007781982421875,0.0155029296875,-0.007720947265625
guenther2023grammaticality,19,103,0.007781982421875,0.25390625,-0.246124267578125
guenther2023grammaticality,19,104,0.08251953125,0.390625,-0.30810546875
guenther2023grammaticality,19,105,0.0,0.12451171875,-0.12451171875
guenther2023grammaticality,19,106,0.03076171875,0.22265625,-0.19189453125
guenther2023grammaticality,19,107,0.007781982421875,0.4765625,-0.468780517578125
guenther2023grammaticality,19,108,0.0,0.283203125,-0.283203125
guenther2023grammaticality,19,109,0.007781982421875,0.1787109375,-0.170928955078125
guenther2023grammaticality,20,0,2.15625,2.015625,0.140625
guenther2023grammaticality,20,1,1.515625,1.2265625,0.2890625
guenther2023grammaticality,20,2,0.390625,0.390625,0.0
guenther2023grammaticality,20,3,0.390625,0.431640625,-0.041015625
guenther2023grammaticality,20,4,0.06787109375,0.158203125,-0.09033203125
guenther2023grammaticality,20,5,0.2294921875,0.08984375,0.1396484375
guenther2023grammaticality,20,6,0.06787109375,0.2041015625,-0.13623046875
guenther2023grammaticality,20,7,0.023193359375,1.21875,-1.195556640625
guenther2023grammaticality,20,8,0.1455078125,0.158203125,-0.0126953125
guenther2023grammaticality,20,9,0.2294921875,0.4765625,-0.2470703125
guenther2023grammaticality,20,10,0.007781982421875,0.2041015625,-0.196319580078125
guenther2023grammaticality,20,11,0.3515625,0.05322265625,0.29833984375
guenther2023grammaticality,20,12,0.0,0.08984375,-0.08984375
guenther2023grammaticality,20,13,0.0,0.0458984375,-0.0458984375
guenther2023grammaticality,20,14,5.5,0.7578125,4.7421875
guenther2023grammaticality,20,15,1.40625,1.8046875,-0.3984375
guenther2023grammaticality,20,16,1.703125,0.9765625,0.7265625
guenther2023grammaticality,20,17,0.4765625,0.4765625,0.0
guenther2023grammaticality,20,18,0.2041015625,0.1787109375,0.025390625
guenther2023grammaticality,20,19,0.1455078125,0.3125,-0.1669921875
guenther2023grammaticality,20,20,2.6875,1.703125,0.984375
guenther2023grammaticality,20,21,0.828125,0.6328125,0.1953125
guenther2023grammaticality,20,22,0.6328125,0.8984375,-0.265625
guenther2023grammaticality,20,23,0.11083984375,0.7578125,-0.64697265625
guenther2023grammaticality,20,24,0.05322265625,0.283203125,-0.22998046875
guenther2023grammaticality,20,25,0.10400390625,0.578125,-0.47412109375
guenther2023grammaticality,20,26,0.8984375,0.69140625,0.20703125
guenther2023grammaticality,20,27,0.08251953125,0.22265625,-0.14013671875
guenther2023grammaticality,20,28,2.6875,1.8046875,0.8828125
guenther2023grammaticality,20,29,0.578125,0.578125,0.0
guenther2023grammaticality,20,30,0.158203125,0.3125,-0.154296875
guenther2023grammaticality,20,31,1.5,0.69140625,0.80859375
guenther2023grammaticality,20,32,0.7578125,0.8984375,-0.140625
guenther2023grammaticality,20,33,0.2041015625,0.11083984375,0.09326171875
guenther2023grammaticality,20,34,0.25390625,0.4765625,-0.22265625
guenther2023grammaticality,20,35,0.060546875,0.0458984375,0.0146484375
guenther2023grammaticality,20,36,0.9765625,1.0546875,-0.078125
guenther2023grammaticality,20,37,0.22265625,0.69140625,-0.46875
guenther2023grammaticality,20,38,0.345703125,0.7578125,-0.412109375
guenther2023grammaticality,20,39,0.10400390625,0.431640625,-0.32763671875
guenther2023grammaticality,20,40,0.06787109375,0.283203125,-0.21533203125
guenther2023grammaticality,20,41,0.6328125,0.578125,0.0546875
guenther2023grammaticality,20,42,0.08251953125,0.3125,-0.22998046875
guenther2023grammaticality,20,43,0.3125,0.5234375,-0.2109375
guenther2023grammaticality,20,44,1.40625,1.59375,-0.1875
guenther2023grammaticality,20,45,0.158203125,0.431640625,-0.2734375
guenther2023grammaticality,20,46,1.3125,1.0546875,0.2578125
guenther2023grammaticality,20,47,0.12451171875,0.431640625,-0.30712890625
guenther2023grammaticality,20,48,0.9765625,0.7578125,0.21875
guenther2023grammaticality,20,49,0.283203125,0.25390625,0.029296875
guenther2023grammaticality,20,50,0.1455078125,0.5234375,-0.3779296875
guenther2023grammaticality,20,51,0.08251953125,0.431640625,-0.34912109375
guenther2023grammaticality,20,52,0.4765625,0.828125,-0.3515625
guenther2023grammaticality,20,53,0.10400390625,0.3125,-0.20849609375
guenther2023grammaticality,20,54,0.3125,0.283203125,0.029296875
guenther2023grammaticality,20,55,0.2041015625,0.5234375,-0.3193359375
guenther2023grammaticality,20,56,0.12451171875,0.1787109375,-0.05419921875
guenther2023grammaticality,20,57,0.1787109375,0.158203125,0.0205078125
guenther2023grammaticality,20,58,0.11083984375,0.6328125,-0.52197265625
guenther2023grammaticality,20,59,0.05322265625,0.2041015625,-0.15087890625
guenther2023grammaticality,20,60,0.11083984375,0.22265625,-0.11181640625
guenther2023grammaticality,20,61,0.12451171875,0.431640625,-0.30712890625
guenther2023grammaticality,20,62,0.05322265625,0.2041015625,-0.15087890625
guenther2023grammaticality,20,63,0.0458984375,0.2041015625,-0.158203125
guenther2023grammaticality,20,64,0.06787109375,0.390625,-0.32275390625
guenther2023grammaticality,20,65,0.08984375,0.390625,-0.30078125
guenther2023grammaticality,20,66,0.08984375,0.5234375,-0.43359375
guenther2023grammaticality,20,67,0.023193359375,0.2041015625,-0.180908203125
guenther2023grammaticality,20,68,0.0458984375,0.283203125,-0.2373046875
guenther2023grammaticality,20,69,0.0458984375,0.283203125,-0.2373046875
guenther2023grammaticality,20,70,0.4765625,0.345703125,0.130859375
guenther2023grammaticality,20,71,0.03076171875,0.1455078125,-0.11474609375
guenther2023grammaticality,20,72,0.060546875,0.345703125,-0.28515625
guenther2023grammaticality,20,73,0.0155029296875,0.11083984375,-0.0953369140625
guenther2023grammaticality,20,74,0.0155029296875,0.0458984375,-0.0303955078125
guenther2023grammaticality,20,75,0.283203125,0.6328125,-0.349609375
guenther2023grammaticality,20,76,0.0458984375,0.3125,-0.2666015625
guenther2023grammaticality,20,77,1.703125,0.8984375,0.8046875
guenther2023grammaticality,20,78,0.007781982421875,0.158203125,-0.150421142578125
guenther2023grammaticality,20,79,0.007781982421875,0.08251953125,-0.074737548828125
guenther2023grammaticality,20,80,0.0458984375,0.283203125,-0.2373046875
guenther2023grammaticality,20,81,0.0458984375,0.060546875,-0.0146484375
guenther2023grammaticality,20,82,0.038330078125,0.25390625,-0.215576171875
guenther2023grammaticality,20,83,0.023193359375,0.1787109375,-0.155517578125
guenther2023grammaticality,20,84,0.3125,0.25390625,0.05859375
guenther2023grammaticality,20,85,0.023193359375,0.158203125,-0.135009765625
guenther2023grammaticality,20,86,0.007781982421875,0.06787109375,-0.060089111328125
guenther2023grammaticality,20,87,0.0155029296875,0.03076171875,-0.0152587890625
guenther2023grammaticality,20,88,0.0155029296875,0.158203125,-0.1427001953125
guenther2023grammaticality,20,89,0.0155029296875,0.11083984375,-0.0953369140625
guenther2023grammaticality,20,90,0.0458984375,0.345703125,-0.2998046875
guenther2023grammaticality,20,91,0.007781982421875,0.10400390625,-0.096221923828125
guenther2023grammaticality,20,92,0.0,0.06787109375,-0.06787109375
guenther2023grammaticality,20,93,0.0,0.03076171875,-0.03076171875
guenther2023grammaticality,20,94,0.007781982421875,0.06787109375,-0.060089111328125
guenther2023grammaticality,20,95,0.023193359375,0.2041015625,-0.180908203125
guenther2023grammaticality,20,96,0.007781982421875,0.060546875,-0.052764892578125
guenther2023grammaticality,20,97,0.023193359375,0.2041015625,-0.180908203125
guenther2023grammaticality,20,98,0.0155029296875,0.12451171875,-0.1090087890625
guenther2023grammaticality,20,99,1.0546875,0.6328125,0.421875
guenther2023grammaticality,20,100,0.0155029296875,0.12451171875,-0.1090087890625
guenther2023grammaticality,20,101,0.22265625,0.25390625,-0.03125
guenther2023grammaticality,20,102,3.28125,1.5,1.78125
guenther2023grammaticality,20,103,0.05322265625,0.1455078125,-0.09228515625
guenther2023grammaticality,20,104,0.0155029296875,0.12451171875,-0.1090087890625
guenther2023grammaticality,20,105,1.21875,1.3125,-0.09375
guenther2023grammaticality,20,106,1.3125,1.5,-0.1875
guenther2023grammaticality,20,107,0.69140625,0.345703125,0.345703125
guenther2023grammaticality,20,108,0.023193359375,0.11083984375,-0.087646484375
guenther2023grammaticality,20,109,0.3125,0.6328125,-0.3203125
guenther2023grammaticality,21,0,1.796875,0.3515625,1.4453125
guenther2023grammaticality,21,1,0.486328125,0.6328125,-0.146484375
guenther2023grammaticality,21,2,0.578125,0.578125,0.0
guenther2023grammaticality,21,3,0.1318359375,0.25390625,-0.1220703125
guenther2023grammaticality,21,4,0.3125,0.1787109375,0.1337890625
guenther2023grammaticality,21,5,1.40625,1.3125,0.09375
guenther2023grammaticality,21,6,0.25390625,0.060546875,0.193359375
guenther2023grammaticality,21,7,1.3125,1.3125,0.0
guenther2023grammaticality,21,8,0.0458984375,0.283203125,-0.2373046875
guenther2023grammaticality,21,9,3.53125,0.69140625,2.83984375
guenther2023grammaticality,21,10,1.0546875,1.5,-0.4453125
guenther2023grammaticality,21,11,1.140625,1.0546875,0.0859375
guenther2023grammaticality,21,12,0.7578125,0.828125,-0.0703125
guenther2023grammaticality,21,13,0.158203125,0.283203125,-0.125
guenther2023grammaticality,21,14,0.7578125,0.283203125,0.474609375
guenther2023grammaticality,21,15,0.3515625,0.3125,0.0390625
guenther2023grammaticality,21,16,0.431640625,0.12451171875,0.30712890625
guenther2023grammaticality,21,17,0.05322265625,0.05322265625,0.0
guenther2023grammaticality,21,18,0.023193359375,0.06787109375,-0.044677734375
guenther2023grammaticality,21,19,0.7578125,0.283203125,0.474609375
guenther2023grammaticality,21,20,1.8046875,1.40625,0.3984375
guenther2023grammaticality,21,21,3.171875,3.171875,0.0
guenther2023grammaticality,21,22,0.7578125,0.828125,-0.0703125
guenther2023grammaticality,21,23,1.140625,0.5234375,0.6171875
guenther2023grammaticality,21,24,0.578125,0.6328125,-0.0546875
guenther2023grammaticality,21,25,0.1787109375,0.22265625,-0.0439453125
guenther2023grammaticality,21,26,0.2294921875,0.22265625,0.0068359375
guenther2023grammaticality,21,27,0.2041015625,0.22265625,-0.0185546875
guenther2023grammaticality,21,28,0.2041015625,0.12451171875,0.07958984375
guenther2023grammaticality,21,29,0.5234375,1.140625,-0.6171875
guenther2023grammaticality,21,30,0.25390625,0.12451171875,0.12939453125
guenther2023grammaticality,21,31,0.431640625,0.9765625,-0.544921875
guenther2023grammaticality,21,32,0.158203125,0.22265625,-0.064453125
guenther2023grammaticality,21,33,0.69140625,0.390625,0.30078125
guenther2023grammaticality,21,34,0.10400390625,0.08984375,0.01416015625
guenther2023grammaticality,21,35,0.431640625,0.08251953125,0.34912109375
guenther2023grammaticality,21,36,0.11083984375,0.1455078125,-0.03466796875
guenther2023grammaticality,21,37,0.06787109375,0.10400390625,-0.0361328125
guenther2023grammaticality,21,38,0.1455078125,0.08984375,0.0556640625
guenther2023grammaticality,21,39,0.08251953125,0.060546875,0.02197265625
guenther2023grammaticality,21,40,0.08251953125,0.06787109375,0.0146484375
guenther2023grammaticality,21,41,0.1455078125,0.8984375,-0.7529296875
guenther2023grammaticality,21,42,0.158203125,0.12451171875,0.03369140625
guenther2023grammaticality,21,43,0.06787109375,0.10400390625,-0.0361328125
guenther2023grammaticality,21,44,0.12451171875,0.08984375,0.03466796875
guenther2023grammaticality,21,45,2.46875,0.7578125,1.7109375
guenther2023grammaticality,21,46,0.1455078125,0.06787109375,0.07763671875
guenther2023grammaticality,21,47,1.703125,0.6328125,1.0703125
guenther2023grammaticality,21,48,0.2041015625,0.11083984375,0.09326171875
guenther2023grammaticality,21,49,0.158203125,0.12451171875,0.03369140625
guenther2023grammaticality,21,50,0.431640625,0.25390625,0.177734375
guenther2023grammaticality,21,51,0.08984375,0.060546875,0.029296875
guenther2023grammaticality,21,52,0.10400390625,0.060546875,0.04345703125
guenther2023grammaticality,21,53,0.06787109375,0.05322265625,0.0146484375
guenther2023grammaticality,21,54,0.08984375,0.05322265625,0.03662109375
guenther2023grammaticality,21,55,0.10400390625,0.0458984375,0.05810546875
guenther2023grammaticality,21,56,0.060546875,0.0458984375,0.0146484375
guenther2023grammaticality,21,57,0.06787109375,0.038330078125,0.029541015625
guenther2023grammaticality,21,58,0.060546875,0.0458984375,0.0146484375
guenther2023grammaticality,21,59,0.05322265625,0.060546875,-0.00732421875
guenther2023grammaticality,21,60,3.640625,3.28125,0.359375
guenther2023grammaticality,21,61,0.08984375,0.06787109375,0.02197265625
guenther2023grammaticality,21,62,1.3125,1.8046875,-0.4921875
guenther2023grammaticality,21,63,0.1787109375,0.1787109375,0.0
guenther2023grammaticality,21,64,0.06787109375,0.08251953125,-0.0146484375
guenther2023grammaticality,21,65,0.08984375,0.12451171875,-0.03466796875
guenther2023grammaticality,21,66,0.060546875,0.08251953125,-0.02197265625
guenther2023grammaticality,21,67,0.11083984375,0.1455078125,-0.03466796875
guenther2023grammaticality,21,68,0.431640625,0.283203125,0.1484375
guenther2023grammaticality,21,69,0.060546875,0.06787109375,-0.00732421875
guenther2023grammaticality,21,70,0.038330078125,0.038330078125,0.0
guenther2023grammaticality,21,71,0.0458984375,0.038330078125,0.007568359375
guenther2023grammaticality,21,72,0.060546875,0.0458984375,0.0146484375
guenther2023grammaticality,21,73,0.5234375,0.22265625,0.30078125
guenther2023grammaticality,21,74,0.06787109375,0.03076171875,0.037109375
guenther2023grammaticality,21,75,0.1455078125,0.12451171875,0.02099609375
guenther2023grammaticality,21,76,0.12451171875,0.0458984375,0.07861328125
guenther2023grammaticality,21,77,0.0458984375,0.038330078125,0.007568359375
guenther2023grammaticality,21,78,0.06787109375,0.0458984375,0.02197265625
guenther2023grammaticality,21,79,0.3125,0.2041015625,0.1083984375
guenther2023grammaticality,21,80,0.05322265625,0.03076171875,0.0224609375
guenther2023grammaticality,21,81,0.038330078125,0.023193359375,0.01513671875
guenther2023grammaticality,21,82,2.46875,3.046875,-0.578125
guenther2023grammaticality,21,83,0.08251953125,0.060546875,0.02197265625
guenther2023grammaticality,21,84,0.08251953125,0.0458984375,0.03662109375
guenther2023grammaticality,21,85,3.171875,3.28125,-0.109375
guenther2023grammaticality,21,86,0.10400390625,0.08984375,0.01416015625
guenther2023grammaticality,21,87,0.283203125,0.060546875,0.22265625
guenther2023grammaticality,21,88,1.703125,1.8046875,-0.1015625
guenther2023grammaticality,21,89,0.060546875,0.08251953125,-0.02197265625
guenther2023grammaticality,21,90,1.40625,1.59375,-0.1875
guenther2023grammaticality,21,91,0.2041015625,0.1455078125,0.05859375
guenther2023grammaticality,21,92,0.1455078125,0.158203125,-0.0126953125
guenther2023grammaticality,21,93,0.08251953125,0.08251953125,0.0
guenther2023grammaticality,21,94,1.140625,1.40625,-0.265625
guenther2023grammaticality,21,95,0.0458984375,0.06787109375,-0.02197265625
guenther2023grammaticality,21,96,0.22265625,0.22265625,0.0
guenther2023grammaticality,21,97,0.0458984375,0.060546875,-0.0146484375
guenther2023grammaticality,21,98,0.060546875,0.05322265625,0.00732421875
guenther2023grammaticality,21,99,0.08251953125,0.08251953125,0.0
guenther2023grammaticality,21,100,0.1787109375,0.060546875,0.1181640625
guenther2023grammaticality,21,101,3.171875,2.6875,0.484375
guenther2023grammaticality,21,102,0.060546875,0.11083984375,-0.05029296875
guenther2023grammaticality,21,103,0.1455078125,0.1787109375,-0.033203125
guenther2023grammaticality,21,104,0.4765625,0.345703125,0.130859375
guenther2023grammaticality,21,105,0.0458984375,0.06787109375,-0.02197265625
guenther2023grammaticality,21,106,0.08251953125,0.0458984375,0.03662109375
guenther2023grammaticality,21,107,1.0546875,1.3125,-0.2578125
guenther2023grammaticality,21,108,0.10400390625,0.060546875,0.04345703125
guenther2023grammaticality,21,109,0.08251953125,0.08251953125,0.0
guenther2023grammaticality,22,0,0.9453125,0.5234375,0.421875
guenther2023grammaticality,22,1,0.59375,1.90625,-1.3125
guenther2023grammaticality,22,2,0.357421875,0.6328125,-0.275390625
guenther2023grammaticality,22,3,0.83203125,0.7578125,0.07421875
guenther2023grammaticality,22,4,3.65625,1.8046875,1.8515625
guenther2023grammaticality,22,5,0.578125,0.6328125,-0.0546875
guenther2023grammaticality,22,6,0.5234375,0.578125,-0.0546875
guenther2023grammaticality,22,7,0.828125,1.3125,-0.484375
guenther2023grammaticality,22,8,0.4765625,0.69140625,-0.21484375
guenther2023grammaticality,22,9,0.9765625,0.828125,0.1484375
guenther2023grammaticality,22,10,0.69140625,0.5234375,0.16796875
guenther2023grammaticality,22,11,1.5,1.0546875,0.4453125
guenther2023grammaticality,22,12,0.1787109375,0.5234375,-0.3447265625
guenther2023grammaticality,22,13,0.39453125,0.06787109375,0.32666015625
guenther2023grammaticality,22,14,0.578125,0.390625,0.1875
guenther2023grammaticality,22,15,0.1787109375,0.4765625,-0.2978515625
guenther2023grammaticality,22,16,0.08984375,0.390625,-0.30078125
guenther2023grammaticality,22,17,3.40625,1.3125,2.09375
guenther2023grammaticality,22,18,0.5234375,0.6328125,-0.109375
guenther2023grammaticality,22,19,0.4765625,0.390625,0.0859375
guenther2023grammaticality,22,20,0.283203125,0.3125,-0.029296875
guenther2023grammaticality,22,21,0.283203125,0.158203125,0.125
guenther2023grammaticality,22,22,1.40625,1.703125,-0.296875
guenther2023grammaticality,22,23,0.7578125,0.578125,0.1796875
guenther2023grammaticality,22,24,0.69140625,0.345703125,0.345703125
guenther2023grammaticality,22,25,0.1787109375,0.283203125,-0.1044921875
guenther2023grammaticality,22,26,0.2041015625,0.25390625,-0.0498046875
guenther2023grammaticality,22,27,0.5234375,0.578125,-0.0546875
guenther2023grammaticality,22,28,0.283203125,0.2041015625,0.0791015625
guenther2023grammaticality,22,29,0.2294921875,0.283203125,-0.0537109375
guenther2023grammaticality,22,30,0.158203125,0.345703125,-0.1875
guenther2023grammaticality,22,31,0.5234375,1.140625,-0.6171875
guenther2023grammaticality,22,32,0.390625,0.7578125,-0.3671875
guenther2023grammaticality,22,33,0.283203125,0.390625,-0.107421875
guenther2023grammaticality,22,34,2.234375,1.59375,0.640625
guenther2023grammaticality,22,35,0.3125,0.25390625,0.05859375
guenther2023grammaticality,22,36,0.3125,0.431640625,-0.119140625
guenther2023grammaticality,22,37,0.4765625,0.5234375,-0.046875
guenther2023grammaticality,22,38,1.21875,0.7578125,0.4609375
guenther2023grammaticality,22,39,0.2294921875,0.345703125,-0.1162109375
guenther2023grammaticality,22,40,0.2041015625,0.283203125,-0.0791015625
guenther2023grammaticality,22,41,0.4765625,0.431640625,0.044921875
guenther2023grammaticality,22,42,0.69140625,0.5234375,0.16796875
guenther2023grammaticality,22,43,0.3515625,0.431640625,-0.080078125
guenther2023grammaticality,22,44,0.7578125,0.9765625,-0.21875
guenther2023grammaticality,22,45,0.6328125,0.7578125,-0.125
guenther2023grammaticality,22,46,0.12451171875,0.1787109375,-0.05419921875
guenther2023grammaticality,22,47,1.40625,1.21875,0.1875
guenther2023grammaticality,22,48,0.5234375,0.08251953125,0.44091796875
guenther2023grammaticality,22,49,0.6328125,0.6328125,0.0
guenther2023grammaticality,22,50,0.8984375,0.828125,0.0703125
guenther2023grammaticality,22,51,0.283203125,0.06787109375,0.21533203125
guenther2023grammaticality,22,52,0.6328125,0.431640625,0.201171875
guenther2023grammaticality,22,53,1.8046875,1.5,0.3046875
guenther2023grammaticality,22,54,0.3515625,0.3125,0.0390625
guenther2023grammaticality,22,55,0.4765625,0.578125,-0.1015625
guenther2023grammaticality,22,56,1.703125,1.703125,0.0
guenther2023grammaticality,22,57,0.283203125,0.4765625,-0.193359375
guenther2023grammaticality,22,58,0.69140625,0.8984375,-0.20703125
guenther2023grammaticality,22,59,0.7578125,0.69140625,0.06640625
guenther2023grammaticality,22,60,0.5234375,0.69140625,-0.16796875
guenther2023grammaticality,22,61,1.8046875,1.21875,0.5859375
guenther2023grammaticality,22,62,0.6328125,0.6328125,0.0
guenther2023grammaticality,22,63,0.5234375,0.578125,-0.0546875
guenther2023grammaticality,22,64,1.703125,1.140625,0.5625
guenther2023grammaticality,22,65,0.390625,0.5234375,-0.1328125
guenther2023grammaticality,22,66,0.828125,0.828125,0.0
guenther2023grammaticality,22,67,0.4765625,0.431640625,0.044921875
guenther2023grammaticality,22,68,0.345703125,0.345703125,0.0
guenther2023grammaticality,22,69,0.828125,0.828125,0.0
guenther2023grammaticality,22,70,0.9765625,0.9765625,0.0
guenther2023grammaticality,22,71,0.69140625,0.69140625,0.0
guenther2023grammaticality,22,72,0.390625,0.5234375,-0.1328125
guenther2023grammaticality,22,73,0.390625,0.22265625,0.16796875
guenther2023grammaticality,22,74,0.1787109375,0.11083984375,0.06787109375
guenther2023grammaticality,22,75,0.431640625,0.345703125,0.0859375
guenther2023grammaticality,22,76,0.828125,0.9765625,-0.1484375
guenther2023grammaticality,22,77,1.0546875,0.9765625,0.078125
guenther2023grammaticality,22,78,1.140625,1.21875,-0.078125
guenther2023grammaticality,22,79,1.0546875,1.21875,-0.1640625
guenther2023grammaticality,22,80,1.140625,1.140625,0.0
guenther2023grammaticality,22,81,0.431640625,0.578125,-0.146484375
guenther2023grammaticality,22,82,0.3125,0.390625,-0.078125
guenther2023grammaticality,22,83,0.9765625,0.9765625,0.0
guenther2023grammaticality,22,84,0.69140625,0.6328125,0.05859375
guenther2023grammaticality,22,85,0.431640625,0.5234375,-0.091796875
guenther2023grammaticality,22,86,0.3125,0.25390625,0.05859375
guenther2023grammaticality,22,87,0.828125,0.7578125,0.0703125
guenther2023grammaticality,22,88,0.431640625,0.431640625,0.0
guenther2023grammaticality,22,89,0.345703125,0.060546875,0.28515625
guenther2023grammaticality,22,90,0.9765625,0.8984375,0.078125
guenther2023grammaticality,22,91,0.4765625,0.6328125,-0.15625
guenther2023grammaticality,22,92,0.431640625,0.578125,-0.146484375
guenther2023grammaticality,22,93,0.828125,0.578125,0.25
guenther2023grammaticality,22,94,0.390625,0.4765625,-0.0859375
guenther2023grammaticality,22,95,0.5234375,0.5234375,0.0
guenther2023grammaticality,22,96,0.6328125,0.9765625,-0.34375
guenther2023grammaticality,22,97,0.7578125,0.828125,-0.0703125
guenther2023grammaticality,22,98,0.69140625,0.69140625,0.0
guenther2023grammaticality,22,99,0.4765625,0.5234375,-0.046875
guenther2023grammaticality,22,100,0.8984375,0.828125,0.0703125
guenther2023grammaticality,22,101,0.5234375,0.390625,0.1328125
guenther2023grammaticality,22,102,0.4765625,0.431640625,0.044921875
guenther2023grammaticality,22,103,0.5234375,0.4765625,0.046875
guenther2023grammaticality,22,104,0.578125,0.578125,0.0
guenther2023grammaticality,22,105,0.345703125,0.3125,0.033203125
guenther2023grammaticality,22,106,0.578125,0.69140625,-0.11328125
guenther2023grammaticality,22,107,0.4765625,0.4765625,0.0
guenther2023grammaticality,22,108,0.345703125,0.05322265625,0.29248046875
guenther2023grammaticality,22,109,0.6328125,0.6328125,0.0
guenther2023grammaticality,23,0,1.171875,0.5234375,0.6484375
guenther2023grammaticality,23,1,0.6484375,0.6328125,0.015625
guenther2023grammaticality,23,2,0.63671875,0.7578125,-0.12109375
guenther2023grammaticality,23,3,0.390625,0.4765625,-0.0859375
guenther2023grammaticality,23,4,1.3203125,0.7578125,0.5625
guenther2023grammaticality,23,5,0.318359375,0.11083984375,0.20751953125
guenther2023grammaticality,23,6,0.578125,1.140625,-0.5625
guenther2023grammaticality,23,7,0.3125,0.3125,0.0
guenther2023grammaticality,23,8,0.431640625,0.345703125,0.0859375
guenther2023grammaticality,23,9,1.2265625,0.431640625,0.794921875
guenther2023grammaticality,23,10,0.69140625,0.22265625,0.46875
guenther2023grammaticality,23,11,0.3125,0.25390625,0.05859375
guenther2023grammaticality,23,12,0.265625,0.05322265625,0.21240234375
guenther2023grammaticality,23,13,1.2265625,1.59375,-0.3671875
guenther2023grammaticality,23,14,0.6328125,0.9765625,-0.34375
guenther2023grammaticality,23,15,0.6328125,0.6328125,0.0
guenther2023grammaticality,23,16,1.2265625,0.345703125,0.880859375
guenther2023grammaticality,23,17,0.578125,0.431640625,0.146484375
guenther2023grammaticality,23,18,0.578125,0.345703125,0.232421875
guenther2023grammaticality,23,19,0.4765625,0.08984375,0.38671875
guenther2023grammaticality,23,20,1.0546875,1.140625,-0.0859375
guenther2023grammaticality,23,21,0.1787109375,0.08251953125,0.09619140625
guenther2023grammaticality,23,22,0.6328125,0.6328125,0.0
guenther2023grammaticality,23,23,0.578125,0.345703125,0.232421875
guenther2023grammaticality,23,24,0.9765625,1.59375,-0.6171875
guenther2023grammaticality,23,25,0.431640625,0.3125,0.119140625
guenther2023grammaticality,23,26,0.3125,0.25390625,0.05859375
guenther2023grammaticality,23,27,0.578125,0.345703125,0.232421875
guenther2023grammaticality,23,28,0.5234375,0.390625,0.1328125
guenther2023grammaticality,23,29,0.158203125,0.1787109375,-0.0205078125
guenther2023grammaticality,23,30,1.59375,1.59375,0.0
guenther2023grammaticality,23,31,0.22265625,0.22265625,0.0
guenther2023grammaticality,23,32,0.7578125,1.21875,-0.4609375
guenther2023grammaticality,23,33,0.69140625,0.390625,0.30078125
guenther2023grammaticality,23,34,0.10400390625,0.060546875,0.04345703125
guenther2023grammaticality,23,35,0.22265625,0.1787109375,0.0439453125
guenther2023grammaticality,23,36,0.25390625,0.25390625,0.0
guenther2023grammaticality,23,37,0.9765625,0.390625,0.5859375
guenther2023grammaticality,23,38,0.25390625,0.12451171875,0.12939453125
guenther2023grammaticality,23,39,0.390625,0.22265625,0.16796875
guenther2023grammaticality,23,40,0.22265625,0.22265625,0.0
guenther2023grammaticality,23,41,0.431640625,0.22265625,0.208984375
guenther2023grammaticality,23,42,0.345703125,0.2041015625,0.1416015625
guenther2023grammaticality,23,43,0.25390625,0.158203125,0.095703125
guenther2023grammaticality,23,44,0.431640625,0.22265625,0.208984375
guenther2023grammaticality,23,45,0.22265625,0.1787109375,0.0439453125
guenther2023grammaticality,23,46,0.1455078125,0.12451171875,0.02099609375
guenther2023grammaticality,23,47,0.12451171875,0.3125,-0.18798828125
guenther2023grammaticality,23,48,0.1455078125,0.1455078125,0.0
guenther2023grammaticality,23,49,0.060546875,0.1455078125,-0.0849609375
guenther2023grammaticality,23,50,0.22265625,0.1455078125,0.0771484375
guenther2023grammaticality,23,51,0.08251953125,0.08251953125,0.0
guenther2023grammaticality,23,52,0.0458984375,0.10400390625,-0.05810546875
guenther2023grammaticality,23,53,0.08984375,0.10400390625,-0.01416015625
guenther2023grammaticality,23,54,0.06787109375,0.08251953125,-0.0146484375
guenther2023grammaticality,23,55,0.22265625,0.1455078125,0.0771484375
guenther2023grammaticality,23,56,0.158203125,0.158203125,0.0
guenther2023grammaticality,23,57,0.0458984375,0.08251953125,-0.03662109375
guenther2023grammaticality,23,58,0.12451171875,0.08984375,0.03466796875
guenther2023grammaticality,23,59,0.038330078125,0.0458984375,-0.007568359375
guenther2023grammaticality,23,60,1.40625,2.234375,-0.828125
guenther2023grammaticality,23,61,2.125,2.015625,0.109375
guenther2023grammaticality,23,62,0.3125,0.390625,-0.078125
guenther2023grammaticality,23,63,0.7578125,1.5,-0.7421875
guenther2023grammaticality,23,64,0.12451171875,0.12451171875,0.0
guenther2023grammaticality,23,65,0.12451171875,0.1787109375,-0.05419921875
guenther2023grammaticality,23,66,0.08984375,0.08984375,0.0
guenther2023grammaticality,23,67,0.08984375,0.1787109375,-0.0888671875
guenther2023grammaticality,23,68,0.2041015625,0.1787109375,0.025390625
guenther2023grammaticality,23,69,0.578125,1.21875,-0.640625
guenther2023grammaticality,23,70,0.060546875,0.1455078125,-0.0849609375
guenther2023grammaticality,23,71,0.060546875,0.11083984375,-0.05029296875
guenther2023grammaticality,23,72,1.8046875,1.90625,-0.1015625
guenther2023grammaticality,23,73,1.59375,1.5,0.09375
guenther2023grammaticality,23,74,0.08984375,0.158203125,-0.068359375
guenther2023grammaticality,23,75,0.431640625,0.3125,0.119140625
guenther2023grammaticality,23,76,0.08984375,0.1787109375,-0.0888671875
guenther2023grammaticality,23,77,0.22265625,0.2041015625,0.0185546875
guenther2023grammaticality,23,78,0.060546875,0.08984375,-0.029296875
guenther2023grammaticality,23,79,0.431640625,0.828125,-0.396484375
guenther2023grammaticality,23,80,0.828125,1.21875,-0.390625
guenther2023grammaticality,23,81,0.283203125,0.283203125,0.0
guenther2023grammaticality,23,82,0.283203125,0.25390625,0.029296875
guenther2023grammaticality,23,83,0.03076171875,0.08251953125,-0.0517578125
guenther2023grammaticality,23,84,0.06787109375,0.11083984375,-0.04296875
guenther2023grammaticality,23,85,2.125,1.8046875,0.3203125
guenther2023grammaticality,23,86,0.2041015625,0.578125,-0.3740234375
guenther2023grammaticality,23,87,0.08984375,0.1787109375,-0.0888671875
guenther2023grammaticality,23,88,0.158203125,0.1787109375,-0.0205078125
guenther2023grammaticality,23,89,0.06787109375,0.1455078125,-0.07763671875
guenther2023grammaticality,23,90,1.3125,1.140625,0.171875
guenther2023grammaticality,23,91,1.5,1.3125,0.1875
guenther2023grammaticality,23,92,0.10400390625,0.22265625,-0.11865234375
guenther2023grammaticality,23,93,0.828125,0.9765625,-0.1484375
guenther2023grammaticality,23,94,0.9765625,0.9765625,0.0
guenther2023grammaticality,23,95,0.11083984375,0.345703125,-0.23486328125
guenther2023grammaticality,23,96,0.038330078125,0.060546875,-0.022216796875
guenther2023grammaticality,23,97,0.1787109375,0.283203125,-0.1044921875
guenther2023grammaticality,23,98,0.08984375,0.345703125,-0.255859375
guenther2023grammaticality,23,99,0.060546875,0.345703125,-0.28515625
guenther2023grammaticality,23,100,2.8125,1.8046875,1.0078125
guenther2023grammaticality,23,101,0.08984375,0.431640625,-0.341796875
guenther2023grammaticality,23,102,0.828125,0.7578125,0.0703125
guenther2023grammaticality,23,103,0.9765625,0.69140625,0.28515625
guenther2023grammaticality,23,104,0.12451171875,0.2041015625,-0.07958984375
guenther2023grammaticality,23,105,0.060546875,0.25390625,-0.193359375
guenther2023grammaticality,23,106,0.05322265625,0.11083984375,-0.0576171875
guenther2023grammaticality,23,107,0.06787109375,0.1787109375,-0.11083984375
guenther2023grammaticality,23,108,0.038330078125,0.10400390625,-0.065673828125
guenther2023grammaticality,23,109,0.4765625,0.390625,0.0859375
guenther2023grammaticality,24,0,0.5703125,0.060546875,0.509765625
guenther2023grammaticality,24,1,0.2041015625,0.0458984375,0.158203125
guenther2023grammaticality,24,2,0.0155029296875,0.007781982421875,0.007720947265625
guenther2023grammaticality,24,3,0.007781982421875,0.007781982421875,0.0
guenther2023grammaticality,24,4,0.007781982421875,0.007781982421875,0.0
guenther2023grammaticality,24,5,0.44140625,0.2041015625,0.2373046875
guenther2023grammaticality,24,6,0.0,0.0155029296875,-0.0155029296875
guenther2023grammaticality,24,7,0.0,0.007781982421875,-0.007781982421875
guenther2023grammaticality,24,8,0.0,0.007781982421875,-0.007781982421875
guenther2023grammaticality,24,9,0.0,0.007781982421875,-0.007781982421875
guenther2023grammaticality,24,10,0.25390625,0.345703125,-0.091796875
guenther2023grammaticality,24,11,0.0,0.0155029296875,-0.0155029296875
guenther2023grammaticality,24,12,0.0,0.007781982421875,-0.007781982421875
guenther2023grammaticality,24,13,0.0,0.0,0.0
guenther2023grammaticality,24,14,0.0,0.007781982421875,-0.007781982421875
guenther2023grammaticality,24,15,0.0155029296875,0.007781982421875,0.007720947265625
guenther2023grammaticality,24,16,0.007781982421875,0.007781982421875,0.0
guenther2023grammaticality,24,17,0.007781982421875,0.0,0.007781982421875
guenther2023grammaticality,24,18,0.007781982421875,0.0,0.007781982421875
guenther2023grammaticality,24,19,0.007781982421875,0.0,0.007781982421875
guenther2023grammaticality,24,20,0.06787109375,0.060546875,0.00732421875
guenther2023grammaticality,24,21,0.0,0.007781982421875,-0.007781982421875
guenther2023grammaticality,24,22,0.0,0.0,0.0
guenther2023grammaticality,24,23,0.0,0.0,0.0
guenther2023grammaticality,24,24,0.0,0.0,0.0
guenther2023grammaticality,24,25,0.007781982421875,0.0,0.007781982421875
guenther2023grammaticality,24,26,0.0,0.0,0.0
guenther2023grammaticality,24,27,0.0,0.0,0.0
guenther2023grammaticality,24,28,0.0,0.0,0.0
guenther2023grammaticality,24,29,0.0,0.0,0.0
guenther2023grammaticality,24,30,0.060546875,0.060546875,0.0
guenther2023grammaticality,24,31,0.0,0.007781982421875,-0.007781982421875
guenther2023grammaticality,24,32,0.0,0.0,0.0
guenther2023grammaticality,24,33,0.0,0.0,0.0
guenther2023grammaticality,24,34,0.0,0.0,0.0
guenther2023grammaticality,24,35,0.0,0.0,0.0
guenther2023grammaticality,24,36,0.0,0.0,0.0
guenther2023grammaticality,24,37,0.0,0.0,0.0
guenther2023grammaticality,24,38,0.0,0.0,0.0
guenther2023grammaticality,24,39,0.0,0.0,0.0
guenther2023grammaticality,24,40,0.0155029296875,0.0458984375,-0.0303955078125
guenther2023grammaticality,24,41,0.0,0.007781982421875,-0.007781982421875
guenther2023grammaticality,24,42,0.0,0.0,0.0
guenther2023grammaticality,24,43,0.0,0.0,0.0
guenther2023grammaticality,24,44,0.0,0.0,0.0
guenther2023grammaticality,24,45,0.0,0.0,0.0
guenther2023grammaticality,24,46,0.0,0.0,0.0
guenther2023grammaticality,24,47,0.0,0.0,0.0
guenther2023grammaticality,24,48,0.0,0.0,0.0
guenther2023grammaticality,24,49,0.0,0.0,0.0
guenther2023grammaticality,24,50,0.0155029296875,0.0458984375,-0.0303955078125
guenther2023grammaticality,24,51,0.0,0.0,0.0
guenther2023grammaticality,24,52,0.0,0.0,0.0
guenther2023grammaticality,24,53,0.0,0.0,0.0
guenther2023grammaticality,24,54,0.0,0.0,0.0
guenther2023grammaticality,24,55,0.0,0.0,0.0
guenther2023grammaticality,24,56,0.0,0.0,0.0
guenther2023grammaticality,24,57,0.0,0.0,0.0
guenther2023grammaticality,24,58,0.0,0.0,0.0
guenther2023grammaticality,24,59,0.0,0.0,0.0
guenther2023grammaticality,24,60,0.007781982421875,0.0155029296875,-0.007720947265625
guenther2023grammaticality,24,61,0.0,0.0,0.0
guenther2023grammaticality,24,62,0.0,0.0,0.0
guenther2023grammaticality,24,63,0.0,0.0,0.0
guenther2023grammaticality,24,64,0.0,0.0,0.0
guenther2023grammaticality,24,65,0.0,0.0,0.0
guenther2023grammaticality,24,66,0.0,0.0,0.0
guenther2023grammaticality,24,67,0.0,0.0,0.0
guenther2023grammaticality,24,68,0.0,0.0,0.0
guenther2023grammaticality,24,69,0.0,0.0,0.0
guenther2023grammaticality,24,70,0.007781982421875,0.060546875,-0.052764892578125
guenther2023grammaticality,24,71,0.0,0.0,0.0
guenther2023grammaticality,24,72,0.0,0.0,0.0
guenther2023grammaticality,24,73,0.0,0.0,0.0
guenther2023grammaticality,24,74,0.0,0.0,0.0
guenther2023grammaticality,24,75,0.0,0.0,0.0
guenther2023grammaticality,24,76,0.0,0.0,0.0
guenther2023grammaticality,24,77,0.0,0.0,0.0
guenther2023grammaticality,24,78,0.0,0.0,0.0
guenther2023grammaticality,24,79,0.0,0.0,0.0
guenther2023grammaticality,24,80,0.007781982421875,0.007781982421875,0.0
guenther2023grammaticality,24,81,0.0,0.0,0.0
guenther2023grammaticality,24,82,0.0,0.0,0.0
guenther2023grammaticality,24,83,0.0,0.0,0.0
guenther2023grammaticality,24,84,0.0,0.0,0.0
guenther2023grammaticality,24,85,0.0,0.0,0.0
guenther2023grammaticality,24,86,0.0,0.0,0.0
guenther2023grammaticality,24,87,0.0,0.0,0.0
guenther2023grammaticality,24,88,0.0,0.0,0.0
guenther2023grammaticality,24,89,0.0,0.0,0.0
guenther2023grammaticality,24,90,0.0,0.007781982421875,-0.007781982421875
guenther2023grammaticality,24,91,0.0,0.0,0.0
guenther2023grammaticality,24,92,0.0,0.0,0.0
guenther2023grammaticality,24,93,0.0,0.0,0.0
guenther2023grammaticality,24,94,0.0,0.0,0.0
guenther2023grammaticality,24,95,0.0,0.0,0.0
guenther2023grammaticality,24,96,0.0,0.0,0.0
guenther2023grammaticality,24,97,0.0,0.0,0.0
guenther2023grammaticality,24,98,0.0,0.0,0.0
guenther2023grammaticality,24,99,0.0,0.0,0.0
guenther2023grammaticality,24,100,0.0,0.0155029296875,-0.0155029296875
guenther2023grammaticality,24,101,0.0,0.0,0.0
guenther2023grammaticality,24,102,0.0,0.0,0.0
guenther2023grammaticality,24,103,0.0,0.0,0.0
guenther2023grammaticality,24,104,0.0,0.0,0.0
guenther2023grammaticality,24,105,0.0,0.0,0.0
guenther2023grammaticality,24,106,0.0,0.0,0.0
guenther2023grammaticality,24,107,0.0,0.0,0.0
guenther2023grammaticality,24,108,0.0,0.0,0.0
guenther2023grammaticality,24,109,0.0,0.0,0.0
guenther2023grammaticality,25,0,1.4296875,0.390625,1.0390625
guenther2023grammaticality,25,1,0.36328125,0.345703125,0.017578125
guenther2023grammaticality,25,2,0.39453125,0.8984375,-0.50390625
guenther2023grammaticality,25,3,1.0546875,0.7578125,0.296875
guenther2023grammaticality,25,4,0.4765625,0.390625,0.0859375
guenther2023grammaticality,25,5,0.007781982421875,0.6328125,-0.625030517578125
guenther2023grammaticality,25,6,0.007781982421875,0.22265625,-0.214874267578125
guenther2023grammaticality,25,7,1.140625,1.140625,0.0
guenther2023grammaticality,25,8,0.1787109375,0.22265625,-0.0439453125
guenther2023grammaticality,25,9,1.140625,0.4765625,0.6640625
guenther2023grammaticality,25,10,0.9765625,0.6328125,0.34375
guenther2023grammaticality,25,11,0.007781982421875,0.431640625,-0.423858642578125
guenther2023grammaticality,25,12,0.0155029296875,0.5234375,-0.5079345703125
guenther2023grammaticality,25,13,0.0155029296875,0.4765625,-0.4610595703125
guenther2023grammaticality,25,14,0.007781982421875,0.345703125,-0.337921142578125
guenther2023grammaticality,25,15,0.4765625,0.5234375,-0.046875
guenther2023grammaticality,25,16,0.007781982421875,0.22265625,-0.214874267578125
guenther2023grammaticality,25,17,0.007781982421875,0.431640625,-0.423858642578125
guenther2023grammaticality,25,18,0.1787109375,0.08251953125,0.09619140625
guenther2023grammaticality,25,19,0.0,0.1455078125,-0.1455078125
guenther2023grammaticality,25,20,0.0,0.11083984375,-0.11083984375
guenther2023grammaticality,25,21,0.0,0.08984375,-0.08984375
guenther2023grammaticality,25,22,0.007781982421875,1.140625,-1.132843017578125
guenther2023grammaticality,25,23,0.007781982421875,0.345703125,-0.337921142578125
guenther2023grammaticality,25,24,0.0,0.22265625,-0.22265625
guenther2023grammaticality,25,25,0.0,0.060546875,-0.060546875
guenther2023grammaticality,25,26,0.0,0.25390625,-0.25390625
guenther2023grammaticality,25,27,0.007781982421875,0.578125,-0.570343017578125
guenther2023grammaticality,25,28,0.0,0.6328125,-0.6328125
guenther2023grammaticality,25,29,0.007781982421875,0.431640625,-0.423858642578125
guenther2023grammaticality,25,30,0.0,0.158203125,-0.158203125
guenther2023grammaticality,25,31,0.007781982421875,0.69140625,-0.683624267578125
guenther2023grammaticality,25,32,0.0,0.2041015625,-0.2041015625
guenther2023grammaticality,25,33,0.0,0.6328125,-0.6328125
guenther2023grammaticality,25,34,0.0,0.25390625,-0.25390625
guenther2023grammaticality,25,35,0.0,0.12451171875,-0.12451171875
guenther2023grammaticality,25,36,0.0,0.3125,-0.3125
guenther2023grammaticality,25,37,0.5234375,0.69140625,-0.16796875
guenther2023grammaticality,25,38,0.0,0.345703125,-0.345703125
guenther2023grammaticality,25,39,0.0,0.1787109375,-0.1787109375
guenther2023grammaticality,25,40,0.0,0.08984375,-0.08984375
guenther2023grammaticality,25,41,0.0,0.283203125,-0.283203125
guenther2023grammaticality,25,42,0.0,0.4765625,-0.4765625
guenther2023grammaticality,25,43,0.0,0.390625,-0.390625
guenther2023grammaticality,25,44,0.0,0.12451171875,-0.12451171875
guenther2023grammaticality,25,45,0.0,0.2041015625,-0.2041015625
guenther2023grammaticality,25,46,0.0,0.2041015625,-0.2041015625
guenther2023grammaticality,25,47,0.0,0.25390625,-0.25390625
guenther2023grammaticality,25,48,0.0,0.11083984375,-0.11083984375
guenther2023grammaticality,25,49,0.0,0.12451171875,-0.12451171875
guenther2023grammaticality,25,50,0.0,0.1455078125,-0.1455078125
guenther2023grammaticality,25,51,0.0,0.3125,-0.3125
guenther2023grammaticality,25,52,0.0,0.10400390625,-0.10400390625
guenther2023grammaticality,25,53,0.0,0.11083984375,-0.11083984375
guenther2023grammaticality,25,54,0.0,0.10400390625,-0.10400390625
guenther2023grammaticality,25,55,0.1845703125,0.12451171875,0.06005859375
guenther2023grammaticality,25,56,0.0,0.158203125,-0.158203125
guenther2023grammaticality,25,57,0.0,0.06787109375,-0.06787109375
guenther2023grammaticality,25,58,0.0,0.158203125,-0.158203125
guenther2023grammaticality,25,59,0.0,0.1455078125,-0.1455078125
guenther2023grammaticality,25,60,0.0,0.345703125,-0.345703125
guenther2023grammaticality,25,61,0.0,0.1787109375,-0.1787109375
guenther2023grammaticality,25,62,0.0,0.060546875,-0.060546875
guenther2023grammaticality,25,63,0.0,0.158203125,-0.158203125
guenther2023grammaticality,25,64,0.0,0.11083984375,-0.11083984375
guenther2023grammaticality,25,65,0.0,0.283203125,-0.283203125
guenther2023grammaticality,25,66,0.0,0.1787109375,-0.1787109375
guenther2023grammaticality,25,67,0.0,0.06787109375,-0.06787109375
guenther2023grammaticality,25,68,0.0,0.05322265625,-0.05322265625
guenther2023grammaticality,25,69,0.0,0.05322265625,-0.05322265625
guenther2023grammaticality,25,70,0.0,0.060546875,-0.060546875
guenther2023grammaticality,25,71,0.0,0.06787109375,-0.06787109375
guenther2023grammaticality,25,72,0.0,0.08251953125,-0.08251953125
guenther2023grammaticality,25,73,0.0,0.0458984375,-0.0458984375
guenther2023grammaticality,25,74,0.0,0.08251953125,-0.08251953125
guenther2023grammaticality,25,75,0.0,0.11083984375,-0.11083984375
guenther2023grammaticality,25,76,0.0,0.060546875,-0.060546875
guenther2023grammaticality,25,77,0.0,0.1455078125,-0.1455078125
guenther2023grammaticality,25,78,0.0,0.0458984375,-0.0458984375
guenther2023grammaticality,25,79,0.0,0.12451171875,-0.12451171875
guenther2023grammaticality,25,80,0.0,0.08984375,-0.08984375
guenther2023grammaticality,25,81,0.0,0.0458984375,-0.0458984375
guenther2023grammaticality,25,82,0.0,0.05322265625,-0.05322265625
guenther2023grammaticality,25,83,0.0,0.05322265625,-0.05322265625
guenther2023grammaticality,25,84,0.0,0.08251953125,-0.08251953125
guenther2023grammaticality,25,85,0.0,0.023193359375,-0.023193359375
guenther2023grammaticality,25,86,0.0,0.03076171875,-0.03076171875
guenther2023grammaticality,25,87,0.0,0.023193359375,-0.023193359375
guenther2023grammaticality,25,88,0.0,0.05322265625,-0.05322265625
guenther2023grammaticality,25,89,0.0,0.0458984375,-0.0458984375
guenther2023grammaticality,25,90,8.625,2.8125,5.8125
guenther2023grammaticality,25,91,0.03076171875,0.08984375,-0.05908203125
guenther2023grammaticality,25,92,0.0155029296875,0.12451171875,-0.1090087890625
guenther2023grammaticality,25,93,0.023193359375,0.1455078125,-0.122314453125
guenther2023grammaticality,25,94,0.0,0.023193359375,-0.023193359375
guenther2023grammaticality,25,95,0.0,0.0458984375,-0.0458984375
guenther2023grammaticality,25,96,0.007781982421875,0.12451171875,-0.116729736328125
guenther2023grammaticality,25,97,0.007781982421875,0.0458984375,-0.038116455078125
guenther2023grammaticality,25,98,0.0,0.038330078125,-0.038330078125
guenther2023grammaticality,25,99,0.007781982421875,0.05322265625,-0.045440673828125
guenther2023grammaticality,25,100,0.007781982421875,0.060546875,-0.052764892578125
guenther2023grammaticality,25,101,0.0,0.0155029296875,-0.0155029296875
guenther2023grammaticality,25,102,0.007781982421875,0.023193359375,-0.015411376953125
guenther2023grammaticality,25,103,0.007781982421875,0.05322265625,-0.045440673828125
guenther2023grammaticality,25,104,0.0155029296875,0.11083984375,-0.0953369140625
guenther2023grammaticality,25,105,0.007781982421875,0.10400390625,-0.096221923828125
guenther2023grammaticality,25,106,0.25390625,0.283203125,-0.029296875
guenther2023grammaticality,25,107,0.0,0.0155029296875,-0.0155029296875
guenther2023grammaticality,25,108,0.0,0.023193359375,-0.023193359375
guenther2023grammaticality,25,109,0.0,0.023193359375,-0.023193359375
guenther2023grammaticality,26,0,1.0390625,0.390625,0.6484375
guenther2023grammaticality,26,1,0.306640625,0.08251953125,0.22412109375
guenther2023grammaticality,26,2,1.703125,2.015625,-0.3125
guenther2023grammaticality,26,3,0.52734375,0.390625,0.13671875
guenther2023grammaticality,26,4,0.58203125,1.59375,-1.01171875
guenther2023grammaticality,26,5,0.7578125,0.8984375,-0.140625
guenther2023grammaticality,26,6,0.69140625,0.828125,-0.13671875
guenther2023grammaticality,26,7,0.5234375,0.8984375,-0.375
guenther2023grammaticality,26,8,0.5234375,0.578125,-0.0546875
guenther2023grammaticality,26,9,1.40625,0.828125,0.578125
guenther2023grammaticality,26,10,0.023193359375,0.4765625,-0.453369140625
guenther2023grammaticality,26,11,0.06787109375,0.5234375,-0.45556640625
guenther2023grammaticality,26,12,0.060546875,0.390625,-0.330078125
guenther2023grammaticality,26,13,0.7578125,0.9765625,-0.21875
guenther2023grammaticality,26,14,0.0155029296875,0.6328125,-0.6173095703125
guenther2023grammaticality,26,15,0.9765625,0.6328125,0.34375
guenther2023grammaticality,26,16,4.75,1.40625,3.34375
guenther2023grammaticality,26,17,0.578125,0.283203125,0.294921875
guenther2023grammaticality,26,18,0.25390625,0.69140625,-0.4375
guenther2023grammaticality,26,19,1.6015625,1.21875,0.3828125
guenther2023grammaticality,26,20,0.69140625,0.828125,-0.13671875
guenther2023grammaticality,26,21,0.283203125,0.22265625,0.060546875
guenther2023grammaticality,26,22,0.69140625,0.69140625,0.0
guenther2023grammaticality,26,23,0.4765625,0.9765625,-0.5
guenther2023grammaticality,26,24,0.1787109375,0.5234375,-0.3447265625
guenther2023grammaticality,26,25,0.9765625,0.4765625,0.5
guenther2023grammaticality,26,26,1.3125,0.8984375,0.4140625
guenther2023grammaticality,26,27,0.4765625,0.5234375,-0.046875
guenther2023grammaticality,26,28,0.1787109375,0.431640625,-0.2529296875
guenther2023grammaticality,26,29,0.10400390625,0.10400390625,0.0
guenther2023grammaticality,26,30,0.4765625,0.578125,-0.1015625
guenther2023grammaticality,26,31,0.22265625,0.5234375,-0.30078125
guenther2023grammaticality,26,32,0.1455078125,0.3125,-0.1669921875
guenther2023grammaticality,26,33,0.283203125,0.283203125,0.0
guenther2023grammaticality,26,34,0.9765625,1.1328125,-0.15625
guenther2023grammaticality,26,35,1.140625,0.9765625,0.1640625
guenther2023grammaticality,26,36,0.25390625,0.431640625,-0.177734375
guenther2023grammaticality,26,37,0.158203125,0.5234375,-0.365234375
guenther2023grammaticality,26,38,0.06787109375,0.1787109375,-0.11083984375
guenther2023grammaticality,26,39,0.578125,0.7578125,-0.1796875
guenther2023grammaticality,26,40,0.69140625,1.0546875,-0.36328125
guenther2023grammaticality,26,41,0.5234375,0.6328125,-0.109375
guenther2023grammaticality,26,42,0.2041015625,0.4765625,-0.2724609375
guenther2023grammaticality,26,43,0.060546875,0.2041015625,-0.1435546875
guenther2023grammaticality,26,44,0.11083984375,0.2041015625,-0.09326171875
guenther2023grammaticality,26,45,0.25390625,0.4765625,-0.22265625
guenther2023grammaticality,26,46,0.11083984375,0.1787109375,-0.06787109375
guenther2023grammaticality,26,47,0.158203125,0.345703125,-0.1875
guenther2023grammaticality,26,48,0.7578125,0.828125,-0.0703125
guenther2023grammaticality,26,49,0.6328125,0.828125,-0.1953125
guenther2023grammaticality,26,50,0.06787109375,0.1455078125,-0.07763671875
guenther2023grammaticality,26,51,0.431640625,0.69140625,-0.259765625
guenther2023grammaticality,26,52,0.3125,0.431640625,-0.119140625
guenther2023grammaticality,26,53,0.12451171875,0.283203125,-0.15869140625
guenther2023grammaticality,26,54,0.12451171875,0.2041015625,-0.07958984375
guenther2023grammaticality,26,55,0.11083984375,0.345703125,-0.23486328125
guenther2023grammaticality,26,56,0.06787109375,0.431640625,-0.36376953125
guenther2023grammaticality,26,57,0.10400390625,0.283203125,-0.17919921875
guenther2023grammaticality,26,58,0.05322265625,0.06787109375,-0.0146484375
guenther2023grammaticality,26,59,0.08984375,0.1455078125,-0.0556640625
guenther2023grammaticality,26,60,0.7578125,0.828125,-0.0703125
guenther2023grammaticality,26,61,0.06787109375,0.22265625,-0.15478515625
guenther2023grammaticality,26,62,0.0458984375,0.1455078125,-0.099609375
guenther2023grammaticality,26,63,1.8046875,1.21875,0.5859375
guenther2023grammaticality,26,64,0.345703125,0.5234375,-0.177734375
guenther2023grammaticality,26,65,0.0458984375,0.2041015625,-0.158203125
guenther2023grammaticality,26,66,0.06787109375,0.25390625,-0.18603515625
guenther2023grammaticality,26,67,0.03076171875,0.22265625,-0.19189453125
guenther2023grammaticality,26,68,0.25390625,0.431640625,-0.177734375
guenther2023grammaticality,26,69,0.03076171875,0.158203125,-0.12744140625
guenther2023grammaticality,26,70,0.431640625,0.7578125,-0.326171875
guenther2023grammaticality,26,71,0.023193359375,0.038330078125,-0.01513671875
guenther2023grammaticality,26,72,0.1455078125,0.345703125,-0.2001953125
guenther2023grammaticality,26,73,0.0155029296875,0.08984375,-0.0743408203125
guenther2023grammaticality,26,74,0.08251953125,0.3125,-0.22998046875
guenther2023grammaticality,26,75,0.06787109375,0.283203125,-0.21533203125
guenther2023grammaticality,26,76,0.0155029296875,0.12451171875,-0.1090087890625
guenther2023grammaticality,26,77,0.038330078125,0.22265625,-0.184326171875
guenther2023grammaticality,26,78,0.1787109375,0.2041015625,-0.025390625
guenther2023grammaticality,26,79,0.0155029296875,0.12451171875,-0.1090087890625
guenther2023grammaticality,26,80,0.0155029296875,0.2041015625,-0.1885986328125
guenther2023grammaticality,26,81,1.0546875,0.6328125,0.421875
guenther2023grammaticality,26,82,0.4765625,0.3125,0.1640625
guenther2023grammaticality,26,83,0.038330078125,0.1787109375,-0.140380859375
guenther2023grammaticality,26,84,0.03076171875,0.158203125,-0.12744140625
guenther2023grammaticality,26,85,0.023193359375,0.11083984375,-0.087646484375
guenther2023grammaticality,26,86,0.03076171875,0.1455078125,-0.11474609375
guenther2023grammaticality,26,87,0.158203125,0.283203125,-0.125
guenther2023grammaticality,26,88,0.06787109375,0.08984375,-0.02197265625
guenther2023grammaticality,26,89,0.023193359375,0.0966796875,-0.073486328125
guenther2023grammaticality,26,90,0.03076171875,0.12451171875,-0.09375
guenther2023grammaticality,26,91,0.03076171875,0.08984375,-0.05908203125
guenther2023grammaticality,26,92,3.40625,2.359375,1.046875
guenther2023grammaticality,26,93,0.038330078125,0.10400390625,-0.065673828125
guenther2023grammaticality,26,94,1.8046875,1.0546875,0.75
guenther2023grammaticality,26,95,0.060546875,0.0458984375,0.0146484375
guenther2023grammaticality,26,96,0.4765625,0.828125,-0.3515625
guenther2023grammaticality,26,97,0.08984375,0.1787109375,-0.0888671875
guenther2023grammaticality,26,98,0.023193359375,0.1455078125,-0.122314453125
guenther2023grammaticality,26,99,0.03076171875,0.08251953125,-0.0517578125
guenther2023grammaticality,26,100,0.03076171875,0.060546875,-0.02978515625
guenther2023grammaticality,26,101,0.038330078125,0.03076171875,0.007568359375
guenther2023grammaticality,26,102,0.023193359375,0.08984375,-0.066650390625
guenther2023grammaticality,26,103,0.11083984375,0.06787109375,0.04296875
guenther2023grammaticality,26,104,0.060546875,0.384765625,-0.32421875
guenther2023grammaticality,26,105,0.023193359375,0.08251953125,-0.059326171875
guenther2023grammaticality,26,106,0.023193359375,0.1455078125,-0.122314453125
guenther2023grammaticality,26,107,0.023193359375,0.12451171875,-0.101318359375
guenther2023grammaticality,26,108,0.06787109375,0.3125,-0.24462890625
guenther2023grammaticality,26,109,0.0155029296875,0.060546875,-0.0450439453125
guenther2023grammaticality,27,0,1.6484375,0.828125,0.8203125
guenther2023grammaticality,27,1,0.73828125,0.06787109375,0.67041015625
guenther2023grammaticality,27,2,0.63671875,0.4765625,0.16015625
guenther2023grammaticality,27,3,0.48046875,0.5234375,-0.04296875
guenther2023grammaticality,27,4,0.390625,0.22265625,0.16796875
guenther2023grammaticality,27,5,0.1650390625,0.1455078125,0.01953125
guenther2023grammaticality,27,6,0.1845703125,0.25390625,-0.0693359375
guenther2023grammaticality,27,7,0.11767578125,0.12451171875,-0.0068359375
guenther2023grammaticality,27,8,0.2294921875,0.158203125,0.0712890625
guenther2023grammaticality,27,9,0.2041015625,0.05322265625,0.15087890625
guenther2023grammaticality,27,10,0.0458984375,0.11083984375,-0.06494140625
guenther2023grammaticality,27,11,0.158203125,0.10400390625,0.05419921875
guenther2023grammaticality,27,12,0.06787109375,0.060546875,0.00732421875
guenther2023grammaticality,27,13,0.0458984375,0.0458984375,0.0
guenther2023grammaticality,27,14,0.0155029296875,0.0155029296875,0.0
guenther2023grammaticality,27,15,0.060546875,0.0155029296875,0.0450439453125
guenther2023grammaticality,27,16,0.060546875,0.1455078125,-0.0849609375
guenther2023grammaticality,27,17,0.023193359375,0.038330078125,-0.01513671875
guenther2023grammaticality,27,18,0.007781982421875,0.08984375,-0.082061767578125
guenther2023grammaticality,27,19,0.007781982421875,0.023193359375,-0.015411376953125
guenther2023grammaticality,27,20,0.023193359375,0.023193359375,0.0
guenther2023grammaticality,27,21,0.03076171875,0.038330078125,-0.007568359375
guenther2023grammaticality,27,22,0.007781982421875,0.038330078125,-0.030548095703125
guenther2023grammaticality,27,23,0.0155029296875,0.03076171875,-0.0152587890625
guenther2023grammaticality,27,24,0.0155029296875,0.0458984375,-0.0303955078125
guenther2023grammaticality,27,25,0.007781982421875,0.007781982421875,0.0
guenther2023grammaticality,27,26,0.0,0.038330078125,-0.038330078125
guenther2023grammaticality,27,27,0.0155029296875,0.0155029296875,0.0
guenther2023grammaticality,27,28,0.0155029296875,0.023193359375,-0.0076904296875
guenther2023grammaticality,27,29,0.007781982421875,0.0155029296875,-0.007720947265625
guenther2023grammaticality,27,30,0.007781982421875,0.0155029296875,-0.007720947265625
guenther2023grammaticality,27,31,0.0155029296875,0.007781982421875,0.007720947265625
guenther2023grammaticality,27,32,0.007781982421875,0.023193359375,-0.015411376953125
guenther2023grammaticality,27,33,0.007781982421875,0.0155029296875,-0.007720947265625
guenther2023grammaticality,27,34,0.0,0.007781982421875,-0.007781982421875
guenther2023grammaticality,27,35,0.0155029296875,0.007781982421875,0.007720947265625
guenther2023grammaticality,27,36,0.007781982421875,0.0155029296875,-0.007720947265625
guenther2023grammaticality,27,37,0.007781982421875,0.007781982421875,0.0
guenther2023grammaticality,27,38,0.007781982421875,0.007781982421875,0.0
guenther2023grammaticality,27,39,0.007781982421875,0.007781982421875,0.0
guenther2023grammaticality,27,40,0.0155029296875,0.007781982421875,0.007720947265625
guenther2023grammaticality,27,41,0.0,0.007781982421875,-0.007781982421875
guenther2023grammaticality,27,42,0.0,0.007781982421875,-0.007781982421875
guenther2023grammaticality,27,43,0.0,0.007781982421875,-0.007781982421875
guenther2023grammaticality,27,44,0.007781982421875,0.0155029296875,-0.007720947265625
guenther2023grammaticality,27,45,0.0,0.0,0.0
guenther2023grammaticality,27,46,0.0,0.0155029296875,-0.0155029296875
guenther2023grammaticality,27,47,0.0,0.007781982421875,-0.007781982421875
guenther2023grammaticality,27,48,0.007781982421875,0.007781982421875,0.0
guenther2023grammaticality,27,49,0.007781982421875,0.007781982421875,0.0
guenther2023grammaticality,27,50,0.0,0.007781982421875,-0.007781982421875
guenther2023grammaticality,27,51,0.0,0.007781982421875,-0.007781982421875
guenther2023grammaticality,27,52,0.0,0.007781982421875,-0.007781982421875
guenther2023grammaticality,27,53,0.007781982421875,0.0155029296875,-0.007720947265625
guenther2023grammaticality,27,54,0.007781982421875,0.007781982421875,0.0
guenther2023grammaticality,27,55,0.0,0.007781982421875,-0.007781982421875
guenther2023grammaticality,27,56,0.007781982421875,0.023193359375,-0.015411376953125
guenther2023grammaticality,27,57,0.0,0.0,0.0
guenther2023grammaticality,27,58,0.0,0.007781982421875,-0.007781982421875
guenther2023grammaticality,27,59,0.0,0.0,0.0
guenther2023grammaticality,27,60,2.359375,0.5234375,1.8359375
guenther2023grammaticality,27,61,0.0,0.0155029296875,-0.0155029296875
guenther2023grammaticality,27,62,0.0,0.0155029296875,-0.0155029296875
guenther2023grammaticality,27,63,0.0,0.007781982421875,-0.007781982421875
guenther2023grammaticality,27,64,0.0,0.007781982421875,-0.007781982421875
guenther2023grammaticality,27,65,0.0,0.007781982421875,-0.007781982421875
guenther2023grammaticality,27,66,0.0,0.0155029296875,-0.0155029296875
guenther2023grammaticality,27,67,0.0,0.007781982421875,-0.007781982421875
guenther2023grammaticality,27,68,0.0,0.0155029296875,-0.0155029296875
guenther2023grammaticality,27,69,0.0,0.007781982421875,-0.007781982421875
guenther2023grammaticality,27,70,0.0,0.007781982421875,-0.007781982421875
guenther2023grammaticality,27,71,0.0,0.007781982421875,-0.007781982421875
guenther2023grammaticality,27,72,0.0,0.007781982421875,-0.007781982421875
guenther2023grammaticality,27,73,0.0,0.0,0.0
guenther2023grammaticality,27,74,0.0,0.0155029296875,-0.0155029296875
guenther2023grammaticality,27,75,0.0,0.007781982421875,-0.007781982421875
guenther2023grammaticality,27,76,0.0,0.007781982421875,-0.007781982421875
guenther2023grammaticality,27,77,0.0,0.0,0.0
guenther2023grammaticality,27,78,0.023193359375,0.023193359375,0.0
guenther2023grammaticality,27,79,0.0,0.007781982421875,-0.007781982421875
guenther2023grammaticality,27,80,0.0,0.007781982421875,-0.007781982421875
guenther2023grammaticality,27,81,0.0,0.0,0.0
guenther2023grammaticality,27,82,0.0,0.007781982421875,-0.007781982421875
guenther2023grammaticality,27,83,0.0,0.007781982421875,-0.007781982421875
guenther2023grammaticality,27,84,0.0,0.0,0.0
guenther2023grammaticality,27,85,0.0,0.007781982421875,-0.007781982421875
guenther2023grammaticality,27,86,0.0,0.007781982421875,-0.007781982421875
guenther2023grammaticality,27,87,0.10400390625,0.25390625,-0.14990234375
guenther2023grammaticality,27,88,0.0,0.007781982421875,-0.007781982421875
guenther2023grammaticality,27,89,0.0,0.007781982421875,-0.007781982421875
guenther2023grammaticality,27,90,7.75,4.875,2.875
guenther2023grammaticality,27,91,0.05322265625,0.06787109375,-0.0146484375
guenther2023grammaticality,27,92,0.038330078125,0.08251953125,-0.044189453125
guenther2023grammaticality,27,93,0.0155029296875,0.0458984375,-0.0303955078125
guenther2023grammaticality,27,94,0.08984375,0.038330078125,0.051513671875
guenther2023grammaticality,27,95,0.0458984375,0.06787109375,-0.02197265625
guenther2023grammaticality,27,96,0.007781982421875,0.023193359375,-0.015411376953125
guenther2023grammaticality,27,97,0.03076171875,0.03076171875,0.0
guenther2023grammaticality,27,98,0.06787109375,0.12451171875,-0.056640625
guenther2023grammaticality,27,99,0.023193359375,0.0458984375,-0.022705078125
guenther2023grammaticality,27,100,0.0155029296875,0.03076171875,-0.0152587890625
guenther2023grammaticality,27,101,0.0155029296875,0.023193359375,-0.0076904296875
guenther2023grammaticality,27,102,0.05322265625,0.0155029296875,0.0377197265625
guenther2023grammaticality,27,103,0.023193359375,0.08251953125,-0.059326171875
guenther2023grammaticality,27,104,0.023193359375,0.03076171875,-0.007568359375
guenther2023grammaticality,27,105,0.023193359375,0.023193359375,0.0
guenther2023grammaticality,27,106,0.0155029296875,0.023193359375,-0.0076904296875
guenther2023grammaticality,27,107,0.023193359375,0.038330078125,-0.01513671875
guenther2023grammaticality,27,108,0.007781982421875,0.0155029296875,-0.007720947265625
guenther2023grammaticality,27,109,0.0155029296875,0.03076171875,-0.0152587890625
guenther2023grammaticality,28,0,1.0859375,0.25390625,0.83203125
guenther2023grammaticality,28,1,0.7734375,0.060546875,0.712890625
guenther2023grammaticality,28,2,1.140625,0.431640625,0.708984375
guenther2023grammaticality,28,3,0.431640625,0.08251953125,0.34912109375
guenther2023grammaticality,28,4,0.390625,0.06787109375,0.32275390625
guenther2023grammaticality,28,5,0.2294921875,0.03076171875,0.19873046875
guenther2023grammaticality,28,6,0.2041015625,0.0155029296875,0.1885986328125
guenther2023grammaticality,28,7,1.2265625,1.59375,-0.3671875
guenther2023grammaticality,28,8,0.3515625,0.11083984375,0.24072265625
guenther2023grammaticality,28,9,0.08251953125,0.08984375,-0.00732421875
guenther2023grammaticality,28,10,0.2041015625,0.12451171875,0.07958984375
guenther2023grammaticality,28,11,0.007781982421875,0.023193359375,-0.015411376953125
guenther2023grammaticality,28,12,0.11083984375,0.11083984375,0.0
guenther2023grammaticality,28,13,0.007781982421875,0.03076171875,-0.022979736328125
guenther2023grammaticality,28,14,2.46875,2.234375,0.234375
guenther2023grammaticality,28,15,0.007781982421875,0.828125,-0.820343017578125
guenther2023grammaticality,28,16,0.023193359375,0.345703125,-0.322509765625
guenther2023grammaticality,28,17,0.007781982421875,0.05322265625,-0.045440673828125
guenther2023grammaticality,28,18,3.765625,0.5234375,3.2421875
guenther2023grammaticality,28,19,0.023193359375,0.03076171875,-0.007568359375
guenther2023grammaticality,28,20,1.5,2.234375,-0.734375
guenther2023grammaticality,28,21,0.158203125,0.08984375,0.068359375
guenther2023grammaticality,28,22,0.0458984375,0.0458984375,0.0
guenther2023grammaticality,28,23,0.06787109375,0.0458984375,0.02197265625
guenther2023grammaticality,28,24,0.10400390625,0.158203125,-0.05419921875
guenther2023grammaticality,28,25,0.828125,0.4765625,0.3515625
guenther2023grammaticality,28,26,0.158203125,0.03076171875,0.12744140625
guenther2023grammaticality,28,27,0.05322265625,0.11083984375,-0.0576171875
guenther2023grammaticality,28,28,0.038330078125,0.03076171875,0.007568359375
guenther2023grammaticality,28,29,0.03076171875,0.023193359375,0.007568359375
guenther2023grammaticality,28,30,3.046875,2.6875,0.359375
guenther2023grammaticality,28,31,0.1455078125,0.6328125,-0.4873046875
guenther2023grammaticality,28,32,0.2041015625,0.1787109375,0.025390625
guenther2023grammaticality,28,33,0.283203125,0.7578125,-0.474609375
guenther2023grammaticality,28,34,0.390625,0.060546875,0.330078125
guenther2023grammaticality,28,35,0.08984375,0.0458984375,0.0439453125
guenther2023grammaticality,28,36,0.345703125,0.1787109375,0.1669921875
guenther2023grammaticality,28,37,0.08251953125,0.390625,-0.30810546875
guenther2023grammaticality,28,38,0.4765625,0.03076171875,0.44580078125
guenther2023grammaticality,28,39,0.0458984375,0.03076171875,0.01513671875
guenther2023grammaticality,28,40,0.11083984375,0.0458984375,0.06494140625
guenther2023grammaticality,28,41,0.158203125,0.10400390625,0.05419921875
guenther2023grammaticality,28,42,0.060546875,0.023193359375,0.037353515625
guenther2023grammaticality,28,43,0.11083984375,0.11083984375,0.0
guenther2023grammaticality,28,44,0.11083984375,0.06787109375,0.04296875
guenther2023grammaticality,28,45,0.08251953125,0.11083984375,-0.0283203125
guenther2023grammaticality,28,46,0.060546875,0.023193359375,0.037353515625
guenther2023grammaticality,28,47,0.0458984375,0.345703125,-0.2998046875
guenther2023grammaticality,28,48,0.060546875,0.0155029296875,0.0450439453125
guenther2023grammaticality,28,49,0.06787109375,0.06787109375,0.0
guenther2023grammaticality,28,50,2.015625,2.359375,-0.34375
guenther2023grammaticality,28,51,0.1787109375,0.060546875,0.1181640625
guenther2023grammaticality,28,52,0.69140625,1.1328125,-0.44140625
guenther2023grammaticality,28,53,0.431640625,0.431640625,0.0
guenther2023grammaticality,28,54,0.10400390625,0.060546875,0.04345703125
guenther2023grammaticality,28,55,0.578125,0.828125,-0.25
guenther2023grammaticality,28,56,0.038330078125,0.08984375,-0.051513671875
guenther2023grammaticality,28,57,0.023193359375,0.25390625,-0.230712890625
guenther2023grammaticality,28,58,0.10400390625,0.1787109375,-0.07470703125
guenther2023grammaticality,28,59,0.06787109375,0.060546875,0.00732421875
guenther2023grammaticality,28,60,0.10400390625,0.05322265625,0.05078125
guenther2023grammaticality,28,61,0.03076171875,0.2041015625,-0.17333984375
guenther2023grammaticality,28,62,0.10400390625,0.10400390625,0.0
guenther2023grammaticality,28,63,0.345703125,0.69140625,-0.345703125
guenther2023grammaticality,28,64,0.05322265625,0.03076171875,0.0224609375
guenther2023grammaticality,28,65,0.08984375,0.0458984375,0.0439453125
guenther2023grammaticality,28,66,0.11083984375,0.22265625,-0.11181640625
guenther2023grammaticality,28,67,0.0155029296875,0.1455078125,-0.1300048828125
guenther2023grammaticality,28,68,0.08984375,0.10400390625,-0.01416015625
guenther2023grammaticality,28,69,0.0458984375,0.08251953125,-0.03662109375
guenther2023grammaticality,28,70,0.3125,0.1455078125,0.1669921875
guenther2023grammaticality,28,71,0.03076171875,0.023193359375,0.007568359375
guenther2023grammaticality,28,72,0.08251953125,0.08984375,-0.00732421875
guenther2023grammaticality,28,73,0.05322265625,0.03076171875,0.0224609375
guenther2023grammaticality,28,74,0.283203125,0.578125,-0.294921875
guenther2023grammaticality,28,75,0.3125,0.4765625,-0.1640625
guenther2023grammaticality,28,76,0.038330078125,0.03076171875,0.007568359375
guenther2023grammaticality,28,77,0.007781982421875,0.060546875,-0.052764892578125
guenther2023grammaticality,28,78,1.8046875,1.21875,0.5859375
guenther2023grammaticality,28,79,0.1455078125,0.1787109375,-0.033203125
guenther2023grammaticality,28,80,0.828125,1.5,-0.671875
guenther2023grammaticality,28,81,0.11083984375,0.10400390625,0.0068359375
guenther2023grammaticality,28,82,0.3125,0.345703125,-0.033203125
guenther2023grammaticality,28,83,0.0155029296875,0.060546875,-0.0450439453125
guenther2023grammaticality,28,84,0.0458984375,0.03076171875,0.01513671875
guenther2023grammaticality,28,85,0.03076171875,0.03076171875,0.0
guenther2023grammaticality,28,86,0.0458984375,0.03076171875,0.01513671875
guenther2023grammaticality,28,87,0.22265625,0.158203125,0.064453125
guenther2023grammaticality,28,88,0.08984375,0.06787109375,0.02197265625
guenther2023grammaticality,28,89,0.2041015625,0.158203125,0.0458984375
guenther2023grammaticality,28,90,1.3125,1.703125,-0.390625
guenther2023grammaticality,28,91,0.060546875,0.0458984375,0.0146484375
guenther2023grammaticality,28,92,0.03076171875,0.06787109375,-0.037109375
guenther2023grammaticality,28,93,0.03076171875,0.1787109375,-0.14794921875
guenther2023grammaticality,28,94,0.03076171875,0.03076171875,0.0
guenther2023grammaticality,28,95,0.03076171875,0.023193359375,0.007568359375
guenther2023grammaticality,28,96,0.390625,0.3125,0.078125
guenther2023grammaticality,28,97,0.390625,0.25390625,0.13671875
guenther2023grammaticality,28,98,0.06787109375,0.06787109375,0.0
guenther2023grammaticality,28,99,0.0458984375,0.03076171875,0.01513671875
guenther2023grammaticality,28,100,0.12451171875,0.10400390625,0.0205078125
guenther2023grammaticality,28,101,0.12451171875,0.158203125,-0.03369140625
guenther2023grammaticality,28,102,0.03076171875,0.05322265625,-0.0224609375
guenther2023grammaticality,28,103,0.22265625,0.1787109375,0.0439453125
guenther2023grammaticality,28,104,0.05322265625,0.06787109375,-0.0146484375
guenther2023grammaticality,28,105,0.0458984375,0.023193359375,0.022705078125
guenther2023grammaticality,28,106,0.08251953125,0.05322265625,0.029296875
guenther2023grammaticality,28,107,0.25390625,0.11083984375,0.14306640625
guenther2023grammaticality,28,108,0.03076171875,0.023193359375,0.007568359375
guenther2023grammaticality,28,109,0.05322265625,0.038330078125,0.014892578125
guenther2023grammaticality,29,0,1.3125,0.4765625,0.8359375
guenther2023grammaticality,29,1,0.76953125,0.69140625,0.078125
guenther2023grammaticality,29,2,0.4765625,1.5,-1.0234375
guenther2023grammaticality,29,3,0.318359375,0.11083984375,0.20751953125
guenther2023grammaticality,29,4,0.1845703125,0.390625,-0.2060546875
guenther2023grammaticality,29,5,0.431640625,0.5234375,-0.091796875
guenther2023grammaticality,29,6,0.038330078125,0.6328125,-0.594482421875
guenther2023grammaticality,29,7,1.5,1.0546875,0.4453125
guenther2023grammaticality,29,8,0.0155029296875,0.06787109375,-0.0523681640625
guenther2023grammaticality,29,9,0.3125,0.4765625,-0.1640625
guenther2023grammaticality,29,10,1.21875,0.69140625,0.52734375
guenther2023grammaticality,29,11,0.1455078125,0.3125,-0.1669921875
guenther2023grammaticality,29,12,0.0155029296875,0.023193359375,-0.0076904296875
guenther2023grammaticality,29,13,1.140625,0.6328125,0.5078125
guenther2023grammaticality,29,14,0.25390625,0.390625,-0.13671875
guenther2023grammaticality,29,15,0.023193359375,0.12451171875,-0.101318359375
guenther2023grammaticality,29,16,0.0155029296875,0.05322265625,-0.0377197265625
guenther2023grammaticality,29,17,0.0155029296875,0.023193359375,-0.0076904296875
guenther2023grammaticality,29,18,0.007781982421875,0.0155029296875,-0.007720947265625
guenther2023grammaticality,29,19,0.023193359375,0.345703125,-0.322509765625
guenther2023grammaticality,29,20,0.0155029296875,0.5234375,-0.5079345703125
guenther2023grammaticality,29,21,0.0,0.3125,-0.3125
guenther2023grammaticality,29,22,0.0,0.431640625,-0.431640625
guenther2023grammaticality,29,23,0.0155029296875,0.0458984375,-0.0303955078125
guenther2023grammaticality,29,24,0.0,0.390625,-0.390625
guenther2023grammaticality,29,25,0.023193359375,0.9765625,-0.953369140625
guenther2023grammaticality,29,26,0.007781982421875,0.390625,-0.382843017578125
guenther2023grammaticality,29,27,0.0,0.283203125,-0.283203125
guenther2023grammaticality,29,28,0.0,0.1787109375,-0.1787109375
guenther2023grammaticality,29,29,0.0,0.345703125,-0.345703125
guenther2023grammaticality,29,30,0.12451171875,0.3125,-0.18798828125
guenther2023grammaticality,29,31,0.0,0.2041015625,-0.2041015625
guenther2023grammaticality,29,32,0.0,0.06787109375,-0.06787109375
guenther2023grammaticality,29,33,0.0,0.22265625,-0.22265625
guenther2023grammaticality,29,34,0.0,0.038330078125,-0.038330078125
guenther2023grammaticality,29,35,0.0,0.10400390625,-0.10400390625
guenther2023grammaticality,29,36,0.007781982421875,0.4765625,-0.468780517578125
guenther2023grammaticality,29,37,0.007781982421875,0.69140625,-0.683624267578125
guenther2023grammaticality,29,38,0.007781982421875,0.7578125,-0.750030517578125
guenther2023grammaticality,29,39,0.0,0.158203125,-0.158203125
guenther2023grammaticality,29,40,0.0,0.03076171875,-0.03076171875
guenther2023grammaticality,29,41,0.0,0.08251953125,-0.08251953125
guenther2023grammaticality,29,42,0.0,0.1787109375,-0.1787109375
guenther2023grammaticality,29,43,0.0,0.11083984375,-0.11083984375
guenther2023grammaticality,29,44,0.0,0.158203125,-0.158203125
guenther2023grammaticality,29,45,0.0,0.05322265625,-0.05322265625
guenther2023grammaticality,29,46,0.0,0.2041015625,-0.2041015625
guenther2023grammaticality,29,47,0.007781982421875,0.384765625,-0.376983642578125
guenther2023grammaticality,29,48,0.0,0.06787109375,-0.06787109375
guenther2023grammaticality,29,49,0.0,0.08984375,-0.08984375
guenther2023grammaticality,29,50,0.0,0.08984375,-0.08984375
guenther2023grammaticality,29,51,0.1845703125,0.05322265625,0.13134765625
guenther2023grammaticality,29,52,0.0,0.0458984375,-0.0458984375
guenther2023grammaticality,29,53,0.007781982421875,0.25390625,-0.246124267578125
guenther2023grammaticality,29,54,0.007781982421875,0.384765625,-0.376983642578125
guenther2023grammaticality,29,55,0.007781982421875,0.158203125,-0.150421142578125
guenther2023grammaticality,29,56,0.0,0.08251953125,-0.08251953125
guenther2023grammaticality,29,57,0.0,0.08251953125,-0.08251953125
guenther2023grammaticality,29,58,0.0,0.1455078125,-0.1455078125
guenther2023grammaticality,29,59,0.0,0.03076171875,-0.03076171875
guenther2023grammaticality,29,60,0.007781982421875,0.1455078125,-0.137725830078125
guenther2023grammaticality,29,61,0.0,0.038330078125,-0.038330078125
guenther2023grammaticality,29,62,0.0,0.08251953125,-0.08251953125
guenther2023grammaticality,29,63,0.0,0.03076171875,-0.03076171875
guenther2023grammaticality,29,64,0.0,0.023193359375,-0.023193359375
guenther2023grammaticality,29,65,0.0,0.08984375,-0.08984375
guenther2023grammaticality,29,66,0.0,0.060546875,-0.060546875
guenther2023grammaticality,29,67,0.0,0.12451171875,-0.12451171875
guenther2023grammaticality,29,68,0.0,0.007781982421875,-0.007781982421875
guenther2023grammaticality,29,69,0.0,0.060546875,-0.060546875
guenther2023grammaticality,29,70,0.0,0.06787109375,-0.06787109375
guenther2023grammaticality,29,71,0.0,0.0458984375,-0.0458984375
guenther2023grammaticality,29,72,0.0,0.0155029296875,-0.0155029296875
guenther2023grammaticality,29,73,0.0,0.0458984375,-0.0458984375
guenther2023grammaticality,29,74,0.0,0.007781982421875,-0.007781982421875
guenther2023grammaticality,29,75,0.0,0.007781982421875,-0.007781982421875
guenther2023grammaticality,29,76,0.0,0.0155029296875,-0.0155029296875
guenther2023grammaticality,29,77,0.0,0.0458984375,-0.0458984375
guenther2023grammaticality,29,78,0.0,0.0155029296875,-0.0155029296875
guenther2023grammaticality,29,79,0.0,0.007781982421875,-0.007781982421875
guenther2023grammaticality,29,80,0.0,0.060546875,-0.060546875
guenther2023grammaticality,29,81,0.0,0.023193359375,-0.023193359375
guenther2023grammaticality,29,82,0.0,0.023193359375,-0.023193359375
guenther2023grammaticality,29,83,0.0,0.023193359375,-0.023193359375
guenther2023grammaticality,29,84,0.0,0.0155029296875,-0.0155029296875
guenther2023grammaticality,29,85,0.0,0.007781982421875,-0.007781982421875
guenther2023grammaticality,29,86,0.0,0.11083984375,-0.11083984375
guenther2023grammaticality,29,87,0.0,0.08251953125,-0.08251953125
guenther2023grammaticality,29,88,0.0,0.03076171875,-0.03076171875
guenther2023grammaticality,29,89,0.0,0.0458984375,-0.0458984375
guenther2023grammaticality,29,90,0.0,0.007781982421875,-0.007781982421875
guenther2023grammaticality,29,91,0.007781982421875,0.06787109375,-0.060089111328125
guenther2023grammaticality,29,92,0.0,0.038330078125,-0.038330078125
guenther2023grammaticality,29,93,0.0,0.03076171875,-0.03076171875
guenther2023grammaticality,29,94,0.0,0.03076171875,-0.03076171875
guenther2023grammaticality,29,95,0.0,0.023193359375,-0.023193359375
guenther2023grammaticality,29,96,0.0,0.023193359375,-0.023193359375
guenther2023grammaticality,29,97,0.0,0.03076171875,-0.03076171875
guenther2023grammaticality,29,98,0.0,0.007781982421875,-0.007781982421875
guenther2023grammaticality,29,99,0.0,0.023193359375,-0.023193359375
guenther2023grammaticality,29,100,0.0,0.0458984375,-0.0458984375
guenther2023grammaticality,29,101,0.0,0.0155029296875,-0.0155029296875
guenther2023grammaticality,29,102,0.0,0.023193359375,-0.023193359375
guenther2023grammaticality,29,103,0.0,0.0155029296875,-0.0155029296875
guenther2023grammaticality,29,104,0.0,0.03076171875,-0.03076171875
guenther2023grammaticality,29,105,0.0,0.0155029296875,-0.0155029296875
guenther2023grammaticality,29,106,0.0,0.05322265625,-0.05322265625
guenther2023grammaticality,29,107,0.0,0.0155029296875,-0.0155029296875
guenther2023grammaticality,29,108,0.0,0.023193359375,-0.023193359375
guenther2023grammaticality,29,109,0.0,0.0155029296875,-0.0155029296875
guenther2023grammaticality,30,0,2.1875,0.431640625,1.755859375
guenther2023grammaticality,30,1,0.83984375,0.3125,0.52734375
guenther2023grammaticality,30,2,0.3515625,0.12451171875,0.22705078125
guenther2023grammaticality,30,3,0.52734375,0.25390625,0.2734375
guenther2023grammaticality,30,4,0.3515625,0.158203125,0.193359375
guenther2023grammaticality,30,5,0.318359375,0.158203125,0.16015625
guenther2023grammaticality,30,6,0.3515625,0.12451171875,0.22705078125
guenther2023grammaticality,30,7,0.2294921875,0.060546875,0.1689453125
guenther2023grammaticality,30,8,0.1845703125,0.11083984375,0.07373046875
guenther2023grammaticality,30,9,0.2294921875,0.03076171875,0.19873046875
guenther2023grammaticality,30,10,0.10400390625,0.023193359375,0.080810546875
guenther2023grammaticality,30,11,0.10400390625,0.03076171875,0.0732421875
guenther2023grammaticality,30,12,0.1845703125,0.0458984375,0.138671875
guenther2023grammaticality,30,13,3.53125,3.28125,0.25
guenther2023grammaticality,30,14,1.3125,1.40625,-0.09375
guenther2023grammaticality,30,15,0.7578125,0.5234375,0.234375
guenther2023grammaticality,30,16,0.431640625,0.390625,0.041015625
guenther2023grammaticality,30,17,0.283203125,0.2041015625,0.0791015625
guenther2023grammaticality,30,18,0.283203125,0.22265625,0.060546875
guenther2023grammaticality,30,19,0.1787109375,0.12451171875,0.05419921875
guenther2023grammaticality,30,20,0.11083984375,0.06787109375,0.04296875
guenther2023grammaticality,30,21,0.10400390625,0.08251953125,0.021484375
guenther2023grammaticality,30,22,0.9765625,1.21875,-0.2421875
guenther2023grammaticality,30,23,0.578125,0.25390625,0.32421875
guenther2023grammaticality,30,24,0.9765625,0.7578125,0.21875
guenther2023grammaticality,30,25,0.63671875,0.3125,0.32421875
guenther2023grammaticality,30,26,0.283203125,0.158203125,0.125
guenther2023grammaticality,30,27,0.08984375,0.2041015625,-0.1142578125
guenther2023grammaticality,30,28,0.158203125,0.22265625,-0.064453125
guenther2023grammaticality,30,29,0.08251953125,0.05322265625,0.029296875
guenther2023grammaticality,30,30,1.140625,1.140625,0.0
guenther2023grammaticality,30,31,0.08251953125,0.0458984375,0.03662109375
guenther2023grammaticality,30,32,0.12451171875,0.1455078125,-0.02099609375
guenther2023grammaticality,30,33,0.06787109375,0.08984375,-0.02197265625
guenther2023grammaticality,30,34,0.6328125,0.2041015625,0.4287109375
guenther2023grammaticality,30,35,0.25390625,0.22265625,0.03125
guenther2023grammaticality,30,36,0.0458984375,0.08984375,-0.0439453125
guenther2023grammaticality,30,37,0.06787109375,0.03076171875,0.037109375
guenther2023grammaticality,30,38,0.390625,0.08251953125,0.30810546875
guenther2023grammaticality,30,39,0.08984375,0.11083984375,-0.02099609375
guenther2023grammaticality,30,40,0.25390625,0.06787109375,0.18603515625
guenther2023grammaticality,30,41,0.060546875,0.06787109375,-0.00732421875
guenther2023grammaticality,30,42,0.0458984375,0.05322265625,-0.00732421875
guenther2023grammaticality,30,43,1.140625,1.40625,-0.265625
guenther2023grammaticality,30,44,0.06787109375,0.08251953125,-0.0146484375
guenther2023grammaticality,30,45,0.7578125,0.7578125,0.0
guenther2023grammaticality,30,46,0.431640625,0.431640625,0.0
guenther2023grammaticality,30,47,0.158203125,0.2041015625,-0.0458984375
guenther2023grammaticality,30,48,0.1455078125,0.158203125,-0.0126953125
guenther2023grammaticality,30,49,0.0458984375,0.08984375,-0.0439453125
guenther2023grammaticality,30,50,0.0458984375,0.11083984375,-0.06494140625
guenther2023grammaticality,30,51,0.03076171875,0.08251953125,-0.0517578125
guenther2023grammaticality,30,52,0.038330078125,0.060546875,-0.022216796875
guenther2023grammaticality,30,53,0.12451171875,0.12451171875,0.0
guenther2023grammaticality,30,54,0.08251953125,0.11083984375,-0.0283203125
guenther2023grammaticality,30,55,0.03076171875,0.06787109375,-0.037109375
guenther2023grammaticality,30,56,0.08251953125,0.08984375,-0.00732421875
guenther2023grammaticality,30,57,0.1455078125,0.11083984375,0.03466796875
guenther2023grammaticality,30,58,0.08984375,0.03076171875,0.05908203125
guenther2023grammaticality,30,59,0.03076171875,0.060546875,-0.02978515625
guenther2023grammaticality,30,60,0.023193359375,0.0458984375,-0.022705078125
guenther2023grammaticality,30,61,0.023193359375,0.0458984375,-0.022705078125
guenther2023grammaticality,30,62,0.345703125,0.578125,-0.232421875
guenther2023grammaticality,30,63,0.11083984375,0.060546875,0.05029296875
guenther2023grammaticality,30,64,0.038330078125,0.0458984375,-0.007568359375
guenther2023grammaticality,30,65,0.06787109375,0.10400390625,-0.0361328125
guenther2023grammaticality,30,66,0.0155029296875,0.0458984375,-0.0303955078125
guenther2023grammaticality,30,67,0.007781982421875,0.03076171875,-0.022979736328125
guenther2023grammaticality,30,68,0.03076171875,0.023193359375,0.007568359375
guenther2023grammaticality,30,69,0.023193359375,0.0458984375,-0.022705078125
guenther2023grammaticality,30,70,0.03076171875,0.023193359375,0.007568359375
guenther2023grammaticality,30,71,0.038330078125,0.0458984375,-0.007568359375
guenther2023grammaticality,30,72,0.0458984375,0.10400390625,-0.05810546875
guenther2023grammaticality,30,73,0.0155029296875,0.007781982421875,0.007720947265625
guenther2023grammaticality,30,74,0.0155029296875,0.023193359375,-0.0076904296875
guenther2023grammaticality,30,75,0.0155029296875,0.038330078125,-0.0228271484375
guenther2023grammaticality,30,76,0.0155029296875,0.023193359375,-0.0076904296875
guenther2023grammaticality,30,77,0.0155029296875,0.03076171875,-0.0152587890625
guenther2023grammaticality,30,78,0.007781982421875,0.023193359375,-0.015411376953125
guenther2023grammaticality,30,79,0.023193359375,0.023193359375,0.0
guenther2023grammaticality,30,80,0.0155029296875,0.007781982421875,0.007720947265625
guenther2023grammaticality,30,81,0.0458984375,0.05322265625,-0.00732421875
guenther2023grammaticality,30,82,0.007781982421875,0.023193359375,-0.015411376953125
guenther2023grammaticality,30,83,0.023193359375,0.0155029296875,0.0076904296875
guenther2023grammaticality,30,84,0.023193359375,0.0155029296875,0.0076904296875
guenther2023grammaticality,30,85,0.0458984375,0.023193359375,0.022705078125
guenther2023grammaticality,30,86,0.023193359375,0.023193359375,0.0
guenther2023grammaticality,30,87,0.0155029296875,0.0155029296875,0.0
guenther2023grammaticality,30,88,0.023193359375,0.0155029296875,0.0076904296875
guenther2023grammaticality,30,89,0.023193359375,0.0155029296875,0.0076904296875
guenther2023grammaticality,30,90,0.0155029296875,0.0155029296875,0.0
guenther2023grammaticality,30,91,0.007781982421875,0.0155029296875,-0.007720947265625
guenther2023grammaticality,30,92,0.023193359375,0.0458984375,-0.022705078125
guenther2023grammaticality,30,93,0.0155029296875,0.007781982421875,0.007720947265625
guenther2023grammaticality,30,94,0.007781982421875,0.0155029296875,-0.007720947265625
guenther2023grammaticality,30,95,0.0458984375,0.10400390625,-0.05810546875
guenther2023grammaticality,30,96,0.007781982421875,0.0155029296875,-0.007720947265625
guenther2023grammaticality,30,97,0.1787109375,0.4765625,-0.2978515625
guenther2023grammaticality,30,98,0.023193359375,0.03076171875,-0.007568359375
guenther2023grammaticality,30,99,0.007781982421875,0.0155029296875,-0.007720947265625
guenther2023grammaticality,30,100,0.007781982421875,0.007781982421875,0.0
guenther2023grammaticality,30,101,0.007781982421875,0.023193359375,-0.015411376953125
guenther2023grammaticality,30,102,0.007781982421875,0.023193359375,-0.015411376953125
guenther2023grammaticality,30,103,0.007781982421875,0.0155029296875,-0.007720947265625
guenther2023grammaticality,30,104,0.007781982421875,0.007781982421875,0.0
guenther2023grammaticality,30,105,0.007781982421875,0.03076171875,-0.022979736328125
guenther2023grammaticality,30,106,0.007781982421875,0.007781982421875,0.0
guenther2023grammaticality,30,107,0.007781982421875,0.0155029296875,-0.007720947265625
guenther2023grammaticality,30,108,0.007781982421875,0.007781982421875,0.0
guenther2023grammaticality,30,109,0.007781982421875,0.0155029296875,-0.007720947265625
guenther2023grammaticality,31,0,1.40625,1.2265625,0.1796875
guenther2023grammaticality,31,1,0.64453125,0.828125,-0.18359375
guenther2023grammaticality,31,2,0.90234375,1.59375,-0.69140625
guenther2023grammaticality,31,3,1.40625,1.140625,0.265625
guenther2023grammaticality,31,4,0.5234375,0.4765625,0.046875
guenther2023grammaticality,31,5,0.431640625,0.3125,0.119140625
guenther2023grammaticality,31,6,0.1455078125,0.0458984375,0.099609375
guenther2023grammaticality,31,7,0.10400390625,0.1455078125,-0.04150390625
guenther2023grammaticality,31,8,0.023193359375,0.0458984375,-0.022705078125
guenther2023grammaticality,31,9,0.8984375,1.0546875,-0.15625
guenther2023grammaticality,31,10,0.2294921875,0.060546875,0.1689453125
guenther2023grammaticality,31,11,0.05322265625,0.8984375,-0.84521484375
guenther2023grammaticality,31,12,0.3125,0.2041015625,0.1083984375
guenther2023grammaticality,31,13,0.007781982421875,0.03076171875,-0.022979736328125
guenther2023grammaticality,31,14,0.0,0.0155029296875,-0.0155029296875
guenther2023grammaticality,31,15,0.007781982421875,0.03076171875,-0.022979736328125
guenther2023grammaticality,31,16,0.007781982421875,0.431640625,-0.423858642578125
guenther2023grammaticality,31,17,0.1787109375,0.158203125,0.0205078125
guenther2023grammaticality,31,18,0.060546875,1.140625,-1.080078125
guenther2023grammaticality,31,19,0.007781982421875,0.345703125,-0.337921142578125
guenther2023grammaticality,31,20,0.0,0.06787109375,-0.06787109375
guenther2023grammaticality,31,21,0.7578125,0.283203125,0.474609375
guenther2023grammaticality,31,22,0.007781982421875,0.03076171875,-0.022979736328125
guenther2023grammaticality,31,23,0.0,0.023193359375,-0.023193359375
guenther2023grammaticality,31,24,0.007781982421875,0.3125,-0.304718017578125
guenther2023grammaticality,31,25,0.007781982421875,0.6328125,-0.625030517578125
guenther2023grammaticality,31,26,0.0,0.03076171875,-0.03076171875
guenther2023grammaticality,31,27,0.0,0.06787109375,-0.06787109375
guenther2023grammaticality,31,28,0.007781982421875,0.69140625,-0.683624267578125
guenther2023grammaticality,31,29,5.75,1.0546875,4.6953125
guenther2023grammaticality,31,30,0.0155029296875,0.08984375,-0.0743408203125
guenther2023grammaticality,31,31,0.0155029296875,0.22265625,-0.2071533203125
guenther2023grammaticality,31,32,0.0155029296875,0.1787109375,-0.1632080078125
guenther2023grammaticality,31,33,0.007781982421875,0.2041015625,-0.196319580078125
guenther2023grammaticality,31,34,0.007781982421875,0.158203125,-0.150421142578125
guenther2023grammaticality,31,35,0.007781982421875,0.05322265625,-0.045440673828125
guenther2023grammaticality,31,36,0.1455078125,0.4765625,-0.3310546875
guenther2023grammaticality,31,37,0.007781982421875,0.158203125,-0.150421142578125
guenther2023grammaticality,31,38,0.0155029296875,0.1787109375,-0.1632080078125
guenther2023grammaticality,31,39,0.007781982421875,0.060546875,-0.052764892578125
guenther2023grammaticality,31,40,0.0,0.007781982421875,-0.007781982421875
guenther2023grammaticality,31,41,0.007781982421875,0.08251953125,-0.074737548828125
guenther2023grammaticality,31,42,0.0,0.10400390625,-0.10400390625
guenther2023grammaticality,31,43,0.007781982421875,0.08251953125,-0.074737548828125
guenther2023grammaticality,31,44,0.0,0.1455078125,-0.1455078125
guenther2023grammaticality,31,45,0.0,0.2041015625,-0.2041015625
guenther2023grammaticality,31,46,0.0,0.0458984375,-0.0458984375
guenther2023grammaticality,31,47,0.0,0.0458984375,-0.0458984375
guenther2023grammaticality,31,48,0.007781982421875,0.08984375,-0.082061767578125
guenther2023grammaticality,31,49,0.0,0.007781982421875,-0.007781982421875
guenther2023grammaticality,31,50,0.0,0.038330078125,-0.038330078125
guenther2023grammaticality,31,51,0.007781982421875,0.05322265625,-0.045440673828125
guenther2023grammaticality,31,52,0.0,0.023193359375,-0.023193359375
guenther2023grammaticality,31,53,0.007781982421875,0.3125,-0.304718017578125
guenther2023grammaticality,31,54,0.0,0.03076171875,-0.03076171875
guenther2023grammaticality,31,55,0.0,0.007781982421875,-0.007781982421875
guenther2023grammaticality,31,56,0.0,0.03076171875,-0.03076171875
guenther2023grammaticality,31,57,0.0,0.06787109375,-0.06787109375
guenther2023grammaticality,31,58,0.0,0.023193359375,-0.023193359375
guenther2023grammaticality,31,59,0.023193359375,0.390625,-0.367431640625
guenther2023grammaticality,31,60,0.0,0.0155029296875,-0.0155029296875
guenther2023grammaticality,31,61,0.0,0.0155029296875,-0.0155029296875
guenther2023grammaticality,31,62,0.007781982421875,0.25390625,-0.246124267578125
guenther2023grammaticality,31,63,0.0,0.0458984375,-0.0458984375
guenther2023grammaticality,31,64,0.0,0.10400390625,-0.10400390625
guenther2023grammaticality,31,65,0.0,0.0155029296875,-0.0155029296875
guenther2023grammaticality,31,66,0.007781982421875,0.25390625,-0.246124267578125
guenther2023grammaticality,31,67,0.0155029296875,0.12451171875,-0.1090087890625
guenther2023grammaticality,31,68,0.0,0.007781982421875,-0.007781982421875
guenther2023grammaticality,31,69,0.0,0.007781982421875,-0.007781982421875
guenther2023grammaticality,31,70,0.0,0.158203125,-0.158203125
guenther2023grammaticality,31,71,0.0,0.023193359375,-0.023193359375
guenther2023grammaticality,31,72,0.0,0.0458984375,-0.0458984375
guenther2023grammaticality,31,73,0.0,0.08984375,-0.08984375
guenther2023grammaticality,31,74,0.0,0.06787109375,-0.06787109375
guenther2023grammaticality,31,75,0.0,0.03076171875,-0.03076171875
guenther2023grammaticality,31,76,0.0,0.03076171875,-0.03076171875
guenther2023grammaticality,31,77,0.0,0.023193359375,-0.023193359375
guenther2023grammaticality,31,78,0.0,0.038330078125,-0.038330078125
guenther2023grammaticality,31,79,0.007781982421875,0.08251953125,-0.074737548828125
guenther2023grammaticality,31,80,0.0,0.08251953125,-0.08251953125
guenther2023grammaticality,31,81,0.0,0.0155029296875,-0.0155029296875
guenther2023grammaticality,31,82,0.0,0.03076171875,-0.03076171875
guenther2023grammaticality,31,83,0.0,0.03076171875,-0.03076171875
guenther2023grammaticality,31,84,0.0,0.0155029296875,-0.0155029296875
guenther2023grammaticality,31,85,0.0,0.007781982421875,-0.007781982421875
guenther2023grammaticality,31,86,0.007781982421875,0.06787109375,-0.060089111328125
guenther2023grammaticality,31,87,0.0,0.0155029296875,-0.0155029296875
guenther2023grammaticality,31,88,0.0,0.007781982421875,-0.007781982421875
guenther2023grammaticality,31,89,0.0,0.0458984375,-0.0458984375
guenther2023grammaticality,31,90,0.0,0.023193359375,-0.023193359375
guenther2023grammaticality,31,91,0.0,0.023193359375,-0.023193359375
guenther2023grammaticality,31,92,0.0,0.007781982421875,-0.007781982421875
guenther2023grammaticality,31,93,0.0,0.007781982421875,-0.007781982421875
guenther2023grammaticality,31,94,0.0,0.007781982421875,-0.007781982421875
guenther2023grammaticality,31,95,0.0,0.0155029296875,-0.0155029296875
guenther2023grammaticality,31,96,0.0,0.08251953125,-0.08251953125
guenther2023grammaticality,31,97,0.0,0.0155029296875,-0.0155029296875
guenther2023grammaticality,31,98,0.0,0.0155029296875,-0.0155029296875
guenther2023grammaticality,31,99,0.0,0.023193359375,-0.023193359375
guenther2023grammaticality,31,100,0.0,0.007781982421875,-0.007781982421875
guenther2023grammaticality,31,101,0.0,0.03076171875,-0.03076171875
guenther2023grammaticality,31,102,0.0,0.007781982421875,-0.007781982421875
guenther2023grammaticality,31,103,0.0,0.007781982421875,-0.007781982421875
guenther2023grammaticality,31,104,0.0,0.0,0.0
guenther2023grammaticality,31,105,0.0,0.007781982421875,-0.007781982421875
guenther2023grammaticality,31,106,0.0,0.023193359375,-0.023193359375
guenther2023grammaticality,31,107,0.0,0.0155029296875,-0.0155029296875
guenther2023grammaticality,31,108,0.0,0.0,0.0
guenther2023grammaticality,31,109,0.0,0.007781982421875,-0.007781982421875
guenther2023grammaticality,32,0,1.90625,0.7578125,1.1484375
guenther2023grammaticality,32,1,1.1640625,0.08251953125,1.08154296875
guenther2023grammaticality,32,2,1.2265625,1.140625,0.0859375
guenther2023grammaticality,32,3,0.52734375,0.6328125,-0.10546875
guenther2023grammaticality,32,4,0.2294921875,0.1455078125,0.083984375
guenther2023grammaticality,32,5,0.431640625,0.4765625,-0.044921875
guenther2023grammaticality,32,6,0.318359375,0.060546875,0.2578125
guenther2023grammaticality,32,7,0.2294921875,0.3125,-0.0830078125
guenther2023grammaticality,32,8,0.158203125,0.0458984375,0.1123046875
guenther2023grammaticality,32,9,0.578125,0.828125,-0.25
guenther2023grammaticality,32,10,0.1650390625,0.03076171875,0.13427734375
guenther2023grammaticality,32,11,0.06787109375,0.038330078125,0.029541015625
guenther2023grammaticality,32,12,0.10400390625,0.08984375,0.01416015625
guenther2023grammaticality,32,13,0.08984375,0.0458984375,0.0439453125
guenther2023grammaticality,32,14,0.08984375,0.060546875,0.029296875
guenther2023grammaticality,32,15,0.06787109375,0.06787109375,0.0
guenther2023grammaticality,32,16,0.007781982421875,0.0155029296875,-0.007720947265625
guenther2023grammaticality,32,17,0.038330078125,0.007781982421875,0.030548095703125
guenther2023grammaticality,32,18,0.03076171875,0.023193359375,0.007568359375
guenther2023grammaticality,32,19,0.060546875,0.03076171875,0.02978515625
guenther2023grammaticality,32,20,0.0,0.0155029296875,-0.0155029296875
guenther2023grammaticality,32,21,0.007781982421875,0.007781982421875,0.0
guenther2023grammaticality,32,22,0.0155029296875,0.023193359375,-0.0076904296875
guenther2023grammaticality,32,23,0.023193359375,0.007781982421875,0.015411376953125
guenther2023grammaticality,32,24,0.0155029296875,0.0155029296875,0.0
guenther2023grammaticality,32,25,0.023193359375,0.007781982421875,0.015411376953125
guenther2023grammaticality,32,26,0.06787109375,0.007781982421875,0.060089111328125
guenther2023grammaticality,32,27,0.038330078125,0.25390625,-0.215576171875
guenther2023grammaticality,32,28,0.007781982421875,0.007781982421875,0.0
guenther2023grammaticality,32,29,0.0,0.10400390625,-0.10400390625
guenther2023grammaticality,32,30,0.0155029296875,0.0,0.0155029296875
guenther2023grammaticality,32,31,0.0,0.0,0.0
guenther2023grammaticality,32,32,0.023193359375,0.007781982421875,0.015411376953125
guenther2023grammaticality,32,33,0.038330078125,0.007781982421875,0.030548095703125
guenther2023grammaticality,32,34,0.007781982421875,0.007781982421875,0.0
guenther2023grammaticality,32,35,0.03076171875,0.007781982421875,0.022979736328125
guenther2023grammaticality,32,36,0.0155029296875,0.007781982421875,0.007720947265625
guenther2023grammaticality,32,37,0.0155029296875,0.0,0.0155029296875
guenther2023grammaticality,32,38,0.007781982421875,0.007781982421875,0.0
guenther2023grammaticality,32,39,0.0,0.0,0.0
guenther2023grammaticality,32,40,0.0,0.0,0.0
guenther2023grammaticality,32,41,0.007781982421875,0.08251953125,-0.074737548828125
guenther2023grammaticality,32,42,0.007781982421875,0.0,0.007781982421875
guenther2023grammaticality,32,43,0.0,0.007781982421875,-0.007781982421875
guenther2023grammaticality,32,44,0.007781982421875,0.0,0.007781982421875
guenther2023grammaticality,32,45,0.0,0.0,0.0
guenther2023grammaticality,32,46,0.023193359375,0.0,0.023193359375
guenther2023grammaticality,32,47,0.0,0.0,0.0
guenther2023grammaticality,32,48,0.0,0.007781982421875,-0.007781982421875
guenther2023grammaticality,32,49,0.0155029296875,0.007781982421875,0.007720947265625
guenther2023grammaticality,32,50,0.0,0.0,0.0
guenther2023grammaticality,32,51,0.007781982421875,0.0,0.007781982421875
guenther2023grammaticality,32,52,0.0155029296875,0.060546875,-0.0450439453125
guenther2023grammaticality,32,53,0.007781982421875,0.0,0.007781982421875
guenther2023grammaticality,32,54,0.007781982421875,0.007781982421875,0.0
guenther2023grammaticality,32,55,0.0155029296875,0.0,0.0155029296875
guenther2023grammaticality,32,56,0.0,0.0,0.0
guenther2023grammaticality,32,57,0.0,0.0,0.0
guenther2023grammaticality,32,58,0.0,0.0,0.0
guenther2023grammaticality,32,59,0.0,0.0,0.0
guenther2023grammaticality,32,60,0.0,0.007781982421875,-0.007781982421875
guenther2023grammaticality,32,61,0.007781982421875,0.0,0.007781982421875
guenther2023grammaticality,32,62,0.0,0.0,0.0
guenther2023grammaticality,32,63,0.007781982421875,0.007781982421875,0.0
guenther2023grammaticality,32,64,0.0,0.0,0.0
guenther2023grammaticality,32,65,0.0,0.0,0.0
guenther2023grammaticality,32,66,0.0,0.0,0.0
guenther2023grammaticality,32,67,0.007781982421875,0.0,0.007781982421875
guenther2023grammaticality,32,68,0.0,0.0,0.0
guenther2023grammaticality,32,69,0.007781982421875,0.0,0.007781982421875
guenther2023grammaticality,32,70,0.0,0.0,0.0
guenther2023grammaticality,32,71,0.0,0.0,0.0
guenther2023grammaticality,32,72,0.0,0.0,0.0
guenther2023grammaticality,32,73,0.007781982421875,0.0,0.007781982421875
guenther2023grammaticality,32,74,0.0,0.0,0.0
guenther2023grammaticality,32,75,0.0,0.0,0.0
guenther2023grammaticality,32,76,0.0,0.0,0.0
guenther2023grammaticality,32,77,0.0,0.0,0.0
guenther2023grammaticality,32,78,0.0,0.0,0.0
guenther2023grammaticality,32,79,0.0,0.0,0.0
guenther2023grammaticality,32,80,0.0,0.0,0.0
guenther2023grammaticality,32,81,0.0,0.0,0.0
guenther2023grammaticality,32,82,0.0,0.0,0.0
guenther2023grammaticality,32,83,0.0,0.0,0.0
guenther2023grammaticality,32,84,0.0,0.0,0.0
guenther2023grammaticality,32,85,0.0,0.0,0.0
guenther2023grammaticality,32,86,0.0,0.0,0.0
guenther2023grammaticality,32,87,0.0,0.0,0.0
guenther2023grammaticality,32,88,0.0,0.0,0.0
guenther2023grammaticality,32,89,0.0,0.0,0.0
guenther2023grammaticality,32,90,0.0,0.0,0.0
guenther2023grammaticality,32,91,0.0,0.0,0.0
guenther2023grammaticality,32,92,0.0,0.0,0.0
guenther2023grammaticality,32,93,0.0,0.0,0.0
guenther2023grammaticality,32,94,0.0,0.0,0.0
guenther2023grammaticality,32,95,0.0,0.0,0.0
guenther2023grammaticality,32,96,0.0,0.0,0.0
guenther2023grammaticality,32,97,0.0,0.0,0.0
guenther2023grammaticality,32,98,0.0,0.0,0.0
guenther2023grammaticality,32,99,0.007781982421875,0.0,0.007781982421875
guenther2023grammaticality,32,100,0.0,0.0,0.0
guenther2023grammaticality,32,101,0.0,0.0,0.0
guenther2023grammaticality,32,102,0.0,0.0,0.0
guenther2023grammaticality,32,103,0.0,0.0,0.0
guenther2023grammaticality,32,104,0.0,0.0,0.0
guenther2023grammaticality,32,105,0.007781982421875,0.0,0.007781982421875
guenther2023grammaticality,32,106,0.0,0.0,0.0
guenther2023grammaticality,32,107,0.0,0.0,0.0
guenther2023grammaticality,32,108,0.0,0.0,0.0
guenther2023grammaticality,32,109,0.0,0.0,0.0
guenther2023grammaticality,33,0,1.71875,0.08984375,1.62890625
guenther2023grammaticality,33,1,0.9921875,0.578125,0.4140625
guenther2023grammaticality,33,2,0.90234375,1.703125,-0.80078125
guenther2023grammaticality,33,3,0.390625,0.4765625,-0.0859375
guenther2023grammaticality,33,4,0.283203125,0.22265625,0.060546875
guenther2023grammaticality,33,5,0.90234375,1.21875,-0.31640625
guenther2023grammaticality,33,6,0.48046875,0.10400390625,0.37646484375
guenther2023grammaticality,33,7,0.3125,0.3125,0.0
guenther2023grammaticality,33,8,0.08984375,0.0458984375,0.0439453125
guenther2023grammaticality,33,9,0.08251953125,0.12451171875,-0.0419921875
guenther2023grammaticality,33,10,0.06787109375,0.023193359375,0.044677734375
guenther2023grammaticality,33,11,0.0458984375,0.158203125,-0.1123046875
guenther2023grammaticality,33,12,0.03076171875,0.3125,-0.28173828125
guenther2023grammaticality,33,13,0.007781982421875,0.11083984375,-0.103057861328125
guenther2023grammaticality,33,14,0.10400390625,0.05322265625,0.05078125
guenther2023grammaticality,33,15,0.007781982421875,0.038330078125,-0.030548095703125
guenther2023grammaticality,33,16,0.0458984375,0.023193359375,0.022705078125
guenther2023grammaticality,33,17,0.007781982421875,0.0155029296875,-0.007720947265625
guenther2023grammaticality,33,18,0.007781982421875,0.007781982421875,0.0
guenther2023grammaticality,33,19,0.007781982421875,0.03076171875,-0.022979736328125
guenther2023grammaticality,33,20,0.0,0.0,0.0
guenther2023grammaticality,33,21,0.03076171875,0.0155029296875,0.0152587890625
guenther2023grammaticality,33,22,0.023193359375,0.03076171875,-0.007568359375
guenther2023grammaticality,33,23,0.0155029296875,0.007781982421875,0.007720947265625
guenther2023grammaticality,33,24,0.0,0.0155029296875,-0.0155029296875
guenther2023grammaticality,33,25,0.0155029296875,0.007781982421875,0.007720947265625
guenther2023grammaticality,33,26,0.0,0.023193359375,-0.023193359375
guenther2023grammaticality,33,27,0.0155029296875,0.0,0.0155029296875
guenther2023grammaticality,33,28,0.007781982421875,0.007781982421875,0.0
guenther2023grammaticality,33,29,0.0,0.0,0.0
guenther2023grammaticality,33,30,0.0,0.0,0.0
guenther2023grammaticality,33,31,0.007781982421875,0.007781982421875,0.0
guenther2023grammaticality,33,32,0.007781982421875,0.007781982421875,0.0
guenther2023grammaticality,33,33,0.0155029296875,0.0,0.0155029296875
guenther2023grammaticality,33,34,0.0,0.0,0.0
guenther2023grammaticality,33,35,0.007781982421875,0.007781982421875,0.0
guenther2023grammaticality,33,36,0.0,0.0155029296875,-0.0155029296875
guenther2023grammaticality,33,37,0.007781982421875,0.03076171875,-0.022979736328125
guenther2023grammaticality,33,38,0.0,0.0,0.0
guenther2023grammaticality,33,39,0.007781982421875,0.0,0.007781982421875
guenther2023grammaticality,33,40,0.007781982421875,0.0,0.007781982421875
guenther2023grammaticality,33,41,0.0,0.0,0.0
guenther2023grammaticality,33,42,0.0,0.0,0.0
guenther2023grammaticality,33,43,0.007781982421875,0.007781982421875,0.0
guenther2023grammaticality,33,44,0.0,0.0,0.0
guenther2023grammaticality,33,45,0.0,0.0,0.0
guenther2023grammaticality,33,46,0.0,0.0,0.0
guenther2023grammaticality,33,47,0.0,0.0,0.0
guenther2023grammaticality,33,48,0.0,0.007781982421875,-0.007781982421875
guenther2023grammaticality,33,49,0.0,0.0,0.0
guenther2023grammaticality,33,50,0.0,0.0,0.0
guenther2023grammaticality,33,51,0.0,0.007781982421875,-0.007781982421875
guenther2023grammaticality,33,52,0.0,0.0,0.0
guenther2023grammaticality,33,53,0.0,0.0,0.0
guenther2023grammaticality,33,54,0.0,0.0,0.0
guenther2023grammaticality,33,55,0.0,0.0,0.0
guenther2023grammaticality,33,56,0.0,0.0,0.0
guenther2023grammaticality,33,57,0.0,0.0,0.0
guenther2023grammaticality,33,58,0.0,0.0,0.0
guenther2023grammaticality,33,59,0.0,0.0,0.0
guenther2023grammaticality,33,60,0.007781982421875,0.0,0.007781982421875
guenther2023grammaticality,33,61,0.0,0.0,0.0
guenther2023grammaticality,33,62,0.0,0.0,0.0
guenther2023grammaticality,33,63,0.0,0.0,0.0
guenther2023grammaticality,33,64,0.0,0.0,0.0
guenther2023grammaticality,33,65,0.0,0.0,0.0
guenther2023grammaticality,33,66,0.0,0.0,0.0
guenther2023grammaticality,33,67,0.0,0.0,0.0
guenther2023grammaticality,33,68,0.0,0.0,0.0
guenther2023grammaticality,33,69,0.0,0.0,0.0
guenther2023grammaticality,33,70,0.0,0.0,0.0
guenther2023grammaticality,33,71,0.0,0.0,0.0
guenther2023grammaticality,33,72,0.0,0.0,0.0
guenther2023grammaticality,33,73,0.0,0.0,0.0
guenther2023grammaticality,33,74,0.0,0.0,0.0
guenther2023grammaticality,33,75,0.0,0.0,0.0
guenther2023grammaticality,33,76,0.0,0.0,0.0
guenther2023grammaticality,33,77,0.0,0.0,0.0
guenther2023grammaticality,33,78,0.0,0.0,0.0
guenther2023grammaticality,33,79,0.0,0.0,0.0
guenther2023grammaticality,33,80,0.0,0.0,0.0
guenther2023grammaticality,33,81,0.0,0.0,0.0
guenther2023grammaticality,33,82,0.0,0.0,0.0
guenther2023grammaticality,33,83,0.0,0.023193359375,-0.023193359375
guenther2023grammaticality,33,84,0.0,0.0,0.0
guenther2023grammaticality,33,85,0.0,0.0,0.0
guenther2023grammaticality,33,86,0.0,0.0,0.0
guenther2023grammaticality,33,87,0.0,0.0,0.0
guenther2023grammaticality,33,88,0.0,0.0,0.0
guenther2023grammaticality,33,89,0.0,0.0,0.0
guenther2023grammaticality,33,90,0.0,0.0,0.0
guenther2023grammaticality,33,91,0.0,0.0,0.0
guenther2023grammaticality,33,92,0.0,0.0,0.0
guenther2023grammaticality,33,93,0.0,0.0,0.0
guenther2023grammaticality,33,94,0.0,0.0,0.0
guenther2023grammaticality,33,95,0.0,0.0,0.0
guenther2023grammaticality,33,96,0.0,0.0,0.0
guenther2023grammaticality,33,97,0.0,0.007781982421875,-0.007781982421875
guenther2023grammaticality,33,98,0.0,0.0,0.0
guenther2023grammaticality,33,99,0.0,0.0,0.0
guenther2023grammaticality,33,100,0.0,0.0,0.0
guenther2023grammaticality,33,101,0.0,0.0,0.0
guenther2023grammaticality,33,102,0.0,0.0,0.0
guenther2023grammaticality,33,103,0.0,0.0,0.0
guenther2023grammaticality,33,104,0.0,0.0,0.0
guenther2023grammaticality,33,105,0.0,0.0,0.0
guenther2023grammaticality,33,106,0.0,0.0,0.0
guenther2023grammaticality,33,107,0.0,0.0,0.0
guenther2023grammaticality,33,108,0.0,0.0,0.0
guenther2023grammaticality,33,109,0.0,0.0,0.0
guenther2023grammaticality,34,0,2.015625,0.828125,1.1875
guenther2023grammaticality,34,1,0.44140625,0.5234375,-0.08203125
guenther2023grammaticality,34,2,0.4765625,0.283203125,0.193359375
guenther2023grammaticality,34,3,0.3515625,0.1455078125,0.2060546875
guenther2023grammaticality,34,4,0.578125,0.283203125,0.294921875
guenther2023grammaticality,34,5,0.3125,0.158203125,0.154296875
guenther2023grammaticality,34,6,0.25390625,0.11083984375,0.14306640625
guenther2023grammaticality,34,7,0.318359375,0.05322265625,0.26513671875
guenther2023grammaticality,34,8,0.06787109375,0.08251953125,-0.0146484375
guenther2023grammaticality,34,9,0.023193359375,0.06787109375,-0.044677734375
guenther2023grammaticality,34,10,0.25390625,0.12451171875,0.12939453125
guenther2023grammaticality,34,11,0.03076171875,0.06787109375,-0.037109375
guenther2023grammaticality,34,12,0.05322265625,0.10400390625,-0.05078125
guenther2023grammaticality,34,13,0.0155029296875,0.038330078125,-0.0228271484375
guenther2023grammaticality,34,14,0.9765625,0.158203125,0.818359375
guenther2023grammaticality,34,15,0.1455078125,0.12451171875,0.02099609375
guenther2023grammaticality,34,16,0.007781982421875,0.038330078125,-0.030548095703125
guenther2023grammaticality,34,17,0.007781982421875,0.023193359375,-0.015411376953125
guenther2023grammaticality,34,18,0.007781982421875,0.0458984375,-0.038116455078125
guenther2023grammaticality,34,19,0.060546875,0.0458984375,0.0146484375
guenther2023grammaticality,34,20,2.125,0.12451171875,2.00048828125
guenther2023grammaticality,34,21,0.06787109375,0.023193359375,0.044677734375
guenther2023grammaticality,34,22,0.007781982421875,0.0155029296875,-0.007720947265625
guenther2023grammaticality,34,23,0.0155029296875,0.023193359375,-0.0076904296875
guenther2023grammaticality,34,24,0.038330078125,0.038330078125,0.0
guenther2023grammaticality,34,25,0.023193359375,0.023193359375,0.0
guenther2023grammaticality,34,26,0.0155029296875,0.0155029296875,0.0
guenther2023grammaticality,34,27,0.007781982421875,0.0155029296875,-0.007720947265625
guenther2023grammaticality,34,28,0.007781982421875,0.0155029296875,-0.007720947265625
guenther2023grammaticality,34,29,0.03076171875,0.0155029296875,0.0152587890625
guenther2023grammaticality,34,30,0.0155029296875,0.007781982421875,0.007720947265625
guenther2023grammaticality,34,31,0.0458984375,0.03076171875,0.01513671875
guenther2023grammaticality,34,32,0.007781982421875,0.0155029296875,-0.007720947265625
guenther2023grammaticality,34,33,0.03076171875,0.007781982421875,0.022979736328125
guenther2023grammaticality,34,34,0.0155029296875,0.0155029296875,0.0
guenther2023grammaticality,34,35,0.023193359375,0.007781982421875,0.015411376953125
guenther2023grammaticality,34,36,0.007781982421875,0.007781982421875,0.0
guenther2023grammaticality,34,37,0.007781982421875,0.023193359375,-0.015411376953125
guenther2023grammaticality,34,38,0.05322265625,0.0155029296875,0.0377197265625
guenther2023grammaticality,34,39,0.007781982421875,0.007781982421875,0.0
guenther2023grammaticality,34,40,4.25,4.625,-0.375
guenther2023grammaticality,34,41,0.10400390625,0.1787109375,-0.07470703125
guenther2023grammaticality,34,42,0.08251953125,0.06787109375,0.0146484375
guenther2023grammaticality,34,43,0.0458984375,0.05322265625,-0.00732421875
guenther2023grammaticality,34,44,0.038330078125,0.0458984375,-0.007568359375
guenther2023grammaticality,34,45,0.06787109375,0.10400390625,-0.0361328125
guenther2023grammaticality,34,46,0.03076171875,0.038330078125,-0.007568359375
guenther2023grammaticality,34,47,0.0155029296875,0.0458984375,-0.0303955078125
guenther2023grammaticality,34,48,0.25390625,0.1787109375,0.0751953125
guenther2023grammaticality,34,49,0.12451171875,0.11083984375,0.013671875
guenther2023grammaticality,34,50,0.023193359375,0.0458984375,-0.022705078125
guenther2023grammaticality,34,51,0.0155029296875,0.023193359375,-0.0076904296875
guenther2023grammaticality,34,52,0.08984375,0.05322265625,0.03662109375
guenther2023grammaticality,34,53,0.023193359375,0.03076171875,-0.007568359375
guenther2023grammaticality,34,54,0.023193359375,0.03076171875,-0.007568359375
guenther2023grammaticality,34,55,0.023193359375,0.03076171875,-0.007568359375
guenther2023grammaticality,34,56,0.0155029296875,0.0155029296875,0.0
guenther2023grammaticality,34,57,0.03076171875,0.023193359375,0.007568359375
guenther2023grammaticality,34,58,0.023193359375,0.023193359375,0.0
guenther2023grammaticality,34,59,0.0155029296875,0.023193359375,-0.0076904296875
guenther2023grammaticality,34,60,0.0155029296875,0.023193359375,-0.0076904296875
guenther2023grammaticality,34,61,0.0155029296875,0.0155029296875,0.0
guenther2023grammaticality,34,62,0.06787109375,0.0458984375,0.02197265625
guenther2023grammaticality,34,63,0.023193359375,0.0155029296875,0.0076904296875
guenther2023grammaticality,34,64,0.0155029296875,0.0155029296875,0.0
guenther2023grammaticality,34,65,0.05322265625,0.038330078125,0.014892578125
guenther2023grammaticality,34,66,0.05322265625,0.0458984375,0.00732421875
guenther2023grammaticality,34,67,0.023193359375,0.0155029296875,0.0076904296875
guenther2023grammaticality,34,68,0.0155029296875,0.0155029296875,0.0
guenther2023grammaticality,34,69,0.007781982421875,0.007781982421875,0.0
guenther2023grammaticality,34,70,0.007781982421875,0.007781982421875,0.0
guenther2023grammaticality,34,71,0.0155029296875,0.007781982421875,0.007720947265625
guenther2023grammaticality,34,72,0.007781982421875,0.0155029296875,-0.007720947265625
guenther2023grammaticality,34,73,0.023193359375,0.06787109375,-0.044677734375
guenther2023grammaticality,34,74,0.023193359375,0.023193359375,0.0
guenther2023grammaticality,34,75,0.007781982421875,0.007781982421875,0.0
guenther2023grammaticality,34,76,0.007781982421875,0.007781982421875,0.0
guenther2023grammaticality,34,77,0.007781982421875,0.007781982421875,0.0
guenther2023grammaticality,34,78,0.007781982421875,0.0155029296875,-0.007720947265625
guenther2023grammaticality,34,79,0.007781982421875,0.007781982421875,0.0
guenther2023grammaticality,34,80,0.007781982421875,0.0155029296875,-0.007720947265625
guenther2023grammaticality,34,81,0.007781982421875,0.007781982421875,0.0
guenther2023grammaticality,34,82,0.007781982421875,0.0155029296875,-0.007720947265625
guenther2023grammaticality,34,83,0.038330078125,0.03076171875,0.007568359375
guenther2023grammaticality,34,84,0.007781982421875,0.007781982421875,0.0
guenther2023grammaticality,34,85,0.007781982421875,0.007781982421875,0.0
guenther2023grammaticality,34,86,0.007781982421875,0.007781982421875,0.0
guenther2023grammaticality,34,87,0.007781982421875,0.007781982421875,0.0
guenther2023grammaticality,34,88,0.007781982421875,0.007781982421875,0.0
guenther2023grammaticality,34,89,0.007781982421875,0.007781982421875,0.0
guenther2023grammaticality,34,90,0.007781982421875,0.0155029296875,-0.007720947265625
guenther2023grammaticality,34,91,0.0155029296875,0.0155029296875,0.0
guenther2023grammaticality,34,92,0.007781982421875,0.007781982421875,0.0
guenther2023grammaticality,34,93,0.007781982421875,0.007781982421875,0.0
guenther2023grammaticality,34,94,0.007781982421875,0.007781982421875,0.0
guenther2023grammaticality,34,95,0.007781982421875,0.007781982421875,0.0
guenther2023grammaticality,34,96,0.007781982421875,0.007781982421875,0.0
guenther2023grammaticality,34,97,0.0155029296875,0.0155029296875,0.0
guenther2023grammaticality,34,98,0.007781982421875,0.007781982421875,0.0
guenther2023grammaticality,34,99,0.007781982421875,0.007781982421875,0.0
guenther2023grammaticality,34,100,0.007781982421875,0.0155029296875,-0.007720947265625
guenther2023grammaticality,34,101,0.007781982421875,0.007781982421875,0.0
guenther2023grammaticality,34,102,0.007781982421875,0.007781982421875,0.0
guenther2023grammaticality,34,103,0.007781982421875,0.007781982421875,0.0
guenther2023grammaticality,34,104,0.007781982421875,0.007781982421875,0.0
guenther2023grammaticality,34,105,0.007781982421875,0.007781982421875,0.0
guenther2023grammaticality,34,106,0.007781982421875,0.007781982421875,0.0
guenther2023grammaticality,34,107,0.007781982421875,0.007781982421875,0.0
guenther2023grammaticality,34,108,0.0155029296875,0.0155029296875,0.0
guenther2023grammaticality,34,109,0.007781982421875,0.007781982421875,0.0
guenther2023grammaticality,35,0,0.83203125,0.7578125,0.07421875
guenther2023grammaticality,35,1,0.39453125,0.11083984375,0.28369140625
guenther2023grammaticality,35,2,0.318359375,0.1787109375,0.1396484375
guenther2023grammaticality,35,3,0.2294921875,0.060546875,0.1689453125
guenther2023grammaticality,35,4,1.8125,2.125,-0.3125
guenther2023grammaticality,35,5,0.2294921875,0.10400390625,0.12548828125
guenther2023grammaticality,35,6,0.2041015625,0.2041015625,0.0
guenther2023grammaticality,35,7,0.11083984375,0.10400390625,0.0068359375
guenther2023grammaticality,35,8,0.06787109375,0.10400390625,-0.0361328125
guenther2023grammaticality,35,9,1.2265625,0.345703125,0.880859375
guenther2023grammaticality,35,10,0.4765625,0.12451171875,0.35205078125
guenther2023grammaticality,35,11,0.1787109375,0.158203125,0.0205078125
guenther2023grammaticality,35,12,0.2294921875,0.1455078125,0.083984375
guenther2023grammaticality,35,13,0.2294921875,0.12451171875,0.10498046875
guenther2023grammaticality,35,14,0.1455078125,0.023193359375,0.122314453125
guenther2023grammaticality,35,15,0.2294921875,0.06787109375,0.16162109375
guenther2023grammaticality,35,16,0.3125,0.12451171875,0.18798828125
guenther2023grammaticality,35,17,0.10400390625,0.0458984375,0.05810546875
guenther2023grammaticality,35,18,0.1787109375,0.038330078125,0.140380859375
guenther2023grammaticality,35,19,2.234375,2.578125,-0.34375
guenther2023grammaticality,35,20,0.2041015625,0.158203125,0.0458984375
guenther2023grammaticality,35,21,0.5234375,0.390625,0.1328125
guenther2023grammaticality,35,22,0.10400390625,0.05322265625,0.05078125
guenther2023grammaticality,35,23,0.4765625,0.10400390625,0.37255859375
guenther2023grammaticality,35,24,0.10400390625,0.038330078125,0.065673828125
guenther2023grammaticality,35,25,0.060546875,0.05322265625,0.00732421875
guenther2023grammaticality,35,26,0.3125,0.3125,0.0
guenther2023grammaticality,35,27,0.06787109375,0.06787109375,0.0
guenther2023grammaticality,35,28,0.0458984375,0.060546875,-0.0146484375
guenther2023grammaticality,35,29,3.28125,3.171875,0.109375
guenther2023grammaticality,35,30,0.12451171875,0.05322265625,0.0712890625
guenther2023grammaticality,35,31,0.22265625,0.25390625,-0.03125
guenther2023grammaticality,35,32,0.12451171875,0.10400390625,0.0205078125
guenther2023grammaticality,35,33,0.08984375,0.08984375,0.0
guenther2023grammaticality,35,34,0.11083984375,0.11083984375,0.0
guenther2023grammaticality,35,35,0.158203125,0.12451171875,0.03369140625
guenther2023grammaticality,35,36,0.08251953125,0.06787109375,0.0146484375
guenther2023grammaticality,35,37,0.158203125,0.22265625,-0.064453125
guenther2023grammaticality,35,38,0.1455078125,0.08984375,0.0556640625
guenther2023grammaticality,35,39,1.8046875,2.6875,-0.8828125
guenther2023grammaticality,35,40,0.3125,0.1455078125,0.1669921875
guenther2023grammaticality,35,41,0.1787109375,0.283203125,-0.1044921875
guenther2023grammaticality,35,42,0.08251953125,0.08984375,-0.00732421875
guenther2023grammaticality,35,43,0.06787109375,0.06787109375,0.0
guenther2023grammaticality,35,44,0.08251953125,0.06787109375,0.0146484375
guenther2023grammaticality,35,45,0.11083984375,0.08984375,0.02099609375
guenther2023grammaticality,35,46,1.703125,2.359375,-0.65625
guenther2023grammaticality,35,47,1.3125,2.359375,-1.046875
guenther2023grammaticality,35,48,0.69140625,0.9765625,-0.28515625
guenther2023grammaticality,35,49,0.1455078125,0.10400390625,0.04150390625
guenther2023grammaticality,35,50,0.08251953125,0.11083984375,-0.0283203125
guenther2023grammaticality,35,51,0.08984375,0.08251953125,0.00732421875
guenther2023grammaticality,35,52,0.05322265625,0.08984375,-0.03662109375
guenther2023grammaticality,35,53,0.06787109375,0.10400390625,-0.0361328125
guenther2023grammaticality,35,54,0.060546875,0.06787109375,-0.00732421875
guenther2023grammaticality,35,55,0.08251953125,0.08984375,-0.00732421875
guenther2023grammaticality,35,56,0.060546875,0.08251953125,-0.02197265625
guenther2023grammaticality,35,57,2.234375,1.8046875,0.4296875
guenther2023grammaticality,35,58,0.11083984375,0.060546875,0.05029296875
guenther2023grammaticality,35,59,0.390625,0.12451171875,0.26611328125
guenther2023grammaticality,35,60,0.08984375,0.1455078125,-0.0556640625
guenther2023grammaticality,35,61,0.11083984375,0.158203125,-0.04736328125
guenther2023grammaticality,35,62,0.05322265625,0.08251953125,-0.029296875
guenther2023grammaticality,35,63,0.08251953125,0.12451171875,-0.0419921875
guenther2023grammaticality,35,64,0.05322265625,0.08984375,-0.03662109375
guenther2023grammaticality,35,65,0.25390625,0.25390625,0.0
guenther2023grammaticality,35,66,0.6328125,1.5,-0.8671875
guenther2023grammaticality,35,67,0.0458984375,0.060546875,-0.0146484375
guenther2023grammaticality,35,68,1.8046875,2.234375,-0.4296875
guenther2023grammaticality,35,69,0.060546875,0.06787109375,-0.00732421875
guenther2023grammaticality,35,70,0.390625,0.283203125,0.107421875
guenther2023grammaticality,35,71,0.038330078125,0.06787109375,-0.029541015625
guenther2023grammaticality,35,72,0.2041015625,0.158203125,0.0458984375
guenther2023grammaticality,35,73,0.05322265625,0.06787109375,-0.0146484375
guenther2023grammaticality,35,74,0.2041015625,0.2041015625,0.0
guenther2023grammaticality,35,75,0.060546875,0.06787109375,-0.00732421875
guenther2023grammaticality,35,76,0.1455078125,0.158203125,-0.0126953125
guenther2023grammaticality,35,77,0.038330078125,0.0458984375,-0.007568359375
guenther2023grammaticality,35,78,0.3125,1.3125,-1.0
guenther2023grammaticality,35,79,0.10400390625,0.08984375,0.01416015625
guenther2023grammaticality,35,80,2.46875,2.578125,-0.109375
guenther2023grammaticality,35,81,0.06787109375,0.12451171875,-0.056640625
guenther2023grammaticality,35,82,0.0458984375,0.10400390625,-0.05810546875
guenther2023grammaticality,35,83,0.05322265625,0.05322265625,0.0
guenther2023grammaticality,35,84,0.038330078125,0.05322265625,-0.014892578125
guenther2023grammaticality,35,85,1.8046875,0.578125,1.2265625
guenther2023grammaticality,35,86,0.390625,0.12451171875,0.26611328125
guenther2023grammaticality,35,87,0.12451171875,0.11083984375,0.013671875
guenther2023grammaticality,35,88,0.060546875,0.08251953125,-0.02197265625
guenther2023grammaticality,35,89,0.06787109375,0.06787109375,0.0
guenther2023grammaticality,35,90,0.25390625,0.08984375,0.1640625
guenther2023grammaticality,35,91,0.08251953125,0.08984375,-0.00732421875
guenther2023grammaticality,35,92,0.1787109375,0.06787109375,0.11083984375
guenther2023grammaticality,35,93,0.1455078125,0.10400390625,0.04150390625
guenther2023grammaticality,35,94,0.25390625,0.25390625,0.0
guenther2023grammaticality,35,95,0.1455078125,0.1455078125,0.0
guenther2023grammaticality,35,96,0.0458984375,0.05322265625,-0.00732421875
guenther2023grammaticality,35,97,0.1455078125,0.12451171875,0.02099609375
guenther2023grammaticality,35,98,0.05322265625,0.038330078125,0.014892578125
guenther2023grammaticality,35,99,0.12451171875,0.0458984375,0.07861328125
guenther2023grammaticality,35,100,0.7578125,1.5,-0.7421875
guenther2023grammaticality,35,101,0.10400390625,0.11083984375,-0.0068359375
guenther2023grammaticality,35,102,0.06787109375,0.06787109375,0.0
guenther2023grammaticality,35,103,0.578125,0.8984375,-0.3203125
guenther2023grammaticality,35,104,0.03076171875,0.08251953125,-0.0517578125
guenther2023grammaticality,35,105,0.038330078125,0.03076171875,0.007568359375
guenther2023grammaticality,35,106,0.05322265625,0.060546875,-0.00732421875
guenther2023grammaticality,35,107,0.390625,0.11083984375,0.27978515625
guenther2023grammaticality,35,108,0.05322265625,0.0458984375,0.00732421875
guenther2023grammaticality,35,109,2.015625,2.8125,-0.796875
guenther2023grammaticality,36,0,1.671875,0.8984375,0.7734375
guenther2023grammaticality,36,1,0.91015625,0.5234375,0.38671875
guenther2023grammaticality,36,2,0.3515625,0.431640625,-0.080078125
guenther2023grammaticality,36,3,0.4765625,0.578125,-0.1015625
guenther2023grammaticality,36,4,0.283203125,0.158203125,0.125
guenther2023grammaticality,36,5,0.283203125,0.390625,-0.107421875
guenther2023grammaticality,36,6,0.2041015625,0.10400390625,0.10009765625
guenther2023grammaticality,36,7,0.1787109375,0.431640625,-0.2529296875
guenther2023grammaticality,36,8,0.390625,0.0458984375,0.3447265625
guenther2023grammaticality,36,9,0.1650390625,0.06787109375,0.09716796875
guenther2023grammaticality,36,10,0.08251953125,0.03076171875,0.0517578125
guenther2023grammaticality,36,11,0.10400390625,0.12451171875,-0.0205078125
guenther2023grammaticality,36,12,0.023193359375,0.007781982421875,0.015411376953125
guenther2023grammaticality,36,13,0.10400390625,0.038330078125,0.065673828125
guenther2023grammaticality,36,14,0.038330078125,0.038330078125,0.0
guenther2023grammaticality,36,15,0.023193359375,0.0155029296875,0.0076904296875
guenther2023grammaticality,36,16,0.007781982421875,0.08984375,-0.082061767578125
guenther2023grammaticality,36,17,0.023193359375,0.10400390625,-0.080810546875
guenther2023grammaticality,36,18,0.007781982421875,0.023193359375,-0.015411376953125
guenther2023grammaticality,36,19,0.007781982421875,0.007781982421875,0.0
guenther2023grammaticality,36,20,0.023193359375,0.03076171875,-0.007568359375
guenther2023grammaticality,36,21,0.023193359375,0.007781982421875,0.015411376953125
guenther2023grammaticality,36,22,0.007781982421875,0.007781982421875,0.0
guenther2023grammaticality,36,23,0.0,0.007781982421875,-0.007781982421875
guenther2023grammaticality,36,24,0.0,0.007781982421875,-0.007781982421875
guenther2023grammaticality,36,25,0.0,0.0155029296875,-0.0155029296875
guenther2023grammaticality,36,26,0.0155029296875,0.023193359375,-0.0076904296875
guenther2023grammaticality,36,27,0.007781982421875,0.007781982421875,0.0
guenther2023grammaticality,36,28,0.007781982421875,0.007781982421875,0.0
guenther2023grammaticality,36,29,0.007781982421875,0.007781982421875,0.0
guenther2023grammaticality,36,30,0.0,0.007781982421875,-0.007781982421875
guenther2023grammaticality,36,31,0.007781982421875,0.0,0.007781982421875
guenther2023grammaticality,36,32,0.0,0.007781982421875,-0.007781982421875
guenther2023grammaticality,36,33,0.05322265625,0.007781982421875,0.045440673828125
guenther2023grammaticality,36,34,0.007781982421875,0.0,0.007781982421875
guenther2023grammaticality,36,35,0.007781982421875,0.0,0.007781982421875
guenther2023grammaticality,36,36,0.007781982421875,0.007781982421875,0.0
guenther2023grammaticality,36,37,0.0,0.0,0.0
guenther2023grammaticality,36,38,0.0,0.0,0.0
guenther2023grammaticality,36,39,0.0,0.007781982421875,-0.007781982421875
guenther2023grammaticality,36,40,0.0,0.007781982421875,-0.007781982421875
guenther2023grammaticality,36,41,0.0,0.007781982421875,-0.007781982421875
guenther2023grammaticality,36,42,0.0,0.0,0.0
guenther2023grammaticality,36,43,0.0,0.007781982421875,-0.007781982421875
guenther2023grammaticality,36,44,0.0,0.0,0.0
guenther2023grammaticality,36,45,0.0,0.007781982421875,-0.007781982421875
guenther2023grammaticality,36,46,0.0,0.007781982421875,-0.007781982421875
guenther2023grammaticality,36,47,0.0,0.0,0.0
guenther2023grammaticality,36,48,0.0,0.0,0.0
guenther2023grammaticality,36,49,0.0,0.0,0.0
guenther2023grammaticality,36,50,0.0,0.0,0.0
guenther2023grammaticality,36,51,0.0,0.0,0.0
guenther2023grammaticality,36,52,0.0,0.0,0.0
guenther2023grammaticality,36,53,0.0,0.0,0.0
guenther2023grammaticality,36,54,0.0,0.0,0.0
guenther2023grammaticality,36,55,0.0,0.0,0.0
guenther2023grammaticality,36,56,0.0,0.0,0.0
guenther2023grammaticality,36,57,0.0,0.0,0.0
guenther2023grammaticality,36,58,0.08984375,0.345703125,-0.255859375
guenther2023grammaticality,36,59,0.0,0.0,0.0
guenther2023grammaticality,36,60,0.0,0.0,0.0
guenther2023grammaticality,36,61,0.0,0.0,0.0
guenther2023grammaticality,36,62,0.0,0.007781982421875,-0.007781982421875
guenther2023grammaticality,36,63,0.0,0.0,0.0
guenther2023grammaticality,36,64,0.0,0.007781982421875,-0.007781982421875
guenther2023grammaticality,36,65,0.0,0.0,0.0
guenther2023grammaticality,36,66,0.0,0.0,0.0
guenther2023grammaticality,36,67,0.0,0.06787109375,-0.06787109375
guenther2023grammaticality,36,68,0.0,0.0,0.0
guenther2023grammaticality,36,69,0.0,0.0,0.0
guenther2023grammaticality,36,70,0.0,0.0,0.0
guenther2023grammaticality,36,71,0.0,0.0,0.0
guenther2023grammaticality,36,72,0.0,0.0,0.0
guenther2023grammaticality,36,73,0.0,0.0,0.0
guenther2023grammaticality,36,74,0.0,0.0,0.0
guenther2023grammaticality,36,75,0.0,0.0,0.0
guenther2023grammaticality,36,76,0.0,0.0,0.0
guenther2023grammaticality,36,77,0.0,0.0155029296875,-0.0155029296875
guenther2023grammaticality,36,78,0.0,0.0,0.0
guenther2023grammaticality,36,79,0.0,0.0155029296875,-0.0155029296875
guenther2023grammaticality,36,80,0.0,0.0,0.0
guenther2023grammaticality,36,81,0.0,0.0,0.0
guenther2023grammaticality,36,82,0.0,0.0,0.0
guenther2023grammaticality,36,83,0.0,0.0,0.0
guenther2023grammaticality,36,84,0.0,0.0,0.0
guenther2023grammaticality,36,85,0.0,0.0,0.0
guenther2023grammaticality,36,86,0.0,0.0,0.0
guenther2023grammaticality,36,87,0.0,0.007781982421875,-0.007781982421875
guenther2023grammaticality,36,88,0.0,0.0,0.0
guenther2023grammaticality,36,89,0.0,0.0,0.0
guenther2023grammaticality,36,90,0.0,0.0,0.0
guenther2023grammaticality,36,91,0.0,0.0,0.0
guenther2023grammaticality,36,92,0.0,0.0,0.0
guenther2023grammaticality,36,93,0.0,0.0,0.0
guenther2023grammaticality,36,94,0.0,0.0,0.0
guenther2023grammaticality,36,95,0.0,0.0,0.0
guenther2023grammaticality,36,96,0.0,0.0,0.0
guenther2023grammaticality,36,97,0.0,0.0,0.0
guenther2023grammaticality,36,98,0.0,0.0,0.0
guenther2023grammaticality,36,99,0.0,0.0,0.0
guenther2023grammaticality,36,100,0.0,0.0,0.0
guenther2023grammaticality,36,101,0.0,0.0,0.0
guenther2023grammaticality,36,102,0.0,0.0,0.0
guenther2023grammaticality,36,103,0.0,0.0,0.0
guenther2023grammaticality,36,104,0.0,0.0,0.0
guenther2023grammaticality,36,105,0.0,0.0,0.0
guenther2023grammaticality,36,106,0.0,0.0,0.0
guenther2023grammaticality,36,107,0.0,0.0,0.0
guenther2023grammaticality,36,108,0.0,0.0,0.0
guenther2023grammaticality,36,109,0.0,0.0,0.0
guenther2023grammaticality,37,0,1.0859375,0.4765625,0.609375
guenther2023grammaticality,37,1,0.32421875,0.1455078125,0.1787109375
guenther2023grammaticality,37,2,0.259765625,0.08251953125,0.17724609375
guenther2023grammaticality,37,3,0.1318359375,0.08984375,0.0419921875
guenther2023grammaticality,37,4,0.08984375,0.06787109375,0.02197265625
guenther2023grammaticality,37,5,4.5,3.53125,0.96875
guenther2023grammaticality,37,6,1.8046875,1.90625,-0.1015625
guenther2023grammaticality,37,7,0.431640625,0.390625,0.041015625
guenther2023grammaticality,37,8,1.3125,1.59375,-0.28125
guenther2023grammaticality,37,9,1.140625,0.8984375,0.2421875
guenther2023grammaticality,37,10,0.390625,0.4765625,-0.0859375
guenther2023grammaticality,37,11,0.8984375,1.0546875,-0.15625
guenther2023grammaticality,37,12,0.4765625,0.4765625,0.0
guenther2023grammaticality,37,13,0.5234375,0.5234375,0.0
guenther2023grammaticality,37,14,0.431640625,0.5234375,-0.091796875
guenther2023grammaticality,37,15,0.69140625,0.8984375,-0.20703125
guenther2023grammaticality,37,16,0.9765625,1.5,-0.5234375
guenther2023grammaticality,37,17,0.1455078125,0.7578125,-0.6123046875
guenther2023grammaticality,37,18,0.12451171875,0.431640625,-0.30712890625
guenther2023grammaticality,37,19,0.060546875,0.6328125,-0.572265625
guenther2023grammaticality,37,20,0.578125,0.22265625,0.35546875
guenther2023grammaticality,37,21,0.11083984375,0.431640625,-0.32080078125
guenther2023grammaticality,37,22,3.53125,1.3125,2.21875
guenther2023grammaticality,37,23,1.0546875,0.8984375,0.15625
guenther2023grammaticality,37,24,0.11083984375,0.6328125,-0.52197265625
guenther2023grammaticality,37,25,0.345703125,0.4765625,-0.130859375
guenther2023grammaticality,37,26,0.22265625,0.828125,-0.60546875
guenther2023grammaticality,37,27,0.158203125,0.2041015625,-0.0458984375
guenther2023grammaticality,37,28,0.431640625,0.69140625,-0.259765625
guenther2023grammaticality,37,29,0.431640625,0.4765625,-0.044921875
guenther2023grammaticality,37,30,0.08251953125,0.578125,-0.49560546875
guenther2023grammaticality,37,31,0.06787109375,0.5234375,-0.45556640625
guenther2023grammaticality,37,32,2.359375,1.140625,1.21875
guenther2023grammaticality,37,33,0.11083984375,0.578125,-0.46728515625
guenther2023grammaticality,37,34,0.2041015625,0.431640625,-0.2275390625
guenther2023grammaticality,37,35,0.11083984375,0.5234375,-0.41259765625
guenther2023grammaticality,37,36,0.345703125,0.4765625,-0.130859375
guenther2023grammaticality,37,37,0.431640625,0.08984375,0.341796875
guenther2023grammaticality,37,38,0.12451171875,0.431640625,-0.30712890625
guenther2023grammaticality,37,39,1.0546875,0.8984375,0.15625
guenther2023grammaticality,37,40,0.6328125,0.69140625,-0.05859375
guenther2023grammaticality,37,41,0.08251953125,0.345703125,-0.26318359375
guenther2023grammaticality,37,42,0.9765625,0.6328125,0.34375
guenther2023grammaticality,37,43,0.06787109375,0.4765625,-0.40869140625
guenther2023grammaticality,37,44,0.03076171875,0.578125,-0.54736328125
guenther2023grammaticality,37,45,0.038330078125,0.431640625,-0.393310546875
guenther2023grammaticality,37,46,0.03076171875,0.384765625,-0.35400390625
guenther2023grammaticality,37,47,2.8125,1.0546875,1.7578125
guenther2023grammaticality,37,48,0.2041015625,0.578125,-0.3740234375
guenther2023grammaticality,37,49,0.12451171875,0.3125,-0.18798828125
guenther2023grammaticality,37,50,0.06787109375,0.431640625,-0.36376953125
guenther2023grammaticality,37,51,0.69140625,0.6328125,0.05859375
guenther2023grammaticality,37,52,0.158203125,0.6328125,-0.474609375
guenther2023grammaticality,37,53,0.023193359375,0.431640625,-0.408447265625
guenther2023grammaticality,37,54,0.578125,0.6328125,-0.0546875
guenther2023grammaticality,37,55,0.038330078125,0.283203125,-0.244873046875
guenther2023grammaticality,37,56,0.007781982421875,0.22265625,-0.214874267578125
guenther2023grammaticality,37,57,0.0458984375,0.4765625,-0.4306640625
guenther2023grammaticality,37,58,0.03076171875,0.345703125,-0.31494140625
guenther2023grammaticality,37,59,0.05322265625,0.384765625,-0.33154296875
guenther2023grammaticality,37,60,0.0458984375,0.25390625,-0.2080078125
guenther2023grammaticality,37,61,0.023193359375,0.283203125,-0.260009765625
guenther2023grammaticality,37,62,0.060546875,0.5234375,-0.462890625
guenther2023grammaticality,37,63,0.6328125,0.5234375,0.109375
guenther2023grammaticality,37,64,0.007781982421875,0.1787109375,-0.170928955078125
guenther2023grammaticality,37,65,0.05322265625,0.384765625,-0.33154296875
guenther2023grammaticality,37,66,0.0155029296875,0.22265625,-0.2071533203125
guenther2023grammaticality,37,67,0.007781982421875,0.12451171875,-0.116729736328125
guenther2023grammaticality,37,68,0.03076171875,0.431640625,-0.40087890625
guenther2023grammaticality,37,69,1.59375,1.0546875,0.5390625
guenther2023grammaticality,37,70,0.0458984375,0.08984375,-0.0439453125
guenther2023grammaticality,37,71,0.007781982421875,0.25390625,-0.246124267578125
guenther2023grammaticality,37,72,0.0155029296875,0.345703125,-0.3302001953125
guenther2023grammaticality,37,73,0.038330078125,0.0458984375,-0.007568359375
guenther2023grammaticality,37,74,0.9765625,0.6328125,0.34375
guenther2023grammaticality,37,75,0.023193359375,0.283203125,-0.260009765625
guenther2023grammaticality,37,76,0.023193359375,0.023193359375,0.0
guenther2023grammaticality,37,77,0.038330078125,0.023193359375,0.01513671875
guenther2023grammaticality,37,78,0.023193359375,0.3125,-0.289306640625
guenther2023grammaticality,37,79,0.0155029296875,0.283203125,-0.2677001953125
guenther2023grammaticality,37,80,3.046875,1.3125,1.734375
guenther2023grammaticality,37,81,0.0155029296875,0.283203125,-0.2677001953125
guenther2023grammaticality,37,82,0.060546875,0.5234375,-0.462890625
guenther2023grammaticality,37,83,0.0458984375,0.10400390625,-0.05810546875
guenther2023grammaticality,37,84,0.390625,0.384765625,0.005859375
guenther2023grammaticality,37,85,0.0155029296875,0.158203125,-0.1427001953125
guenther2023grammaticality,37,86,0.007781982421875,0.22265625,-0.214874267578125
guenther2023grammaticality,37,87,2.578125,1.5,1.078125
guenther2023grammaticality,37,88,0.69140625,1.0546875,-0.36328125
guenther2023grammaticality,37,89,0.038330078125,0.25390625,-0.215576171875
guenther2023grammaticality,37,90,0.0458984375,0.25390625,-0.2080078125
guenther2023grammaticality,37,91,0.03076171875,0.22265625,-0.19189453125
guenther2023grammaticality,37,92,0.0458984375,0.038330078125,0.007568359375
guenther2023grammaticality,37,93,0.03076171875,0.345703125,-0.31494140625
guenther2023grammaticality,37,94,0.5234375,0.6328125,-0.109375
guenther2023grammaticality,37,95,0.05322265625,0.25390625,-0.20068359375
guenther2023grammaticality,37,96,0.023193359375,0.158203125,-0.135009765625
guenther2023grammaticality,37,97,0.7578125,0.69140625,0.06640625
guenther2023grammaticality,37,98,0.8984375,0.8984375,0.0
guenther2023grammaticality,37,99,0.023193359375,0.1787109375,-0.155517578125
guenther2023grammaticality,37,100,0.023193359375,0.158203125,-0.135009765625
guenther2023grammaticality,37,101,0.7578125,0.6328125,0.125
guenther2023grammaticality,37,102,0.25390625,0.5234375,-0.26953125
guenther2023grammaticality,37,103,0.0155029296875,0.158203125,-0.1427001953125
guenther2023grammaticality,37,104,0.007781982421875,0.10400390625,-0.096221923828125
guenther2023grammaticality,37,105,0.9765625,0.9765625,0.0
guenther2023grammaticality,37,106,0.158203125,0.3125,-0.154296875
guenther2023grammaticality,37,107,0.0458984375,0.2041015625,-0.158203125
guenther2023grammaticality,37,108,0.578125,0.8984375,-0.3203125
guenther2023grammaticality,37,109,3.53125,1.59375,1.9375
guenther2023grammaticality,38,0,0.84375,0.1455078125,0.6982421875
guenther2023grammaticality,38,1,0.44140625,0.12451171875,0.31689453125
guenther2023grammaticality,38,2,0.2041015625,0.03076171875,0.17333984375
guenther2023grammaticality,38,3,0.1318359375,0.038330078125,0.093505859375
guenther2023grammaticality,38,4,0.357421875,0.06787109375,0.28955078125
guenther2023grammaticality,38,5,0.10400390625,0.08251953125,0.021484375
guenther2023grammaticality,38,6,0.10400390625,0.10400390625,0.0
guenther2023grammaticality,38,7,0.023193359375,0.03076171875,-0.007568359375
guenther2023grammaticality,38,8,0.007781982421875,0.0155029296875,-0.007720947265625
guenther2023grammaticality,38,9,0.0155029296875,0.0155029296875,0.0
guenther2023grammaticality,38,10,0.3515625,0.0458984375,0.3056640625
guenther2023grammaticality,38,11,0.03076171875,0.0155029296875,0.0152587890625
guenther2023grammaticality,38,12,0.007781982421875,0.0155029296875,-0.007720947265625
guenther2023grammaticality,38,13,0.03076171875,0.007781982421875,0.022979736328125
guenther2023grammaticality,38,14,0.0458984375,0.007781982421875,0.038116455078125
guenther2023grammaticality,38,15,0.007781982421875,0.0,0.007781982421875
guenther2023grammaticality,38,16,0.023193359375,0.0,0.023193359375
guenther2023grammaticality,38,17,0.007781982421875,0.007781982421875,0.0
guenther2023grammaticality,38,18,0.007781982421875,0.0,0.007781982421875
guenther2023grammaticality,38,19,0.0,0.0,0.0
guenther2023grammaticality,38,20,0.0,0.0,0.0
guenther2023grammaticality,38,21,0.0,0.0,0.0
guenther2023grammaticality,38,22,0.007781982421875,0.0,0.007781982421875
guenther2023grammaticality,38,23,0.0458984375,0.060546875,-0.0146484375
guenther2023grammaticality,38,24,0.0,0.0,0.0
guenther2023grammaticality,38,25,0.0155029296875,0.0155029296875,0.0
guenther2023grammaticality,38,26,0.0,0.0,0.0
guenther2023grammaticality,38,27,0.0155029296875,0.0155029296875,0.0
guenther2023grammaticality,38,28,0.0,0.0,0.0
guenther2023grammaticality,38,29,0.007781982421875,0.007781982421875,0.0
guenther2023grammaticality,38,30,0.0,0.0,0.0
guenther2023grammaticality,38,31,7.125,6.625,0.5
guenther2023grammaticality,38,32,0.06787109375,0.05322265625,0.0146484375
guenther2023grammaticality,38,33,0.2294921875,0.08251953125,0.14697265625
guenther2023grammaticality,38,34,0.11083984375,0.0458984375,0.06494140625
guenther2023grammaticality,38,35,0.060546875,0.03076171875,0.02978515625
guenther2023grammaticality,38,36,0.03076171875,0.023193359375,0.007568359375
guenther2023grammaticality,38,37,0.023193359375,0.0155029296875,0.0076904296875
guenther2023grammaticality,38,38,0.03076171875,0.0155029296875,0.0152587890625
guenther2023grammaticality,38,39,0.03076171875,0.0155029296875,0.0152587890625
guenther2023grammaticality,38,40,0.0155029296875,0.007781982421875,0.007720947265625
guenther2023grammaticality,38,41,4.0,4.375,-0.375
guenther2023grammaticality,38,42,0.038330078125,0.023193359375,0.01513671875
guenther2023grammaticality,38,43,0.023193359375,0.023193359375,0.0
guenther2023grammaticality,38,44,0.0458984375,0.0458984375,0.0
guenther2023grammaticality,38,45,0.03076171875,0.023193359375,0.007568359375
guenther2023grammaticality,38,46,0.03076171875,0.023193359375,0.007568359375
guenther2023grammaticality,38,47,0.060546875,0.038330078125,0.022216796875
guenther2023grammaticality,38,48,0.0458984375,0.03076171875,0.01513671875
guenther2023grammaticality,38,49,0.08251953125,0.03076171875,0.0517578125
guenther2023grammaticality,38,50,0.08984375,0.023193359375,0.066650390625
guenther2023grammaticality,38,51,0.023193359375,0.0155029296875,0.0076904296875
guenther2023grammaticality,38,52,0.0155029296875,0.0155029296875,0.0
guenther2023grammaticality,38,53,0.03076171875,0.0155029296875,0.0152587890625
guenther2023grammaticality,38,54,0.03076171875,0.007781982421875,0.022979736328125
guenther2023grammaticality,38,55,0.03076171875,0.007781982421875,0.022979736328125
guenther2023grammaticality,38,56,0.0155029296875,0.007781982421875,0.007720947265625
guenther2023grammaticality,38,57,0.25390625,0.0458984375,0.2080078125
guenther2023grammaticality,38,58,0.023193359375,0.007781982421875,0.015411376953125
guenther2023grammaticality,38,59,0.03076171875,0.007781982421875,0.022979736328125
guenther2023grammaticality,38,60,0.03076171875,0.007781982421875,0.022979736328125
guenther2023grammaticality,38,61,0.0155029296875,0.007781982421875,0.007720947265625
guenther2023grammaticality,38,62,0.10400390625,0.023193359375,0.080810546875
guenther2023grammaticality,38,63,0.007781982421875,0.007781982421875,0.0
guenther2023grammaticality,38,64,0.007781982421875,0.007781982421875,0.0
guenther2023grammaticality,38,65,0.007781982421875,0.007781982421875,0.0
guenther2023grammaticality,38,66,0.007781982421875,0.007781982421875,0.0
guenther2023grammaticality,38,67,0.007781982421875,0.007781982421875,0.0
guenther2023grammaticality,38,68,0.007781982421875,0.007781982421875,0.0
guenther2023grammaticality,38,69,0.007781982421875,0.007781982421875,0.0
guenther2023grammaticality,38,70,3.890625,5.125,-1.234375
guenther2023grammaticality,38,71,0.023193359375,0.0155029296875,0.0076904296875
guenther2023grammaticality,38,72,0.03076171875,0.023193359375,0.007568359375
guenther2023grammaticality,38,73,0.060546875,0.023193359375,0.037353515625
guenther2023grammaticality,38,74,0.08984375,0.0458984375,0.0439453125
guenther2023grammaticality,38,75,0.0155029296875,0.007781982421875,0.007720947265625
guenther2023grammaticality,38,76,0.0458984375,0.0155029296875,0.0303955078125
guenther2023grammaticality,38,77,0.0458984375,0.0155029296875,0.0303955078125
guenther2023grammaticality,38,78,0.060546875,0.023193359375,0.037353515625
guenther2023grammaticality,38,79,0.0155029296875,0.007781982421875,0.007720947265625
guenther2023grammaticality,38,80,0.03076171875,0.0155029296875,0.0152587890625
guenther2023grammaticality,38,81,0.007781982421875,0.007781982421875,0.0
guenther2023grammaticality,38,82,0.1455078125,0.0155029296875,0.1300048828125
guenther2023grammaticality,38,83,0.0155029296875,0.007781982421875,0.007720947265625
guenther2023grammaticality,38,84,0.0155029296875,0.007781982421875,0.007720947265625
guenther2023grammaticality,38,85,0.0458984375,0.0155029296875,0.0303955078125
guenther2023grammaticality,38,86,0.0155029296875,0.007781982421875,0.007720947265625
guenther2023grammaticality,38,87,0.03076171875,0.0155029296875,0.0152587890625
guenther2023grammaticality,38,88,0.0458984375,0.03076171875,0.01513671875
guenther2023grammaticality,38,89,0.023193359375,0.0155029296875,0.0076904296875
guenther2023grammaticality,38,90,4.375,5.0,-0.625
guenther2023grammaticality,38,91,3.28125,3.765625,-0.484375
guenther2023grammaticality,38,92,0.0458984375,0.05322265625,-0.00732421875
guenther2023grammaticality,38,93,0.08984375,0.05322265625,0.03662109375
guenther2023grammaticality,38,94,0.060546875,0.08251953125,-0.02197265625
guenther2023grammaticality,38,95,0.0458984375,0.0458984375,0.0
guenther2023grammaticality,38,96,0.0458984375,0.0458984375,0.0
guenther2023grammaticality,38,97,0.0458984375,0.038330078125,0.007568359375
guenther2023grammaticality,38,98,0.038330078125,0.038330078125,0.0
guenther2023grammaticality,38,99,0.0458984375,0.03076171875,0.01513671875
guenther2023grammaticality,38,100,0.060546875,0.023193359375,0.037353515625
guenther2023grammaticality,38,101,3.28125,3.640625,-0.359375
guenther2023grammaticality,38,102,0.0458984375,0.0458984375,0.0
guenther2023grammaticality,38,103,0.06787109375,0.08251953125,-0.0146484375
guenther2023grammaticality,38,104,0.038330078125,0.038330078125,0.0
guenther2023grammaticality,38,105,0.05322265625,0.038330078125,0.014892578125
guenther2023grammaticality,38,106,0.03076171875,0.03076171875,0.0
guenther2023grammaticality,38,107,0.0458984375,0.023193359375,0.022705078125
guenther2023grammaticality,38,108,0.0458984375,0.038330078125,0.007568359375
guenther2023grammaticality,38,109,0.0458984375,0.038330078125,0.007568359375
guenther2023grammaticality,39,0,2.078125,0.038330078125,2.039794921875
guenther2023grammaticality,39,1,1.71875,2.234375,-0.515625
guenther2023grammaticality,39,2,0.52734375,0.345703125,0.181640625
guenther2023grammaticality,39,3,0.8984375,0.9765625,-0.078125
guenther2023grammaticality,39,4,0.9765625,0.9765625,0.0
guenther2023grammaticality,39,5,0.578125,0.828125,-0.25
guenther2023grammaticality,39,6,0.1318359375,0.12451171875,0.00732421875
guenther2023grammaticality,39,7,1.140625,0.8984375,0.2421875
guenther2023grammaticality,39,8,0.5234375,0.578125,-0.0546875
guenther2023grammaticality,39,9,0.08251953125,0.25390625,-0.17138671875
guenther2023grammaticality,39,10,0.7578125,0.9765625,-0.21875
guenther2023grammaticality,39,11,1.0546875,0.9765625,0.078125
guenther2023grammaticality,39,12,0.0458984375,0.3125,-0.2666015625
guenther2023grammaticality,39,13,0.4765625,0.345703125,0.130859375
guenther2023grammaticality,39,14,0.6328125,0.578125,0.0546875
guenther2023grammaticality,39,15,0.0155029296875,0.1787109375,-0.1632080078125
guenther2023grammaticality,39,16,1.0546875,1.40625,-0.3515625
guenther2023grammaticality,39,17,0.023193359375,0.69140625,-0.668212890625
guenther2023grammaticality,39,18,0.007781982421875,0.390625,-0.382843017578125
guenther2023grammaticality,39,19,0.060546875,0.5234375,-0.462890625
guenther2023grammaticality,39,20,0.007781982421875,0.060546875,-0.052764892578125
guenther2023grammaticality,39,21,0.007781982421875,0.578125,-0.570343017578125
guenther2023grammaticality,39,22,0.0,0.1455078125,-0.1455078125
guenther2023grammaticality,39,23,0.0155029296875,0.578125,-0.5626220703125
guenther2023grammaticality,39,24,0.0,0.22265625,-0.22265625
guenther2023grammaticality,39,25,0.0,0.22265625,-0.22265625
guenther2023grammaticality,39,26,0.0155029296875,0.345703125,-0.3302001953125
guenther2023grammaticality,39,27,0.0,0.12451171875,-0.12451171875
guenther2023grammaticality,39,28,0.007781982421875,0.578125,-0.570343017578125
guenther2023grammaticality,39,29,0.0,0.2041015625,-0.2041015625
guenther2023grammaticality,39,30,0.0,0.12451171875,-0.12451171875
guenther2023grammaticality,39,31,0.0,0.2041015625,-0.2041015625
guenther2023grammaticality,39,32,0.0,0.11083984375,-0.11083984375
guenther2023grammaticality,39,33,0.007781982421875,0.25390625,-0.246124267578125
guenther2023grammaticality,39,34,0.0,0.08251953125,-0.08251953125
guenther2023grammaticality,39,35,0.0,0.431640625,-0.431640625
guenther2023grammaticality,39,36,0.0,0.1787109375,-0.1787109375
guenther2023grammaticality,39,37,0.0,0.08251953125,-0.08251953125
guenther2023grammaticality,39,38,0.007781982421875,0.4765625,-0.468780517578125
guenther2023grammaticality,39,39,0.0,0.08984375,-0.08984375
guenther2023grammaticality,39,40,0.0,0.0458984375,-0.0458984375
guenther2023grammaticality,39,41,0.0,0.25390625,-0.25390625
guenther2023grammaticality,39,42,0.0,0.5234375,-0.5234375
guenther2023grammaticality,39,43,0.0,0.3125,-0.3125
guenther2023grammaticality,39,44,0.0,0.12451171875,-0.12451171875
guenther2023grammaticality,39,45,0.0,0.08251953125,-0.08251953125
guenther2023grammaticality,39,46,0.0,0.023193359375,-0.023193359375
guenther2023grammaticality,39,47,0.0,0.2041015625,-0.2041015625
guenther2023grammaticality,39,48,0.0,0.08984375,-0.08984375
guenther2023grammaticality,39,49,0.0,0.12451171875,-0.12451171875
guenther2023grammaticality,39,50,0.0,0.5234375,-0.5234375
guenther2023grammaticality,39,51,0.0,0.0155029296875,-0.0155029296875
guenther2023grammaticality,39,52,0.0,0.007781982421875,-0.007781982421875
guenther2023grammaticality,39,53,0.0,0.08251953125,-0.08251953125
guenther2023grammaticality,39,54,0.0,0.158203125,-0.158203125
guenther2023grammaticality,39,55,0.0,0.2041015625,-0.2041015625
guenther2023grammaticality,39,56,0.0,0.1787109375,-0.1787109375
guenther2023grammaticality,39,57,0.0,0.0458984375,-0.0458984375
guenther2023grammaticality,39,58,0.0,0.08984375,-0.08984375
guenther2023grammaticality,39,59,0.0,0.283203125,-0.283203125
guenther2023grammaticality,39,60,0.0,0.05322265625,-0.05322265625
guenther2023grammaticality,39,61,0.0,0.1787109375,-0.1787109375
guenther2023grammaticality,39,62,0.0,0.007781982421875,-0.007781982421875
guenther2023grammaticality,39,63,0.0,0.06787109375,-0.06787109375
guenther2023grammaticality,39,64,0.0,0.11083984375,-0.11083984375
guenther2023grammaticality,39,65,0.0,0.22265625,-0.22265625
guenther2023grammaticality,39,66,0.0,0.283203125,-0.283203125
guenther2023grammaticality,39,67,0.0,0.007781982421875,-0.007781982421875
guenther2023grammaticality,39,68,0.0,0.08251953125,-0.08251953125
guenther2023grammaticality,39,69,0.0,0.0458984375,-0.0458984375
guenther2023grammaticality,39,70,0.0,0.08251953125,-0.08251953125
guenther2023grammaticality,39,71,0.0,0.0458984375,-0.0458984375
guenther2023grammaticality,39,72,0.0,0.158203125,-0.158203125
guenther2023grammaticality,39,73,0.0,0.12451171875,-0.12451171875
guenther2023grammaticality,39,74,0.0,0.08251953125,-0.08251953125
guenther2023grammaticality,39,75,0.0,0.1455078125,-0.1455078125
guenther2023grammaticality,39,76,0.0,0.2041015625,-0.2041015625
guenther2023grammaticality,39,77,8.125,3.28125,4.84375
guenther2023grammaticality,39,78,0.038330078125,0.283203125,-0.244873046875
guenther2023grammaticality,39,79,0.03076171875,0.158203125,-0.12744140625
guenther2023grammaticality,39,80,0.023193359375,0.08984375,-0.066650390625
guenther2023grammaticality,39,81,0.007781982421875,0.12451171875,-0.116729736328125
guenther2023grammaticality,39,82,0.007781982421875,0.1455078125,-0.137725830078125
guenther2023grammaticality,39,83,0.0,0.06787109375,-0.06787109375
guenther2023grammaticality,39,84,0.007781982421875,0.06787109375,-0.060089111328125
guenther2023grammaticality,39,85,0.0,0.06787109375,-0.06787109375
guenther2023grammaticality,39,86,0.0,0.060546875,-0.060546875
guenther2023grammaticality,39,87,0.007781982421875,0.12451171875,-0.116729736328125
guenther2023grammaticality,39,88,6.25,3.40625,2.84375
guenther2023grammaticality,39,89,0.390625,0.3125,0.078125
guenther2023grammaticality,39,90,2.8125,2.015625,0.796875
guenther2023grammaticality,39,91,0.03076171875,0.1455078125,-0.11474609375
guenther2023grammaticality,39,92,0.023193359375,0.158203125,-0.135009765625
guenther2023grammaticality,39,93,1.2265625,0.4765625,0.75
guenther2023grammaticality,39,94,0.023193359375,0.06787109375,-0.044677734375
guenther2023grammaticality,39,95,0.023193359375,0.11083984375,-0.087646484375
guenther2023grammaticality,39,96,0.1787109375,0.22265625,-0.0439453125
guenther2023grammaticality,39,97,0.007781982421875,0.0458984375,-0.038116455078125
guenther2023grammaticality,39,98,0.0155029296875,0.158203125,-0.1427001953125
guenther2023grammaticality,39,99,0.11083984375,0.25390625,-0.14306640625
guenther2023grammaticality,39,100,0.08984375,0.345703125,-0.255859375
guenther2023grammaticality,39,101,0.06787109375,0.1787109375,-0.11083984375
guenther2023grammaticality,39,102,0.0458984375,0.12451171875,-0.07861328125
guenther2023grammaticality,39,103,0.0458984375,0.10400390625,-0.05810546875
guenther2023grammaticality,39,104,0.007781982421875,0.08984375,-0.082061767578125
guenther2023grammaticality,39,105,0.0155029296875,0.12451171875,-0.1090087890625
guenther2023grammaticality,39,106,0.007781982421875,0.1455078125,-0.137725830078125
guenther2023grammaticality,39,107,0.023193359375,0.11083984375,-0.087646484375
guenther2023grammaticality,39,108,0.007781982421875,0.0458984375,-0.038116455078125
guenther2023grammaticality,39,109,0.03076171875,0.12451171875,-0.09375
guenther2023grammaticality,40,0,0.81640625,0.431640625,0.384765625
guenther2023grammaticality,40,1,0.265625,0.05322265625,0.21240234375
guenther2023grammaticality,40,2,0.390625,0.345703125,0.044921875
guenther2023grammaticality,40,3,0.431640625,0.12451171875,0.30712890625
guenther2023grammaticality,40,4,1.40625,1.59375,-0.1875
guenther2023grammaticality,40,5,0.578125,0.69140625,-0.11328125
guenther2023grammaticality,40,6,0.431640625,0.7578125,-0.326171875
guenther2023grammaticality,40,7,0.4765625,0.69140625,-0.21484375
guenther2023grammaticality,40,8,0.828125,0.8984375,-0.0703125
guenther2023grammaticality,40,9,0.06787109375,0.384765625,-0.31689453125
guenther2023grammaticality,40,10,0.023193359375,0.283203125,-0.260009765625
guenther2023grammaticality,40,11,0.828125,0.828125,0.0
guenther2023grammaticality,40,12,0.06787109375,0.431640625,-0.36376953125
guenther2023grammaticality,40,13,0.03076171875,0.345703125,-0.31494140625
guenther2023grammaticality,40,14,0.578125,0.6328125,-0.0546875
guenther2023grammaticality,40,15,0.007781982421875,0.431640625,-0.423858642578125
guenther2023grammaticality,40,16,0.69140625,0.578125,0.11328125
guenther2023grammaticality,40,17,0.0155029296875,0.22265625,-0.2071533203125
guenther2023grammaticality,40,18,0.0155029296875,0.4765625,-0.4610595703125
guenther2023grammaticality,40,19,0.0,0.345703125,-0.345703125
guenther2023grammaticality,40,20,0.007781982421875,0.25390625,-0.246124267578125
guenther2023grammaticality,40,21,4.75,0.69140625,4.05859375
guenther2023grammaticality,40,22,0.9765625,0.08251953125,0.89404296875
guenther2023grammaticality,40,23,0.0458984375,0.283203125,-0.2373046875
guenther2023grammaticality,40,24,0.12451171875,0.283203125,-0.15869140625
guenther2023grammaticality,40,25,0.22265625,0.5234375,-0.30078125
guenther2023grammaticality,40,26,0.05322265625,0.2041015625,-0.15087890625
guenther2023grammaticality,40,27,0.0155029296875,0.283203125,-0.2677001953125
guenther2023grammaticality,40,28,0.038330078125,0.060546875,-0.022216796875
guenther2023grammaticality,40,29,0.038330078125,0.11083984375,-0.072509765625
guenther2023grammaticality,40,30,0.0458984375,0.5234375,-0.4775390625
guenther2023grammaticality,40,31,0.0458984375,0.11083984375,-0.06494140625
guenther2023grammaticality,40,32,0.0458984375,0.158203125,-0.1123046875
guenther2023grammaticality,40,33,5.125,1.8046875,3.3203125
guenther2023grammaticality,40,34,0.08251953125,0.038330078125,0.044189453125
guenther2023grammaticality,40,35,0.283203125,0.4765625,-0.193359375
guenther2023grammaticality,40,36,0.4765625,0.3125,0.1640625
guenther2023grammaticality,40,37,0.22265625,0.4765625,-0.25390625
guenther2023grammaticality,40,38,0.10400390625,0.1455078125,-0.04150390625
guenther2023grammaticality,40,39,0.11083984375,0.12451171875,-0.013671875
guenther2023grammaticality,40,40,1.0546875,0.9765625,0.078125
guenther2023grammaticality,40,41,0.12451171875,0.345703125,-0.22119140625
guenther2023grammaticality,40,42,0.4765625,0.431640625,0.044921875
guenther2023grammaticality,40,43,0.0458984375,0.08984375,-0.0439453125
guenther2023grammaticality,40,44,0.023193359375,0.0155029296875,0.0076904296875
guenther2023grammaticality,40,45,0.1787109375,0.06787109375,0.11083984375
guenther2023grammaticality,40,46,0.11083984375,0.283203125,-0.17236328125
guenther2023grammaticality,40,47,0.06787109375,0.12451171875,-0.056640625
guenther2023grammaticality,40,48,0.08251953125,0.283203125,-0.20068359375
guenther2023grammaticality,40,49,0.08984375,0.2041015625,-0.1142578125
guenther2023grammaticality,40,50,0.10400390625,0.1455078125,-0.04150390625
guenther2023grammaticality,40,51,0.03076171875,0.11083984375,-0.080078125
guenther2023grammaticality,40,52,0.06787109375,0.283203125,-0.21533203125
guenther2023grammaticality,40,53,0.03076171875,0.06787109375,-0.037109375
guenther2023grammaticality,40,54,0.08984375,0.22265625,-0.1328125
guenther2023grammaticality,40,55,0.038330078125,0.06787109375,-0.029541015625
guenther2023grammaticality,40,56,0.03076171875,0.08984375,-0.05908203125
guenther2023grammaticality,40,57,0.0458984375,0.11083984375,-0.06494140625
guenther2023grammaticality,40,58,0.0458984375,0.06787109375,-0.02197265625
guenther2023grammaticality,40,59,0.060546875,0.1787109375,-0.1181640625
guenther2023grammaticality,40,60,0.007781982421875,0.12451171875,-0.116729736328125
guenther2023grammaticality,40,61,0.023193359375,0.0458984375,-0.022705078125
guenther2023grammaticality,40,62,0.03076171875,0.283203125,-0.25244140625
guenther2023grammaticality,40,63,0.0155029296875,0.11083984375,-0.0953369140625
guenther2023grammaticality,40,64,0.023193359375,0.060546875,-0.037353515625
guenther2023grammaticality,40,65,0.578125,0.384765625,0.193359375
guenther2023grammaticality,40,66,0.060546875,0.023193359375,0.037353515625
guenther2023grammaticality,40,67,0.03076171875,0.0458984375,-0.01513671875
guenther2023grammaticality,40,68,0.023193359375,0.1787109375,-0.155517578125
guenther2023grammaticality,40,69,0.023193359375,0.038330078125,-0.01513671875
guenther2023grammaticality,40,70,3.53125,3.28125,0.25
guenther2023grammaticality,40,71,0.06787109375,0.1787109375,-0.11083984375
guenther2023grammaticality,40,72,0.05322265625,0.158203125,-0.10498046875
guenther2023grammaticality,40,73,0.11083984375,0.1455078125,-0.03466796875
guenther2023grammaticality,40,74,0.11083984375,0.283203125,-0.17236328125
guenther2023grammaticality,40,75,0.03076171875,0.12451171875,-0.09375
guenther2023grammaticality,40,76,0.06787109375,0.158203125,-0.09033203125
guenther2023grammaticality,40,77,0.10400390625,0.1455078125,-0.04150390625
guenther2023grammaticality,40,78,0.03076171875,0.158203125,-0.12744140625
guenther2023grammaticality,40,79,0.0458984375,0.06787109375,-0.02197265625
guenther2023grammaticality,40,80,2.8125,2.6875,0.125
guenther2023grammaticality,40,81,0.12451171875,0.25390625,-0.12939453125
guenther2023grammaticality,40,82,0.03076171875,0.1455078125,-0.11474609375
guenther2023grammaticality,40,83,0.158203125,0.06787109375,0.09033203125
guenther2023grammaticality,40,84,0.3125,0.345703125,-0.033203125
guenther2023grammaticality,40,85,0.03076171875,0.12451171875,-0.09375
guenther2023grammaticality,40,86,0.25390625,0.25390625,0.0
guenther2023grammaticality,40,87,0.023193359375,0.08984375,-0.066650390625
guenther2023grammaticality,40,88,0.11083984375,0.1787109375,-0.06787109375
guenther2023grammaticality,40,89,0.10400390625,0.25390625,-0.14990234375
guenther2023grammaticality,40,90,0.03076171875,0.03076171875,0.0
guenther2023grammaticality,40,91,0.283203125,0.22265625,0.060546875
guenther2023grammaticality,40,92,3.765625,2.359375,1.40625
guenther2023grammaticality,40,93,0.158203125,0.1787109375,-0.0205078125
guenther2023grammaticality,40,94,0.158203125,0.12451171875,0.03369140625
guenther2023grammaticality,40,95,0.10400390625,0.1787109375,-0.07470703125
guenther2023grammaticality,40,96,0.11083984375,0.22265625,-0.11181640625
guenther2023grammaticality,40,97,0.060546875,0.08984375,-0.029296875
guenther2023grammaticality,40,98,0.06787109375,0.1455078125,-0.07763671875
guenther2023grammaticality,40,99,0.2041015625,0.158203125,0.0458984375
guenther2023grammaticality,40,100,0.25390625,0.22265625,0.03125
guenther2023grammaticality,40,101,0.05322265625,0.08984375,-0.03662109375
guenther2023grammaticality,40,102,0.0458984375,0.08251953125,-0.03662109375
guenther2023grammaticality,40,103,0.158203125,0.0458984375,0.1123046875
guenther2023grammaticality,40,104,0.2041015625,0.1455078125,0.05859375
guenther2023grammaticality,40,105,0.060546875,0.12451171875,-0.06396484375
guenther2023grammaticality,40,106,0.1455078125,0.1455078125,0.0
guenther2023grammaticality,40,107,0.060546875,0.1455078125,-0.0849609375
guenther2023grammaticality,40,108,0.0458984375,0.08984375,-0.0439453125
guenther2023grammaticality,40,109,0.038330078125,0.06787109375,-0.029541015625
guenther2023grammaticality,41,0,1.4140625,0.69140625,0.72265625
guenther2023grammaticality,41,1,0.76953125,0.390625,0.37890625
guenther2023grammaticality,41,2,1.0546875,0.5234375,0.53125
guenther2023grammaticality,41,3,0.6328125,0.69140625,-0.05859375
guenther2023grammaticality,41,4,0.5234375,0.345703125,0.177734375
guenther2023grammaticality,41,5,0.431640625,0.1787109375,0.2529296875
guenther2023grammaticality,41,6,0.318359375,0.2041015625,0.1142578125
guenther2023grammaticality,41,7,0.05322265625,0.22265625,-0.16943359375
guenther2023grammaticality,41,8,0.4765625,0.25390625,0.22265625
guenther2023grammaticality,41,9,0.023193359375,0.10400390625,-0.080810546875
guenther2023grammaticality,41,10,0.390625,0.06787109375,0.32275390625
guenther2023grammaticality,41,11,0.69140625,0.8984375,-0.20703125
guenther2023grammaticality,41,12,0.023193359375,0.25390625,-0.230712890625
guenther2023grammaticality,41,13,0.345703125,0.69140625,-0.345703125
guenther2023grammaticality,41,14,0.007781982421875,0.1455078125,-0.137725830078125
guenther2023grammaticality,41,15,0.007781982421875,0.69140625,-0.683624267578125
guenther2023grammaticality,41,16,0.007781982421875,0.08984375,-0.082061767578125
guenther2023grammaticality,41,17,0.0,0.5234375,-0.5234375
guenther2023grammaticality,41,18,0.0,0.578125,-0.578125
guenther2023grammaticality,41,19,0.007781982421875,0.3125,-0.304718017578125
guenther2023grammaticality,41,20,0.007781982421875,0.390625,-0.382843017578125
guenther2023grammaticality,41,21,6.0,2.234375,3.765625
guenther2023grammaticality,41,22,2.578125,1.140625,1.4375
guenther2023grammaticality,41,23,0.11083984375,0.1787109375,-0.06787109375
guenther2023grammaticality,41,24,1.2265625,0.828125,0.3984375
guenther2023grammaticality,41,25,0.05322265625,0.25390625,-0.20068359375
guenther2023grammaticality,41,26,0.0458984375,0.2041015625,-0.158203125
guenther2023grammaticality,41,27,0.22265625,0.69140625,-0.46875
guenther2023grammaticality,41,28,0.03076171875,0.283203125,-0.25244140625
guenther2023grammaticality,41,29,0.11083984375,0.25390625,-0.14306640625
guenther2023grammaticality,41,30,0.1455078125,0.578125,-0.4326171875
guenther2023grammaticality,41,31,0.023193359375,0.158203125,-0.135009765625
guenther2023grammaticality,41,32,0.007781982421875,0.158203125,-0.150421142578125
guenther2023grammaticality,41,33,0.1455078125,0.578125,-0.4326171875
guenther2023grammaticality,41,34,0.345703125,0.431640625,-0.0859375
guenther2023grammaticality,41,35,0.023193359375,0.158203125,-0.135009765625
guenther2023grammaticality,41,36,0.3125,0.283203125,0.029296875
guenther2023grammaticality,41,37,0.0458984375,0.1455078125,-0.099609375
guenther2023grammaticality,41,38,0.2041015625,0.2041015625,0.0
guenther2023grammaticality,41,39,0.03076171875,0.10400390625,-0.0732421875
guenther2023grammaticality,41,40,0.0458984375,0.2041015625,-0.158203125
guenther2023grammaticality,41,41,0.11767578125,0.060546875,0.05712890625
guenther2023grammaticality,41,42,0.060546875,0.3125,-0.251953125
guenther2023grammaticality,41,43,0.08984375,0.6328125,-0.54296875
guenther2023grammaticality,41,44,0.007781982421875,0.2041015625,-0.196319580078125
guenther2023grammaticality,41,45,0.007781982421875,0.1787109375,-0.170928955078125
guenther2023grammaticality,41,46,0.431640625,0.5234375,-0.091796875
guenther2023grammaticality,41,47,0.03076171875,0.22265625,-0.19189453125
guenther2023grammaticality,41,48,0.007781982421875,0.283203125,-0.275421142578125
guenther2023grammaticality,41,49,5.125,2.234375,2.890625
guenther2023grammaticality,41,50,0.060546875,0.2041015625,-0.1435546875
guenther2023grammaticality,41,51,0.023193359375,0.158203125,-0.135009765625
guenther2023grammaticality,41,52,0.10400390625,0.0458984375,0.05810546875
guenther2023grammaticality,41,53,0.390625,0.3125,0.078125
guenther2023grammaticality,41,54,0.0458984375,0.1455078125,-0.099609375
guenther2023grammaticality,41,55,3.765625,2.015625,1.75
guenther2023grammaticality,41,56,0.05322265625,0.22265625,-0.16943359375
guenther2023grammaticality,41,57,4.0,2.46875,1.53125
guenther2023grammaticality,41,58,0.10400390625,0.2041015625,-0.10009765625
guenther2023grammaticality,41,59,0.05322265625,0.3125,-0.25927734375
guenther2023grammaticality,41,60,0.0458984375,0.22265625,-0.1767578125
guenther2023grammaticality,41,61,0.10400390625,0.25390625,-0.14990234375
guenther2023grammaticality,41,62,0.3125,0.283203125,0.029296875
guenther2023grammaticality,41,63,0.08251953125,0.1455078125,-0.06298828125
guenther2023grammaticality,41,64,0.023193359375,0.158203125,-0.135009765625
guenther2023grammaticality,41,65,0.023193359375,0.158203125,-0.135009765625
guenther2023grammaticality,41,66,0.3125,0.283203125,0.029296875
guenther2023grammaticality,41,67,0.1455078125,0.08984375,0.0556640625
guenther2023grammaticality,41,68,0.22265625,0.3125,-0.08984375
guenther2023grammaticality,41,69,0.05322265625,0.2041015625,-0.15087890625
guenther2023grammaticality,41,70,0.0155029296875,0.1455078125,-0.1300048828125
guenther2023grammaticality,41,71,0.0458984375,0.08984375,-0.0439453125
guenther2023grammaticality,41,72,0.05322265625,0.0458984375,0.00732421875
guenther2023grammaticality,41,73,0.0458984375,0.0458984375,0.0
guenther2023grammaticality,41,74,0.023193359375,0.1787109375,-0.155517578125
guenther2023grammaticality,41,75,0.578125,0.578125,0.0
guenther2023grammaticality,41,76,0.023193359375,0.1787109375,-0.155517578125
guenther2023grammaticality,41,77,0.3125,0.3125,0.0
guenther2023grammaticality,41,78,0.0458984375,0.283203125,-0.2373046875
guenther2023grammaticality,41,79,0.038330078125,0.11083984375,-0.072509765625
guenther2023grammaticality,41,80,0.03076171875,0.10400390625,-0.0732421875
guenther2023grammaticality,41,81,0.1455078125,0.1455078125,0.0
guenther2023grammaticality,41,82,0.08984375,0.1787109375,-0.0888671875
guenther2023grammaticality,41,83,0.05322265625,0.08251953125,-0.029296875
guenther2023grammaticality,41,84,0.03076171875,0.0458984375,-0.01513671875
guenther2023grammaticality,41,85,0.0155029296875,0.12451171875,-0.1090087890625
guenther2023grammaticality,41,86,0.007781982421875,0.08984375,-0.082061767578125
guenther2023grammaticality,41,87,0.007781982421875,0.08984375,-0.082061767578125
guenther2023grammaticality,41,88,0.0458984375,0.0458984375,0.0
guenther2023grammaticality,41,89,0.1455078125,0.345703125,-0.2001953125
guenther2023grammaticality,41,90,2.015625,1.703125,0.3125
guenther2023grammaticality,41,91,0.05322265625,0.22265625,-0.16943359375
guenther2023grammaticality,41,92,0.038330078125,0.060546875,-0.022216796875
guenther2023grammaticality,41,93,0.023193359375,0.0458984375,-0.022705078125
guenther2023grammaticality,41,94,0.0155029296875,0.10400390625,-0.0885009765625
guenther2023grammaticality,41,95,0.038330078125,0.12451171875,-0.086181640625
guenther2023grammaticality,41,96,0.2041015625,0.4765625,-0.2724609375
guenther2023grammaticality,41,97,0.06787109375,0.10400390625,-0.0361328125
guenther2023grammaticality,41,98,0.0155029296875,0.023193359375,-0.0076904296875
guenther2023grammaticality,41,99,1.5,1.90625,-0.40625
guenther2023grammaticality,41,100,0.158203125,0.1787109375,-0.0205078125
guenther2023grammaticality,41,101,0.1455078125,0.25390625,-0.1083984375
guenther2023grammaticality,41,102,0.007781982421875,0.0155029296875,-0.007720947265625
guenther2023grammaticality,41,103,0.007781982421875,0.1455078125,-0.137725830078125
guenther2023grammaticality,41,104,0.03076171875,0.158203125,-0.12744140625
guenther2023grammaticality,41,105,0.023193359375,0.1455078125,-0.122314453125
guenther2023grammaticality,41,106,0.007781982421875,0.08251953125,-0.074737548828125
guenther2023grammaticality,41,107,0.12451171875,0.1455078125,-0.02099609375
guenther2023grammaticality,41,108,0.2041015625,0.11083984375,0.09326171875
guenther2023grammaticality,41,109,0.345703125,0.828125,-0.482421875
guenther2023grammaticality,42,0,0.76171875,0.4765625,0.28515625
guenther2023grammaticality,42,1,0.58984375,0.1455078125,0.4443359375
guenther2023grammaticality,42,2,0.9765625,1.5,-0.5234375
guenther2023grammaticality,42,3,0.1455078125,0.060546875,0.0849609375
guenther2023grammaticality,42,4,0.2294921875,0.25390625,-0.0244140625
guenther2023grammaticality,42,5,0.69140625,0.9765625,-0.28515625
guenther2023grammaticality,42,6,0.08251953125,0.158203125,-0.07568359375
guenther2023grammaticality,42,7,0.7578125,0.6328125,0.125
guenther2023grammaticality,42,8,0.9765625,0.7578125,0.21875
guenther2023grammaticality,42,9,0.0458984375,0.828125,-0.7822265625
guenther2023grammaticality,42,10,0.023193359375,0.22265625,-0.199462890625
guenther2023grammaticality,42,11,0.023193359375,0.345703125,-0.322509765625
guenther2023grammaticality,42,12,0.578125,0.578125,0.0
guenther2023grammaticality,42,13,0.578125,0.08984375,0.48828125
guenther2023grammaticality,42,14,0.007781982421875,0.6328125,-0.625030517578125
guenther2023grammaticality,42,15,0.007781982421875,0.08251953125,-0.074737548828125
guenther2023grammaticality,42,16,0.828125,0.5234375,0.3046875
guenther2023grammaticality,42,17,0.007781982421875,0.25390625,-0.246124267578125
guenther2023grammaticality,42,18,0.0,0.22265625,-0.22265625
guenther2023grammaticality,42,19,0.007781982421875,0.22265625,-0.214874267578125
guenther2023grammaticality,42,20,0.007781982421875,0.11083984375,-0.103057861328125
guenther2023grammaticality,42,21,4.5,1.8046875,2.6953125
guenther2023grammaticality,42,22,1.2265625,0.431640625,0.794921875
guenther2023grammaticality,42,23,0.08251953125,0.158203125,-0.07568359375
guenther2023grammaticality,42,24,0.5234375,0.7578125,-0.234375
guenther2023grammaticality,42,25,0.08984375,0.08984375,0.0
guenther2023grammaticality,42,26,0.06787109375,0.6328125,-0.56494140625
guenther2023grammaticality,42,27,0.345703125,0.345703125,0.0
guenther2023grammaticality,42,28,0.023193359375,0.390625,-0.367431640625
guenther2023grammaticality,42,29,0.03076171875,0.12451171875,-0.09375
guenther2023grammaticality,42,30,0.0155029296875,0.22265625,-0.2071533203125
guenther2023grammaticality,42,31,0.0458984375,0.06787109375,-0.02197265625
guenther2023grammaticality,42,32,0.9765625,0.7578125,0.21875
guenther2023grammaticality,42,33,0.007781982421875,0.12451171875,-0.116729736328125
guenther2023grammaticality,42,34,0.007781982421875,0.0458984375,-0.038116455078125
guenther2023grammaticality,42,35,0.390625,0.25390625,0.13671875
guenther2023grammaticality,42,36,0.0155029296875,0.384765625,-0.3692626953125
guenther2023grammaticality,42,37,0.03076171875,0.3125,-0.28173828125
guenther2023grammaticality,42,38,0.023193359375,0.08251953125,-0.059326171875
guenther2023grammaticality,42,39,0.03076171875,0.08984375,-0.05908203125
guenther2023grammaticality,42,40,0.007781982421875,0.22265625,-0.214874267578125
guenther2023grammaticality,42,41,0.007781982421875,0.25390625,-0.246124267578125
guenther2023grammaticality,42,42,2.6875,0.6328125,2.0546875
guenther2023grammaticality,42,43,0.0155029296875,0.08984375,-0.0743408203125
guenther2023grammaticality,42,44,0.2041015625,0.345703125,-0.1416015625
guenther2023grammaticality,42,45,0.007781982421875,0.1787109375,-0.170928955078125
guenther2023grammaticality,42,46,0.023193359375,0.22265625,-0.199462890625
guenther2023grammaticality,42,47,0.007781982421875,0.12451171875,-0.116729736328125
guenther2023grammaticality,42,48,0.11083984375,0.345703125,-0.23486328125
guenther2023grammaticality,42,49,0.2041015625,0.384765625,-0.1806640625
guenther2023grammaticality,42,50,0.0458984375,0.10400390625,-0.05810546875
guenther2023grammaticality,42,51,0.023193359375,0.08984375,-0.066650390625
guenther2023grammaticality,42,52,0.03076171875,0.283203125,-0.25244140625
guenther2023grammaticality,42,53,0.0155029296875,0.08984375,-0.0743408203125
guenther2023grammaticality,42,54,0.0155029296875,0.08251953125,-0.0670166015625
guenther2023grammaticality,42,55,0.007781982421875,0.3125,-0.304718017578125
guenther2023grammaticality,42,56,0.023193359375,0.0458984375,-0.022705078125
guenther2023grammaticality,42,57,0.007781982421875,0.22265625,-0.214874267578125
guenther2023grammaticality,42,58,0.0155029296875,0.060546875,-0.0450439453125
guenther2023grammaticality,42,59,0.007781982421875,0.05322265625,-0.045440673828125
guenther2023grammaticality,42,60,0.12451171875,0.1787109375,-0.05419921875
guenther2023grammaticality,42,61,0.007781982421875,0.038330078125,-0.030548095703125
guenther2023grammaticality,42,62,0.007781982421875,0.2041015625,-0.196319580078125
guenther2023grammaticality,42,63,0.023193359375,0.0458984375,-0.022705078125
guenther2023grammaticality,42,64,0.0,0.1455078125,-0.1455078125
guenther2023grammaticality,42,65,0.0458984375,0.0458984375,0.0
guenther2023grammaticality,42,66,0.0,0.2041015625,-0.2041015625
guenther2023grammaticality,42,67,0.0,0.1455078125,-0.1455078125
guenther2023grammaticality,42,68,0.0,0.12451171875,-0.12451171875
guenther2023grammaticality,42,69,0.0,0.08984375,-0.08984375
guenther2023grammaticality,42,70,0.023193359375,0.06787109375,-0.044677734375
guenther2023grammaticality,42,71,0.06787109375,0.1787109375,-0.11083984375
guenther2023grammaticality,42,72,0.0,0.1787109375,-0.1787109375
guenther2023grammaticality,42,73,0.007781982421875,0.060546875,-0.052764892578125
guenther2023grammaticality,42,74,0.0,0.12451171875,-0.12451171875
guenther2023grammaticality,42,75,0.06787109375,0.08251953125,-0.0146484375
guenther2023grammaticality,42,76,0.0155029296875,0.0458984375,-0.0303955078125
guenther2023grammaticality,42,77,0.007781982421875,0.023193359375,-0.015411376953125
guenther2023grammaticality,42,78,0.0,0.060546875,-0.060546875
guenther2023grammaticality,42,79,0.0,0.05322265625,-0.05322265625
guenther2023grammaticality,42,80,0.0,0.08251953125,-0.08251953125
guenther2023grammaticality,42,81,6.125,2.359375,3.765625
guenther2023grammaticality,42,82,0.1787109375,0.023193359375,0.155517578125
guenther2023grammaticality,42,83,0.03076171875,0.22265625,-0.19189453125
guenther2023grammaticality,42,84,0.060546875,0.0155029296875,0.0450439453125
guenther2023grammaticality,42,85,0.0458984375,0.06787109375,-0.02197265625
guenther2023grammaticality,42,86,0.0155029296875,0.06787109375,-0.0523681640625
guenther2023grammaticality,42,87,0.03076171875,0.0458984375,-0.01513671875
guenther2023grammaticality,42,88,0.038330078125,0.0458984375,-0.007568359375
guenther2023grammaticality,42,89,0.007781982421875,0.06787109375,-0.060089111328125
guenther2023grammaticality,42,90,0.007781982421875,0.11083984375,-0.103057861328125
guenther2023grammaticality,42,91,0.0155029296875,0.06787109375,-0.0523681640625
guenther2023grammaticality,42,92,0.0155029296875,0.023193359375,-0.0076904296875
guenther2023grammaticality,42,93,0.023193359375,0.023193359375,0.0
guenther2023grammaticality,42,94,0.0155029296875,0.1787109375,-0.1632080078125
guenther2023grammaticality,42,95,0.007781982421875,0.05322265625,-0.045440673828125
guenther2023grammaticality,42,96,0.007781982421875,0.03076171875,-0.022979736328125
guenther2023grammaticality,42,97,0.023193359375,0.038330078125,-0.01513671875
guenther2023grammaticality,42,98,0.007781982421875,0.08984375,-0.082061767578125
guenther2023grammaticality,42,99,0.007781982421875,0.05322265625,-0.045440673828125
guenther2023grammaticality,42,100,0.023193359375,0.007781982421875,0.015411376953125
guenther2023grammaticality,42,101,0.007781982421875,0.0155029296875,-0.007720947265625
guenther2023grammaticality,42,102,0.06787109375,0.08984375,-0.02197265625
guenther2023grammaticality,42,103,0.25390625,0.158203125,0.095703125
guenther2023grammaticality,42,104,0.007781982421875,0.0458984375,-0.038116455078125
guenther2023grammaticality,42,105,0.007781982421875,0.08984375,-0.082061767578125
guenther2023grammaticality,42,106,0.007781982421875,0.0155029296875,-0.007720947265625
guenther2023grammaticality,42,107,0.007781982421875,0.03076171875,-0.022979736328125
guenther2023grammaticality,42,108,0.007781982421875,0.060546875,-0.052764892578125
guenther2023grammaticality,42,109,0.08251953125,0.0458984375,0.03662109375
guenther2023grammaticality,43,0,0.8046875,0.283203125,0.521484375
guenther2023grammaticality,43,1,0.400390625,0.08984375,0.310546875
guenther2023grammaticality,43,2,0.3515625,0.2041015625,0.1474609375
guenther2023grammaticality,43,3,0.25390625,0.05322265625,0.20068359375
guenther2023grammaticality,43,4,0.318359375,0.03076171875,0.28759765625
guenther2023grammaticality,43,5,0.1455078125,0.03076171875,0.11474609375
guenther2023grammaticality,43,6,0.10400390625,0.06787109375,0.0361328125
guenther2023grammaticality,43,7,0.038330078125,0.03076171875,0.007568359375
guenther2023grammaticality,43,8,0.1455078125,0.023193359375,0.122314453125
guenther2023grammaticality,43,9,0.1455078125,0.03076171875,0.11474609375
guenther2023grammaticality,43,10,0.0458984375,0.023193359375,0.022705078125
guenther2023grammaticality,43,11,0.0458984375,0.007781982421875,0.038116455078125
guenther2023grammaticality,43,12,0.03076171875,0.007781982421875,0.022979736328125
guenther2023grammaticality,43,13,0.060546875,0.0155029296875,0.0450439453125
guenther2023grammaticality,43,14,0.038330078125,0.007781982421875,0.030548095703125
guenther2023grammaticality,43,15,0.007781982421875,0.007781982421875,0.0
guenther2023grammaticality,43,16,0.007781982421875,0.007781982421875,0.0
guenther2023grammaticality,43,17,0.259765625,0.03076171875,0.22900390625
guenther2023grammaticality,43,18,0.0751953125,0.0,0.0751953125
guenther2023grammaticality,43,19,0.007781982421875,0.0,0.007781982421875
guenther2023grammaticality,43,20,0.0155029296875,0.007781982421875,0.007720947265625
guenther2023grammaticality,43,21,0.03076171875,0.0,0.03076171875
guenther2023grammaticality,43,22,0.0155029296875,0.0,0.0155029296875
guenther2023grammaticality,43,23,0.007781982421875,0.0,0.007781982421875
guenther2023grammaticality,43,24,0.0155029296875,0.0,0.0155029296875
guenther2023grammaticality,43,25,0.0155029296875,0.007781982421875,0.007720947265625
guenther2023grammaticality,43,26,0.03076171875,0.007781982421875,0.022979736328125
guenther2023grammaticality,43,27,0.0155029296875,0.0,0.0155029296875
guenther2023grammaticality,43,28,0.007781982421875,0.0,0.007781982421875
guenther2023grammaticality,43,29,0.007781982421875,0.0,0.007781982421875
guenther2023grammaticality,43,30,0.007781982421875,0.0,0.007781982421875
guenther2023grammaticality,43,31,6.75,6.875,-0.125
guenther2023grammaticality,43,32,0.1318359375,0.10400390625,0.02783203125
guenther2023grammaticality,43,33,3.171875,2.8125,0.359375
guenther2023grammaticality,43,34,0.3515625,0.25390625,0.09765625
guenther2023grammaticality,43,35,0.158203125,0.11083984375,0.04736328125
guenther2023grammaticality,43,36,0.431640625,0.390625,0.041015625
guenther2023grammaticality,43,37,0.12451171875,0.06787109375,0.056640625
guenther2023grammaticality,43,38,0.12451171875,0.10400390625,0.0205078125
guenther2023grammaticality,43,39,0.11083984375,0.06787109375,0.04296875
guenther2023grammaticality,43,40,0.05322265625,0.038330078125,0.014892578125
guenther2023grammaticality,43,41,0.0458984375,0.03076171875,0.01513671875
guenther2023grammaticality,43,42,0.06787109375,0.060546875,0.00732421875
guenther2023grammaticality,43,43,0.11083984375,0.12451171875,-0.013671875
guenther2023grammaticality,43,44,0.060546875,0.038330078125,0.022216796875
guenther2023grammaticality,43,45,0.03076171875,0.023193359375,0.007568359375
guenther2023grammaticality,43,46,0.060546875,0.038330078125,0.022216796875
guenther2023grammaticality,43,47,0.06787109375,0.038330078125,0.029541015625
guenther2023grammaticality,43,48,0.12451171875,0.08251953125,0.0419921875
guenther2023grammaticality,43,49,0.0458984375,0.03076171875,0.01513671875
guenther2023grammaticality,43,50,0.023193359375,0.0155029296875,0.0076904296875
guenther2023grammaticality,43,51,0.05322265625,0.023193359375,0.030029296875
guenther2023grammaticality,43,52,0.023193359375,0.023193359375,0.0
guenther2023grammaticality,43,53,0.06787109375,0.0458984375,0.02197265625
guenther2023grammaticality,43,54,0.03076171875,0.023193359375,0.007568359375
guenther2023grammaticality,43,55,0.03076171875,0.0155029296875,0.0152587890625
guenther2023grammaticality,43,56,0.023193359375,0.0155029296875,0.0076904296875
guenther2023grammaticality,43,57,0.06787109375,0.060546875,0.00732421875
guenther2023grammaticality,43,58,0.023193359375,0.0155029296875,0.0076904296875
guenther2023grammaticality,43,59,0.023193359375,0.0155029296875,0.0076904296875
guenther2023grammaticality,43,60,2.921875,3.765625,-0.84375
guenther2023grammaticality,43,61,0.05322265625,0.08251953125,-0.029296875
guenther2023grammaticality,43,62,0.0458984375,0.0458984375,0.0
guenther2023grammaticality,43,63,0.08251953125,0.10400390625,-0.021484375
guenther2023grammaticality,43,64,0.03076171875,0.0458984375,-0.01513671875
guenther2023grammaticality,43,65,0.03076171875,0.023193359375,0.007568359375
guenther2023grammaticality,43,66,0.05322265625,0.0458984375,0.00732421875
guenther2023grammaticality,43,67,0.023193359375,0.03076171875,-0.007568359375
guenther2023grammaticality,43,68,0.90234375,0.25390625,0.6484375
guenther2023grammaticality,43,69,0.0458984375,0.0458984375,0.0
guenther2023grammaticality,43,70,0.03076171875,0.0458984375,-0.01513671875
guenther2023grammaticality,43,71,0.03076171875,0.03076171875,0.0
guenther2023grammaticality,43,72,0.023193359375,0.03076171875,-0.007568359375
guenther2023grammaticality,43,73,0.08251953125,0.060546875,0.02197265625
guenther2023grammaticality,43,74,0.023193359375,0.03076171875,-0.007568359375
guenther2023grammaticality,43,75,0.08251953125,0.10400390625,-0.021484375
guenther2023grammaticality,43,76,0.0458984375,0.0458984375,0.0
guenther2023grammaticality,43,77,0.03076171875,0.023193359375,0.007568359375
guenther2023grammaticality,43,78,0.03076171875,0.0458984375,-0.01513671875
guenther2023grammaticality,43,79,0.7578125,0.2041015625,0.5537109375
guenther2023grammaticality,43,80,0.023193359375,0.023193359375,0.0
guenther2023grammaticality,43,81,0.05322265625,0.0458984375,0.00732421875
guenther2023grammaticality,43,82,0.03076171875,0.03076171875,0.0
guenther2023grammaticality,43,83,0.03076171875,0.03076171875,0.0
guenther2023grammaticality,43,84,0.03076171875,0.03076171875,0.0
guenther2023grammaticality,43,85,0.023193359375,0.0155029296875,0.0076904296875
guenther2023grammaticality,43,86,0.023193359375,0.0155029296875,0.0076904296875
guenther2023grammaticality,43,87,0.03076171875,0.03076171875,0.0
guenther2023grammaticality,43,88,0.060546875,0.060546875,0.0
guenther2023grammaticality,43,89,0.023193359375,0.0155029296875,0.0076904296875
guenther2023grammaticality,43,90,0.11083984375,0.06787109375,0.04296875
guenther2023grammaticality,43,91,0.03076171875,0.0155029296875,0.0152587890625
guenther2023grammaticality,43,92,3.890625,3.640625,0.25
guenther2023grammaticality,43,93,0.08984375,0.12451171875,-0.03466796875
guenther2023grammaticality,43,94,0.0458984375,0.060546875,-0.0146484375
guenther2023grammaticality,43,95,0.03076171875,0.0458984375,-0.01513671875
guenther2023grammaticality,43,96,0.08984375,0.11083984375,-0.02099609375
guenther2023grammaticality,43,97,0.03076171875,0.0458984375,-0.01513671875
guenther2023grammaticality,43,98,0.023193359375,0.023193359375,0.0
guenther2023grammaticality,43,99,0.023193359375,0.0155029296875,0.0076904296875
guenther2023grammaticality,43,100,0.023193359375,0.023193359375,0.0
guenther2023grammaticality,43,101,0.0458984375,0.05322265625,-0.00732421875
guenther2023grammaticality,43,102,0.06787109375,0.060546875,0.00732421875
guenther2023grammaticality,43,103,0.038330078125,0.05322265625,-0.014892578125
guenther2023grammaticality,43,104,0.038330078125,0.060546875,-0.022216796875
guenther2023grammaticality,43,105,0.0458984375,0.0458984375,0.0
guenther2023grammaticality,43,106,0.05322265625,0.0458984375,0.00732421875
guenther2023grammaticality,43,107,0.05322265625,0.0458984375,0.00732421875
guenther2023grammaticality,43,108,0.023193359375,0.023193359375,0.0
guenther2023grammaticality,43,109,0.03076171875,0.023193359375,0.007568359375
guenther2023grammaticality,44,0,1.484375,1.40625,0.078125
guenther2023grammaticality,44,1,0.64453125,1.0546875,-0.41015625
guenther2023grammaticality,44,2,0.83203125,0.578125,0.25390625
guenther2023grammaticality,44,3,0.0966796875,0.0458984375,0.05078125
guenther2023grammaticality,44,4,0.283203125,0.2041015625,0.0791015625
guenther2023grammaticality,44,5,0.283203125,0.69140625,-0.408203125
guenther2023grammaticality,44,6,0.7578125,0.578125,0.1796875
guenther2023grammaticality,44,7,0.11083984375,0.22265625,-0.11181640625
guenther2023grammaticality,44,8,1.59375,1.3125,0.28125
guenther2023grammaticality,44,9,0.431640625,1.140625,-0.708984375
guenther2023grammaticality,44,10,0.0,0.345703125,-0.345703125
guenther2023grammaticality,44,11,0.0458984375,0.345703125,-0.2998046875
guenther2023grammaticality,44,12,0.2294921875,0.69140625,-0.4619140625
guenther2023grammaticality,44,13,0.0,0.390625,-0.390625
guenther2023grammaticality,44,14,0.007781982421875,0.3125,-0.304718017578125
guenther2023grammaticality,44,15,0.007781982421875,0.283203125,-0.275421142578125
guenther2023grammaticality,44,16,0.03076171875,0.6328125,-0.60205078125
guenther2023grammaticality,44,17,1.0546875,0.8984375,0.15625
guenther2023grammaticality,44,18,0.0,0.1787109375,-0.1787109375
guenther2023grammaticality,44,19,0.007781982421875,0.283203125,-0.275421142578125
guenther2023grammaticality,44,20,0.0,0.08251953125,-0.08251953125
guenther2023grammaticality,44,21,0.0155029296875,0.4765625,-0.4610595703125
guenther2023grammaticality,44,22,0.0,0.1455078125,-0.1455078125
guenther2023grammaticality,44,23,0.0,0.0155029296875,-0.0155029296875
guenther2023grammaticality,44,24,0.0,0.158203125,-0.158203125
guenther2023grammaticality,44,25,0.007781982421875,0.1787109375,-0.170928955078125
guenther2023grammaticality,44,26,0.0,0.03076171875,-0.03076171875
guenther2023grammaticality,44,27,0.0,0.345703125,-0.345703125
guenther2023grammaticality,44,28,0.0,0.25390625,-0.25390625
guenther2023grammaticality,44,29,0.0,0.1455078125,-0.1455078125
guenther2023grammaticality,44,30,0.0,0.12451171875,-0.12451171875
guenther2023grammaticality,44,31,0.0,0.060546875,-0.060546875
guenther2023grammaticality,44,32,0.0,0.3125,-0.3125
guenther2023grammaticality,44,33,0.007781982421875,0.5234375,-0.515655517578125
guenther2023grammaticality,44,34,0.0,0.1455078125,-0.1455078125
guenther2023grammaticality,44,35,0.4765625,0.1455078125,0.3310546875
guenther2023grammaticality,44,36,0.0,0.08984375,-0.08984375
guenther2023grammaticality,44,37,0.0,0.25390625,-0.25390625
guenther2023grammaticality,44,38,0.0,0.158203125,-0.158203125
guenther2023grammaticality,44,39,0.0,0.11083984375,-0.11083984375
guenther2023grammaticality,44,40,0.0,0.0458984375,-0.0458984375
guenther2023grammaticality,44,41,0.0,0.1455078125,-0.1455078125
guenther2023grammaticality,44,42,0.0,0.1455078125,-0.1455078125
guenther2023grammaticality,44,43,0.023193359375,0.5234375,-0.500244140625
guenther2023grammaticality,44,44,0.0,0.12451171875,-0.12451171875
guenther2023grammaticality,44,45,0.007781982421875,0.25390625,-0.246124267578125
guenther2023grammaticality,44,46,0.0,0.0458984375,-0.0458984375
guenther2023grammaticality,44,47,0.007781982421875,0.11083984375,-0.103057861328125
guenther2023grammaticality,44,48,0.0,0.08251953125,-0.08251953125
guenther2023grammaticality,44,49,0.0,0.10400390625,-0.10400390625
guenther2023grammaticality,44,50,0.0,0.0458984375,-0.0458984375
guenther2023grammaticality,44,51,0.007781982421875,0.06787109375,-0.060089111328125
guenther2023grammaticality,44,52,0.0,0.1787109375,-0.1787109375
guenther2023grammaticality,44,53,0.0,0.0155029296875,-0.0155029296875
guenther2023grammaticality,44,54,0.0,0.11083984375,-0.11083984375
guenther2023grammaticality,44,55,0.0,0.007781982421875,-0.007781982421875
guenther2023grammaticality,44,56,0.0,0.06787109375,-0.06787109375
guenther2023grammaticality,44,57,0.0,0.038330078125,-0.038330078125
guenther2023grammaticality,44,58,0.0,0.023193359375,-0.023193359375
guenther2023grammaticality,44,59,0.0,0.158203125,-0.158203125
guenther2023grammaticality,44,60,0.0,0.06787109375,-0.06787109375
guenther2023grammaticality,44,61,0.0,0.038330078125,-0.038330078125
guenther2023grammaticality,44,62,0.0,0.0155029296875,-0.0155029296875
guenther2023grammaticality,44,63,0.007781982421875,0.06787109375,-0.060089111328125
guenther2023grammaticality,44,64,0.0,0.03076171875,-0.03076171875
guenther2023grammaticality,44,65,0.0,0.03076171875,-0.03076171875
guenther2023grammaticality,44,66,0.0,0.0155029296875,-0.0155029296875
guenther2023grammaticality,44,67,0.0,0.03076171875,-0.03076171875
guenther2023grammaticality,44,68,0.0,0.007781982421875,-0.007781982421875
guenther2023grammaticality,44,69,0.0,0.12451171875,-0.12451171875
guenther2023grammaticality,44,70,0.0,0.007781982421875,-0.007781982421875
guenther2023grammaticality,44,71,0.0,0.05322265625,-0.05322265625
guenther2023grammaticality,44,72,0.0,0.007781982421875,-0.007781982421875
guenther2023grammaticality,44,73,0.0,0.08984375,-0.08984375
guenther2023grammaticality,44,74,0.0,0.023193359375,-0.023193359375
guenther2023grammaticality,44,75,0.0,0.06787109375,-0.06787109375
guenther2023grammaticality,44,76,0.0,0.08984375,-0.08984375
guenther2023grammaticality,44,77,0.0,0.0458984375,-0.0458984375
guenther2023grammaticality,44,78,0.0,0.0155029296875,-0.0155029296875
guenther2023grammaticality,44,79,0.0,0.023193359375,-0.023193359375
guenther2023grammaticality,44,80,0.0,0.0155029296875,-0.0155029296875
guenther2023grammaticality,44,81,0.0,0.03076171875,-0.03076171875
guenther2023grammaticality,44,82,0.0,0.05322265625,-0.05322265625
guenther2023grammaticality,44,83,0.0,0.007781982421875,-0.007781982421875
guenther2023grammaticality,44,84,0.0,0.0458984375,-0.0458984375
guenther2023grammaticality,44,85,0.0,0.0155029296875,-0.0155029296875
guenther2023grammaticality,44,86,0.0,0.03076171875,-0.03076171875
guenther2023grammaticality,44,87,0.0,0.0155029296875,-0.0155029296875
guenther2023grammaticality,44,88,0.0,0.023193359375,-0.023193359375
guenther2023grammaticality,44,89,0.0,0.05322265625,-0.05322265625
guenther2023grammaticality,44,90,0.0,0.007781982421875,-0.007781982421875
guenther2023grammaticality,44,91,0.0,0.0155029296875,-0.0155029296875
guenther2023grammaticality,44,92,0.0,0.007781982421875,-0.007781982421875
guenther2023grammaticality,44,93,0.0,0.03076171875,-0.03076171875
guenther2023grammaticality,44,94,0.0,0.03076171875,-0.03076171875
guenther2023grammaticality,44,95,0.0,0.023193359375,-0.023193359375
guenther2023grammaticality,44,96,0.0,0.023193359375,-0.023193359375
guenther2023grammaticality,44,97,0.0,0.03076171875,-0.03076171875
guenther2023grammaticality,44,98,0.0,0.023193359375,-0.023193359375
guenther2023grammaticality,44,99,0.0,0.007781982421875,-0.007781982421875
guenther2023grammaticality,44,100,0.0,0.007781982421875,-0.007781982421875
guenther2023grammaticality,44,101,0.0,0.08251953125,-0.08251953125
guenther2023grammaticality,44,102,0.0,0.007781982421875,-0.007781982421875
guenther2023grammaticality,44,103,0.0,0.0155029296875,-0.0155029296875
guenther2023grammaticality,44,104,0.0,0.023193359375,-0.023193359375
guenther2023grammaticality,44,105,0.0,0.007781982421875,-0.007781982421875
guenther2023grammaticality,44,106,0.0,0.0155029296875,-0.0155029296875
guenther2023grammaticality,44,107,0.0,0.007781982421875,-0.007781982421875
guenther2023grammaticality,44,108,0.0,0.0,0.0
guenther2023grammaticality,44,109,0.0,0.0155029296875,-0.0155029296875
guenther2023grammaticality,45,0,0.69140625,0.08251953125,0.60888671875
guenther2023grammaticality,45,1,0.546875,0.828125,-0.28125
guenther2023grammaticality,45,2,0.390625,0.0458984375,0.3447265625
guenther2023grammaticality,45,3,0.578125,1.5,-0.921875
guenther2023grammaticality,45,4,0.5234375,0.431640625,0.091796875
guenther2023grammaticality,45,5,0.259765625,0.2041015625,0.0556640625
guenther2023grammaticality,45,6,0.7578125,1.21875,-0.4609375
guenther2023grammaticality,45,7,0.7578125,0.828125,-0.0703125
guenther2023grammaticality,45,8,0.05322265625,0.158203125,-0.10498046875
guenther2023grammaticality,45,9,0.007781982421875,0.6328125,-0.625030517578125
guenther2023grammaticality,45,10,0.7578125,0.5234375,0.234375
guenther2023grammaticality,45,11,0.578125,1.0546875,-0.4765625
guenther2023grammaticality,45,12,0.578125,0.431640625,0.146484375
guenther2023grammaticality,45,13,0.0155029296875,0.5234375,-0.5079345703125
guenther2023grammaticality,45,14,0.007781982421875,0.08984375,-0.082061767578125
guenther2023grammaticality,45,15,0.007781982421875,0.05322265625,-0.045440673828125
guenther2023grammaticality,45,16,0.0155029296875,0.08251953125,-0.0670166015625
guenther2023grammaticality,45,17,0.007781982421875,0.431640625,-0.423858642578125
guenther2023grammaticality,45,18,0.007781982421875,0.3125,-0.304718017578125
guenther2023grammaticality,45,19,0.007781982421875,0.25390625,-0.246124267578125
guenther2023grammaticality,45,20,1.3125,0.5234375,0.7890625
guenther2023grammaticality,45,21,0.7578125,0.390625,0.3671875
guenther2023grammaticality,45,22,0.007781982421875,0.25390625,-0.246124267578125
guenther2023grammaticality,45,23,0.007781982421875,0.158203125,-0.150421142578125
guenther2023grammaticality,45,24,0.0,0.05322265625,-0.05322265625
guenther2023grammaticality,45,25,0.0,0.06787109375,-0.06787109375
guenther2023grammaticality,45,26,0.0,0.12451171875,-0.12451171875
guenther2023grammaticality,45,27,0.007781982421875,0.05322265625,-0.045440673828125
guenther2023grammaticality,45,28,5.5,1.3125,4.1875
guenther2023grammaticality,45,29,0.3125,0.7578125,-0.4453125
guenther2023grammaticality,45,30,0.390625,0.7578125,-0.3671875
guenther2023grammaticality,45,31,0.390625,0.69140625,-0.30078125
guenther2023grammaticality,45,32,0.08251953125,0.4765625,-0.39404296875
guenther2023grammaticality,45,33,0.06787109375,0.4765625,-0.40869140625
guenther2023grammaticality,45,34,0.12451171875,0.22265625,-0.09814453125
guenther2023grammaticality,45,35,0.05322265625,0.25390625,-0.20068359375
guenther2023grammaticality,45,36,0.22265625,0.1787109375,0.0439453125
guenther2023grammaticality,45,37,0.08984375,0.283203125,-0.193359375
guenther2023grammaticality,45,38,0.038330078125,0.0458984375,-0.007568359375
guenther2023grammaticality,45,39,0.08251953125,0.3125,-0.22998046875
guenther2023grammaticality,45,40,2.46875,1.8046875,0.6640625
guenther2023grammaticality,45,41,0.060546875,0.06787109375,-0.00732421875
guenther2023grammaticality,45,42,3.40625,2.234375,1.171875
guenther2023grammaticality,45,43,0.2041015625,0.390625,-0.1865234375
guenther2023grammaticality,45,44,0.1787109375,0.25390625,-0.0751953125
guenther2023grammaticality,45,45,0.158203125,0.25390625,-0.095703125
guenther2023grammaticality,45,46,0.10400390625,0.22265625,-0.11865234375
guenther2023grammaticality,45,47,0.158203125,0.08251953125,0.07568359375
guenther2023grammaticality,45,48,0.69140625,0.6328125,0.05859375
guenther2023grammaticality,45,49,0.11083984375,0.1787109375,-0.06787109375
guenther2023grammaticality,45,50,0.10400390625,0.10400390625,0.0
guenther2023grammaticality,45,51,0.4765625,0.3125,0.1640625
guenther2023grammaticality,45,52,0.08251953125,0.08984375,-0.00732421875
guenther2023grammaticality,45,53,0.023193359375,0.023193359375,0.0
guenther2023grammaticality,45,54,0.038330078125,0.06787109375,-0.029541015625
guenther2023grammaticality,45,55,0.060546875,0.12451171875,-0.06396484375
guenther2023grammaticality,45,56,0.5234375,0.4765625,0.046875
guenther2023grammaticality,45,57,0.0458984375,0.08984375,-0.0439453125
guenther2023grammaticality,45,58,0.03076171875,0.038330078125,-0.007568359375
guenther2023grammaticality,45,59,0.345703125,0.3125,0.033203125
guenther2023grammaticality,45,60,0.023193359375,0.023193359375,0.0
guenther2023grammaticality,45,61,0.08251953125,0.1787109375,-0.09619140625
guenther2023grammaticality,45,62,0.023193359375,0.1787109375,-0.155517578125
guenther2023grammaticality,45,63,0.390625,0.283203125,0.107421875
guenther2023grammaticality,45,64,0.1455078125,0.06787109375,0.07763671875
guenther2023grammaticality,45,65,0.11083984375,0.345703125,-0.23486328125
guenther2023grammaticality,45,66,0.05322265625,0.03076171875,0.0224609375
guenther2023grammaticality,45,67,0.0155029296875,0.0155029296875,0.0
guenther2023grammaticality,45,68,0.0458984375,0.1787109375,-0.1328125
guenther2023grammaticality,45,69,0.023193359375,0.060546875,-0.037353515625
guenther2023grammaticality,45,70,0.03076171875,0.03076171875,0.0
guenther2023grammaticality,45,71,2.015625,2.234375,-0.21875
guenther2023grammaticality,45,72,0.11083984375,0.10400390625,0.0068359375
guenther2023grammaticality,45,73,0.431640625,0.4765625,-0.044921875
guenther2023grammaticality,45,74,0.060546875,0.08251953125,-0.02197265625
guenther2023grammaticality,45,75,0.060546875,0.03076171875,0.02978515625
guenther2023grammaticality,45,76,0.4765625,0.384765625,0.091796875
guenther2023grammaticality,45,77,0.4765625,0.384765625,0.091796875
guenther2023grammaticality,45,78,0.283203125,0.25390625,0.029296875
guenther2023grammaticality,45,79,0.158203125,0.12451171875,0.03369140625
guenther2023grammaticality,45,80,0.0458984375,0.158203125,-0.1123046875
guenther2023grammaticality,45,81,4.25,2.8125,1.4375
guenther2023grammaticality,45,82,0.06787109375,0.22265625,-0.15478515625
guenther2023grammaticality,45,83,0.11083984375,0.11083984375,0.0
guenther2023grammaticality,45,84,0.25390625,0.283203125,-0.029296875
guenther2023grammaticality,45,85,2.921875,2.015625,0.90625
guenther2023grammaticality,45,86,0.431640625,0.283203125,0.1484375
guenther2023grammaticality,45,87,0.06787109375,0.08251953125,-0.0146484375
guenther2023grammaticality,45,88,0.08251953125,0.038330078125,0.044189453125
guenther2023grammaticality,45,89,0.08251953125,0.1787109375,-0.09619140625
guenther2023grammaticality,45,90,0.431640625,0.2041015625,0.2275390625
guenther2023grammaticality,45,91,0.0458984375,0.12451171875,-0.07861328125
guenther2023grammaticality,45,92,0.0458984375,0.10400390625,-0.05810546875
guenther2023grammaticality,45,93,0.22265625,0.25390625,-0.03125
guenther2023grammaticality,45,94,0.2041015625,0.11083984375,0.09326171875
guenther2023grammaticality,45,95,0.060546875,0.12451171875,-0.06396484375
guenther2023grammaticality,45,96,0.345703125,0.384765625,-0.0390625
guenther2023grammaticality,45,97,0.2041015625,0.345703125,-0.1416015625
guenther2023grammaticality,45,98,0.05322265625,0.038330078125,0.014892578125
guenther2023grammaticality,45,99,0.06787109375,0.06787109375,0.0
guenther2023grammaticality,45,100,0.158203125,0.10400390625,0.05419921875
guenther2023grammaticality,45,101,0.1787109375,0.11083984375,0.06787109375
guenther2023grammaticality,45,102,0.11083984375,0.2041015625,-0.09326171875
guenther2023grammaticality,45,103,0.03076171875,0.023193359375,0.007568359375
guenther2023grammaticality,45,104,0.060546875,0.08251953125,-0.02197265625
guenther2023grammaticality,45,105,0.10400390625,0.1455078125,-0.04150390625
guenther2023grammaticality,45,106,0.023193359375,0.08251953125,-0.059326171875
guenther2023grammaticality,45,107,0.283203125,0.25390625,0.029296875
guenther2023grammaticality,45,108,0.03076171875,0.05322265625,-0.0224609375
guenther2023grammaticality,45,109,0.0458984375,0.08984375,-0.0439453125
guenther2023grammaticality,46,0,0.71484375,0.283203125,0.431640625
guenther2023grammaticality,46,1,0.76953125,0.12451171875,0.64501953125
guenther2023grammaticality,46,2,0.15234375,0.060546875,0.091796875
guenther2023grammaticality,46,3,1.2265625,1.3125,-0.0859375
guenther2023grammaticality,46,4,0.03076171875,0.12451171875,-0.09375
guenther2023grammaticality,46,5,0.431640625,0.4765625,-0.044921875
guenther2023grammaticality,46,6,0.0155029296875,0.06787109375,-0.0523681640625
guenther2023grammaticality,46,7,0.283203125,0.1787109375,0.1044921875
guenther2023grammaticality,46,8,0.2294921875,0.11083984375,0.11865234375
guenther2023grammaticality,46,9,1.90625,1.90625,0.0
guenther2023grammaticality,46,10,0.007781982421875,0.05322265625,-0.045440673828125
guenther2023grammaticality,46,11,3.171875,0.7578125,2.4140625
guenther2023grammaticality,46,12,0.6328125,0.345703125,0.287109375
guenther2023grammaticality,46,13,2.578125,3.765625,-1.1875
guenther2023grammaticality,46,14,0.3515625,0.25390625,0.09765625
guenther2023grammaticality,46,15,1.140625,1.703125,-0.5625
guenther2023grammaticality,46,16,0.431640625,0.22265625,0.208984375
guenther2023grammaticality,46,17,0.3515625,0.158203125,0.193359375
guenther2023grammaticality,46,18,0.431640625,0.3125,0.119140625
guenther2023grammaticality,46,19,1.140625,1.59375,-0.453125
guenther2023grammaticality,46,20,0.283203125,0.283203125,0.0
guenther2023grammaticality,46,21,0.283203125,0.22265625,0.060546875
guenther2023grammaticality,46,22,0.5234375,0.431640625,0.091796875
guenther2023grammaticality,46,23,0.283203125,0.12451171875,0.15869140625
guenther2023grammaticality,46,24,0.283203125,0.22265625,0.060546875
guenther2023grammaticality,46,25,0.345703125,0.10400390625,0.24169921875
guenther2023grammaticality,46,26,0.9765625,1.3125,-0.3359375
guenther2023grammaticality,46,27,0.1455078125,0.12451171875,0.02099609375
guenther2023grammaticality,46,28,0.390625,0.1787109375,0.2119140625
guenther2023grammaticality,46,29,1.0546875,1.5,-0.4453125
guenther2023grammaticality,46,30,0.1787109375,0.1455078125,0.033203125
guenther2023grammaticality,46,31,0.12451171875,0.08984375,0.03466796875
guenther2023grammaticality,46,32,0.25390625,0.1787109375,0.0751953125
guenther2023grammaticality,46,33,0.10400390625,0.1455078125,-0.04150390625
guenther2023grammaticality,46,34,0.6328125,0.8984375,-0.265625
guenther2023grammaticality,46,35,0.578125,0.283203125,0.294921875
guenther2023grammaticality,46,36,0.578125,0.578125,0.0
guenther2023grammaticality,46,37,0.1787109375,0.1787109375,0.0
guenther2023grammaticality,46,38,2.46875,1.8046875,0.6640625
guenther2023grammaticality,46,39,0.578125,0.828125,-0.25
guenther2023grammaticality,46,40,0.345703125,0.4765625,-0.130859375
guenther2023grammaticality,46,41,0.345703125,0.283203125,0.0625
guenther2023grammaticality,46,42,0.69140625,0.578125,0.11328125
guenther2023grammaticality,46,43,0.390625,0.390625,0.0
guenther2023grammaticality,46,44,0.2041015625,0.22265625,-0.0185546875
guenther2023grammaticality,46,45,0.431640625,0.7578125,-0.326171875
guenther2023grammaticality,46,46,0.1455078125,0.22265625,-0.0771484375
guenther2023grammaticality,46,47,0.22265625,0.22265625,0.0
guenther2023grammaticality,46,48,0.158203125,0.1455078125,0.0126953125
guenther2023grammaticality,46,49,0.1787109375,0.1787109375,0.0
guenther2023grammaticality,46,50,0.158203125,0.22265625,-0.064453125
guenther2023grammaticality,46,51,0.283203125,0.390625,-0.107421875
guenther2023grammaticality,46,52,0.1455078125,0.3125,-0.1669921875
guenther2023grammaticality,46,53,0.08984375,0.1455078125,-0.0556640625
guenther2023grammaticality,46,54,0.08251953125,0.158203125,-0.07568359375
guenther2023grammaticality,46,55,0.10400390625,0.69140625,-0.58740234375
guenther2023grammaticality,46,56,0.038330078125,0.345703125,-0.307373046875
guenther2023grammaticality,46,57,1.3125,1.140625,0.171875
guenther2023grammaticality,46,58,0.158203125,0.25390625,-0.095703125
guenther2023grammaticality,46,59,0.2041015625,0.283203125,-0.0791015625
guenther2023grammaticality,46,60,0.08984375,0.158203125,-0.068359375
guenther2023grammaticality,46,61,0.08251953125,0.345703125,-0.26318359375
guenther2023grammaticality,46,62,0.828125,0.828125,0.0
guenther2023grammaticality,46,63,0.03076171875,0.25390625,-0.22314453125
guenther2023grammaticality,46,64,0.12451171875,0.10400390625,0.0205078125
guenther2023grammaticality,46,65,0.158203125,0.1787109375,-0.0205078125
guenther2023grammaticality,46,66,0.10400390625,0.2041015625,-0.10009765625
guenther2023grammaticality,46,67,0.10400390625,0.08251953125,0.021484375
guenther2023grammaticality,46,68,0.11083984375,0.10400390625,0.0068359375
guenther2023grammaticality,46,69,0.6328125,0.69140625,-0.05859375
guenther2023grammaticality,46,70,0.08251953125,0.2041015625,-0.12158203125
guenther2023grammaticality,46,71,0.0458984375,0.2041015625,-0.158203125
guenther2023grammaticality,46,72,0.03076171875,0.10400390625,-0.0732421875
guenther2023grammaticality,46,73,0.038330078125,0.1787109375,-0.140380859375
guenther2023grammaticality,46,74,0.0458984375,0.08984375,-0.0439453125
guenther2023grammaticality,46,75,0.06787109375,0.2041015625,-0.13623046875
guenther2023grammaticality,46,76,0.03076171875,0.12451171875,-0.09375
guenther2023grammaticality,46,77,0.03076171875,0.06787109375,-0.037109375
guenther2023grammaticality,46,78,0.390625,0.5234375,-0.1328125
guenther2023grammaticality,46,79,0.023193359375,0.08984375,-0.066650390625
guenther2023grammaticality,46,80,0.03076171875,0.06787109375,-0.037109375
guenther2023grammaticality,46,81,0.023193359375,0.1787109375,-0.155517578125
guenther2023grammaticality,46,82,0.0458984375,0.11083984375,-0.06494140625
guenther2023grammaticality,46,83,0.0458984375,0.11083984375,-0.06494140625
guenther2023grammaticality,46,84,0.06787109375,0.12451171875,-0.056640625
guenther2023grammaticality,46,85,0.023193359375,0.08984375,-0.066650390625
guenther2023grammaticality,46,86,0.0155029296875,0.03076171875,-0.0152587890625
guenther2023grammaticality,46,87,0.038330078125,0.08251953125,-0.044189453125
guenther2023grammaticality,46,88,0.023193359375,0.1455078125,-0.122314453125
guenther2023grammaticality,46,89,0.03076171875,0.0458984375,-0.01513671875
guenther2023grammaticality,46,90,1.21875,1.0546875,0.1640625
guenther2023grammaticality,46,91,0.0458984375,0.11083984375,-0.06494140625
guenther2023grammaticality,46,92,0.4765625,0.5234375,-0.046875
guenther2023grammaticality,46,93,0.0155029296875,0.08984375,-0.0743408203125
guenther2023grammaticality,46,94,0.038330078125,0.12451171875,-0.086181640625
guenther2023grammaticality,46,95,0.3125,0.384765625,-0.072265625
guenther2023grammaticality,46,96,0.023193359375,0.0458984375,-0.022705078125
guenther2023grammaticality,46,97,0.0155029296875,0.03076171875,-0.0152587890625
guenther2023grammaticality,46,98,0.0458984375,0.12451171875,-0.07861328125
guenther2023grammaticality,46,99,0.03076171875,0.1455078125,-0.11474609375
guenther2023grammaticality,46,100,0.007781982421875,0.023193359375,-0.015411376953125
guenther2023grammaticality,46,101,0.8984375,0.6328125,0.265625
guenther2023grammaticality,46,102,0.03076171875,0.11083984375,-0.080078125
guenther2023grammaticality,46,103,0.25390625,0.25390625,0.0
guenther2023grammaticality,46,104,0.023193359375,0.03076171875,-0.007568359375
guenther2023grammaticality,46,105,0.023193359375,0.11083984375,-0.087646484375
guenther2023grammaticality,46,106,0.007781982421875,0.06787109375,-0.060089111328125
guenther2023grammaticality,46,107,0.007781982421875,0.023193359375,-0.015411376953125
guenther2023grammaticality,46,108,0.03076171875,0.08984375,-0.05908203125
guenther2023grammaticality,46,109,0.007781982421875,0.0155029296875,-0.007720947265625
guenther2023grammaticality,47,0,1.0546875,0.4765625,0.578125
guenther2023grammaticality,47,1,0.83984375,0.10400390625,0.73583984375
guenther2023grammaticality,47,2,0.63671875,0.11083984375,0.52587890625
guenther2023grammaticality,47,3,0.25390625,0.038330078125,0.215576171875
guenther2023grammaticality,47,4,0.69921875,0.9765625,-0.27734375
guenther2023grammaticality,47,5,0.038330078125,0.25390625,-0.215576171875
guenther2023grammaticality,47,6,0.69140625,0.431640625,0.259765625
guenther2023grammaticality,47,7,0.1455078125,0.431640625,-0.2861328125
guenther2023grammaticality,47,8,0.007781982421875,0.345703125,-0.337921142578125
guenther2023grammaticality,47,9,0.0155029296875,0.158203125,-0.1427001953125
guenther2023grammaticality,47,10,0.08251953125,0.0458984375,0.03662109375
guenther2023grammaticality,47,11,0.6328125,0.345703125,0.287109375
guenther2023grammaticality,47,12,1.140625,1.3125,-0.171875
guenther2023grammaticality,47,13,0.4765625,0.578125,-0.1015625
guenther2023grammaticality,47,14,0.0155029296875,0.8984375,-0.8829345703125
guenther2023grammaticality,47,15,0.283203125,0.390625,-0.107421875
guenther2023grammaticality,47,16,0.0155029296875,0.390625,-0.3751220703125
guenther2023grammaticality,47,17,0.0,0.283203125,-0.283203125
guenther2023grammaticality,47,18,0.007781982421875,0.1787109375,-0.170928955078125
guenther2023grammaticality,47,19,0.7578125,0.158203125,0.599609375
guenther2023grammaticality,47,20,0.007781982421875,0.11083984375,-0.103057861328125
guenther2023grammaticality,47,21,0.007781982421875,0.22265625,-0.214874267578125
guenther2023grammaticality,47,22,0.0,0.4765625,-0.4765625
guenther2023grammaticality,47,23,0.0,0.431640625,-0.431640625
guenther2023grammaticality,47,24,0.0,0.08984375,-0.08984375
guenther2023grammaticality,47,25,0.0,0.0458984375,-0.0458984375
guenther2023grammaticality,47,26,0.007781982421875,0.1787109375,-0.170928955078125
guenther2023grammaticality,47,27,0.0,0.25390625,-0.25390625
guenther2023grammaticality,47,28,0.007781982421875,0.158203125,-0.150421142578125
guenther2023grammaticality,47,29,0.0,0.038330078125,-0.038330078125
guenther2023grammaticality,47,30,0.0,0.1787109375,-0.1787109375
guenther2023grammaticality,47,31,0.0,0.03076171875,-0.03076171875
guenther2023grammaticality,47,32,0.0,0.08251953125,-0.08251953125
guenther2023grammaticality,47,33,0.0,0.1455078125,-0.1455078125
guenther2023grammaticality,47,34,0.0,0.06787109375,-0.06787109375
guenther2023grammaticality,47,35,1.90625,1.21875,0.6875
guenther2023grammaticality,47,36,0.0,0.0458984375,-0.0458984375
guenther2023grammaticality,47,37,0.0,0.12451171875,-0.12451171875
guenther2023grammaticality,47,38,0.007781982421875,0.384765625,-0.376983642578125
guenther2023grammaticality,47,39,0.0,0.10400390625,-0.10400390625
guenther2023grammaticality,47,40,0.0,0.25390625,-0.25390625
guenther2023grammaticality,47,41,0.0,0.1455078125,-0.1455078125
guenther2023grammaticality,47,42,0.0,0.06787109375,-0.06787109375
guenther2023grammaticality,47,43,0.0,0.10400390625,-0.10400390625
guenther2023grammaticality,47,44,0.0,0.03076171875,-0.03076171875
guenther2023grammaticality,47,45,0.0,0.060546875,-0.060546875
guenther2023grammaticality,47,46,0.007781982421875,0.345703125,-0.337921142578125
guenther2023grammaticality,47,47,0.0,0.03076171875,-0.03076171875
guenther2023grammaticality,47,48,0.0,0.038330078125,-0.038330078125
guenther2023grammaticality,47,49,0.0,0.08251953125,-0.08251953125
guenther2023grammaticality,47,50,0.0,0.023193359375,-0.023193359375
guenther2023grammaticality,47,51,0.0,0.345703125,-0.345703125
guenther2023grammaticality,47,52,0.0,0.08251953125,-0.08251953125
guenther2023grammaticality,47,53,0.0,0.060546875,-0.060546875
guenther2023grammaticality,47,54,0.0,0.007781982421875,-0.007781982421875
guenther2023grammaticality,47,55,0.0,0.22265625,-0.22265625
guenther2023grammaticality,47,56,0.0,0.038330078125,-0.038330078125
guenther2023grammaticality,47,57,0.0,0.12451171875,-0.12451171875
guenther2023grammaticality,47,58,0.0,0.007781982421875,-0.007781982421875
guenther2023grammaticality,47,59,0.0,0.12451171875,-0.12451171875
guenther2023grammaticality,47,60,0.0,0.158203125,-0.158203125
guenther2023grammaticality,47,61,0.0,0.03076171875,-0.03076171875
guenther2023grammaticality,47,62,0.0,0.06787109375,-0.06787109375
guenther2023grammaticality,47,63,0.0,0.0458984375,-0.0458984375
guenther2023grammaticality,47,64,0.0,0.023193359375,-0.023193359375
guenther2023grammaticality,47,65,0.0,0.05322265625,-0.05322265625
guenther2023grammaticality,47,66,0.0,0.158203125,-0.158203125
guenther2023grammaticality,47,67,0.0,0.023193359375,-0.023193359375
guenther2023grammaticality,47,68,0.0,0.0458984375,-0.0458984375
guenther2023grammaticality,47,69,0.0,0.0155029296875,-0.0155029296875
guenther2023grammaticality,47,70,0.0,0.0155029296875,-0.0155029296875
guenther2023grammaticality,47,71,0.0,0.060546875,-0.060546875
guenther2023grammaticality,47,72,0.0,0.10400390625,-0.10400390625
guenther2023grammaticality,47,73,0.007781982421875,0.158203125,-0.150421142578125
guenther2023grammaticality,47,74,0.0,0.0458984375,-0.0458984375
guenther2023grammaticality,47,75,0.0,0.12451171875,-0.12451171875
guenther2023grammaticality,47,76,0.0,0.0458984375,-0.0458984375
guenther2023grammaticality,47,77,0.0,0.11083984375,-0.11083984375
guenther2023grammaticality,47,78,0.0,0.03076171875,-0.03076171875
guenther2023grammaticality,47,79,0.0,0.023193359375,-0.023193359375
guenther2023grammaticality,47,80,6.75,3.046875,3.703125
guenther2023grammaticality,47,81,0.007781982421875,0.0458984375,-0.038116455078125
guenther2023grammaticality,47,82,0.0458984375,0.060546875,-0.0146484375
guenther2023grammaticality,47,83,0.03076171875,0.060546875,-0.02978515625
guenther2023grammaticality,47,84,0.05322265625,0.0458984375,0.00732421875
guenther2023grammaticality,47,85,0.038330078125,0.023193359375,0.01513671875
guenther2023grammaticality,47,86,0.007781982421875,0.0155029296875,-0.007720947265625
guenther2023grammaticality,47,87,0.5234375,0.431640625,0.091796875
guenther2023grammaticality,47,88,0.007781982421875,0.08251953125,-0.074737548828125
guenther2023grammaticality,47,89,0.0,0.03076171875,-0.03076171875
guenther2023grammaticality,47,90,0.0,0.03076171875,-0.03076171875
guenther2023grammaticality,47,91,0.0155029296875,0.05322265625,-0.0377197265625
guenther2023grammaticality,47,92,0.0,0.023193359375,-0.023193359375
guenther2023grammaticality,47,93,0.25390625,0.2041015625,0.0498046875
guenther2023grammaticality,47,94,0.0155029296875,0.03076171875,-0.0152587890625
guenther2023grammaticality,47,95,0.023193359375,0.023193359375,0.0
guenther2023grammaticality,47,96,0.0,0.023193359375,-0.023193359375
guenther2023grammaticality,47,97,0.007781982421875,0.03076171875,-0.022979736328125
guenther2023grammaticality,47,98,0.007781982421875,0.0155029296875,-0.007720947265625
guenther2023grammaticality,47,99,0.007781982421875,0.12451171875,-0.116729736328125
guenther2023grammaticality,47,100,0.007781982421875,0.0155029296875,-0.007720947265625
guenther2023grammaticality,47,101,0.007781982421875,0.06787109375,-0.060089111328125
guenther2023grammaticality,47,102,0.0,0.060546875,-0.060546875
guenther2023grammaticality,47,103,0.0155029296875,0.06787109375,-0.0523681640625
guenther2023grammaticality,47,104,0.0155029296875,0.03076171875,-0.0152587890625
guenther2023grammaticality,47,105,0.11083984375,0.1455078125,-0.03466796875
guenther2023grammaticality,47,106,0.0,0.007781982421875,-0.007781982421875
guenther2023grammaticality,47,107,0.007781982421875,0.0155029296875,-0.007720947265625
guenther2023grammaticality,47,108,0.0,0.023193359375,-0.023193359375
guenther2023grammaticality,47,109,0.007781982421875,0.03076171875,-0.022979736328125
guenther2023grammaticality,48,0,0.94140625,0.63671875,0.3046875
guenther2023grammaticality,48,1,0.53515625,0.1455078125,0.3896484375
guenther2023grammaticality,48,2,0.2294921875,0.12451171875,0.10498046875
guenther2023grammaticality,48,3,0.2294921875,0.11083984375,0.11865234375
guenther2023grammaticality,48,4,0.2890625,0.0458984375,0.2431640625
guenther2023grammaticality,48,5,0.435546875,0.08984375,0.345703125
guenther2023grammaticality,48,6,0.1455078125,0.08984375,0.0556640625
guenther2023grammaticality,48,7,0.05322265625,0.03076171875,0.0224609375
guenther2023grammaticality,48,8,0.0458984375,0.03076171875,0.01513671875
guenther2023grammaticality,48,9,0.63671875,0.0458984375,0.5908203125
guenther2023grammaticality,48,10,0.05322265625,0.03076171875,0.0224609375
guenther2023grammaticality,48,11,0.0155029296875,0.023193359375,-0.0076904296875
guenther2023grammaticality,48,12,0.007781982421875,0.007781982421875,0.0
guenther2023grammaticality,48,13,0.038330078125,0.0458984375,-0.007568359375
guenther2023grammaticality,48,14,0.007781982421875,0.007781982421875,0.0
guenther2023grammaticality,48,15,0.0,0.007781982421875,-0.007781982421875
guenther2023grammaticality,48,16,0.0,0.007781982421875,-0.007781982421875
guenther2023grammaticality,48,17,0.007781982421875,0.007781982421875,0.0
guenther2023grammaticality,48,18,0.0155029296875,0.06787109375,-0.0523681640625
guenther2023grammaticality,48,19,0.007781982421875,0.007781982421875,0.0
guenther2023grammaticality,48,20,5.875,4.375,1.5
guenther2023grammaticality,48,21,0.038330078125,0.05322265625,-0.014892578125
guenther2023grammaticality,48,22,0.11083984375,0.11083984375,0.0
guenther2023grammaticality,48,23,0.007781982421875,0.03076171875,-0.022979736328125
guenther2023grammaticality,48,24,0.05322265625,0.05322265625,0.0
guenther2023grammaticality,48,25,0.11083984375,0.06787109375,0.04296875
guenther2023grammaticality,48,26,0.0155029296875,0.0155029296875,0.0
guenther2023grammaticality,48,27,0.10400390625,0.05322265625,0.05078125
guenther2023grammaticality,48,28,0.1455078125,0.038330078125,0.107177734375
guenther2023grammaticality,48,29,0.007781982421875,0.060546875,-0.052764892578125
guenther2023grammaticality,48,30,0.10400390625,0.038330078125,0.065673828125
guenther2023grammaticality,48,31,0.0155029296875,0.023193359375,-0.0076904296875
guenther2023grammaticality,48,32,0.038330078125,0.0155029296875,0.0228271484375
guenther2023grammaticality,48,33,0.0155029296875,0.007781982421875,0.007720947265625
guenther2023grammaticality,48,34,0.0155029296875,0.0155029296875,0.0
guenther2023grammaticality,48,35,0.0155029296875,0.0155029296875,0.0
guenther2023grammaticality,48,36,0.007781982421875,0.0155029296875,-0.007720947265625
guenther2023grammaticality,48,37,0.007781982421875,0.007781982421875,0.0
guenther2023grammaticality,48,38,0.007781982421875,0.007781982421875,0.0
guenther2023grammaticality,48,39,0.023193359375,0.0155029296875,0.0076904296875
guenther2023grammaticality,48,40,0.007781982421875,0.007781982421875,0.0
guenther2023grammaticality,48,41,0.007781982421875,0.007781982421875,0.0
guenther2023grammaticality,48,42,0.007781982421875,0.007781982421875,0.0
guenther2023grammaticality,48,43,0.023193359375,0.03076171875,-0.007568359375
guenther2023grammaticality,48,44,0.007781982421875,0.0,0.007781982421875
guenther2023grammaticality,48,45,0.0155029296875,0.007781982421875,0.007720947265625
guenther2023grammaticality,48,46,0.3125,0.08984375,0.22265625
guenther2023grammaticality,48,47,0.007781982421875,0.007781982421875,0.0
guenther2023grammaticality,48,48,0.007781982421875,0.0,0.007781982421875
guenther2023grammaticality,48,49,0.0155029296875,0.0155029296875,0.0
guenther2023grammaticality,48,50,0.007781982421875,0.007781982421875,0.0
guenther2023grammaticality,48,51,0.007781982421875,0.03076171875,-0.022979736328125
guenther2023grammaticality,48,52,0.007781982421875,0.0,0.007781982421875
guenther2023grammaticality,48,53,0.1455078125,0.023193359375,0.122314453125
guenther2023grammaticality,48,54,0.007781982421875,0.007781982421875,0.0
guenther2023grammaticality,48,55,0.007781982421875,0.0,0.007781982421875
guenther2023grammaticality,48,56,0.038330078125,0.0155029296875,0.0228271484375
guenther2023grammaticality,48,57,0.007781982421875,0.007781982421875,0.0
guenther2023grammaticality,48,58,0.007781982421875,0.0,0.007781982421875
guenther2023grammaticality,48,59,0.0,0.0,0.0
guenther2023grammaticality,48,60,0.0,0.007781982421875,-0.007781982421875
guenther2023grammaticality,48,61,0.007781982421875,0.0,0.007781982421875
guenther2023grammaticality,48,62,0.0,0.0,0.0
guenther2023grammaticality,48,63,0.0,0.0,0.0
guenther2023grammaticality,48,64,0.0,0.0,0.0
guenther2023grammaticality,48,65,0.0,0.0,0.0
guenther2023grammaticality,48,66,0.0,0.0,0.0
guenther2023grammaticality,48,67,0.08984375,0.023193359375,0.066650390625
guenther2023grammaticality,48,68,0.023193359375,0.007781982421875,0.015411376953125
guenther2023grammaticality,48,69,0.007781982421875,0.0,0.007781982421875
guenther2023grammaticality,48,70,0.007781982421875,0.007781982421875,0.0
guenther2023grammaticality,48,71,0.007781982421875,0.0,0.007781982421875
guenther2023grammaticality,48,72,0.023193359375,0.007781982421875,0.015411376953125
guenther2023grammaticality,48,73,0.0,0.0,0.0
guenther2023grammaticality,48,74,0.007781982421875,0.0,0.007781982421875
guenther2023grammaticality,48,75,0.007781982421875,0.0,0.007781982421875
guenther2023grammaticality,48,76,0.0,0.0,0.0
guenther2023grammaticality,48,77,0.007781982421875,0.0,0.007781982421875
guenther2023grammaticality,48,78,0.007781982421875,0.0,0.007781982421875
guenther2023grammaticality,48,79,0.007781982421875,0.0,0.007781982421875
guenther2023grammaticality,48,80,0.0155029296875,0.0,0.0155029296875
guenther2023grammaticality,48,81,0.0,0.0,0.0
guenther2023grammaticality,48,82,0.0,0.0,0.0
guenther2023grammaticality,48,83,0.007781982421875,0.0,0.007781982421875
guenther2023grammaticality,48,84,0.007781982421875,0.0,0.007781982421875
guenther2023grammaticality,48,85,0.007781982421875,0.023193359375,-0.015411376953125
guenther2023grammaticality,48,86,0.03076171875,0.007781982421875,0.022979736328125
guenther2023grammaticality,48,87,0.0,0.0,0.0
guenther2023grammaticality,48,88,0.0,0.0,0.0
guenther2023grammaticality,48,89,0.0,0.0,0.0
guenther2023grammaticality,48,90,5.875,6.625,-0.75
guenther2023grammaticality,48,91,0.023193359375,0.0155029296875,0.0076904296875
guenther2023grammaticality,48,92,0.0155029296875,0.0155029296875,0.0
guenther2023grammaticality,48,93,0.0155029296875,0.0155029296875,0.0
guenther2023grammaticality,48,94,0.023193359375,0.0155029296875,0.0076904296875
guenther2023grammaticality,48,95,0.08984375,0.0458984375,0.0439453125
guenther2023grammaticality,48,96,0.0155029296875,0.007781982421875,0.007720947265625
guenther2023grammaticality,48,97,0.0155029296875,0.007781982421875,0.007720947265625
guenther2023grammaticality,48,98,0.023193359375,0.0155029296875,0.0076904296875
guenther2023grammaticality,48,99,0.023193359375,0.023193359375,0.0
guenther2023grammaticality,48,100,0.007781982421875,0.0,0.007781982421875
guenther2023grammaticality,48,101,0.0155029296875,0.007781982421875,0.007720947265625
guenther2023grammaticality,48,102,0.0155029296875,0.007781982421875,0.007720947265625
guenther2023grammaticality,48,103,0.0155029296875,0.007781982421875,0.007720947265625
guenther2023grammaticality,48,104,0.007781982421875,0.007781982421875,0.0
guenther2023grammaticality,48,105,0.0155029296875,0.007781982421875,0.007720947265625
guenther2023grammaticality,48,106,0.007781982421875,0.0,0.007781982421875
guenther2023grammaticality,48,107,0.007781982421875,0.0,0.007781982421875
guenther2023grammaticality,48,108,0.0155029296875,0.007781982421875,0.007720947265625
guenther2023grammaticality,48,109,0.0,0.007781982421875,-0.007781982421875
guenther2023grammaticality,49,0,1.65625,0.2294921875,1.4267578125
guenther2023grammaticality,49,1,0.486328125,0.69140625,-0.205078125
guenther2023grammaticality,49,2,0.435546875,0.390625,0.044921875
guenther2023grammaticality,49,3,0.3515625,0.4765625,-0.125
guenther2023grammaticality,49,4,0.4765625,1.0546875,-0.578125
guenther2023grammaticality,49,5,0.023193359375,0.283203125,-0.260009765625
guenther2023grammaticality,49,6,0.2294921875,0.08251953125,0.14697265625
guenther2023grammaticality,49,7,0.0458984375,0.25390625,-0.2080078125
guenther2023grammaticality,49,8,0.03076171875,0.390625,-0.35986328125
guenther2023grammaticality,49,9,0.038330078125,0.158203125,-0.119873046875
guenther2023grammaticality,49,10,0.25390625,0.5234375,-0.26953125
guenther2023grammaticality,49,11,0.007781982421875,0.1455078125,-0.137725830078125
guenther2023grammaticality,49,12,0.023193359375,0.4765625,-0.453369140625
guenther2023grammaticality,49,13,0.578125,0.578125,0.0
guenther2023grammaticality,49,14,0.0155029296875,0.69140625,-0.6759033203125
guenther2023grammaticality,49,15,0.007781982421875,0.060546875,-0.052764892578125
guenther2023grammaticality,49,16,0.3125,0.2041015625,0.1083984375
guenther2023grammaticality,49,17,0.007781982421875,0.060546875,-0.052764892578125
guenther2023grammaticality,49,18,0.007781982421875,0.25390625,-0.246124267578125
guenther2023grammaticality,49,19,0.0,0.03076171875,-0.03076171875
guenther2023grammaticality,49,20,0.0,0.03076171875,-0.03076171875
guenther2023grammaticality,49,21,0.0,0.1787109375,-0.1787109375
guenther2023grammaticality,49,22,0.828125,1.140625,-0.3125
guenther2023grammaticality,49,23,0.007781982421875,0.2041015625,-0.196319580078125
guenther2023grammaticality,49,24,0.007781982421875,0.25390625,-0.246124267578125
guenther2023grammaticality,49,25,0.0,0.10400390625,-0.10400390625
guenther2023grammaticality,49,26,0.0,0.03076171875,-0.03076171875
guenther2023grammaticality,49,27,0.007781982421875,0.3125,-0.304718017578125
guenther2023grammaticality,49,28,0.345703125,0.828125,-0.482421875
guenther2023grammaticality,49,29,0.007781982421875,0.1455078125,-0.137725830078125
guenther2023grammaticality,49,30,0.007781982421875,0.12451171875,-0.116729736328125
guenther2023grammaticality,49,31,0.0,0.0458984375,-0.0458984375
guenther2023grammaticality,49,32,0.25390625,0.6328125,-0.37890625
guenther2023grammaticality,49,33,0.0,0.1787109375,-0.1787109375
guenther2023grammaticality,49,34,0.0,0.12451171875,-0.12451171875
guenther2023grammaticality,49,35,0.0,0.023193359375,-0.023193359375
guenther2023grammaticality,49,36,0.0,0.4765625,-0.4765625
guenther2023grammaticality,49,37,0.007781982421875,0.2041015625,-0.196319580078125
guenther2023grammaticality,49,38,0.0,0.0155029296875,-0.0155029296875
guenther2023grammaticality,49,39,0.0,0.12451171875,-0.12451171875
guenther2023grammaticality,49,40,0.0,0.060546875,-0.060546875
guenther2023grammaticality,49,41,0.48046875,0.06787109375,0.41259765625
guenther2023grammaticality,49,42,0.0,0.0155029296875,-0.0155029296875
guenther2023grammaticality,49,43,0.0,0.25390625,-0.25390625
guenther2023grammaticality,49,44,0.0,0.0458984375,-0.0458984375
guenther2023grammaticality,49,45,0.0,0.431640625,-0.431640625
guenther2023grammaticality,49,46,0.0,0.10400390625,-0.10400390625
guenther2023grammaticality,49,47,0.0,0.038330078125,-0.038330078125
guenther2023grammaticality,49,48,0.0,0.10400390625,-0.10400390625
guenther2023grammaticality,49,49,0.0,0.158203125,-0.158203125
guenther2023grammaticality,49,50,0.0,0.08251953125,-0.08251953125
guenther2023grammaticality,49,51,0.0,0.023193359375,-0.023193359375
guenther2023grammaticality,49,52,0.0,0.0458984375,-0.0458984375
guenther2023grammaticality,49,53,0.0,0.22265625,-0.22265625
guenther2023grammaticality,49,54,0.0,0.0966796875,-0.0966796875
guenther2023grammaticality,49,55,0.0,0.023193359375,-0.023193359375
guenther2023grammaticality,49,56,0.0,0.0155029296875,-0.0155029296875
guenther2023grammaticality,49,57,0.0,0.038330078125,-0.038330078125
guenther2023grammaticality,49,58,0.0,0.03076171875,-0.03076171875
guenther2023grammaticality,49,59,0.0,0.158203125,-0.158203125
guenther2023grammaticality,49,60,0.0,0.023193359375,-0.023193359375
guenther2023grammaticality,49,61,0.0,0.22265625,-0.22265625
guenther2023grammaticality,49,62,0.007781982421875,0.023193359375,-0.015411376953125
guenther2023grammaticality,49,63,0.0,0.03076171875,-0.03076171875
guenther2023grammaticality,49,64,0.0,0.0155029296875,-0.0155029296875
guenther2023grammaticality,49,65,0.0,0.1787109375,-0.1787109375
guenther2023grammaticality,49,66,0.0,0.11083984375,-0.11083984375
guenther2023grammaticality,49,67,0.0,0.06787109375,-0.06787109375
guenther2023grammaticality,49,68,0.0,0.023193359375,-0.023193359375
guenther2023grammaticality,49,69,0.0,0.060546875,-0.060546875
guenther2023grammaticality,49,70,0.0,0.007781982421875,-0.007781982421875
guenther2023grammaticality,49,71,0.0,0.0155029296875,-0.0155029296875
guenther2023grammaticality,49,72,0.0,0.158203125,-0.158203125
guenther2023grammaticality,49,73,0.0,0.060546875,-0.060546875
guenther2023grammaticality,49,74,0.0,0.03076171875,-0.03076171875
guenther2023grammaticality,49,75,0.0,0.007781982421875,-0.007781982421875
guenther2023grammaticality,49,76,0.0,0.023193359375,-0.023193359375
guenther2023grammaticality,49,77,0.0,0.0155029296875,-0.0155029296875
guenther2023grammaticality,49,78,0.0,0.25390625,-0.25390625
guenther2023grammaticality,49,79,0.0,0.060546875,-0.060546875
guenther2023grammaticality,49,80,0.0,0.1455078125,-0.1455078125
guenther2023grammaticality,49,81,6.625,3.171875,3.453125
guenther2023grammaticality,49,82,0.023193359375,0.03076171875,-0.007568359375
guenther2023grammaticality,49,83,0.007781982421875,0.11083984375,-0.103057861328125
guenther2023grammaticality,49,84,0.007781982421875,0.023193359375,-0.015411376953125
guenther2023grammaticality,49,85,0.007781982421875,0.0155029296875,-0.007720947265625
guenther2023grammaticality,49,86,0.007781982421875,0.0458984375,-0.038116455078125
guenther2023grammaticality,49,87,0.007781982421875,0.06787109375,-0.060089111328125
guenther2023grammaticality,49,88,0.007781982421875,0.060546875,-0.052764892578125
guenther2023grammaticality,49,89,0.431640625,0.345703125,0.0859375
guenther2023grammaticality,49,90,0.0,0.023193359375,-0.023193359375
guenther2023grammaticality,49,91,0.1787109375,0.1787109375,0.0
guenther2023grammaticality,49,92,0.06787109375,0.08251953125,-0.0146484375
guenther2023grammaticality,49,93,0.038330078125,0.03076171875,0.007568359375
guenther2023grammaticality,49,94,0.007781982421875,0.03076171875,-0.022979736328125
guenther2023grammaticality,49,95,0.007781982421875,0.08251953125,-0.074737548828125
guenther2023grammaticality,49,96,0.0,0.08984375,-0.08984375
guenther2023grammaticality,49,97,0.0,0.023193359375,-0.023193359375
guenther2023grammaticality,49,98,0.007781982421875,0.11083984375,-0.103057861328125
guenther2023grammaticality,49,99,0.0,0.060546875,-0.060546875
guenther2023grammaticality,49,100,0.0,0.03076171875,-0.03076171875
guenther2023grammaticality,49,101,0.007781982421875,0.023193359375,-0.015411376953125
guenther2023grammaticality,49,102,5.125,4.125,1.0
guenther2023grammaticality,49,103,0.038330078125,0.023193359375,0.01513671875
guenther2023grammaticality,49,104,0.03076171875,0.22265625,-0.19189453125
guenther2023grammaticality,49,105,0.11083984375,0.12451171875,-0.013671875
guenther2023grammaticality,49,106,0.08984375,0.08984375,0.0
guenther2023grammaticality,49,107,3.40625,1.90625,1.5
guenther2023grammaticality,49,108,1.140625,0.828125,0.3125
guenther2023grammaticality,49,109,0.390625,0.345703125,0.044921875
guenther2023grammaticality,50,0,0.9765625,0.390625,0.5859375
guenther2023grammaticality,50,1,0.490234375,1.40625,-0.916015625
guenther2023grammaticality,50,2,0.63671875,0.8984375,-0.26171875
guenther2023grammaticality,50,3,0.90234375,0.69140625,0.2109375
guenther2023grammaticality,50,4,1.6015625,0.578125,1.0234375
guenther2023grammaticality,50,5,1.3125,0.431640625,0.880859375
guenther2023grammaticality,50,6,1.3125,0.578125,0.734375
guenther2023grammaticality,50,7,1.0546875,0.2041015625,0.8505859375
guenther2023grammaticality,50,8,0.283203125,1.40625,-1.123046875
guenther2023grammaticality,50,9,0.1787109375,0.8984375,-0.7197265625
guenther2023grammaticality,50,10,0.25390625,0.283203125,-0.029296875
guenther2023grammaticality,50,11,0.69140625,0.828125,-0.13671875
guenther2023grammaticality,50,12,0.1787109375,0.69140625,-0.5126953125
guenther2023grammaticality,50,13,0.5234375,1.21875,-0.6953125
guenther2023grammaticality,50,14,0.10400390625,0.6328125,-0.52880859375
guenther2023grammaticality,50,15,0.390625,0.8984375,-0.5078125
guenther2023grammaticality,50,16,1.21875,1.90625,-0.6875
guenther2023grammaticality,50,17,0.828125,0.431640625,0.396484375
guenther2023grammaticality,50,18,0.7578125,1.0546875,-0.296875
guenther2023grammaticality,50,19,0.9765625,0.4765625,0.5
guenther2023grammaticality,50,20,0.828125,0.22265625,0.60546875
guenther2023grammaticality,50,21,0.3515625,0.5234375,-0.171875
guenther2023grammaticality,50,22,0.1455078125,0.69140625,-0.5458984375
guenther2023grammaticality,50,23,1.5,0.6328125,0.8671875
guenther2023grammaticality,50,24,0.3515625,0.390625,-0.0390625
guenther2023grammaticality,50,25,0.390625,0.390625,0.0
guenther2023grammaticality,50,26,0.4765625,0.8984375,-0.421875
guenther2023grammaticality,50,27,0.3515625,0.390625,-0.0390625
guenther2023grammaticality,50,28,0.3515625,0.431640625,-0.080078125
guenther2023grammaticality,50,29,0.25390625,0.25390625,0.0
guenther2023grammaticality,50,30,0.25390625,0.06787109375,0.18603515625
guenther2023grammaticality,50,31,1.5,1.21875,0.28125
guenther2023grammaticality,50,32,1.2265625,1.5,-0.2734375
guenther2023grammaticality,50,33,0.3125,0.1787109375,0.1337890625
guenther2023grammaticality,50,34,1.40625,0.9765625,0.4296875
guenther2023grammaticality,50,35,1.703125,0.4765625,1.2265625
guenther2023grammaticality,50,36,0.390625,0.5234375,-0.1328125
guenther2023grammaticality,50,37,0.3125,0.4765625,-0.1640625
guenther2023grammaticality,50,38,1.3125,0.8984375,0.4140625
guenther2023grammaticality,50,39,0.3125,0.4765625,-0.1640625
guenther2023grammaticality,50,40,0.3125,0.6328125,-0.3203125
guenther2023grammaticality,50,41,1.2265625,1.140625,0.0859375
guenther2023grammaticality,50,42,0.12451171875,0.1455078125,-0.02099609375
guenther2023grammaticality,50,43,0.3125,0.578125,-0.265625
guenther2023grammaticality,50,44,0.283203125,0.390625,-0.107421875
guenther2023grammaticality,50,45,1.5,1.0546875,0.4453125
guenther2023grammaticality,50,46,1.0546875,1.21875,-0.1640625
guenther2023grammaticality,50,47,0.3515625,0.390625,-0.0390625
guenther2023grammaticality,50,48,1.2265625,1.3125,-0.0859375
guenther2023grammaticality,50,49,0.3125,0.6328125,-0.3203125
guenther2023grammaticality,50,50,1.21875,1.3125,-0.09375
guenther2023grammaticality,50,51,1.59375,0.431640625,1.162109375
guenther2023grammaticality,50,52,1.3125,1.0546875,0.2578125
guenther2023grammaticality,50,53,1.2265625,0.7578125,0.46875
guenther2023grammaticality,50,54,1.140625,0.69140625,0.44921875
guenther2023grammaticality,50,55,0.431640625,0.08251953125,0.34912109375
guenther2023grammaticality,50,56,1.40625,0.431640625,0.974609375
guenther2023grammaticality,50,57,0.3125,0.69140625,-0.37890625
guenther2023grammaticality,50,58,1.21875,0.6328125,0.5859375
guenther2023grammaticality,50,59,0.3515625,0.578125,-0.2265625
guenther2023grammaticality,50,60,1.0546875,0.578125,0.4765625
guenther2023grammaticality,50,61,1.3125,0.9765625,0.3359375
guenther2023grammaticality,50,62,1.140625,0.7578125,0.3828125
guenther2023grammaticality,50,63,0.25390625,0.345703125,-0.091796875
guenther2023grammaticality,50,64,0.3515625,0.578125,-0.2265625
guenther2023grammaticality,50,65,1.140625,0.578125,0.5625
guenther2023grammaticality,50,66,0.1787109375,0.2041015625,-0.025390625
guenther2023grammaticality,50,67,0.3125,0.390625,-0.078125
guenther2023grammaticality,50,68,0.431640625,0.06787109375,0.36376953125
guenther2023grammaticality,50,69,0.345703125,0.578125,-0.232421875
guenther2023grammaticality,50,70,0.283203125,0.7578125,-0.474609375
guenther2023grammaticality,50,71,0.390625,1.21875,-0.828125
guenther2023grammaticality,50,72,0.431640625,0.05322265625,0.37841796875
guenther2023grammaticality,50,73,0.3125,0.283203125,0.029296875
guenther2023grammaticality,50,74,0.3125,0.431640625,-0.119140625
guenther2023grammaticality,50,75,0.283203125,0.431640625,-0.1484375
guenther2023grammaticality,50,76,1.59375,1.59375,0.0
guenther2023grammaticality,50,77,0.431640625,0.25390625,0.177734375
guenther2023grammaticality,50,78,0.283203125,0.038330078125,0.244873046875
guenther2023grammaticality,50,79,0.283203125,0.3125,-0.029296875
guenther2023grammaticality,50,80,0.283203125,0.2041015625,0.0791015625
guenther2023grammaticality,50,81,1.3125,1.0546875,0.2578125
guenther2023grammaticality,50,82,0.5234375,0.25390625,0.26953125
guenther2023grammaticality,50,83,0.3125,0.283203125,0.029296875
guenther2023grammaticality,50,84,0.3125,0.283203125,0.029296875
guenther2023grammaticality,50,85,1.40625,1.40625,0.0
guenther2023grammaticality,50,86,1.40625,1.21875,0.1875
guenther2023grammaticality,50,87,0.1787109375,0.10400390625,0.07470703125
guenther2023grammaticality,50,88,1.21875,0.9765625,0.2421875
guenther2023grammaticality,50,89,0.5234375,0.345703125,0.177734375
guenther2023grammaticality,50,90,0.283203125,0.345703125,-0.0625
guenther2023grammaticality,50,91,0.25390625,0.345703125,-0.091796875
guenther2023grammaticality,50,92,0.345703125,0.390625,-0.044921875
guenther2023grammaticality,50,93,0.3125,0.5234375,-0.2109375
guenther2023grammaticality,50,94,1.21875,0.8984375,0.3203125
guenther2023grammaticality,50,95,0.390625,0.390625,0.0
guenther2023grammaticality,50,96,0.25390625,0.3125,-0.05859375
guenther2023grammaticality,50,97,0.3125,0.4765625,-0.1640625
guenther2023grammaticality,50,98,0.3125,0.158203125,0.154296875
guenther2023grammaticality,50,99,1.40625,1.3125,0.09375
guenther2023grammaticality,50,100,0.283203125,0.283203125,0.0
guenther2023grammaticality,50,101,0.22265625,0.158203125,0.064453125
guenther2023grammaticality,50,102,0.1455078125,0.12451171875,0.02099609375
guenther2023grammaticality,50,103,0.345703125,0.345703125,0.0
guenther2023grammaticality,50,104,1.5,1.5,0.0
guenther2023grammaticality,50,105,0.283203125,0.158203125,0.125
guenther2023grammaticality,50,106,1.59375,1.140625,0.453125
guenther2023grammaticality,50,107,1.3125,1.40625,-0.09375
guenther2023grammaticality,50,108,0.283203125,0.69140625,-0.408203125
guenther2023grammaticality,50,109,1.21875,0.283203125,0.935546875
guenther2023grammaticality,51,0,0.76171875,0.283203125,0.478515625
guenther2023grammaticality,51,1,0.2421875,0.158203125,0.083984375
guenther2023grammaticality,51,2,0.98046875,2.125,-1.14453125
guenther2023grammaticality,51,3,0.431640625,0.158203125,0.2734375
guenther2023grammaticality,51,4,0.69140625,0.4765625,0.21484375
guenther2023grammaticality,51,5,0.4765625,0.431640625,0.044921875
guenther2023grammaticality,51,6,0.7578125,0.5234375,0.234375
guenther2023grammaticality,51,7,0.06787109375,0.9765625,-0.90869140625
guenther2023grammaticality,51,8,0.0458984375,0.1787109375,-0.1328125
guenther2023grammaticality,51,9,0.0155029296875,0.1787109375,-0.1632080078125
guenther2023grammaticality,51,10,1.3125,1.3125,0.0
guenther2023grammaticality,51,11,0.007781982421875,0.11083984375,-0.103057861328125
guenther2023grammaticality,51,12,0.828125,0.578125,0.25
guenther2023grammaticality,51,13,1.90625,0.345703125,1.560546875
guenther2023grammaticality,51,14,0.060546875,0.08251953125,-0.02197265625
guenther2023grammaticality,51,15,0.0155029296875,0.11083984375,-0.0953369140625
guenther2023grammaticality,51,16,0.0458984375,0.22265625,-0.1767578125
guenther2023grammaticality,51,17,0.7578125,1.40625,-0.6484375
guenther2023grammaticality,51,18,0.007781982421875,0.0458984375,-0.038116455078125
guenther2023grammaticality,51,19,0.007781982421875,0.08984375,-0.082061767578125
guenther2023grammaticality,51,20,0.06787109375,0.7578125,-0.68994140625
guenther2023grammaticality,51,21,0.007781982421875,0.08984375,-0.082061767578125
guenther2023grammaticality,51,22,0.007781982421875,0.5234375,-0.515655517578125
guenther2023grammaticality,51,23,0.0,0.03076171875,-0.03076171875
guenther2023grammaticality,51,24,0.0155029296875,0.5234375,-0.5079345703125
guenther2023grammaticality,51,25,0.007781982421875,0.25390625,-0.246124267578125
guenther2023grammaticality,51,26,0.0,0.060546875,-0.060546875
guenther2023grammaticality,51,27,0.007781982421875,0.390625,-0.382843017578125
guenther2023grammaticality,51,28,0.0,0.5234375,-0.5234375
guenther2023grammaticality,51,29,0.0,0.283203125,-0.283203125
guenther2023grammaticality,51,30,3.046875,0.828125,2.21875
guenther2023grammaticality,51,31,0.0,0.10400390625,-0.10400390625
guenther2023grammaticality,51,32,6.125,2.125,4.0
guenther2023grammaticality,51,33,0.10400390625,0.3125,-0.20849609375
guenther2023grammaticality,51,34,0.9765625,0.828125,0.1484375
guenther2023grammaticality,51,35,0.283203125,0.25390625,0.029296875
guenther2023grammaticality,51,36,0.10400390625,0.158203125,-0.05419921875
guenther2023grammaticality,51,37,0.007781982421875,0.1455078125,-0.137725830078125
guenther2023grammaticality,51,38,0.03076171875,0.0458984375,-0.01513671875
guenther2023grammaticality,51,39,0.3515625,0.12451171875,0.22705078125
guenther2023grammaticality,51,40,0.1455078125,0.8984375,-0.7529296875
guenther2023grammaticality,51,41,0.007781982421875,0.05322265625,-0.045440673828125
guenther2023grammaticality,51,42,0.0155029296875,0.283203125,-0.2677001953125
guenther2023grammaticality,51,43,0.007781982421875,0.06787109375,-0.060089111328125
guenther2023grammaticality,51,44,0.007781982421875,0.03076171875,-0.022979736328125
guenther2023grammaticality,51,45,0.6328125,0.390625,0.2421875
guenther2023grammaticality,51,46,0.007781982421875,0.023193359375,-0.015411376953125
guenther2023grammaticality,51,47,1.0546875,1.703125,-0.6484375
guenther2023grammaticality,51,48,0.007781982421875,0.1455078125,-0.137725830078125
guenther2023grammaticality,51,49,0.22265625,0.5234375,-0.30078125
guenther2023grammaticality,51,50,3.28125,0.5234375,2.7578125
guenther2023grammaticality,51,51,0.08984375,0.10400390625,-0.01416015625
guenther2023grammaticality,51,52,1.59375,2.015625,-0.421875
guenther2023grammaticality,51,53,0.158203125,0.5234375,-0.365234375
guenther2023grammaticality,51,54,0.12451171875,0.345703125,-0.22119140625
guenther2023grammaticality,51,55,0.007781982421875,0.0155029296875,-0.007720947265625
guenther2023grammaticality,51,56,0.25390625,0.4765625,-0.22265625
guenther2023grammaticality,51,57,0.578125,1.0546875,-0.4765625
guenther2023grammaticality,51,58,0.11083984375,0.1787109375,-0.06787109375
guenther2023grammaticality,51,59,0.345703125,0.5234375,-0.177734375
guenther2023grammaticality,51,60,0.0458984375,0.345703125,-0.2998046875
guenther2023grammaticality,51,61,0.1455078125,0.7578125,-0.6123046875
guenther2023grammaticality,51,62,0.023193359375,0.2041015625,-0.180908203125
guenther2023grammaticality,51,63,0.007781982421875,0.060546875,-0.052764892578125
guenther2023grammaticality,51,64,0.0458984375,0.0458984375,0.0
guenther2023grammaticality,51,65,0.08984375,0.5234375,-0.43359375
guenther2023grammaticality,51,66,0.0458984375,0.038330078125,0.007568359375
guenther2023grammaticality,51,67,0.0458984375,0.578125,-0.5322265625
guenther2023grammaticality,51,68,0.0458984375,0.345703125,-0.2998046875
guenther2023grammaticality,51,69,0.158203125,0.6328125,-0.474609375
guenther2023grammaticality,51,70,0.060546875,0.10400390625,-0.04345703125
guenther2023grammaticality,51,71,0.023193359375,0.384765625,-0.361572265625
guenther2023grammaticality,51,72,0.038330078125,0.1455078125,-0.107177734375
guenther2023grammaticality,51,73,0.023193359375,0.431640625,-0.408447265625
guenther2023grammaticality,51,74,0.0155029296875,0.060546875,-0.0450439453125
guenther2023grammaticality,51,75,2.6875,1.59375,1.09375
guenther2023grammaticality,51,76,0.1455078125,0.384765625,-0.2392578125
guenther2023grammaticality,51,77,0.390625,0.345703125,0.044921875
guenther2023grammaticality,51,78,0.4765625,0.8984375,-0.421875
guenther2023grammaticality,51,79,0.023193359375,0.345703125,-0.322509765625
guenther2023grammaticality,51,80,2.46875,0.578125,1.890625
guenther2023grammaticality,51,81,0.007781982421875,0.0155029296875,-0.007720947265625
guenther2023grammaticality,51,82,0.0155029296875,0.283203125,-0.2677001953125
guenther2023grammaticality,51,83,0.03076171875,0.12451171875,-0.09375
guenther2023grammaticality,51,84,0.0155029296875,0.0458984375,-0.0303955078125
guenther2023grammaticality,51,85,0.345703125,0.1787109375,0.1669921875
guenther2023grammaticality,51,86,0.0458984375,0.1787109375,-0.1328125
guenther2023grammaticality,51,87,0.0155029296875,0.023193359375,-0.0076904296875
guenther2023grammaticality,51,88,0.0155029296875,0.2041015625,-0.1885986328125
guenther2023grammaticality,51,89,0.0155029296875,0.10400390625,-0.0885009765625
guenther2023grammaticality,51,90,0.7578125,0.9765625,-0.21875
guenther2023grammaticality,51,91,0.12451171875,0.3125,-0.18798828125
guenther2023grammaticality,51,92,0.03076171875,0.384765625,-0.35400390625
guenther2023grammaticality,51,93,0.390625,0.828125,-0.4375
guenther2023grammaticality,51,94,0.023193359375,0.08251953125,-0.059326171875
guenther2023grammaticality,51,95,0.023193359375,0.345703125,-0.322509765625
guenther2023grammaticality,51,96,0.3125,0.578125,-0.265625
guenther2023grammaticality,51,97,0.6328125,0.5234375,0.109375
guenther2023grammaticality,51,98,0.03076171875,0.384765625,-0.35400390625
guenther2023grammaticality,51,99,0.2041015625,0.3125,-0.1083984375
guenther2023grammaticality,51,100,0.0155029296875,0.060546875,-0.0450439453125
guenther2023grammaticality,51,101,1.59375,0.8984375,0.6953125
guenther2023grammaticality,51,102,0.11083984375,0.2041015625,-0.09326171875
guenther2023grammaticality,51,103,0.023193359375,0.03076171875,-0.007568359375
guenther2023grammaticality,51,104,0.22265625,0.5234375,-0.30078125
guenther2023grammaticality,51,105,1.140625,1.21875,-0.078125
guenther2023grammaticality,51,106,0.023193359375,0.0458984375,-0.022705078125
guenther2023grammaticality,51,107,0.0155029296875,0.10400390625,-0.0885009765625
guenther2023grammaticality,51,108,0.03076171875,0.25390625,-0.22314453125
guenther2023grammaticality,51,109,0.0155029296875,0.25390625,-0.2384033203125
guenther2023grammaticality,52,0,1.4453125,1.703125,-0.2578125
guenther2023grammaticality,52,1,0.8671875,0.060546875,0.806640625
guenther2023grammaticality,52,2,1.2265625,1.21875,0.0078125
guenther2023grammaticality,52,3,0.318359375,0.03076171875,0.28759765625
guenther2023grammaticality,52,4,0.578125,0.9765625,-0.3984375
guenther2023grammaticality,52,5,0.4765625,1.21875,-0.7421875
guenther2023grammaticality,52,6,0.1787109375,0.5234375,-0.3447265625
guenther2023grammaticality,52,7,0.1455078125,0.578125,-0.4326171875
guenther2023grammaticality,52,8,0.39453125,0.3125,0.08203125
guenther2023grammaticality,52,9,0.06787109375,0.25390625,-0.18603515625
guenther2023grammaticality,52,10,0.1455078125,0.283203125,-0.1376953125
guenther2023grammaticality,52,11,0.390625,0.25390625,0.13671875
guenther2023grammaticality,52,12,3.65625,3.171875,0.484375
guenther2023grammaticality,52,13,0.3515625,0.578125,-0.2265625
guenther2023grammaticality,52,14,0.25390625,0.283203125,-0.029296875
guenther2023grammaticality,52,15,0.9765625,0.69140625,0.28515625
guenther2023grammaticality,52,16,0.7578125,0.578125,0.1796875
guenther2023grammaticality,52,17,0.158203125,0.05322265625,0.10498046875
guenther2023grammaticality,52,18,0.1455078125,0.2041015625,-0.05859375
guenther2023grammaticality,52,19,0.2041015625,0.4765625,-0.2724609375
guenther2023grammaticality,52,20,0.1787109375,0.2041015625,-0.025390625
guenther2023grammaticality,52,21,0.06787109375,0.22265625,-0.15478515625
guenther2023grammaticality,52,22,0.060546875,0.2041015625,-0.1435546875
guenther2023grammaticality,52,23,0.060546875,0.12451171875,-0.06396484375
guenther2023grammaticality,52,24,0.08251953125,0.10400390625,-0.021484375
guenther2023grammaticality,52,25,0.060546875,0.060546875,0.0
guenther2023grammaticality,52,26,0.08984375,0.22265625,-0.1328125
guenther2023grammaticality,52,27,0.08251953125,0.2041015625,-0.12158203125
guenther2023grammaticality,52,28,0.023193359375,0.08984375,-0.066650390625
guenther2023grammaticality,52,29,0.038330078125,0.10400390625,-0.065673828125
guenther2023grammaticality,52,30,3.40625,2.125,1.28125
guenther2023grammaticality,52,31,0.283203125,0.3125,-0.029296875
guenther2023grammaticality,52,32,0.12451171875,0.03076171875,0.09375
guenther2023grammaticality,52,33,0.12451171875,0.1455078125,-0.02099609375
guenther2023grammaticality,52,34,0.2041015625,0.345703125,-0.1416015625
guenther2023grammaticality,52,35,0.08251953125,0.08984375,-0.00732421875
guenther2023grammaticality,52,36,0.08251953125,0.0155029296875,0.0670166015625
guenther2023grammaticality,52,37,0.06787109375,0.08984375,-0.02197265625
guenther2023grammaticality,52,38,0.060546875,0.08251953125,-0.02197265625
guenther2023grammaticality,52,39,0.11083984375,0.11083984375,0.0
guenther2023grammaticality,52,40,0.2041015625,0.12451171875,0.07958984375
guenther2023grammaticality,52,41,0.08251953125,0.11083984375,-0.0283203125
guenther2023grammaticality,52,42,0.578125,0.6328125,-0.0546875
guenther2023grammaticality,52,43,0.08251953125,0.11083984375,-0.0283203125
guenther2023grammaticality,52,44,0.06787109375,0.06787109375,0.0
guenther2023grammaticality,52,45,0.08984375,0.05322265625,0.03662109375
guenther2023grammaticality,52,46,0.11083984375,0.12451171875,-0.013671875
guenther2023grammaticality,52,47,0.06787109375,0.05322265625,0.0146484375
guenther2023grammaticality,52,48,0.11083984375,0.25390625,-0.14306640625
guenther2023grammaticality,52,49,0.5234375,0.345703125,0.177734375
guenther2023grammaticality,52,50,3.046875,3.046875,0.0
guenther2023grammaticality,52,51,0.12451171875,0.1787109375,-0.05419921875
guenther2023grammaticality,52,52,0.10400390625,0.10400390625,0.0
guenther2023grammaticality,52,53,0.060546875,0.10400390625,-0.04345703125
guenther2023grammaticality,52,54,0.1455078125,0.12451171875,0.02099609375
guenther2023grammaticality,52,55,0.10400390625,0.10400390625,0.0
guenther2023grammaticality,52,56,0.431640625,0.22265625,0.208984375
guenther2023grammaticality,52,57,0.12451171875,0.10400390625,0.0205078125
guenther2023grammaticality,52,58,0.06787109375,0.10400390625,-0.0361328125
guenther2023grammaticality,52,59,0.05322265625,0.06787109375,-0.0146484375
guenther2023grammaticality,52,60,0.1455078125,0.25390625,-0.1083984375
guenther2023grammaticality,52,61,0.10400390625,0.158203125,-0.05419921875
guenther2023grammaticality,52,62,0.10400390625,0.11083984375,-0.0068359375
guenther2023grammaticality,52,63,0.08251953125,0.10400390625,-0.021484375
guenther2023grammaticality,52,64,0.12451171875,0.1455078125,-0.02099609375
guenther2023grammaticality,52,65,0.08251953125,0.05322265625,0.029296875
guenther2023grammaticality,52,66,0.08984375,0.08984375,0.0
guenther2023grammaticality,52,67,0.08251953125,0.10400390625,-0.021484375
guenther2023grammaticality,52,68,0.0458984375,0.05322265625,-0.00732421875
guenther2023grammaticality,52,69,0.2041015625,0.2041015625,0.0
guenther2023grammaticality,52,70,0.10400390625,0.08984375,0.01416015625
guenther2023grammaticality,52,71,0.06787109375,0.060546875,0.00732421875
guenther2023grammaticality,52,72,0.0458984375,0.06787109375,-0.02197265625
guenther2023grammaticality,52,73,0.05322265625,0.06787109375,-0.0146484375
guenther2023grammaticality,52,74,0.038330078125,0.060546875,-0.022216796875
guenther2023grammaticality,52,75,0.0458984375,0.038330078125,0.007568359375
guenther2023grammaticality,52,76,0.10400390625,0.12451171875,-0.0205078125
guenther2023grammaticality,52,77,0.0458984375,0.038330078125,0.007568359375
guenther2023grammaticality,52,78,0.0458984375,0.05322265625,-0.00732421875
guenther2023grammaticality,52,79,0.03076171875,0.0458984375,-0.01513671875
guenther2023grammaticality,52,80,0.0458984375,0.060546875,-0.0146484375
guenther2023grammaticality,52,81,0.03076171875,0.03076171875,0.0
guenther2023grammaticality,52,82,0.023193359375,0.0458984375,-0.022705078125
guenther2023grammaticality,52,83,0.03076171875,0.03076171875,0.0
guenther2023grammaticality,52,84,0.05322265625,0.08251953125,-0.029296875
guenther2023grammaticality,52,85,0.0155029296875,0.023193359375,-0.0076904296875
guenther2023grammaticality,52,86,0.023193359375,0.03076171875,-0.007568359375
guenther2023grammaticality,52,87,0.023193359375,0.038330078125,-0.01513671875
guenther2023grammaticality,52,88,0.05322265625,0.06787109375,-0.0146484375
guenther2023grammaticality,52,89,0.0155029296875,0.023193359375,-0.0076904296875
guenther2023grammaticality,52,90,2.921875,3.046875,-0.125
guenther2023grammaticality,52,91,0.08984375,0.08251953125,0.00732421875
guenther2023grammaticality,52,92,0.03076171875,0.08984375,-0.05908203125
guenther2023grammaticality,52,93,0.03076171875,0.0458984375,-0.01513671875
guenther2023grammaticality,52,94,0.0155029296875,0.060546875,-0.0450439453125
guenther2023grammaticality,52,95,0.03076171875,0.06787109375,-0.037109375
guenther2023grammaticality,52,96,0.12451171875,0.2041015625,-0.07958984375
guenther2023grammaticality,52,97,0.0155029296875,0.0458984375,-0.0303955078125
guenther2023grammaticality,52,98,0.0458984375,0.0458984375,0.0
guenther2023grammaticality,52,99,0.03076171875,0.038330078125,-0.007568359375
guenther2023grammaticality,52,100,0.023193359375,0.0458984375,-0.022705078125
guenther2023grammaticality,52,101,0.0155029296875,0.023193359375,-0.0076904296875
guenther2023grammaticality,52,102,0.10400390625,0.12451171875,-0.0205078125
guenther2023grammaticality,52,103,0.0155029296875,0.023193359375,-0.0076904296875
guenther2023grammaticality,52,104,0.023193359375,0.03076171875,-0.007568359375
guenther2023grammaticality,52,105,0.060546875,0.06787109375,-0.00732421875
guenther2023grammaticality,52,106,0.06787109375,0.06787109375,0.0
guenther2023grammaticality,52,107,0.0458984375,0.05322265625,-0.00732421875
guenther2023grammaticality,52,108,0.0458984375,0.08251953125,-0.03662109375
guenther2023grammaticality,52,109,0.0155029296875,0.023193359375,-0.0076904296875
guenther2023grammaticality,53,0,0.55859375,0.3125,0.24609375
guenther2023grammaticality,53,1,0.30078125,0.060546875,0.240234375
guenther2023grammaticality,53,2,0.10400390625,0.038330078125,0.065673828125
guenther2023grammaticality,53,3,0.11767578125,0.06787109375,0.0498046875
guenther2023grammaticality,53,4,1.5,1.703125,-0.203125
guenther2023grammaticality,53,5,0.431640625,0.828125,-0.396484375
guenther2023grammaticality,53,6,0.8984375,0.69140625,0.20703125
guenther2023grammaticality,53,7,0.22265625,0.5234375,-0.30078125
guenther2023grammaticality,53,8,0.5234375,0.828125,-0.3046875
guenther2023grammaticality,53,9,0.08251953125,0.22265625,-0.14013671875
guenther2023grammaticality,53,10,0.12451171875,0.431640625,-0.30712890625
guenther2023grammaticality,53,11,0.4765625,0.578125,-0.1015625
guenther2023grammaticality,53,12,0.10400390625,0.345703125,-0.24169921875
guenther2023grammaticality,53,13,0.3125,0.390625,-0.078125
guenther2023grammaticality,53,14,0.0155029296875,0.22265625,-0.2071533203125
guenther2023grammaticality,53,15,0.6328125,0.345703125,0.287109375
guenther2023grammaticality,53,16,0.023193359375,0.22265625,-0.199462890625
guenther2023grammaticality,53,17,0.023193359375,0.12451171875,-0.101318359375
guenther2023grammaticality,53,18,0.3125,0.578125,-0.265625
guenther2023grammaticality,53,19,0.69140625,0.9765625,-0.28515625
guenther2023grammaticality,53,20,0.0155029296875,0.060546875,-0.0450439453125
guenther2023grammaticality,53,21,0.007781982421875,0.0458984375,-0.038116455078125
guenther2023grammaticality,53,22,0.007781982421875,0.1787109375,-0.170928955078125
guenther2023grammaticality,53,23,0.007781982421875,0.158203125,-0.150421142578125
guenther2023grammaticality,53,24,0.007781982421875,0.390625,-0.382843017578125
guenther2023grammaticality,53,25,0.007781982421875,0.345703125,-0.337921142578125
guenther2023grammaticality,53,26,0.8984375,0.5234375,0.375
guenther2023grammaticality,53,27,0.007781982421875,0.06787109375,-0.060089111328125
guenther2023grammaticality,53,28,0.007781982421875,0.4765625,-0.468780517578125
guenther2023grammaticality,53,29,0.0,0.08251953125,-0.08251953125
guenther2023grammaticality,53,30,0.0,0.1455078125,-0.1455078125
guenther2023grammaticality,53,31,0.0,0.06787109375,-0.06787109375
guenther2023grammaticality,53,32,0.0,0.25390625,-0.25390625
guenther2023grammaticality,53,33,0.007781982421875,0.11083984375,-0.103057861328125
guenther2023grammaticality,53,34,0.007781982421875,0.12451171875,-0.116729736328125
guenther2023grammaticality,53,35,0.0,0.023193359375,-0.023193359375
guenther2023grammaticality,53,36,6.5,2.125,4.375
guenther2023grammaticality,53,37,0.05322265625,0.038330078125,0.014892578125
guenther2023grammaticality,53,38,0.05322265625,0.08984375,-0.03662109375
guenther2023grammaticality,53,39,0.06787109375,0.12451171875,-0.056640625
guenther2023grammaticality,53,40,0.08984375,0.060546875,0.029296875
guenther2023grammaticality,53,41,0.007781982421875,0.023193359375,-0.015411376953125
guenther2023grammaticality,53,42,0.060546875,0.2041015625,-0.1435546875
guenther2023grammaticality,53,43,0.0155029296875,0.0155029296875,0.0
guenther2023grammaticality,53,44,0.023193359375,0.22265625,-0.199462890625
guenther2023grammaticality,53,45,0.038330078125,0.08984375,-0.051513671875
guenther2023grammaticality,53,46,0.0458984375,0.0458984375,0.0
guenther2023grammaticality,53,47,1.0546875,0.6328125,0.421875
guenther2023grammaticality,53,48,0.03076171875,0.0458984375,-0.01513671875
guenther2023grammaticality,53,49,0.0155029296875,0.03076171875,-0.0152587890625
guenther2023grammaticality,53,50,0.0155029296875,0.023193359375,-0.0076904296875
guenther2023grammaticality,53,51,0.023193359375,0.023193359375,0.0
guenther2023grammaticality,53,52,0.060546875,0.1455078125,-0.0849609375
guenther2023grammaticality,53,53,0.0458984375,0.11083984375,-0.06494140625
guenther2023grammaticality,53,54,0.0155029296875,0.158203125,-0.1427001953125
guenther2023grammaticality,53,55,0.25390625,0.0458984375,0.2080078125
guenther2023grammaticality,53,56,0.0458984375,0.12451171875,-0.07861328125
guenther2023grammaticality,53,57,0.11083984375,0.1787109375,-0.06787109375
guenther2023grammaticality,53,58,0.007781982421875,0.06787109375,-0.060089111328125
guenther2023grammaticality,53,59,0.007781982421875,0.08251953125,-0.074737548828125
guenther2023grammaticality,53,60,0.007781982421875,0.05322265625,-0.045440673828125
guenther2023grammaticality,53,61,0.023193359375,0.08984375,-0.066650390625
guenther2023grammaticality,53,62,0.007781982421875,0.08251953125,-0.074737548828125
guenther2023grammaticality,53,63,0.007781982421875,0.05322265625,-0.045440673828125
guenther2023grammaticality,53,64,0.03076171875,0.08984375,-0.05908203125
guenther2023grammaticality,53,65,0.3125,0.283203125,0.029296875
guenther2023grammaticality,53,66,0.007781982421875,0.0458984375,-0.038116455078125
guenther2023grammaticality,53,67,0.03076171875,0.158203125,-0.12744140625
guenther2023grammaticality,53,68,0.007781982421875,0.023193359375,-0.015411376953125
guenther2023grammaticality,53,69,0.023193359375,0.08251953125,-0.059326171875
guenther2023grammaticality,53,70,0.007781982421875,0.05322265625,-0.045440673828125
guenther2023grammaticality,53,71,0.023193359375,0.0155029296875,0.0076904296875
guenther2023grammaticality,53,72,0.007781982421875,0.060546875,-0.052764892578125
guenther2023grammaticality,53,73,0.0155029296875,0.05322265625,-0.0377197265625
guenther2023grammaticality,53,74,0.007781982421875,0.03076171875,-0.022979736328125
guenther2023grammaticality,53,75,0.007781982421875,0.060546875,-0.052764892578125
guenther2023grammaticality,53,76,0.0,0.03076171875,-0.03076171875
guenther2023grammaticality,53,77,0.2041015625,0.12451171875,0.07958984375
guenther2023grammaticality,53,78,0.0155029296875,0.038330078125,-0.0228271484375
guenther2023grammaticality,53,79,0.023193359375,0.08251953125,-0.059326171875
guenther2023grammaticality,53,80,0.007781982421875,0.03076171875,-0.022979736328125
guenther2023grammaticality,53,81,0.12451171875,0.060546875,0.06396484375
guenther2023grammaticality,53,82,0.0155029296875,0.038330078125,-0.0228271484375
guenther2023grammaticality,53,83,0.0155029296875,0.023193359375,-0.0076904296875
guenther2023grammaticality,53,84,0.007781982421875,0.03076171875,-0.022979736328125
guenther2023grammaticality,53,85,0.0155029296875,0.060546875,-0.0450439453125
guenther2023grammaticality,53,86,0.0,0.023193359375,-0.023193359375
guenther2023grammaticality,53,87,0.0155029296875,0.060546875,-0.0450439453125
guenther2023grammaticality,53,88,0.007781982421875,0.038330078125,-0.030548095703125
guenther2023grammaticality,53,89,0.007781982421875,0.023193359375,-0.015411376953125
guenther2023grammaticality,53,90,0.007781982421875,0.038330078125,-0.030548095703125
guenther2023grammaticality,53,91,0.0155029296875,0.007781982421875,0.007720947265625
guenther2023grammaticality,53,92,0.11083984375,0.06787109375,0.04296875
guenther2023grammaticality,53,93,0.007781982421875,0.0155029296875,-0.007720947265625
guenther2023grammaticality,53,94,0.007781982421875,0.023193359375,-0.015411376953125
guenther2023grammaticality,53,95,0.023193359375,0.060546875,-0.037353515625
guenther2023grammaticality,53,96,0.060546875,0.03076171875,0.02978515625
guenther2023grammaticality,53,97,0.007781982421875,0.023193359375,-0.015411376953125
guenther2023grammaticality,53,98,0.007781982421875,0.007781982421875,0.0
guenther2023grammaticality,53,99,0.007781982421875,0.023193359375,-0.015411376953125
guenther2023grammaticality,53,100,0.007781982421875,0.0155029296875,-0.007720947265625
guenther2023grammaticality,53,101,0.007781982421875,0.0155029296875,-0.007720947265625
guenther2023grammaticality,53,102,0.007781982421875,0.007781982421875,0.0
guenther2023grammaticality,53,103,0.007781982421875,0.007781982421875,0.0
guenther2023grammaticality,53,104,0.007781982421875,0.007781982421875,0.0
guenther2023grammaticality,53,105,0.0155029296875,0.038330078125,-0.0228271484375
guenther2023grammaticality,53,106,0.007781982421875,0.038330078125,-0.030548095703125
guenther2023grammaticality,53,107,0.0155029296875,0.007781982421875,0.007720947265625
guenther2023grammaticality,53,108,0.007781982421875,0.007781982421875,0.0
guenther2023grammaticality,53,109,0.08251953125,0.038330078125,0.044189453125
guenther2023grammaticality,54,0,0.78125,0.390625,0.390625
guenther2023grammaticality,54,1,0.2041015625,0.0458984375,0.158203125
guenther2023grammaticality,54,2,0.828125,1.5,-0.671875
guenther2023grammaticality,54,3,0.11767578125,0.11083984375,0.0068359375
guenther2023grammaticality,54,4,0.15234375,0.06787109375,0.08447265625
guenther2023grammaticality,54,5,0.25390625,1.140625,-0.88671875
guenther2023grammaticality,54,6,0.25390625,0.6328125,-0.37890625
guenther2023grammaticality,54,7,2.234375,1.0546875,1.1796875
guenther2023grammaticality,54,8,0.11083984375,0.06787109375,0.04296875
guenther2023grammaticality,54,9,1.140625,0.9765625,0.1640625
guenther2023grammaticality,54,10,0.25390625,0.05322265625,0.20068359375
guenther2023grammaticality,54,11,0.69140625,0.8984375,-0.20703125
guenther2023grammaticality,54,12,0.5234375,0.5234375,0.0
guenther2023grammaticality,54,13,0.4765625,0.3125,0.1640625
guenther2023grammaticality,54,14,0.345703125,0.578125,-0.232421875
guenther2023grammaticality,54,15,0.578125,0.5234375,0.0546875
guenther2023grammaticality,54,16,0.828125,0.828125,0.0
guenther2023grammaticality,54,17,0.345703125,0.283203125,0.0625
guenther2023grammaticality,54,18,0.0458984375,0.345703125,-0.2998046875
guenther2023grammaticality,54,19,1.5,0.8984375,0.6015625
guenther2023grammaticality,54,20,0.4765625,0.283203125,0.193359375
guenther2023grammaticality,54,21,2.8125,0.8984375,1.9140625
guenther2023grammaticality,54,22,0.22265625,0.1787109375,0.0439453125
guenther2023grammaticality,54,23,0.5234375,0.828125,-0.3046875
guenther2023grammaticality,54,24,0.22265625,0.1787109375,0.0439453125
guenther2023grammaticality,54,25,0.7578125,0.828125,-0.0703125
guenther2023grammaticality,54,26,0.5234375,0.345703125,0.177734375
guenther2023grammaticality,54,27,0.2041015625,0.5234375,-0.3193359375
guenther2023grammaticality,54,28,0.4765625,0.7578125,-0.28125
guenther2023grammaticality,54,29,0.5234375,0.4765625,0.046875
guenther2023grammaticality,54,30,0.11083984375,0.3125,-0.20166015625
guenther2023grammaticality,54,31,2.921875,1.3125,1.609375
guenther2023grammaticality,54,32,0.3125,0.2041015625,0.1083984375
guenther2023grammaticality,54,33,0.12451171875,0.2041015625,-0.07958984375
guenther2023grammaticality,54,34,1.3125,1.8046875,-0.4921875
guenther2023grammaticality,54,35,1.90625,2.125,-0.21875
guenther2023grammaticality,54,36,0.158203125,0.3125,-0.154296875
guenther2023grammaticality,54,37,0.6328125,0.828125,-0.1953125
guenther2023grammaticality,54,38,0.2041015625,0.06787109375,0.13623046875
guenther2023grammaticality,54,39,0.08251953125,0.22265625,-0.14013671875
guenther2023grammaticality,54,40,0.6328125,0.7578125,-0.125
guenther2023grammaticality,54,41,1.0546875,0.9765625,0.078125
guenther2023grammaticality,54,42,0.08984375,0.22265625,-0.1328125
guenther2023grammaticality,54,43,0.69140625,0.69140625,0.0
guenther2023grammaticality,54,44,0.6328125,1.0546875,-0.421875
guenther2023grammaticality,54,45,0.431640625,0.3125,0.119140625
guenther2023grammaticality,54,46,0.5234375,0.384765625,0.138671875
guenther2023grammaticality,54,47,0.578125,0.578125,0.0
guenther2023grammaticality,54,48,0.431640625,0.2041015625,0.2275390625
guenther2023grammaticality,54,49,1.140625,0.8984375,0.2421875
guenther2023grammaticality,54,50,0.08251953125,0.1787109375,-0.09619140625
guenther2023grammaticality,54,51,0.390625,0.7578125,-0.3671875
guenther2023grammaticality,54,52,0.431640625,0.25390625,0.177734375
guenther2023grammaticality,54,53,0.1455078125,0.05322265625,0.09228515625
guenther2023grammaticality,54,54,0.6328125,0.69140625,-0.05859375
guenther2023grammaticality,54,55,0.6328125,0.6328125,0.0
guenther2023grammaticality,54,56,0.060546875,0.023193359375,0.037353515625
guenther2023grammaticality,54,57,0.345703125,0.431640625,-0.0859375
guenther2023grammaticality,54,58,0.12451171875,0.283203125,-0.15869140625
guenther2023grammaticality,54,59,0.431640625,0.345703125,0.0859375
guenther2023grammaticality,54,60,0.10400390625,0.345703125,-0.24169921875
guenther2023grammaticality,54,61,0.390625,0.3125,0.078125
guenther2023grammaticality,54,62,0.12451171875,0.5234375,-0.39892578125
guenther2023grammaticality,54,63,0.390625,0.345703125,0.044921875
guenther2023grammaticality,54,64,0.25390625,0.283203125,-0.029296875
guenther2023grammaticality,54,65,0.03076171875,0.03076171875,0.0
guenther2023grammaticality,54,66,0.0458984375,0.158203125,-0.1123046875
guenther2023grammaticality,54,67,0.2041015625,0.384765625,-0.1806640625
guenther2023grammaticality,54,68,0.283203125,0.22265625,0.060546875
guenther2023grammaticality,54,69,0.390625,0.3125,0.078125
guenther2023grammaticality,54,70,0.158203125,0.10400390625,0.05419921875
guenther2023grammaticality,54,71,0.158203125,0.283203125,-0.125
guenther2023grammaticality,54,72,0.08984375,0.431640625,-0.341796875
guenther2023grammaticality,54,73,0.384765625,0.2041015625,0.1806640625
guenther2023grammaticality,54,74,0.828125,0.578125,0.25
guenther2023grammaticality,54,75,0.25390625,0.3125,-0.05859375
guenther2023grammaticality,54,76,0.03076171875,0.1455078125,-0.11474609375
guenther2023grammaticality,54,77,0.023193359375,0.1455078125,-0.122314453125
guenther2023grammaticality,54,78,0.1455078125,0.22265625,-0.0771484375
guenther2023grammaticality,54,79,0.038330078125,0.3125,-0.274169921875
guenther2023grammaticality,54,80,0.431640625,0.345703125,0.0859375
guenther2023grammaticality,54,81,0.1787109375,0.12451171875,0.05419921875
guenther2023grammaticality,54,82,0.22265625,0.2041015625,0.0185546875
guenther2023grammaticality,54,83,0.6328125,0.384765625,0.248046875
guenther2023grammaticality,54,84,0.06787109375,0.158203125,-0.09033203125
guenther2023grammaticality,54,85,0.1455078125,0.10400390625,0.04150390625
guenther2023grammaticality,54,86,0.431640625,0.22265625,0.208984375
guenther2023grammaticality,54,87,0.03076171875,0.158203125,-0.12744140625
guenther2023grammaticality,54,88,0.2041015625,0.2041015625,0.0
guenther2023grammaticality,54,89,0.038330078125,0.08984375,-0.051513671875
guenther2023grammaticality,54,90,0.0155029296875,0.158203125,-0.1427001953125
guenther2023grammaticality,54,91,0.158203125,0.10400390625,0.05419921875
guenther2023grammaticality,54,92,0.03076171875,0.11083984375,-0.080078125
guenther2023grammaticality,54,93,0.0155029296875,0.12451171875,-0.1090087890625
guenther2023grammaticality,54,94,0.007781982421875,0.06787109375,-0.060089111328125
guenther2023grammaticality,54,95,0.1455078125,0.2041015625,-0.05859375
guenther2023grammaticality,54,96,0.007781982421875,0.158203125,-0.150421142578125
guenther2023grammaticality,54,97,0.0155029296875,0.06787109375,-0.0523681640625
guenther2023grammaticality,54,98,0.007781982421875,0.0155029296875,-0.007720947265625
guenther2023grammaticality,54,99,0.08251953125,0.06787109375,0.0146484375
guenther2023grammaticality,54,100,0.3125,0.2041015625,0.1083984375
guenther2023grammaticality,54,101,0.158203125,0.10400390625,0.05419921875
guenther2023grammaticality,54,102,0.08984375,0.08251953125,0.00732421875
guenther2023grammaticality,54,103,0.023193359375,0.08251953125,-0.059326171875
guenther2023grammaticality,54,104,0.007781982421875,0.08251953125,-0.074737548828125
guenther2023grammaticality,54,105,0.12451171875,0.22265625,-0.09814453125
guenther2023grammaticality,54,106,0.1787109375,0.158203125,0.0205078125
guenther2023grammaticality,54,107,0.08251953125,0.06787109375,0.0146484375
guenther2023grammaticality,54,108,0.06787109375,0.060546875,0.00732421875
guenther2023grammaticality,54,109,0.384765625,0.22265625,0.162109375
guenther2023grammaticality,55,0,0.73046875,0.1455078125,0.5849609375
guenther2023grammaticality,55,1,0.59375,0.11083984375,0.48291015625
guenther2023grammaticality,55,2,1.703125,2.578125,-0.875
guenther2023grammaticality,55,3,1.40625,1.703125,-0.296875
guenther2023grammaticality,55,4,0.578125,0.578125,0.0
guenther2023grammaticality,55,5,0.357421875,0.7578125,-0.400390625
guenther2023grammaticality,55,6,0.3515625,0.283203125,0.068359375
guenther2023grammaticality,55,7,0.578125,0.4765625,0.1015625
guenther2023grammaticality,55,8,2.578125,1.2265625,1.3515625
guenther2023grammaticality,55,9,0.3515625,0.390625,-0.0390625
guenther2023grammaticality,55,10,0.431640625,0.4765625,-0.044921875
guenther2023grammaticality,55,11,0.283203125,0.390625,-0.107421875
guenther2023grammaticality,55,12,0.25390625,0.10400390625,0.14990234375
guenther2023grammaticality,55,13,0.06787109375,0.0458984375,0.02197265625
guenther2023grammaticality,55,14,0.1455078125,0.25390625,-0.1083984375
guenther2023grammaticality,55,15,0.283203125,0.25390625,0.029296875
guenther2023grammaticality,55,16,0.1455078125,0.10400390625,0.04150390625
guenther2023grammaticality,55,17,0.828125,0.828125,0.0
guenther2023grammaticality,55,18,0.3515625,0.7578125,-0.40625
guenther2023grammaticality,55,19,0.9765625,0.9765625,0.0
guenther2023grammaticality,55,20,0.0458984375,0.25390625,-0.2080078125
guenther2023grammaticality,55,21,0.1787109375,0.6328125,-0.4541015625
guenther2023grammaticality,55,22,0.0458984375,0.2041015625,-0.158203125
guenther2023grammaticality,55,23,0.0458984375,0.12451171875,-0.07861328125
guenther2023grammaticality,55,24,0.023193359375,0.158203125,-0.135009765625
guenther2023grammaticality,55,25,0.158203125,0.10400390625,0.05419921875
guenther2023grammaticality,55,26,0.7578125,1.0546875,-0.296875
guenther2023grammaticality,55,27,0.25390625,0.390625,-0.13671875
guenther2023grammaticality,55,28,0.08984375,0.03076171875,0.05908203125
guenther2023grammaticality,55,29,0.5234375,0.578125,-0.0546875
guenther2023grammaticality,55,30,0.03076171875,0.4765625,-0.44580078125
guenther2023grammaticality,55,31,0.11083984375,0.25390625,-0.14306640625
guenther2023grammaticality,55,32,4.125,1.59375,2.53125
guenther2023grammaticality,55,33,0.12451171875,0.10400390625,0.0205078125
guenther2023grammaticality,55,34,0.3125,0.390625,-0.078125
guenther2023grammaticality,55,35,0.10400390625,0.345703125,-0.24169921875
guenther2023grammaticality,55,36,0.08251953125,0.3125,-0.22998046875
guenther2023grammaticality,55,37,0.08984375,0.1787109375,-0.0888671875
guenther2023grammaticality,55,38,0.9765625,0.8984375,0.078125
guenther2023grammaticality,55,39,0.1455078125,0.390625,-0.2451171875
guenther2023grammaticality,55,40,0.1455078125,0.390625,-0.2451171875
guenther2023grammaticality,55,41,0.5234375,0.4765625,0.046875
guenther2023grammaticality,55,42,0.060546875,0.1455078125,-0.0849609375
guenther2023grammaticality,55,43,0.11083984375,0.390625,-0.27978515625
guenther2023grammaticality,55,44,0.06787109375,0.12451171875,-0.056640625
guenther2023grammaticality,55,45,0.1787109375,0.22265625,-0.0439453125
guenther2023grammaticality,55,46,0.12451171875,0.283203125,-0.15869140625
guenther2023grammaticality,55,47,0.6328125,0.9765625,-0.34375
guenther2023grammaticality,55,48,0.0458984375,0.10400390625,-0.05810546875
guenther2023grammaticality,55,49,1.140625,1.0546875,0.0859375
guenther2023grammaticality,55,50,0.12451171875,0.1455078125,-0.02099609375
guenther2023grammaticality,55,51,0.0155029296875,0.10400390625,-0.0885009765625
guenther2023grammaticality,55,52,0.08984375,0.22265625,-0.1328125
guenther2023grammaticality,55,53,0.05322265625,0.11083984375,-0.0576171875
guenther2023grammaticality,55,54,2.359375,2.46875,-0.109375
guenther2023grammaticality,55,55,0.158203125,0.3125,-0.154296875
guenther2023grammaticality,55,56,0.4765625,0.6328125,-0.15625
guenther2023grammaticality,55,57,0.060546875,0.11083984375,-0.05029296875
guenther2023grammaticality,55,58,0.345703125,0.345703125,0.0
guenther2023grammaticality,55,59,0.3125,0.060546875,0.251953125
guenther2023grammaticality,55,60,0.06787109375,0.22265625,-0.15478515625
guenther2023grammaticality,55,61,0.22265625,0.2041015625,0.0185546875
guenther2023grammaticality,55,62,0.12451171875,0.25390625,-0.12939453125
guenther2023grammaticality,55,63,0.12451171875,0.1787109375,-0.05419921875
guenther2023grammaticality,55,64,0.3125,0.10400390625,0.20849609375
guenther2023grammaticality,55,65,0.7578125,0.5234375,0.234375
guenther2023grammaticality,55,66,0.22265625,0.1455078125,0.0771484375
guenther2023grammaticality,55,67,0.1455078125,0.10400390625,0.04150390625
guenther2023grammaticality,55,68,0.05322265625,0.12451171875,-0.0712890625
guenther2023grammaticality,55,69,0.05322265625,0.11083984375,-0.0576171875
guenther2023grammaticality,55,70,0.390625,0.578125,-0.1875
guenther2023grammaticality,55,71,0.0458984375,0.060546875,-0.0146484375
guenther2023grammaticality,55,72,0.023193359375,0.05322265625,-0.030029296875
guenther2023grammaticality,55,73,0.10400390625,0.3125,-0.20849609375
guenther2023grammaticality,55,74,0.023193359375,0.1787109375,-0.155517578125
guenther2023grammaticality,55,75,0.0458984375,0.10400390625,-0.05810546875
guenther2023grammaticality,55,76,0.158203125,0.0458984375,0.1123046875
guenther2023grammaticality,55,77,0.03076171875,0.2041015625,-0.17333984375
guenther2023grammaticality,55,78,0.0155029296875,0.060546875,-0.0450439453125
guenther2023grammaticality,55,79,0.007781982421875,0.03076171875,-0.022979736328125
guenther2023grammaticality,55,80,0.038330078125,0.12451171875,-0.086181640625
guenther2023grammaticality,55,81,0.1455078125,0.06787109375,0.07763671875
guenther2023grammaticality,55,82,0.0155029296875,0.08251953125,-0.0670166015625
guenther2023grammaticality,55,83,0.060546875,0.12451171875,-0.06396484375
guenther2023grammaticality,55,84,0.8984375,0.7578125,0.140625
guenther2023grammaticality,55,85,0.0458984375,0.08251953125,-0.03662109375
guenther2023grammaticality,55,86,0.06787109375,0.023193359375,0.044677734375
guenther2023grammaticality,55,87,0.2041015625,0.158203125,0.0458984375
guenther2023grammaticality,55,88,0.4765625,0.578125,-0.1015625
guenther2023grammaticality,55,89,0.05322265625,0.2041015625,-0.15087890625
guenther2023grammaticality,55,90,0.0155029296875,0.08984375,-0.0743408203125
guenther2023grammaticality,55,91,0.023193359375,0.03076171875,-0.007568359375
guenther2023grammaticality,55,92,0.8984375,0.7578125,0.140625
guenther2023grammaticality,55,93,0.038330078125,0.06787109375,-0.029541015625
guenther2023grammaticality,55,94,0.0155029296875,0.023193359375,-0.0076904296875
guenther2023grammaticality,55,95,0.158203125,0.0458984375,0.1123046875
guenther2023grammaticality,55,96,0.12451171875,0.08251953125,0.0419921875
guenther2023grammaticality,55,97,0.038330078125,0.08251953125,-0.044189453125
guenther2023grammaticality,55,98,0.038330078125,0.06787109375,-0.029541015625
guenther2023grammaticality,55,99,0.0155029296875,0.0155029296875,0.0
guenther2023grammaticality,55,100,0.22265625,0.3125,-0.08984375
guenther2023grammaticality,55,101,0.023193359375,0.060546875,-0.037353515625
guenther2023grammaticality,55,102,0.023193359375,0.05322265625,-0.030029296875
guenther2023grammaticality,55,103,0.0155029296875,0.03076171875,-0.0152587890625
guenther2023grammaticality,55,104,0.05322265625,0.158203125,-0.10498046875
guenther2023grammaticality,55,105,0.345703125,0.390625,-0.044921875
guenther2023grammaticality,55,106,0.0458984375,0.08251953125,-0.03662109375
guenther2023grammaticality,55,107,1.8046875,1.59375,0.2109375
guenther2023grammaticality,55,108,0.08984375,0.22265625,-0.1328125
guenther2023grammaticality,55,109,0.0155029296875,0.08984375,-0.0743408203125
guenther2023grammaticality,56,0,0.74609375,0.8984375,-0.15234375
guenther2023grammaticality,56,1,1.328125,1.59375,-0.265625
guenther2023grammaticality,56,2,0.171875,0.345703125,-0.173828125
guenther2023grammaticality,56,3,0.431640625,0.345703125,0.0859375
guenther2023grammaticality,56,4,0.390625,0.25390625,0.13671875
guenther2023grammaticality,56,5,0.3515625,0.22265625,0.12890625
guenther2023grammaticality,56,6,1.90625,2.234375,-0.328125
guenther2023grammaticality,56,7,0.25390625,0.25390625,0.0
guenther2023grammaticality,56,8,0.25390625,0.283203125,-0.029296875
guenther2023grammaticality,56,9,0.22265625,0.22265625,0.0
guenther2023grammaticality,56,10,0.5234375,0.283203125,0.240234375
guenther2023grammaticality,56,11,1.40625,1.3125,0.09375
guenther2023grammaticality,56,12,1.5,1.90625,-0.40625
guenther2023grammaticality,56,13,0.1318359375,0.12451171875,0.00732421875
guenther2023grammaticality,56,14,0.22265625,0.390625,-0.16796875
guenther2023grammaticality,56,15,0.25390625,0.3125,-0.05859375
guenther2023grammaticality,56,16,1.8046875,1.40625,0.3984375
guenther2023grammaticality,56,17,0.390625,0.1787109375,0.2119140625
guenther2023grammaticality,56,18,0.25390625,0.22265625,0.03125
guenther2023grammaticality,56,19,0.2041015625,0.22265625,-0.0185546875
guenther2023grammaticality,56,20,1.40625,1.21875,0.1875
guenther2023grammaticality,56,21,1.703125,1.59375,0.109375
guenther2023grammaticality,56,22,1.21875,0.8984375,0.3203125
guenther2023grammaticality,56,23,0.158203125,0.1787109375,-0.0205078125
guenther2023grammaticality,56,24,0.158203125,0.3125,-0.154296875
guenther2023grammaticality,56,25,0.2041015625,0.431640625,-0.2275390625
guenther2023grammaticality,56,26,0.22265625,0.3125,-0.08984375
guenther2023grammaticality,56,27,0.11083984375,0.158203125,-0.04736328125
guenther2023grammaticality,56,28,0.05322265625,0.158203125,-0.10498046875
guenther2023grammaticality,56,29,2.578125,1.59375,0.984375
guenther2023grammaticality,56,30,0.828125,0.9765625,-0.1484375
guenther2023grammaticality,56,31,2.46875,1.59375,0.875
guenther2023grammaticality,56,32,0.25390625,0.390625,-0.13671875
guenther2023grammaticality,56,33,0.578125,0.6328125,-0.0546875
guenther2023grammaticality,56,34,0.1455078125,0.431640625,-0.2861328125
guenther2023grammaticality,56,35,0.1787109375,0.22265625,-0.0439453125
guenther2023grammaticality,56,36,0.22265625,0.25390625,-0.03125
guenther2023grammaticality,56,37,0.25390625,0.345703125,-0.091796875
guenther2023grammaticality,56,38,0.12451171875,0.2041015625,-0.07958984375
guenther2023grammaticality,56,39,0.2041015625,0.283203125,-0.0791015625
guenther2023grammaticality,56,40,0.1787109375,0.2041015625,-0.025390625
guenther2023grammaticality,56,41,0.4765625,0.345703125,0.130859375
guenther2023grammaticality,56,42,0.1787109375,0.12451171875,0.05419921875
guenther2023grammaticality,56,43,0.1455078125,0.1787109375,-0.033203125
guenther2023grammaticality,56,44,0.10400390625,0.11083984375,-0.0068359375
guenther2023grammaticality,56,45,0.11083984375,0.08984375,0.02099609375
guenther2023grammaticality,56,46,0.1455078125,0.12451171875,0.02099609375
guenther2023grammaticality,56,47,0.12451171875,0.283203125,-0.15869140625
guenther2023grammaticality,56,48,0.10400390625,0.08984375,0.01416015625
guenther2023grammaticality,56,49,0.06787109375,0.158203125,-0.09033203125
guenther2023grammaticality,56,50,0.578125,0.2041015625,0.3740234375
guenther2023grammaticality,56,51,0.11083984375,0.12451171875,-0.013671875
guenther2023grammaticality,56,52,0.06787109375,0.08251953125,-0.0146484375
guenther2023grammaticality,56,53,0.05322265625,0.06787109375,-0.0146484375
guenther2023grammaticality,56,54,0.08984375,0.08984375,0.0
guenther2023grammaticality,56,55,0.10400390625,0.158203125,-0.05419921875
guenther2023grammaticality,56,56,0.05322265625,0.1455078125,-0.09228515625
guenther2023grammaticality,56,57,0.03076171875,0.0458984375,-0.01513671875
guenther2023grammaticality,56,58,0.038330078125,0.08251953125,-0.044189453125
guenther2023grammaticality,56,59,0.03076171875,0.06787109375,-0.037109375
guenther2023grammaticality,56,60,0.2041015625,0.22265625,-0.0185546875
guenther2023grammaticality,56,61,3.40625,3.046875,0.359375
guenther2023grammaticality,56,62,0.05322265625,0.10400390625,-0.05078125
guenther2023grammaticality,56,63,0.06787109375,0.08984375,-0.02197265625
guenther2023grammaticality,56,64,0.11083984375,0.12451171875,-0.013671875
guenther2023grammaticality,56,65,2.8125,2.125,0.6875
guenther2023grammaticality,56,66,0.0458984375,0.10400390625,-0.05810546875
guenther2023grammaticality,56,67,1.40625,1.40625,0.0
guenther2023grammaticality,56,68,2.125,1.59375,0.53125
guenther2023grammaticality,56,69,0.2041015625,0.1787109375,0.025390625
guenther2023grammaticality,56,70,2.234375,1.90625,0.328125
guenther2023grammaticality,56,71,2.46875,1.90625,0.5625
guenther2023grammaticality,56,72,0.22265625,0.431640625,-0.208984375
guenther2023grammaticality,56,73,0.1787109375,0.22265625,-0.0439453125
guenther2023grammaticality,56,74,0.158203125,0.11083984375,0.04736328125
guenther2023grammaticality,56,75,0.08251953125,0.2041015625,-0.12158203125
guenther2023grammaticality,56,76,0.158203125,0.25390625,-0.095703125
guenther2023grammaticality,56,77,0.03076171875,0.1455078125,-0.11474609375
guenther2023grammaticality,56,78,0.10400390625,0.158203125,-0.05419921875
guenther2023grammaticality,56,79,0.08251953125,0.05322265625,0.029296875
guenther2023grammaticality,56,80,1.0546875,1.140625,-0.0859375
guenther2023grammaticality,56,81,0.69140625,0.9765625,-0.28515625
guenther2023grammaticality,56,82,2.234375,1.59375,0.640625
guenther2023grammaticality,56,83,0.578125,0.69140625,-0.11328125
guenther2023grammaticality,56,84,0.10400390625,0.3125,-0.20849609375
guenther2023grammaticality,56,85,0.023193359375,0.1787109375,-0.155517578125
guenther2023grammaticality,56,86,0.22265625,0.390625,-0.16796875
guenther2023grammaticality,56,87,0.08251953125,0.25390625,-0.17138671875
guenther2023grammaticality,56,88,0.828125,0.9765625,-0.1484375
guenther2023grammaticality,56,89,1.59375,1.140625,0.453125
guenther2023grammaticality,56,90,2.359375,1.5,0.859375
guenther2023grammaticality,56,91,0.22265625,0.390625,-0.16796875
guenther2023grammaticality,56,92,0.08984375,0.2041015625,-0.1142578125
guenther2023grammaticality,56,93,0.05322265625,0.2041015625,-0.15087890625
guenther2023grammaticality,56,94,0.1787109375,0.345703125,-0.1669921875
guenther2023grammaticality,56,95,0.1787109375,0.3125,-0.1337890625
guenther2023grammaticality,56,96,1.40625,1.140625,0.265625
guenther2023grammaticality,56,97,0.69140625,0.828125,-0.13671875
guenther2023grammaticality,56,98,0.158203125,0.22265625,-0.064453125
guenther2023grammaticality,56,99,0.023193359375,0.12451171875,-0.101318359375
guenther2023grammaticality,56,100,0.1787109375,0.25390625,-0.0751953125
guenther2023grammaticality,56,101,0.03076171875,0.060546875,-0.02978515625
guenther2023grammaticality,56,102,0.08984375,0.2041015625,-0.1142578125
guenther2023grammaticality,56,103,3.046875,2.359375,0.6875
guenther2023grammaticality,56,104,1.140625,0.9765625,0.1640625
guenther2023grammaticality,56,105,0.6328125,0.69140625,-0.05859375
guenther2023grammaticality,56,106,0.158203125,0.3125,-0.154296875
guenther2023grammaticality,56,107,0.08251953125,0.283203125,-0.20068359375
guenther2023grammaticality,56,108,0.1455078125,0.25390625,-0.1083984375
guenther2023grammaticality,56,109,0.12451171875,0.2041015625,-0.07958984375
guenther2023grammaticality,57,0,0.97265625,1.0546875,-0.08203125
guenther2023grammaticality,57,1,0.76953125,0.3125,0.45703125
guenther2023grammaticality,57,2,1.0546875,1.8046875,-0.75
guenther2023grammaticality,57,3,0.578125,0.390625,0.1875
guenther2023grammaticality,57,4,0.5234375,0.8984375,-0.375
guenther2023grammaticality,57,5,0.2294921875,0.431640625,-0.2021484375
guenther2023grammaticality,57,6,0.4765625,0.5234375,-0.046875
guenther2023grammaticality,57,7,0.578125,0.8984375,-0.3203125
guenther2023grammaticality,57,8,0.03076171875,0.390625,-0.35986328125
guenther2023grammaticality,57,9,0.2041015625,0.05322265625,0.15087890625
guenther2023grammaticality,57,10,0.007781982421875,0.2041015625,-0.196319580078125
guenther2023grammaticality,57,11,0.69140625,0.4765625,0.21484375
guenther2023grammaticality,57,12,5.0,0.69140625,4.30859375
guenther2023grammaticality,57,13,0.1318359375,0.22265625,-0.0908203125
guenther2023grammaticality,57,14,0.0458984375,0.08984375,-0.0439453125
guenther2023grammaticality,57,15,1.6015625,1.8046875,-0.203125
guenther2023grammaticality,57,16,0.69140625,0.4765625,0.21484375
guenther2023grammaticality,57,17,0.12451171875,0.431640625,-0.30712890625
guenther2023grammaticality,57,18,0.283203125,0.3125,-0.029296875
guenther2023grammaticality,57,19,0.05322265625,0.08251953125,-0.029296875
guenther2023grammaticality,57,20,0.390625,0.431640625,-0.041015625
guenther2023grammaticality,57,21,0.10400390625,0.10400390625,0.0
guenther2023grammaticality,57,22,0.12451171875,0.22265625,-0.09814453125
guenther2023grammaticality,57,23,1.703125,0.8984375,0.8046875
guenther2023grammaticality,57,24,0.7578125,0.390625,0.3671875
guenther2023grammaticality,57,25,0.6328125,0.11083984375,0.52197265625
guenther2023grammaticality,57,26,0.283203125,0.08984375,0.193359375
guenther2023grammaticality,57,27,0.08251953125,0.06787109375,0.0146484375
guenther2023grammaticality,57,28,2.125,2.125,0.0
guenther2023grammaticality,57,29,0.431640625,0.6328125,-0.201171875
guenther2023grammaticality,57,30,0.7578125,0.4765625,0.28125
guenther2023grammaticality,57,31,0.158203125,0.08984375,0.068359375
guenther2023grammaticality,57,32,0.5234375,0.283203125,0.240234375
guenther2023grammaticality,57,33,0.11083984375,0.22265625,-0.11181640625
guenther2023grammaticality,57,34,0.2041015625,0.158203125,0.0458984375
guenther2023grammaticality,57,35,0.4765625,0.6328125,-0.15625
guenther2023grammaticality,57,36,1.0546875,1.5,-0.4453125
guenther2023grammaticality,57,37,0.8984375,0.9765625,-0.078125
guenther2023grammaticality,57,38,0.158203125,0.22265625,-0.064453125
guenther2023grammaticality,57,39,0.158203125,0.25390625,-0.095703125
guenther2023grammaticality,57,40,0.08984375,0.12451171875,-0.03466796875
guenther2023grammaticality,57,41,0.08251953125,0.25390625,-0.17138671875
guenther2023grammaticality,57,42,0.11083984375,0.12451171875,-0.013671875
guenther2023grammaticality,57,43,0.578125,0.9765625,-0.3984375
guenther2023grammaticality,57,44,0.69140625,0.69140625,0.0
guenther2023grammaticality,57,45,0.05322265625,0.283203125,-0.22998046875
guenther2023grammaticality,57,46,0.03076171875,0.2041015625,-0.17333984375
guenther2023grammaticality,57,47,0.060546875,0.1787109375,-0.1181640625
guenther2023grammaticality,57,48,0.038330078125,0.05322265625,-0.014892578125
guenther2023grammaticality,57,49,0.828125,1.0546875,-0.2265625
guenther2023grammaticality,57,50,0.05322265625,0.1455078125,-0.09228515625
guenther2023grammaticality,57,51,0.6328125,0.5234375,0.109375
guenther2023grammaticality,57,52,0.1787109375,0.431640625,-0.2529296875
guenther2023grammaticality,57,53,0.0458984375,0.22265625,-0.1767578125
guenther2023grammaticality,57,54,1.21875,0.7578125,0.4609375
guenther2023grammaticality,57,55,0.158203125,0.390625,-0.232421875
guenther2023grammaticality,57,56,0.060546875,0.0458984375,0.0146484375
guenther2023grammaticality,57,57,0.05322265625,0.390625,-0.33740234375
guenther2023grammaticality,57,58,0.0155029296875,0.25390625,-0.2384033203125
guenther2023grammaticality,57,59,0.023193359375,0.1455078125,-0.122314453125
guenther2023grammaticality,57,60,0.023193359375,0.11083984375,-0.087646484375
guenther2023grammaticality,57,61,0.038330078125,0.03076171875,0.007568359375
guenther2023grammaticality,57,62,0.03076171875,0.25390625,-0.22314453125
guenther2023grammaticality,57,63,0.158203125,0.345703125,-0.1875
guenther2023grammaticality,57,64,0.431640625,0.345703125,0.0859375
guenther2023grammaticality,57,65,0.03076171875,0.08984375,-0.05908203125
guenther2023grammaticality,57,66,0.6328125,0.828125,-0.1953125
guenther2023grammaticality,57,67,0.5234375,0.5234375,0.0
guenther2023grammaticality,57,68,0.11083984375,0.283203125,-0.17236328125
guenther2023grammaticality,57,69,0.038330078125,0.25390625,-0.215576171875
guenther2023grammaticality,57,70,0.0155029296875,0.1455078125,-0.1300048828125
guenther2023grammaticality,57,71,0.007781982421875,0.060546875,-0.052764892578125
guenther2023grammaticality,57,72,0.023193359375,0.22265625,-0.199462890625
guenther2023grammaticality,57,73,0.023193359375,0.25390625,-0.230712890625
guenther2023grammaticality,57,74,0.0,0.11083984375,-0.11083984375
guenther2023grammaticality,57,75,0.023193359375,0.2041015625,-0.180908203125
guenther2023grammaticality,57,76,0.023193359375,0.03076171875,-0.007568359375
guenther2023grammaticality,57,77,0.3125,0.390625,-0.078125
guenther2023grammaticality,57,78,0.007781982421875,0.10400390625,-0.096221923828125
guenther2023grammaticality,57,79,0.08984375,0.2041015625,-0.1142578125
guenther2023grammaticality,57,80,0.023193359375,0.3125,-0.289306640625
guenther2023grammaticality,57,81,0.007781982421875,0.12451171875,-0.116729736328125
guenther2023grammaticality,57,82,0.0155029296875,0.10400390625,-0.0885009765625
guenther2023grammaticality,57,83,0.578125,0.6328125,-0.0546875
guenther2023grammaticality,57,84,0.0155029296875,0.283203125,-0.2677001953125
guenther2023grammaticality,57,85,0.0155029296875,0.06787109375,-0.0523681640625
guenther2023grammaticality,57,86,1.703125,1.8046875,-0.1015625
guenther2023grammaticality,57,87,1.140625,0.7578125,0.3828125
guenther2023grammaticality,57,88,0.038330078125,0.060546875,-0.022216796875
guenther2023grammaticality,57,89,0.0155029296875,0.1787109375,-0.1632080078125
guenther2023grammaticality,57,90,0.0458984375,0.22265625,-0.1767578125
guenther2023grammaticality,57,91,0.023193359375,0.060546875,-0.037353515625
guenther2023grammaticality,57,92,0.9765625,0.9765625,0.0
guenther2023grammaticality,57,93,0.0155029296875,0.08251953125,-0.0670166015625
guenther2023grammaticality,57,94,0.023193359375,0.22265625,-0.199462890625
guenther2023grammaticality,57,95,0.023193359375,0.158203125,-0.135009765625
guenther2023grammaticality,57,96,0.023193359375,0.0458984375,-0.022705078125
guenther2023grammaticality,57,97,0.03076171875,0.22265625,-0.19189453125
guenther2023grammaticality,57,98,0.0,0.060546875,-0.060546875
guenther2023grammaticality,57,99,0.007781982421875,0.06787109375,-0.060089111328125
guenther2023grammaticality,57,100,4.125,1.90625,2.21875
guenther2023grammaticality,57,101,0.0458984375,0.03076171875,0.01513671875
guenther2023grammaticality,57,102,0.5234375,0.578125,-0.0546875
guenther2023grammaticality,57,103,0.023193359375,0.05322265625,-0.030029296875
guenther2023grammaticality,57,104,0.007781982421875,0.05322265625,-0.045440673828125
guenther2023grammaticality,57,105,0.0155029296875,0.12451171875,-0.1090087890625
guenther2023grammaticality,57,106,0.7578125,0.4765625,0.28125
guenther2023grammaticality,57,107,0.007781982421875,0.11083984375,-0.103057861328125
guenther2023grammaticality,57,108,0.0155029296875,0.023193359375,-0.0076904296875
guenther2023grammaticality,57,109,0.6328125,0.345703125,0.287109375
guenther2023grammaticality,58,0,1.71875,0.6328125,1.0859375
guenther2023grammaticality,58,1,0.2109375,0.1318359375,0.0791015625
guenther2023grammaticality,58,2,0.828125,0.8984375,-0.0703125
guenther2023grammaticality,58,3,0.9765625,0.9765625,0.0
guenther2023grammaticality,58,4,0.69140625,0.390625,0.30078125
guenther2023grammaticality,58,5,0.5234375,0.1787109375,0.3447265625
guenther2023grammaticality,58,6,0.5234375,0.5234375,0.0
guenther2023grammaticality,58,7,0.12451171875,0.08984375,0.03466796875
guenther2023grammaticality,58,8,0.7578125,0.384765625,0.373046875
guenther2023grammaticality,58,9,0.12451171875,0.578125,-0.45361328125
guenther2023grammaticality,58,10,1.3125,0.578125,0.734375
guenther2023grammaticality,58,11,0.283203125,0.06787109375,0.21533203125
guenther2023grammaticality,58,12,0.007781982421875,0.0155029296875,-0.007720947265625
guenther2023grammaticality,58,13,0.007781982421875,0.25390625,-0.246124267578125
guenther2023grammaticality,58,14,0.060546875,0.345703125,-0.28515625
guenther2023grammaticality,58,15,0.828125,0.9765625,-0.1484375
guenther2023grammaticality,58,16,0.0155029296875,0.3125,-0.2969970703125
guenther2023grammaticality,58,17,0.0458984375,0.384765625,-0.3388671875
guenther2023grammaticality,58,18,0.007781982421875,0.8984375,-0.890655517578125
guenther2023grammaticality,58,19,0.007781982421875,0.69140625,-0.683624267578125
guenther2023grammaticality,58,20,0.007781982421875,0.2041015625,-0.196319580078125
guenther2023grammaticality,58,21,0.0,0.384765625,-0.384765625
guenther2023grammaticality,58,22,0.6328125,0.6328125,0.0
guenther2023grammaticality,58,23,0.007781982421875,0.384765625,-0.376983642578125
guenther2023grammaticality,58,24,0.0,0.578125,-0.578125
guenther2023grammaticality,58,25,0.5234375,0.9765625,-0.453125
guenther2023grammaticality,58,26,0.007781982421875,0.283203125,-0.275421142578125
guenther2023grammaticality,58,27,0.0,0.023193359375,-0.023193359375
guenther2023grammaticality,58,28,0.0,0.1787109375,-0.1787109375
guenther2023grammaticality,58,29,0.0,0.1787109375,-0.1787109375
guenther2023grammaticality,58,30,0.0,0.25390625,-0.25390625
guenther2023grammaticality,58,31,0.007781982421875,0.384765625,-0.376983642578125
guenther2023grammaticality,58,32,0.0,0.10400390625,-0.10400390625
guenther2023grammaticality,58,33,0.0,0.69140625,-0.69140625
guenther2023grammaticality,58,34,0.0,0.08984375,-0.08984375
guenther2023grammaticality,58,35,0.0,0.060546875,-0.060546875
guenther2023grammaticality,58,36,0.0,0.345703125,-0.345703125
guenther2023grammaticality,58,37,0.007781982421875,0.5234375,-0.515655517578125
guenther2023grammaticality,58,38,7.0,2.234375,4.765625
guenther2023grammaticality,58,39,0.10400390625,0.6328125,-0.52880859375
guenther2023grammaticality,58,40,2.578125,1.1328125,1.4453125
guenther2023grammaticality,58,41,0.08251953125,0.5234375,-0.44091796875
guenther2023grammaticality,58,42,0.3125,0.345703125,-0.033203125
guenther2023grammaticality,58,43,0.023193359375,0.3125,-0.289306640625
guenther2023grammaticality,58,44,0.1787109375,0.69140625,-0.5126953125
guenther2023grammaticality,58,45,0.0155029296875,0.283203125,-0.2677001953125
guenther2023grammaticality,58,46,0.12451171875,0.4765625,-0.35205078125
guenther2023grammaticality,58,47,0.1787109375,0.384765625,-0.2060546875
guenther2023grammaticality,58,48,0.69140625,0.578125,0.11328125
guenther2023grammaticality,58,49,0.007781982421875,0.283203125,-0.275421142578125
guenther2023grammaticality,58,50,2.6875,1.0546875,1.6328125
guenther2023grammaticality,58,51,0.1455078125,0.3125,-0.1669921875
guenther2023grammaticality,58,52,0.060546875,0.22265625,-0.162109375
guenther2023grammaticality,58,53,0.08984375,0.22265625,-0.1328125
guenther2023grammaticality,58,54,0.2294921875,0.384765625,-0.1552734375
guenther2023grammaticality,58,55,0.22265625,0.345703125,-0.123046875
guenther2023grammaticality,58,56,0.0458984375,0.431640625,-0.3857421875
guenther2023grammaticality,58,57,0.0458984375,0.0155029296875,0.0303955078125
guenther2023grammaticality,58,58,0.0155029296875,0.2041015625,-0.1885986328125
guenther2023grammaticality,58,59,0.0155029296875,0.1787109375,-0.1632080078125
guenther2023grammaticality,58,60,0.007781982421875,0.11083984375,-0.103057861328125
guenther2023grammaticality,58,61,0.0155029296875,0.22265625,-0.2071533203125
guenther2023grammaticality,58,62,0.08984375,0.283203125,-0.193359375
guenther2023grammaticality,58,63,0.390625,0.69140625,-0.30078125
guenther2023grammaticality,58,64,0.060546875,0.2041015625,-0.1435546875
guenther2023grammaticality,58,65,0.08251953125,0.06787109375,0.0146484375
guenther2023grammaticality,58,66,0.03076171875,0.11083984375,-0.080078125
guenther2023grammaticality,58,67,0.060546875,0.038330078125,0.022216796875
guenther2023grammaticality,58,68,0.0155029296875,0.25390625,-0.2384033203125
guenther2023grammaticality,58,69,0.0458984375,0.158203125,-0.1123046875
guenther2023grammaticality,58,70,0.007781982421875,0.12451171875,-0.116729736328125
guenther2023grammaticality,58,71,0.0458984375,0.158203125,-0.1123046875
guenther2023grammaticality,58,72,0.0155029296875,0.060546875,-0.0450439453125
guenther2023grammaticality,58,73,0.03076171875,0.2041015625,-0.17333984375
guenther2023grammaticality,58,74,0.060546875,0.3125,-0.251953125
guenther2023grammaticality,58,75,0.023193359375,0.1455078125,-0.122314453125
guenther2023grammaticality,58,76,4.625,1.40625,3.21875
guenther2023grammaticality,58,77,0.3125,0.384765625,-0.072265625
guenther2023grammaticality,58,78,0.11083984375,0.22265625,-0.11181640625
guenther2023grammaticality,58,79,0.05322265625,0.3125,-0.25927734375
guenther2023grammaticality,58,80,2.921875,1.90625,1.015625
guenther2023grammaticality,58,81,0.2041015625,0.384765625,-0.1806640625
guenther2023grammaticality,58,82,0.10400390625,0.158203125,-0.05419921875
guenther2023grammaticality,58,83,0.10400390625,0.22265625,-0.11865234375
guenther2023grammaticality,58,84,0.3515625,0.4765625,-0.125
guenther2023grammaticality,58,85,0.283203125,0.384765625,-0.1015625
guenther2023grammaticality,58,86,0.06787109375,0.1787109375,-0.11083984375
guenther2023grammaticality,58,87,0.3125,0.4765625,-0.1640625
guenther2023grammaticality,58,88,0.25390625,0.3125,-0.05859375
guenther2023grammaticality,58,89,0.2041015625,0.345703125,-0.1416015625
guenther2023grammaticality,58,90,0.12451171875,0.3125,-0.18798828125
guenther2023grammaticality,58,91,0.1787109375,0.22265625,-0.0439453125
guenther2023grammaticality,58,92,0.158203125,0.25390625,-0.095703125
guenther2023grammaticality,58,93,0.158203125,0.384765625,-0.2265625
guenther2023grammaticality,58,94,0.0458984375,0.0966796875,-0.05078125
guenther2023grammaticality,58,95,0.03076171875,0.2041015625,-0.17333984375
guenther2023grammaticality,58,96,0.0155029296875,0.2041015625,-0.1885986328125
guenther2023grammaticality,58,97,0.158203125,0.25390625,-0.095703125
guenther2023grammaticality,58,98,0.007781982421875,0.10400390625,-0.096221923828125
guenther2023grammaticality,58,99,0.023193359375,0.3125,-0.289306640625
guenther2023grammaticality,58,100,0.023193359375,0.0155029296875,0.0076904296875
guenther2023grammaticality,58,101,0.05322265625,0.158203125,-0.10498046875
guenther2023grammaticality,58,102,0.05322265625,0.4765625,-0.42333984375
guenther2023grammaticality,58,103,0.0458984375,0.12451171875,-0.07861328125
guenther2023grammaticality,58,104,0.03076171875,0.2041015625,-0.17333984375
guenther2023grammaticality,58,105,0.023193359375,0.05322265625,-0.030029296875
guenther2023grammaticality,58,106,0.11083984375,0.25390625,-0.14306640625
guenther2023grammaticality,58,107,0.08251953125,0.2041015625,-0.12158203125
guenther2023grammaticality,58,108,0.158203125,0.283203125,-0.125
guenther2023grammaticality,58,109,0.007781982421875,0.08984375,-0.082061767578125
guenther2023grammaticality,59,0,1.71875,0.5234375,1.1953125
guenther2023grammaticality,59,1,0.984375,0.6328125,0.3515625
guenther2023grammaticality,59,2,0.69140625,0.69140625,0.0
guenther2023grammaticality,59,3,1.2265625,1.140625,0.0859375
guenther2023grammaticality,59,4,0.69140625,0.578125,0.11328125
guenther2023grammaticality,59,5,0.1845703125,0.023193359375,0.161376953125
guenther2023grammaticality,59,6,1.140625,1.3125,-0.171875
guenther2023grammaticality,59,7,0.4765625,0.11083984375,0.36572265625
guenther2023grammaticality,59,8,0.828125,0.9765625,-0.1484375
guenther2023grammaticality,59,9,0.8984375,0.9765625,-0.078125
guenther2023grammaticality,59,10,0.7578125,0.431640625,0.326171875
guenther2023grammaticality,59,11,0.69140625,0.69140625,0.0
guenther2023grammaticality,59,12,0.578125,0.8984375,-0.3203125
guenther2023grammaticality,59,13,0.431640625,0.283203125,0.1484375
guenther2023grammaticality,59,14,0.828125,0.8984375,-0.0703125
guenther2023grammaticality,59,15,0.5234375,0.390625,0.1328125
guenther2023grammaticality,59,16,0.8984375,0.9765625,-0.078125
guenther2023grammaticality,59,17,0.6328125,0.578125,0.0546875
guenther2023grammaticality,59,18,0.69140625,0.345703125,0.345703125
guenther2023grammaticality,59,19,0.828125,0.9765625,-0.1484375
guenther2023grammaticality,59,20,1.0546875,0.6328125,0.421875
guenther2023grammaticality,59,21,0.7578125,0.828125,-0.0703125
guenther2023grammaticality,59,22,0.25390625,0.023193359375,0.230712890625
guenther2023grammaticality,59,23,0.5234375,0.5234375,0.0
guenther2023grammaticality,59,24,0.7578125,1.140625,-0.3828125
guenther2023grammaticality,59,25,0.578125,0.431640625,0.146484375
guenther2023grammaticality,59,26,0.3125,0.345703125,-0.033203125
guenther2023grammaticality,59,27,0.1787109375,0.1787109375,0.0
guenther2023grammaticality,59,28,0.4765625,0.5234375,-0.046875
guenther2023grammaticality,59,29,0.22265625,0.345703125,-0.123046875
guenther2023grammaticality,59,30,0.390625,0.22265625,0.16796875
guenther2023grammaticality,59,31,1.703125,1.703125,0.0
guenther2023grammaticality,59,32,0.5234375,0.431640625,0.091796875
guenther2023grammaticality,59,33,0.431640625,0.4765625,-0.044921875
guenther2023grammaticality,59,34,0.2041015625,0.03076171875,0.17333984375
guenther2023grammaticality,59,35,0.345703125,0.25390625,0.091796875
guenther2023grammaticality,59,36,0.578125,0.828125,-0.25
guenther2023grammaticality,59,37,0.390625,0.4765625,-0.0859375
guenther2023grammaticality,59,38,0.3125,0.431640625,-0.119140625
guenther2023grammaticality,59,39,0.345703125,0.578125,-0.232421875
guenther2023grammaticality,59,40,0.283203125,0.431640625,-0.1484375
guenther2023grammaticality,59,41,0.431640625,0.390625,0.041015625
guenther2023grammaticality,59,42,0.8984375,0.9765625,-0.078125
guenther2023grammaticality,59,43,0.3125,0.578125,-0.265625
guenther2023grammaticality,59,44,0.2041015625,0.22265625,-0.0185546875
guenther2023grammaticality,59,45,0.283203125,0.3125,-0.029296875
guenther2023grammaticality,59,46,0.283203125,0.5234375,-0.240234375
guenther2023grammaticality,59,47,0.10400390625,0.283203125,-0.17919921875
guenther2023grammaticality,59,48,0.828125,0.828125,0.0
guenther2023grammaticality,59,49,0.6328125,0.828125,-0.1953125
guenther2023grammaticality,59,50,0.08251953125,0.023193359375,0.059326171875
guenther2023grammaticality,59,51,0.25390625,0.12451171875,0.12939453125
guenther2023grammaticality,59,52,0.1787109375,0.431640625,-0.2529296875
guenther2023grammaticality,59,53,0.12451171875,0.1455078125,-0.02099609375
guenther2023grammaticality,59,54,0.038330078125,0.283203125,-0.244873046875
guenther2023grammaticality,59,55,0.1787109375,0.431640625,-0.2529296875
guenther2023grammaticality,59,56,0.08251953125,0.1787109375,-0.09619140625
guenther2023grammaticality,59,57,0.10400390625,0.3125,-0.20849609375
guenther2023grammaticality,59,58,0.06787109375,0.2041015625,-0.13623046875
guenther2023grammaticality,59,59,0.0458984375,0.3125,-0.2666015625
guenther2023grammaticality,59,60,0.0458984375,0.2041015625,-0.158203125
guenther2023grammaticality,59,61,0.06787109375,0.22265625,-0.15478515625
guenther2023grammaticality,59,62,0.578125,0.6328125,-0.0546875
guenther2023grammaticality,59,63,0.023193359375,0.158203125,-0.135009765625
guenther2023grammaticality,59,64,0.038330078125,0.1455078125,-0.107177734375
guenther2023grammaticality,59,65,0.007781982421875,0.12451171875,-0.116729736328125
guenther2023grammaticality,59,66,0.038330078125,0.22265625,-0.184326171875
guenther2023grammaticality,59,67,0.10400390625,0.578125,-0.47412109375
guenther2023grammaticality,59,68,0.038330078125,0.08251953125,-0.044189453125
guenther2023grammaticality,59,69,0.038330078125,0.2041015625,-0.165771484375
guenther2023grammaticality,59,70,2.6875,1.21875,1.46875
guenther2023grammaticality,59,71,0.828125,0.6328125,0.1953125
guenther2023grammaticality,59,72,0.8984375,0.7578125,0.140625
guenther2023grammaticality,59,73,0.390625,0.828125,-0.4375
guenther2023grammaticality,59,74,0.0155029296875,0.1455078125,-0.1300048828125
guenther2023grammaticality,59,75,0.007781982421875,0.345703125,-0.337921142578125
guenther2023grammaticality,59,76,0.03076171875,0.22265625,-0.19189453125
guenther2023grammaticality,59,77,0.6328125,0.578125,0.0546875
guenther2023grammaticality,59,78,0.023193359375,0.1787109375,-0.155517578125
guenther2023grammaticality,59,79,0.384765625,0.6328125,-0.248046875
guenther2023grammaticality,59,80,1.59375,1.5,0.09375
guenther2023grammaticality,59,81,1.140625,0.9765625,0.1640625
guenther2023grammaticality,59,82,0.023193359375,0.1787109375,-0.155517578125
guenther2023grammaticality,59,83,0.007781982421875,0.11083984375,-0.103057861328125
guenther2023grammaticality,59,84,0.6328125,0.7578125,-0.125
guenther2023grammaticality,59,85,0.431640625,0.578125,-0.146484375
guenther2023grammaticality,59,86,0.6328125,0.6328125,0.0
guenther2023grammaticality,59,87,0.0458984375,0.25390625,-0.2080078125
guenther2023grammaticality,59,88,0.08984375,0.3125,-0.22265625
guenther2023grammaticality,59,89,0.023193359375,0.283203125,-0.260009765625
guenther2023grammaticality,59,90,0.578125,0.431640625,0.146484375
guenther2023grammaticality,59,91,1.140625,0.9765625,0.1640625
guenther2023grammaticality,59,92,0.9765625,0.9765625,0.0
guenther2023grammaticality,59,93,0.0458984375,0.08251953125,-0.03662109375
guenther2023grammaticality,59,94,0.023193359375,0.1787109375,-0.155517578125
guenther2023grammaticality,59,95,0.023193359375,0.06787109375,-0.044677734375
guenther2023grammaticality,59,96,0.06787109375,0.3125,-0.24462890625
guenther2023grammaticality,59,97,0.7578125,0.8984375,-0.140625
guenther2023grammaticality,59,98,0.431640625,0.578125,-0.146484375
guenther2023grammaticality,59,99,0.038330078125,0.10400390625,-0.065673828125
guenther2023grammaticality,59,100,0.8984375,0.9765625,-0.078125
guenther2023grammaticality,59,101,0.0458984375,0.22265625,-0.1767578125
guenther2023grammaticality,59,102,0.431640625,0.4765625,-0.044921875
guenther2023grammaticality,59,103,0.11083984375,0.08251953125,0.0283203125
guenther2023grammaticality,59,104,0.023193359375,0.1455078125,-0.122314453125
guenther2023grammaticality,59,105,0.10400390625,0.08984375,0.01416015625
guenther2023grammaticality,59,106,0.431640625,0.5234375,-0.091796875
guenther2023grammaticality,59,107,0.007781982421875,0.1455078125,-0.137725830078125
guenther2023grammaticality,59,108,0.007781982421875,0.0155029296875,-0.007720947265625
guenther2023grammaticality,59,109,0.431640625,0.384765625,0.046875
guenther2023grammaticality,60,0,1.734375,1.8046875,-0.0703125
guenther2023grammaticality,60,1,0.294921875,0.08251953125,0.21240234375
guenther2023grammaticality,60,2,0.52734375,0.1787109375,0.3486328125
guenther2023grammaticality,60,3,0.83203125,1.703125,-0.87109375
guenther2023grammaticality,60,4,0.578125,0.8984375,-0.3203125
guenther2023grammaticality,60,5,0.2890625,0.6328125,-0.34375
guenther2023grammaticality,60,6,0.08984375,0.3125,-0.22265625
guenther2023grammaticality,60,7,1.0546875,0.6328125,0.421875
guenther2023grammaticality,60,8,0.7578125,0.25390625,0.50390625
guenther2023grammaticality,60,9,3.65625,0.8984375,2.7578125
guenther2023grammaticality,60,10,0.90234375,0.390625,0.51171875
guenther2023grammaticality,60,11,0.2041015625,0.08251953125,0.12158203125
guenther2023grammaticality,60,12,0.1650390625,0.7578125,-0.5927734375
guenther2023grammaticality,60,13,2.46875,1.90625,0.5625
guenther2023grammaticality,60,14,0.8984375,0.69140625,0.20703125
guenther2023grammaticality,60,15,0.431640625,0.3125,0.119140625
guenther2023grammaticality,60,16,0.1318359375,0.6328125,-0.5009765625
guenther2023grammaticality,60,17,3.046875,1.5,1.546875
guenther2023grammaticality,60,18,0.578125,0.2041015625,0.3740234375
guenther2023grammaticality,60,19,0.52734375,0.3125,0.21484375
guenther2023grammaticality,60,20,0.52734375,0.283203125,0.244140625
guenther2023grammaticality,60,21,0.3515625,0.1787109375,0.1728515625
guenther2023grammaticality,60,22,0.2294921875,0.10400390625,0.12548828125
guenther2023grammaticality,60,23,0.25390625,0.11083984375,0.14306640625
guenther2023grammaticality,60,24,0.69140625,0.283203125,0.408203125
guenther2023grammaticality,60,25,0.7578125,0.69140625,0.06640625
guenther2023grammaticality,60,26,0.158203125,0.11083984375,0.04736328125
guenther2023grammaticality,60,27,0.25390625,0.08984375,0.1640625
guenther2023grammaticality,60,28,1.2265625,0.8984375,0.328125
guenther2023grammaticality,60,29,0.4765625,0.25390625,0.22265625
guenther2023grammaticality,60,30,0.578125,1.0546875,-0.4765625
guenther2023grammaticality,60,31,0.158203125,0.10400390625,0.05419921875
guenther2023grammaticality,60,32,1.40625,1.59375,-0.1875
guenther2023grammaticality,60,33,0.2041015625,0.1455078125,0.05859375
guenther2023grammaticality,60,34,0.9765625,1.0546875,-0.078125
guenther2023grammaticality,60,35,0.2041015625,0.12451171875,0.07958984375
guenther2023grammaticality,60,36,0.1787109375,0.25390625,-0.0751953125
guenther2023grammaticality,60,37,0.283203125,0.25390625,0.029296875
guenther2023grammaticality,60,38,0.7578125,0.69140625,0.06640625
guenther2023grammaticality,60,39,0.9765625,1.3125,-0.3359375
guenther2023grammaticality,60,40,0.11083984375,0.12451171875,-0.013671875
guenther2023grammaticality,60,41,0.2041015625,0.2041015625,0.0
guenther2023grammaticality,60,42,0.158203125,0.10400390625,0.05419921875
guenther2023grammaticality,60,43,0.12451171875,0.158203125,-0.03369140625
guenther2023grammaticality,60,44,0.11083984375,0.060546875,0.05029296875
guenther2023grammaticality,60,45,0.2041015625,0.158203125,0.0458984375
guenther2023grammaticality,60,46,0.8984375,0.25390625,0.64453125
guenther2023grammaticality,60,47,1.0546875,0.69140625,0.36328125
guenther2023grammaticality,60,48,0.390625,0.22265625,0.16796875
guenther2023grammaticality,60,49,0.158203125,0.11083984375,0.04736328125
guenther2023grammaticality,60,50,0.431640625,0.11083984375,0.32080078125
guenther2023grammaticality,60,51,0.12451171875,0.10400390625,0.0205078125
guenther2023grammaticality,60,52,1.0546875,0.8984375,0.15625
guenther2023grammaticality,60,53,0.7578125,1.140625,-0.3828125
guenther2023grammaticality,60,54,0.1787109375,0.1455078125,0.033203125
guenther2023grammaticality,60,55,0.7578125,1.0546875,-0.296875
guenther2023grammaticality,60,56,0.2041015625,0.158203125,0.0458984375
guenther2023grammaticality,60,57,0.69140625,0.578125,0.11328125
guenther2023grammaticality,60,58,0.345703125,0.10400390625,0.24169921875
guenther2023grammaticality,60,59,0.158203125,0.11083984375,0.04736328125
guenther2023grammaticality,60,60,2.015625,2.125,-0.109375
guenther2023grammaticality,60,61,0.6328125,0.69140625,-0.05859375
guenther2023grammaticality,60,62,0.3125,0.1455078125,0.1669921875
guenther2023grammaticality,60,63,0.283203125,0.11083984375,0.17236328125
guenther2023grammaticality,60,64,0.12451171875,0.1787109375,-0.05419921875
guenther2023grammaticality,60,65,2.234375,2.234375,0.0
guenther2023grammaticality,60,66,1.5,0.8984375,0.6015625
guenther2023grammaticality,60,67,0.2041015625,0.1455078125,0.05859375
guenther2023grammaticality,60,68,0.1787109375,0.12451171875,0.05419921875
guenther2023grammaticality,60,69,0.390625,0.11083984375,0.27978515625
guenther2023grammaticality,60,70,1.140625,1.40625,-0.265625
guenther2023grammaticality,60,71,0.3125,0.22265625,0.08984375
guenther2023grammaticality,60,72,0.1787109375,0.2041015625,-0.025390625
guenther2023grammaticality,60,73,0.2041015625,0.1455078125,0.05859375
guenther2023grammaticality,60,74,0.158203125,0.158203125,0.0
guenther2023grammaticality,60,75,0.828125,1.0546875,-0.2265625
guenther2023grammaticality,60,76,0.11083984375,0.2041015625,-0.09326171875
guenther2023grammaticality,60,77,0.22265625,0.08251953125,0.14013671875
guenther2023grammaticality,60,78,0.1455078125,0.10400390625,0.04150390625
guenther2023grammaticality,60,79,0.69140625,0.69140625,0.0
guenther2023grammaticality,60,80,0.6328125,0.5234375,0.109375
guenther2023grammaticality,60,81,0.1455078125,0.10400390625,0.04150390625
guenther2023grammaticality,60,82,0.11083984375,0.0458984375,0.06494140625
guenther2023grammaticality,60,83,2.46875,2.015625,0.453125
guenther2023grammaticality,60,84,0.828125,1.3125,-0.484375
guenther2023grammaticality,60,85,0.158203125,0.12451171875,0.03369140625
guenther2023grammaticality,60,86,0.1787109375,0.1787109375,0.0
guenther2023grammaticality,60,87,0.158203125,0.11083984375,0.04736328125
guenther2023grammaticality,60,88,0.7578125,0.69140625,0.06640625
guenther2023grammaticality,60,89,0.5234375,0.6328125,-0.109375
guenther2023grammaticality,60,90,0.25390625,0.12451171875,0.12939453125
guenther2023grammaticality,60,91,0.578125,0.6328125,-0.0546875
guenther2023grammaticality,60,92,0.828125,0.828125,0.0
guenther2023grammaticality,60,93,0.828125,0.7578125,0.0703125
guenther2023grammaticality,60,94,0.1455078125,0.2041015625,-0.05859375
guenther2023grammaticality,60,95,0.25390625,0.10400390625,0.14990234375
guenther2023grammaticality,60,96,0.11083984375,0.11083984375,0.0
guenther2023grammaticality,60,97,0.6328125,0.4765625,0.15625
guenther2023grammaticality,60,98,0.69140625,0.7578125,-0.06640625
guenther2023grammaticality,60,99,0.1455078125,0.12451171875,0.02099609375
guenther2023grammaticality,60,100,0.283203125,0.2041015625,0.0791015625
guenther2023grammaticality,60,101,0.578125,0.69140625,-0.11328125
guenther2023grammaticality,60,102,0.11083984375,0.060546875,0.05029296875
guenther2023grammaticality,60,103,0.22265625,0.08984375,0.1328125
guenther2023grammaticality,60,104,0.2041015625,0.12451171875,0.07958984375
guenther2023grammaticality,60,105,0.4765625,0.5234375,-0.046875
guenther2023grammaticality,60,106,1.59375,1.90625,-0.3125
guenther2023grammaticality,60,107,0.345703125,0.390625,-0.044921875
guenther2023grammaticality,60,108,0.12451171875,0.06787109375,0.056640625
guenther2023grammaticality,60,109,1.90625,1.59375,0.3125
guenther2023grammaticality,61,0,1.75,0.431640625,1.318359375
guenther2023grammaticality,61,1,1.328125,0.828125,0.5
guenther2023grammaticality,61,2,0.90234375,0.7578125,0.14453125
guenther2023grammaticality,61,3,0.58203125,0.390625,0.19140625
guenther2023grammaticality,61,4,0.828125,0.431640625,0.396484375
guenther2023grammaticality,61,5,0.1455078125,0.2041015625,-0.05859375
guenther2023grammaticality,61,6,1.6015625,1.140625,0.4609375
guenther2023grammaticality,61,7,1.2265625,1.140625,0.0859375
guenther2023grammaticality,61,8,0.25390625,0.11083984375,0.14306640625
guenther2023grammaticality,61,9,0.0155029296875,0.1787109375,-0.1632080078125
guenther2023grammaticality,61,10,0.4765625,0.06787109375,0.40869140625
guenther2023grammaticality,61,11,0.390625,0.431640625,-0.041015625
guenther2023grammaticality,61,12,0.007781982421875,0.1787109375,-0.170928955078125
guenther2023grammaticality,61,13,0.0155029296875,0.25390625,-0.2384033203125
guenther2023grammaticality,61,14,0.25390625,0.3125,-0.05859375
guenther2023grammaticality,61,15,0.4765625,0.9765625,-0.5
guenther2023grammaticality,61,16,0.2041015625,1.21875,-1.0146484375
guenther2023grammaticality,61,17,0.0458984375,0.8984375,-0.8525390625
guenther2023grammaticality,61,18,0.0458984375,0.578125,-0.5322265625
guenther2023grammaticality,61,19,0.4765625,1.0546875,-0.578125
guenther2023grammaticality,61,20,0.007781982421875,0.4765625,-0.468780517578125
guenther2023grammaticality,61,21,0.038330078125,0.9765625,-0.938232421875
guenther2023grammaticality,61,22,0.007781982421875,0.5234375,-0.515655517578125
guenther2023grammaticality,61,23,0.038330078125,0.9765625,-0.938232421875
guenther2023grammaticality,61,24,0.007781982421875,0.5234375,-0.515655517578125
guenther2023grammaticality,61,25,0.0,0.345703125,-0.345703125
guenther2023grammaticality,61,26,0.007781982421875,0.390625,-0.382843017578125
guenther2023grammaticality,61,27,0.007781982421875,0.3125,-0.304718017578125
guenther2023grammaticality,61,28,0.023193359375,0.9765625,-0.953369140625
guenther2023grammaticality,61,29,0.023193359375,0.828125,-0.804931640625
guenther2023grammaticality,61,30,0.0155029296875,0.69140625,-0.6759033203125
guenther2023grammaticality,61,31,0.007781982421875,0.345703125,-0.337921142578125
guenther2023grammaticality,61,32,0.007781982421875,0.283203125,-0.275421142578125
guenther2023grammaticality,61,33,0.007781982421875,0.6328125,-0.625030517578125
guenther2023grammaticality,61,34,0.0,0.283203125,-0.283203125
guenther2023grammaticality,61,35,0.0155029296875,0.7578125,-0.7423095703125
guenther2023grammaticality,61,36,0.0,0.431640625,-0.431640625
guenther2023grammaticality,61,37,0.007781982421875,0.7578125,-0.750030517578125
guenther2023grammaticality,61,38,0.007781982421875,0.7578125,-0.750030517578125
guenther2023grammaticality,61,39,0.283203125,0.4765625,-0.193359375
guenther2023grammaticality,61,40,0.007781982421875,0.25390625,-0.246124267578125
guenther2023grammaticality,61,41,0.0458984375,0.828125,-0.7822265625
guenther2023grammaticality,61,42,0.0458984375,0.11083984375,-0.06494140625
guenther2023grammaticality,61,43,0.0155029296875,0.283203125,-0.2677001953125
guenther2023grammaticality,61,44,0.0,0.345703125,-0.345703125
guenther2023grammaticality,61,45,0.0,0.283203125,-0.283203125
guenther2023grammaticality,61,46,0.007781982421875,0.345703125,-0.337921142578125
guenther2023grammaticality,61,47,0.0,0.390625,-0.390625
guenther2023grammaticality,61,48,0.0,0.22265625,-0.22265625
guenther2023grammaticality,61,49,0.0,0.3125,-0.3125
guenther2023grammaticality,61,50,0.0155029296875,0.08251953125,-0.0670166015625
guenther2023grammaticality,61,51,0.0,0.22265625,-0.22265625
guenther2023grammaticality,61,52,0.007781982421875,1.0546875,-1.046905517578125
guenther2023grammaticality,61,53,0.007781982421875,0.578125,-0.570343017578125
guenther2023grammaticality,61,54,0.023193359375,0.7578125,-0.734619140625
guenther2023grammaticality,61,55,0.007781982421875,0.25390625,-0.246124267578125
guenther2023grammaticality,61,56,0.0,0.22265625,-0.22265625
guenther2023grammaticality,61,57,0.0,0.22265625,-0.22265625
guenther2023grammaticality,61,58,0.0,0.4765625,-0.4765625
guenther2023grammaticality,61,59,0.007781982421875,0.578125,-0.570343017578125
guenther2023grammaticality,61,60,0.0,0.390625,-0.390625
guenther2023grammaticality,61,61,0.0,0.4765625,-0.4765625
guenther2023grammaticality,61,62,0.0,0.4765625,-0.4765625
guenther2023grammaticality,61,63,0.0,0.283203125,-0.283203125
guenther2023grammaticality,61,64,0.0,0.0458984375,-0.0458984375
guenther2023grammaticality,61,65,0.0,0.3125,-0.3125
guenther2023grammaticality,61,66,0.0,0.431640625,-0.431640625
guenther2023grammaticality,61,67,0.007781982421875,0.578125,-0.570343017578125
guenther2023grammaticality,61,68,0.0,0.22265625,-0.22265625
guenther2023grammaticality,61,69,0.0,0.3125,-0.3125
guenther2023grammaticality,61,70,0.0,0.25390625,-0.25390625
guenther2023grammaticality,61,71,0.0,0.431640625,-0.431640625
guenther2023grammaticality,61,72,0.0,0.3125,-0.3125
guenther2023grammaticality,61,73,0.0,0.2041015625,-0.2041015625
guenther2023grammaticality,61,74,0.0,0.158203125,-0.158203125
guenther2023grammaticality,61,75,0.0,0.1787109375,-0.1787109375
guenther2023grammaticality,61,76,0.0,0.283203125,-0.283203125
guenther2023grammaticality,61,77,0.0,0.12451171875,-0.12451171875
guenther2023grammaticality,61,78,0.0,0.1787109375,-0.1787109375
guenther2023grammaticality,61,79,0.0,0.08984375,-0.08984375
guenther2023grammaticality,61,80,0.0,0.3125,-0.3125
guenther2023grammaticality,61,81,0.0,0.1787109375,-0.1787109375
guenther2023grammaticality,61,82,0.0,0.12451171875,-0.12451171875
guenther2023grammaticality,61,83,0.0,0.2041015625,-0.2041015625
guenther2023grammaticality,61,84,0.0,0.345703125,-0.345703125
guenther2023grammaticality,61,85,0.0,0.345703125,-0.345703125
guenther2023grammaticality,61,86,0.0,0.12451171875,-0.12451171875
guenther2023grammaticality,61,87,0.0,0.10400390625,-0.10400390625
guenther2023grammaticality,61,88,0.007781982421875,0.390625,-0.382843017578125
guenther2023grammaticality,61,89,0.0,0.2041015625,-0.2041015625
guenther2023grammaticality,61,90,0.0,0.0458984375,-0.0458984375
guenther2023grammaticality,61,91,0.0,0.2041015625,-0.2041015625
guenther2023grammaticality,61,92,0.0,0.11083984375,-0.11083984375
guenther2023grammaticality,61,93,0.0,0.25390625,-0.25390625
guenther2023grammaticality,61,94,0.007781982421875,0.345703125,-0.337921142578125
guenther2023grammaticality,61,95,0.0,0.10400390625,-0.10400390625
guenther2023grammaticality,61,96,0.0,0.1455078125,-0.1455078125
guenther2023grammaticality,61,97,0.0,0.08251953125,-0.08251953125
guenther2023grammaticality,61,98,0.0,0.390625,-0.390625
guenther2023grammaticality,61,99,0.0,0.345703125,-0.345703125
guenther2023grammaticality,61,100,0.0,0.1787109375,-0.1787109375
guenther2023grammaticality,61,101,0.0,0.3125,-0.3125
guenther2023grammaticality,61,102,0.0,0.023193359375,-0.023193359375
guenther2023grammaticality,61,103,0.0,0.25390625,-0.25390625
guenther2023grammaticality,61,104,0.0,0.1455078125,-0.1455078125
guenther2023grammaticality,61,105,0.0,0.283203125,-0.283203125
guenther2023grammaticality,61,106,0.0,0.22265625,-0.22265625
guenther2023grammaticality,61,107,0.0,0.25390625,-0.25390625
guenther2023grammaticality,61,108,0.0,0.1787109375,-0.1787109375
guenther2023grammaticality,61,109,0.0,0.10400390625,-0.10400390625
guenther2023grammaticality,62,0,0.640625,0.08251953125,0.55810546875
guenther2023grammaticality,62,1,0.71484375,0.4765625,0.23828125
guenther2023grammaticality,62,2,1.703125,2.015625,-0.3125
guenther2023grammaticality,62,3,0.9765625,0.69140625,0.28515625
guenther2023grammaticality,62,4,0.3515625,0.10400390625,0.24755859375
guenther2023grammaticality,62,5,0.5234375,0.4765625,0.046875
guenther2023grammaticality,62,6,0.3125,0.08984375,0.22265625
guenther2023grammaticality,62,7,0.038330078125,0.3125,-0.274169921875
guenther2023grammaticality,62,8,0.431640625,0.345703125,0.0859375
guenther2023grammaticality,62,9,0.0458984375,1.0546875,-1.0087890625
guenther2023grammaticality,62,10,0.9765625,0.8984375,0.078125
guenther2023grammaticality,62,11,0.023193359375,0.390625,-0.367431640625
guenther2023grammaticality,62,12,0.0,0.69140625,-0.69140625
guenther2023grammaticality,62,13,0.0,0.08251953125,-0.08251953125
guenther2023grammaticality,62,14,0.5234375,0.390625,0.1328125
guenther2023grammaticality,62,15,0.345703125,0.283203125,0.0625
guenther2023grammaticality,62,16,0.007781982421875,0.578125,-0.570343017578125
guenther2023grammaticality,62,17,0.9765625,1.21875,-0.2421875
guenther2023grammaticality,62,18,0.007781982421875,0.283203125,-0.275421142578125
guenther2023grammaticality,62,19,0.4765625,0.431640625,0.044921875
guenther2023grammaticality,62,20,0.007781982421875,0.3125,-0.304718017578125
guenther2023grammaticality,62,21,0.0,0.3125,-0.3125
guenther2023grammaticality,62,22,0.0,0.25390625,-0.25390625
guenther2023grammaticality,62,23,6.25,0.9765625,5.2734375
guenther2023grammaticality,62,24,0.1787109375,0.283203125,-0.1044921875
guenther2023grammaticality,62,25,0.060546875,0.1455078125,-0.0849609375
guenther2023grammaticality,62,26,0.12451171875,0.158203125,-0.03369140625
guenther2023grammaticality,62,27,0.3125,0.5234375,-0.2109375
guenther2023grammaticality,62,28,0.023193359375,0.05322265625,-0.030029296875
guenther2023grammaticality,62,29,0.1455078125,0.1787109375,-0.033203125
guenther2023grammaticality,62,30,3.171875,0.8984375,2.2734375
guenther2023grammaticality,62,31,0.05322265625,0.0458984375,0.00732421875
guenther2023grammaticality,62,32,0.05322265625,0.08984375,-0.03662109375
guenther2023grammaticality,62,33,0.05322265625,0.11083984375,-0.0576171875
guenther2023grammaticality,62,34,0.03076171875,0.038330078125,-0.007568359375
guenther2023grammaticality,62,35,0.158203125,0.578125,-0.419921875
guenther2023grammaticality,62,36,0.0155029296875,0.060546875,-0.0450439453125
guenther2023grammaticality,62,37,0.283203125,0.390625,-0.107421875
guenther2023grammaticality,62,38,0.007781982421875,0.0155029296875,-0.007720947265625
guenther2023grammaticality,62,39,0.08251953125,0.12451171875,-0.0419921875
guenther2023grammaticality,62,40,0.0155029296875,0.08251953125,-0.0670166015625
guenther2023grammaticality,62,41,0.08251953125,0.22265625,-0.14013671875
guenther2023grammaticality,62,42,1.140625,1.0546875,0.0859375
guenther2023grammaticality,62,43,0.038330078125,0.390625,-0.352294921875
guenther2023grammaticality,62,44,0.08251953125,0.158203125,-0.07568359375
guenther2023grammaticality,62,45,0.0155029296875,0.060546875,-0.0450439453125
guenther2023grammaticality,62,46,0.0155029296875,0.038330078125,-0.0228271484375
guenther2023grammaticality,62,47,0.023193359375,0.22265625,-0.199462890625
guenther2023grammaticality,62,48,0.038330078125,0.12451171875,-0.086181640625
guenther2023grammaticality,62,49,0.0155029296875,0.12451171875,-0.1090087890625
guenther2023grammaticality,62,50,0.0155029296875,0.05322265625,-0.0377197265625
guenther2023grammaticality,62,51,0.69140625,0.390625,0.30078125
guenther2023grammaticality,62,52,0.11083984375,0.431640625,-0.32080078125
guenther2023grammaticality,62,53,0.007781982421875,0.03076171875,-0.022979736328125
guenther2023grammaticality,62,54,0.158203125,0.384765625,-0.2265625
guenther2023grammaticality,62,55,0.023193359375,0.11083984375,-0.087646484375
guenther2023grammaticality,62,56,0.08251953125,0.22265625,-0.14013671875
guenther2023grammaticality,62,57,0.007781982421875,0.060546875,-0.052764892578125
guenther2023grammaticality,62,58,0.0458984375,0.1787109375,-0.1328125
guenther2023grammaticality,62,59,5.0,4.375,0.625
guenther2023grammaticality,62,60,0.0458984375,0.1787109375,-0.1328125
guenther2023grammaticality,62,61,0.06787109375,0.158203125,-0.09033203125
guenther2023grammaticality,62,62,0.578125,0.22265625,0.35546875
guenther2023grammaticality,62,63,0.0458984375,0.25390625,-0.2080078125
guenther2023grammaticality,62,64,0.06787109375,0.1787109375,-0.11083984375
guenther2023grammaticality,62,65,0.023193359375,0.10400390625,-0.080810546875
guenther2023grammaticality,62,66,0.03076171875,0.11083984375,-0.080078125
guenther2023grammaticality,62,67,0.05322265625,0.22265625,-0.16943359375
guenther2023grammaticality,62,68,0.0155029296875,0.1455078125,-0.1300048828125
guenther2023grammaticality,62,69,0.03076171875,0.08251953125,-0.0517578125
guenther2023grammaticality,62,70,3.640625,2.359375,1.28125
guenther2023grammaticality,62,71,0.05322265625,0.22265625,-0.16943359375
guenther2023grammaticality,62,72,0.05322265625,0.06787109375,-0.0146484375
guenther2023grammaticality,62,73,0.11083984375,0.2041015625,-0.09326171875
guenther2023grammaticality,62,74,0.03076171875,0.023193359375,0.007568359375
guenther2023grammaticality,62,75,0.060546875,0.2041015625,-0.1435546875
guenther2023grammaticality,62,76,0.03076171875,0.08251953125,-0.0517578125
guenther2023grammaticality,62,77,0.03076171875,0.08984375,-0.05908203125
guenther2023grammaticality,62,78,0.023193359375,0.10400390625,-0.080810546875
guenther2023grammaticality,62,79,0.007781982421875,0.11083984375,-0.103057861328125
guenther2023grammaticality,62,80,0.08251953125,0.0458984375,0.03662109375
guenther2023grammaticality,62,81,0.9765625,1.0546875,-0.078125
guenther2023grammaticality,62,82,0.023193359375,0.08984375,-0.066650390625
guenther2023grammaticality,62,83,0.6328125,0.283203125,0.349609375
guenther2023grammaticality,62,84,0.0155029296875,0.060546875,-0.0450439453125
guenther2023grammaticality,62,85,0.345703125,0.12451171875,0.22119140625
guenther2023grammaticality,62,86,0.038330078125,0.08984375,-0.051513671875
guenther2023grammaticality,62,87,1.3125,0.8984375,0.4140625
guenther2023grammaticality,62,88,0.0155029296875,0.08984375,-0.0743408203125
guenther2023grammaticality,62,89,0.08984375,0.08984375,0.0
guenther2023grammaticality,62,90,3.640625,2.578125,1.0625
guenther2023grammaticality,62,91,0.158203125,0.6328125,-0.474609375
guenther2023grammaticality,62,92,0.2041015625,0.1787109375,0.025390625
guenther2023grammaticality,62,93,0.06787109375,0.11083984375,-0.04296875
guenther2023grammaticality,62,94,0.08251953125,0.22265625,-0.14013671875
guenther2023grammaticality,62,95,0.345703125,0.2041015625,0.1416015625
guenther2023grammaticality,62,96,0.69140625,0.4765625,0.21484375
guenther2023grammaticality,62,97,0.10400390625,0.158203125,-0.05419921875
guenther2023grammaticality,62,98,0.0458984375,0.11083984375,-0.06494140625
guenther2023grammaticality,62,99,0.0155029296875,0.06787109375,-0.0523681640625
guenther2023grammaticality,62,100,0.03076171875,0.023193359375,0.007568359375
guenther2023grammaticality,62,101,1.90625,1.59375,0.3125
guenther2023grammaticality,62,102,0.11083984375,0.1787109375,-0.06787109375
guenther2023grammaticality,62,103,0.060546875,0.08984375,-0.029296875
guenther2023grammaticality,62,104,0.6328125,0.3125,0.3203125
guenther2023grammaticality,62,105,0.0458984375,0.11083984375,-0.06494140625
guenther2023grammaticality,62,106,0.0155029296875,0.08251953125,-0.0670166015625
guenther2023grammaticality,62,107,0.03076171875,0.0155029296875,0.0152587890625
guenther2023grammaticality,62,108,0.6328125,0.283203125,0.349609375
guenther2023grammaticality,62,109,0.3125,0.1455078125,0.1669921875
guenther2023grammaticality,63,0,2.125,1.40625,0.71875
guenther2023grammaticality,63,1,0.248046875,0.10400390625,0.14404296875
guenther2023grammaticality,63,2,0.48046875,0.5234375,-0.04296875
guenther2023grammaticality,63,3,0.3515625,1.0546875,-0.703125
guenther2023grammaticality,63,4,0.8984375,0.283203125,0.615234375
guenther2023grammaticality,63,5,0.390625,0.060546875,0.330078125
guenther2023grammaticality,63,6,0.060546875,0.2041015625,-0.1435546875
guenther2023grammaticality,63,7,0.060546875,0.2041015625,-0.1435546875
guenther2023grammaticality,63,8,0.69140625,1.59375,-0.90234375
guenther2023grammaticality,63,9,0.25390625,0.5234375,-0.26953125
guenther2023grammaticality,63,10,0.3515625,0.69140625,-0.33984375
guenther2023grammaticality,63,11,0.0155029296875,0.11083984375,-0.0953369140625
guenther2023grammaticality,63,12,1.21875,0.4765625,0.7421875
guenther2023grammaticality,63,13,0.0155029296875,0.431640625,-0.4161376953125
guenther2023grammaticality,63,14,0.023193359375,0.431640625,-0.408447265625
guenther2023grammaticality,63,15,0.023193359375,0.578125,-0.554931640625
guenther2023grammaticality,63,16,0.007781982421875,0.2041015625,-0.196319580078125
guenther2023grammaticality,63,17,0.007781982421875,0.3125,-0.304718017578125
guenther2023grammaticality,63,18,0.0155029296875,0.0458984375,-0.0303955078125
guenther2023grammaticality,63,19,0.0,0.023193359375,-0.023193359375
guenther2023grammaticality,63,20,0.007781982421875,0.345703125,-0.337921142578125
guenther2023grammaticality,63,21,0.0155029296875,0.431640625,-0.4161376953125
guenther2023grammaticality,63,22,0.007781982421875,0.3125,-0.304718017578125
guenther2023grammaticality,63,23,0.0,0.0458984375,-0.0458984375
guenther2023grammaticality,63,24,0.4765625,1.0546875,-0.578125
guenther2023grammaticality,63,25,0.22265625,0.283203125,-0.060546875
guenther2023grammaticality,63,26,2.46875,1.1328125,1.3359375
guenther2023grammaticality,63,27,0.007781982421875,0.8984375,-0.890655517578125
guenther2023grammaticality,63,28,0.007781982421875,0.345703125,-0.337921142578125
guenther2023grammaticality,63,29,0.007781982421875,0.5234375,-0.515655517578125
guenther2023grammaticality,63,30,0.0,0.10400390625,-0.10400390625
guenther2023grammaticality,63,31,5.375,0.7578125,4.6171875
guenther2023grammaticality,63,32,0.431640625,1.0546875,-0.623046875
guenther2023grammaticality,63,33,0.1787109375,0.4765625,-0.2978515625
guenther2023grammaticality,63,34,0.06787109375,0.1787109375,-0.11083984375
guenther2023grammaticality,63,35,0.2041015625,0.828125,-0.6240234375
guenther2023grammaticality,63,36,0.69140625,0.9765625,-0.28515625
guenther2023grammaticality,63,37,0.038330078125,0.25390625,-0.215576171875
guenther2023grammaticality,63,38,0.08984375,0.384765625,-0.294921875
guenther2023grammaticality,63,39,4.0,1.1328125,2.8671875
guenther2023grammaticality,63,40,0.11083984375,0.0458984375,0.06494140625
guenther2023grammaticality,63,41,0.5234375,0.9765625,-0.453125
guenther2023grammaticality,63,42,0.6328125,0.7578125,-0.125
guenther2023grammaticality,63,43,0.060546875,0.3125,-0.251953125
guenther2023grammaticality,63,44,0.08251953125,0.1787109375,-0.09619140625
guenther2023grammaticality,63,45,0.10400390625,0.7578125,-0.65380859375
guenther2023grammaticality,63,46,0.11083984375,0.1787109375,-0.06787109375
guenther2023grammaticality,63,47,0.283203125,0.6328125,-0.349609375
guenther2023grammaticality,63,48,0.06787109375,0.431640625,-0.36376953125
guenther2023grammaticality,63,49,0.08251953125,0.4765625,-0.39404296875
guenther2023grammaticality,63,50,0.69140625,0.9765625,-0.28515625
guenther2023grammaticality,63,51,0.06787109375,0.384765625,-0.31689453125
guenther2023grammaticality,63,52,0.05322265625,0.431640625,-0.37841796875
guenther2023grammaticality,63,53,0.03076171875,0.22265625,-0.19189453125
guenther2023grammaticality,63,54,0.038330078125,0.578125,-0.539794921875
guenther2023grammaticality,63,55,0.03076171875,0.345703125,-0.31494140625
guenther2023grammaticality,63,56,0.023193359375,0.023193359375,0.0
guenther2023grammaticality,63,57,0.007781982421875,0.038330078125,-0.030548095703125
guenther2023grammaticality,63,58,0.0155029296875,0.158203125,-0.1427001953125
guenther2023grammaticality,63,59,0.08251953125,1.0546875,-0.97216796875
guenther2023grammaticality,63,60,0.03076171875,0.283203125,-0.25244140625
guenther2023grammaticality,63,61,0.007781982421875,0.0155029296875,-0.007720947265625
guenther2023grammaticality,63,62,0.0458984375,0.158203125,-0.1123046875
guenther2023grammaticality,63,63,0.038330078125,0.828125,-0.789794921875
guenther2023grammaticality,63,64,0.023193359375,0.578125,-0.554931640625
guenther2023grammaticality,63,65,0.828125,0.828125,0.0
guenther2023grammaticality,63,66,0.03076171875,0.4765625,-0.44580078125
guenther2023grammaticality,63,67,0.431640625,0.4765625,-0.044921875
guenther2023grammaticality,63,68,1.703125,0.384765625,1.318359375
guenther2023grammaticality,63,69,0.0155029296875,0.4765625,-0.4610595703125
guenther2023grammaticality,63,70,0.4765625,1.40625,-0.9296875
guenther2023grammaticality,63,71,0.023193359375,0.6328125,-0.609619140625
guenther2023grammaticality,63,72,0.0155029296875,0.345703125,-0.3302001953125
guenther2023grammaticality,63,73,0.0155029296875,0.283203125,-0.2677001953125
guenther2023grammaticality,63,74,0.4765625,0.69140625,-0.21484375
guenther2023grammaticality,63,75,0.0155029296875,0.11083984375,-0.0953369140625
guenther2023grammaticality,63,76,0.03076171875,0.578125,-0.54736328125
guenther2023grammaticality,63,77,0.0155029296875,0.283203125,-0.2677001953125
guenther2023grammaticality,63,78,0.0155029296875,0.345703125,-0.3302001953125
guenther2023grammaticality,63,79,0.023193359375,0.3125,-0.289306640625
guenther2023grammaticality,63,80,0.0155029296875,0.2041015625,-0.1885986328125
guenther2023grammaticality,63,81,0.0155029296875,0.431640625,-0.4161376953125
guenther2023grammaticality,63,82,0.007781982421875,0.11083984375,-0.103057861328125
guenther2023grammaticality,63,83,3.40625,1.21875,2.1875
guenther2023grammaticality,63,84,0.03076171875,0.06787109375,-0.037109375
guenther2023grammaticality,63,85,0.03076171875,0.1455078125,-0.11474609375
guenther2023grammaticality,63,86,1.2265625,0.9765625,0.25
guenther2023grammaticality,63,87,2.921875,1.3125,1.609375
guenther2023grammaticality,63,88,0.060546875,0.431640625,-0.37109375
guenther2023grammaticality,63,89,1.3125,0.5234375,0.7890625
guenther2023grammaticality,63,90,0.6328125,1.0546875,-0.421875
guenther2023grammaticality,63,91,3.40625,1.59375,1.8125
guenther2023grammaticality,63,92,0.390625,0.7578125,-0.3671875
guenther2023grammaticality,63,93,0.5234375,0.7578125,-0.234375
guenther2023grammaticality,63,94,0.08984375,0.384765625,-0.294921875
guenther2023grammaticality,63,95,0.2041015625,0.25390625,-0.0498046875
guenther2023grammaticality,63,96,0.1455078125,0.384765625,-0.2392578125
guenther2023grammaticality,63,97,0.08984375,0.4765625,-0.38671875
guenther2023grammaticality,63,98,1.0546875,0.9765625,0.078125
guenther2023grammaticality,63,99,0.05322265625,0.384765625,-0.33154296875
guenther2023grammaticality,63,100,0.08251953125,0.431640625,-0.34912109375
guenther2023grammaticality,63,101,0.10400390625,0.578125,-0.47412109375
guenther2023grammaticality,63,102,0.0458984375,0.5234375,-0.4775390625
guenther2023grammaticality,63,103,0.7578125,1.1328125,-0.375
guenther2023grammaticality,63,104,1.40625,1.21875,0.1875
guenther2023grammaticality,63,105,0.05322265625,0.2041015625,-0.15087890625
guenther2023grammaticality,63,106,0.05322265625,0.4765625,-0.42333984375
guenther2023grammaticality,63,107,0.1455078125,0.5234375,-0.3779296875
guenther2023grammaticality,63,108,0.578125,0.5234375,0.0546875
guenther2023grammaticality,63,109,0.69140625,0.6328125,0.05859375
guenther2023grammaticality,64,0,1.515625,0.3125,1.203125
guenther2023grammaticality,64,1,1.0,0.03076171875,0.96923828125
guenther2023grammaticality,64,2,0.69921875,0.4765625,0.22265625
guenther2023grammaticality,64,3,0.578125,0.6328125,-0.0546875
guenther2023grammaticality,64,4,0.828125,0.578125,0.25
guenther2023grammaticality,64,5,0.578125,1.5,-0.921875
guenther2023grammaticality,64,6,0.4765625,0.431640625,0.044921875
guenther2023grammaticality,64,7,1.5,0.4765625,1.0234375
guenther2023grammaticality,64,8,0.7578125,0.7578125,0.0
guenther2023grammaticality,64,9,0.6328125,0.7578125,-0.125
guenther2023grammaticality,64,10,0.578125,0.4765625,0.1015625
guenther2023grammaticality,64,11,0.9765625,0.4765625,0.5
guenther2023grammaticality,64,12,0.2041015625,0.431640625,-0.2275390625
guenther2023grammaticality,64,13,0.5234375,0.060546875,0.462890625
guenther2023grammaticality,64,14,0.1455078125,0.431640625,-0.2861328125
guenther2023grammaticality,64,15,0.08984375,0.25390625,-0.1640625
guenther2023grammaticality,64,16,0.1787109375,0.345703125,-0.1669921875
guenther2023grammaticality,64,17,0.9765625,0.578125,0.3984375
guenther2023grammaticality,64,18,0.25390625,0.4765625,-0.22265625
guenther2023grammaticality,64,19,2.359375,1.8046875,0.5546875
guenther2023grammaticality,64,20,0.69140625,0.828125,-0.13671875
guenther2023grammaticality,64,21,0.828125,1.3125,-0.484375
guenther2023grammaticality,64,22,0.22265625,0.3125,-0.08984375
guenther2023grammaticality,64,23,0.3125,0.431640625,-0.119140625
guenther2023grammaticality,64,24,0.05322265625,0.4765625,-0.42333984375
guenther2023grammaticality,64,25,0.10400390625,0.4765625,-0.37255859375
guenther2023grammaticality,64,26,0.3125,0.9765625,-0.6640625
guenther2023grammaticality,64,27,0.10400390625,0.2041015625,-0.10009765625
guenther2023grammaticality,64,28,0.03076171875,0.390625,-0.35986328125
guenther2023grammaticality,64,29,4.25,1.3125,2.9375
guenther2023grammaticality,64,30,0.390625,0.5234375,-0.1328125
guenther2023grammaticality,64,31,0.06787109375,0.578125,-0.51025390625
guenther2023grammaticality,64,32,0.2294921875,0.1787109375,0.05078125
guenther2023grammaticality,64,33,0.158203125,0.060546875,0.09765625
guenther2023grammaticality,64,34,2.234375,0.6328125,1.6015625
guenther2023grammaticality,64,35,0.3125,0.3125,0.0
guenther2023grammaticality,64,36,0.1787109375,0.8984375,-0.7197265625
guenther2023grammaticality,64,37,0.25390625,0.283203125,-0.029296875
guenther2023grammaticality,64,38,0.6328125,0.283203125,0.349609375
guenther2023grammaticality,64,39,1.8046875,2.234375,-0.4296875
guenther2023grammaticality,64,40,0.3125,0.1787109375,0.1337890625
guenther2023grammaticality,64,41,0.828125,0.283203125,0.544921875
guenther2023grammaticality,64,42,0.828125,0.283203125,0.544921875
guenther2023grammaticality,64,43,0.3125,0.0458984375,0.2666015625
guenther2023grammaticality,64,44,0.1455078125,0.11083984375,0.03466796875
guenther2023grammaticality,64,45,0.6328125,1.21875,-0.5859375
guenther2023grammaticality,64,46,0.69140625,1.3125,-0.62109375
guenther2023grammaticality,64,47,2.015625,1.3125,0.703125
guenther2023grammaticality,64,48,0.431640625,0.69140625,-0.259765625
guenther2023grammaticality,64,49,0.7578125,1.140625,-0.3828125
guenther2023grammaticality,64,50,0.828125,0.431640625,0.396484375
guenther2023grammaticality,64,51,0.390625,0.6328125,-0.2421875
guenther2023grammaticality,64,52,0.1455078125,0.0458984375,0.099609375
guenther2023grammaticality,64,53,0.283203125,0.11083984375,0.17236328125
guenther2023grammaticality,64,54,0.2294921875,0.390625,-0.1611328125
guenther2023grammaticality,64,55,0.25390625,0.431640625,-0.177734375
guenther2023grammaticality,64,56,0.390625,0.431640625,-0.041015625
guenther2023grammaticality,64,57,0.3125,0.4765625,-0.1640625
guenther2023grammaticality,64,58,1.8046875,1.3125,0.4921875
guenther2023grammaticality,64,59,1.6015625,1.140625,0.4609375
guenther2023grammaticality,64,60,0.12451171875,0.3125,-0.18798828125
guenther2023grammaticality,64,61,0.3125,0.3125,0.0
guenther2023grammaticality,64,62,0.8984375,0.828125,0.0703125
guenther2023grammaticality,64,63,0.25390625,0.345703125,-0.091796875
guenther2023grammaticality,64,64,0.3515625,0.578125,-0.2265625
guenther2023grammaticality,64,65,1.90625,1.21875,0.6875
guenther2023grammaticality,64,66,0.1318359375,0.345703125,-0.2138671875
guenther2023grammaticality,64,67,0.69140625,0.69140625,0.0
guenther2023grammaticality,64,68,0.9765625,0.828125,0.1484375
guenther2023grammaticality,64,69,0.9765625,0.578125,0.3984375
guenther2023grammaticality,64,70,0.1787109375,0.023193359375,0.155517578125
guenther2023grammaticality,64,71,1.8046875,1.5,0.3046875
guenther2023grammaticality,64,72,0.1455078125,0.4765625,-0.3310546875
guenther2023grammaticality,64,73,0.431640625,0.345703125,0.0859375
guenther2023grammaticality,64,74,0.431640625,0.69140625,-0.259765625
guenther2023grammaticality,64,75,0.2294921875,0.06787109375,0.16162109375
guenther2023grammaticality,64,76,0.390625,0.578125,-0.1875
guenther2023grammaticality,64,77,0.3125,0.4765625,-0.1640625
guenther2023grammaticality,64,78,0.5234375,0.69140625,-0.16796875
guenther2023grammaticality,64,79,1.5,1.21875,0.28125
guenther2023grammaticality,64,80,0.390625,0.6328125,-0.2421875
guenther2023grammaticality,64,81,0.828125,0.5234375,0.3046875
guenther2023grammaticality,64,82,0.390625,0.3125,0.078125
guenther2023grammaticality,64,83,1.140625,0.8984375,0.2421875
guenther2023grammaticality,64,84,0.431640625,0.6328125,-0.201171875
guenther2023grammaticality,64,85,0.12451171875,0.03076171875,0.09375
guenther2023grammaticality,64,86,1.140625,0.828125,0.3125
guenther2023grammaticality,64,87,0.828125,0.578125,0.25
guenther2023grammaticality,64,88,1.8046875,0.9765625,0.828125
guenther2023grammaticality,64,89,0.2041015625,0.283203125,-0.0791015625
guenther2023grammaticality,64,90,0.6328125,0.578125,0.0546875
guenther2023grammaticality,64,91,0.3515625,0.25390625,0.09765625
guenther2023grammaticality,64,92,0.431640625,0.7578125,-0.326171875
guenther2023grammaticality,64,93,0.390625,0.5234375,-0.1328125
guenther2023grammaticality,64,94,0.390625,0.578125,-0.1875
guenther2023grammaticality,64,95,0.25390625,0.283203125,-0.029296875
guenther2023grammaticality,64,96,0.8984375,0.828125,0.0703125
guenther2023grammaticality,64,97,0.6328125,0.3125,0.3203125
guenther2023grammaticality,64,98,0.431640625,0.2041015625,0.2275390625
guenther2023grammaticality,64,99,0.390625,0.6328125,-0.2421875
guenther2023grammaticality,64,100,0.4765625,0.6328125,-0.15625
guenther2023grammaticality,64,101,0.3515625,0.023193359375,0.328369140625
guenther2023grammaticality,64,102,0.7578125,0.283203125,0.474609375
guenther2023grammaticality,64,103,0.69140625,0.5234375,0.16796875
guenther2023grammaticality,64,104,0.431640625,0.5234375,-0.091796875
guenther2023grammaticality,64,105,0.4765625,0.2041015625,0.2724609375
guenther2023grammaticality,64,106,0.69140625,0.5234375,0.16796875
guenther2023grammaticality,64,107,0.390625,0.4765625,-0.0859375
guenther2023grammaticality,64,108,0.6328125,0.384765625,0.248046875
guenther2023grammaticality,64,109,1.2265625,0.6328125,0.59375
guenther2023grammaticality,65,0,1.1328125,0.390625,0.7421875
guenther2023grammaticality,65,1,0.71484375,2.015625,-1.30078125
guenther2023grammaticality,65,2,0.83203125,0.828125,0.00390625
guenther2023grammaticality,65,3,0.138671875,0.3515625,-0.212890625
guenther2023grammaticality,65,4,0.3515625,0.06787109375,0.28369140625
guenther2023grammaticality,65,5,0.023193359375,0.0155029296875,0.0076904296875
guenther2023grammaticality,65,6,3.28125,0.828125,2.453125
guenther2023grammaticality,65,7,0.8984375,1.59375,-0.6953125
guenther2023grammaticality,65,8,0.7578125,1.40625,-0.6484375
guenther2023grammaticality,65,9,0.76171875,0.828125,-0.06640625
guenther2023grammaticality,65,10,0.578125,0.060546875,0.517578125
guenther2023grammaticality,65,11,0.69140625,0.390625,0.30078125
guenther2023grammaticality,65,12,0.69140625,0.6328125,0.05859375
guenther2023grammaticality,65,13,0.7578125,0.6328125,0.125
guenther2023grammaticality,65,14,0.6328125,0.345703125,0.287109375
guenther2023grammaticality,65,15,0.3515625,0.023193359375,0.328369140625
guenther2023grammaticality,65,16,0.8984375,0.25390625,0.64453125
guenther2023grammaticality,65,17,0.4765625,0.22265625,0.25390625
guenther2023grammaticality,65,18,0.390625,0.390625,0.0
guenther2023grammaticality,65,19,0.828125,1.8046875,-0.9765625
guenther2023grammaticality,65,20,0.08984375,0.023193359375,0.066650390625
guenther2023grammaticality,65,21,0.9765625,1.140625,-0.1640625
guenther2023grammaticality,65,22,0.6328125,0.12451171875,0.50830078125
guenther2023grammaticality,65,23,0.69140625,0.6328125,0.05859375
guenther2023grammaticality,65,24,0.69140625,0.5234375,0.16796875
guenther2023grammaticality,65,25,0.578125,0.431640625,0.146484375
guenther2023grammaticality,65,26,0.283203125,0.2041015625,0.0791015625
guenther2023grammaticality,65,27,0.6328125,0.345703125,0.287109375
guenther2023grammaticality,65,28,0.25390625,0.22265625,0.03125
guenther2023grammaticality,65,29,0.7578125,0.8984375,-0.140625
guenther2023grammaticality,65,30,1.8046875,1.90625,-0.1015625
guenther2023grammaticality,65,31,0.8984375,0.69140625,0.20703125
guenther2023grammaticality,65,32,0.4765625,0.390625,0.0859375
guenther2023grammaticality,65,33,0.6328125,0.9765625,-0.34375
guenther2023grammaticality,65,34,0.578125,0.578125,0.0
guenther2023grammaticality,65,35,0.431640625,0.283203125,0.1484375
guenther2023grammaticality,65,36,0.6328125,0.4765625,0.15625
guenther2023grammaticality,65,37,0.9765625,0.9765625,0.0
guenther2023grammaticality,65,38,0.6328125,0.578125,0.0546875
guenther2023grammaticality,65,39,0.283203125,0.283203125,0.0
guenther2023grammaticality,65,40,0.69140625,0.828125,-0.13671875
guenther2023grammaticality,65,41,0.69140625,0.390625,0.30078125
guenther2023grammaticality,65,42,0.4765625,0.345703125,0.130859375
guenther2023grammaticality,65,43,0.390625,0.283203125,0.107421875
guenther2023grammaticality,65,44,0.4765625,0.431640625,0.044921875
guenther2023grammaticality,65,45,0.6328125,0.3125,0.3203125
guenther2023grammaticality,65,46,0.5234375,0.283203125,0.240234375
guenther2023grammaticality,65,47,0.25390625,0.1787109375,0.0751953125
guenther2023grammaticality,65,48,0.345703125,0.1455078125,0.2001953125
guenther2023grammaticality,65,49,0.7578125,1.21875,-0.4609375
guenther2023grammaticality,65,50,0.345703125,0.22265625,0.123046875
guenther2023grammaticality,65,51,0.158203125,0.1787109375,-0.0205078125
guenther2023grammaticality,65,52,0.22265625,0.4765625,-0.25390625
guenther2023grammaticality,65,53,0.1455078125,0.22265625,-0.0771484375
guenther2023grammaticality,65,54,0.08251953125,0.22265625,-0.14013671875
guenther2023grammaticality,65,55,0.158203125,0.345703125,-0.1875
guenther2023grammaticality,65,56,0.06787109375,0.11083984375,-0.04296875
guenther2023grammaticality,65,57,0.2041015625,0.1787109375,0.025390625
guenther2023grammaticality,65,58,2.6875,1.90625,0.78125
guenther2023grammaticality,65,59,0.390625,0.6328125,-0.2421875
guenther2023grammaticality,65,60,2.8125,1.8046875,1.0078125
guenther2023grammaticality,65,61,0.828125,0.7578125,0.0703125
guenther2023grammaticality,65,62,0.2041015625,0.3125,-0.1083984375
guenther2023grammaticality,65,63,0.6328125,0.6328125,0.0
guenther2023grammaticality,65,64,0.9765625,1.3125,-0.3359375
guenther2023grammaticality,65,65,1.21875,0.7578125,0.4609375
guenther2023grammaticality,65,66,0.4765625,0.4765625,0.0
guenther2023grammaticality,65,67,1.0546875,1.5,-0.4453125
guenther2023grammaticality,65,68,0.1787109375,0.3125,-0.1337890625
guenther2023grammaticality,65,69,0.390625,0.5234375,-0.1328125
guenther2023grammaticality,65,70,0.283203125,0.25390625,0.029296875
guenther2023grammaticality,65,71,0.12451171875,0.1787109375,-0.05419921875
guenther2023grammaticality,65,72,0.390625,0.158203125,0.232421875
guenther2023grammaticality,65,73,0.6328125,0.390625,0.2421875
guenther2023grammaticality,65,74,0.283203125,0.4765625,-0.193359375
guenther2023grammaticality,65,75,0.390625,0.283203125,0.107421875
guenther2023grammaticality,65,76,0.10400390625,0.1455078125,-0.04150390625
guenther2023grammaticality,65,77,0.158203125,0.12451171875,0.03369140625
guenther2023grammaticality,65,78,0.6328125,0.283203125,0.349609375
guenther2023grammaticality,65,79,0.578125,0.69140625,-0.11328125
guenther2023grammaticality,65,80,0.4765625,0.25390625,0.22265625
guenther2023grammaticality,65,81,0.69140625,1.140625,-0.44921875
guenther2023grammaticality,65,82,0.345703125,0.3125,0.033203125
guenther2023grammaticality,65,83,0.345703125,0.2041015625,0.1416015625
guenther2023grammaticality,65,84,0.22265625,0.2041015625,0.0185546875
guenther2023grammaticality,65,85,2.46875,2.234375,0.234375
guenther2023grammaticality,65,86,0.1787109375,0.25390625,-0.0751953125
guenther2023grammaticality,65,87,0.69140625,0.431640625,0.259765625
guenther2023grammaticality,65,88,0.7578125,1.40625,-0.6484375
guenther2023grammaticality,65,89,0.1455078125,0.2041015625,-0.05859375
guenther2023grammaticality,65,90,0.1787109375,0.345703125,-0.1669921875
guenther2023grammaticality,65,91,0.283203125,0.3125,-0.029296875
guenther2023grammaticality,65,92,0.3125,0.2041015625,0.1083984375
guenther2023grammaticality,65,93,0.4765625,0.7578125,-0.28125
guenther2023grammaticality,65,94,0.431640625,0.431640625,0.0
guenther2023grammaticality,65,95,0.158203125,0.22265625,-0.064453125
guenther2023grammaticality,65,96,0.06787109375,0.283203125,-0.21533203125
guenther2023grammaticality,65,97,0.1787109375,0.158203125,0.0205078125
guenther2023grammaticality,65,98,0.10400390625,0.1787109375,-0.07470703125
guenther2023grammaticality,65,99,0.2041015625,0.25390625,-0.0498046875
guenther2023grammaticality,65,100,0.11083984375,0.1787109375,-0.06787109375
guenther2023grammaticality,65,101,0.69140625,0.345703125,0.345703125
guenther2023grammaticality,65,102,0.390625,0.7578125,-0.3671875
guenther2023grammaticality,65,103,0.1787109375,0.1787109375,0.0
guenther2023grammaticality,65,104,0.25390625,0.10400390625,0.14990234375
guenther2023grammaticality,65,105,0.10400390625,0.158203125,-0.05419921875
guenther2023grammaticality,65,106,0.158203125,0.11083984375,0.04736328125
guenther2023grammaticality,65,107,0.25390625,0.158203125,0.095703125
guenther2023grammaticality,65,108,0.060546875,0.0458984375,0.0146484375
guenther2023grammaticality,65,109,2.578125,2.921875,-0.34375
guenther2023grammaticality,66,0,1.875,0.390625,1.484375
guenther2023grammaticality,66,1,0.76953125,0.9765625,-0.20703125
guenther2023grammaticality,66,2,0.431640625,0.345703125,0.0859375
guenther2023grammaticality,66,3,0.431640625,0.390625,0.041015625
guenther2023grammaticality,66,4,0.52734375,0.69140625,-0.1640625
guenther2023grammaticality,66,5,1.2265625,0.69140625,0.53515625
guenther2023grammaticality,66,6,0.3125,0.431640625,-0.119140625
guenther2023grammaticality,66,7,1.40625,1.140625,0.265625
guenther2023grammaticality,66,8,0.06787109375,0.22265625,-0.15478515625
guenther2023grammaticality,66,9,0.69140625,0.8984375,-0.20703125
guenther2023grammaticality,66,10,0.06787109375,0.345703125,-0.27783203125
guenther2023grammaticality,66,11,1.90625,0.384765625,1.521484375
guenther2023grammaticality,66,12,0.11083984375,0.12451171875,-0.013671875
guenther2023grammaticality,66,13,0.023193359375,0.060546875,-0.037353515625
guenther2023grammaticality,66,14,0.007781982421875,0.11083984375,-0.103057861328125
guenther2023grammaticality,66,15,0.2041015625,0.8984375,-0.6943359375
guenther2023grammaticality,66,16,0.007781982421875,0.0458984375,-0.038116455078125
guenther2023grammaticality,66,17,0.1787109375,0.5234375,-0.3447265625
guenther2023grammaticality,66,18,0.828125,0.6328125,0.1953125
guenther2023grammaticality,66,19,0.5234375,0.69140625,-0.16796875
guenther2023grammaticality,66,20,0.1455078125,0.0458984375,0.099609375
guenther2023grammaticality,66,21,0.023193359375,0.345703125,-0.322509765625
guenther2023grammaticality,66,22,0.007781982421875,0.11083984375,-0.103057861328125
guenther2023grammaticality,66,23,0.08251953125,0.69140625,-0.60888671875
guenther2023grammaticality,66,24,0.007781982421875,0.060546875,-0.052764892578125
guenther2023grammaticality,66,25,3.890625,2.6875,1.203125
guenther2023grammaticality,66,26,0.12451171875,0.390625,-0.26611328125
guenther2023grammaticality,66,27,0.03076171875,0.038330078125,-0.007568359375
guenther2023grammaticality,66,28,0.03076171875,0.431640625,-0.40087890625
guenther2023grammaticality,66,29,0.345703125,0.578125,-0.232421875
guenther2023grammaticality,66,30,0.023193359375,0.431640625,-0.408447265625
guenther2023grammaticality,66,31,0.060546875,0.158203125,-0.09765625
guenther2023grammaticality,66,32,0.578125,0.9765625,-0.3984375
guenther2023grammaticality,66,33,0.9765625,0.6328125,0.34375
guenther2023grammaticality,66,34,0.390625,0.345703125,0.044921875
guenther2023grammaticality,66,35,0.060546875,0.22265625,-0.162109375
guenther2023grammaticality,66,36,0.08251953125,0.25390625,-0.17138671875
guenther2023grammaticality,66,37,0.08251953125,0.08984375,-0.00732421875
guenther2023grammaticality,66,38,0.023193359375,0.0458984375,-0.022705078125
guenther2023grammaticality,66,39,1.21875,0.431640625,0.787109375
guenther2023grammaticality,66,40,0.25390625,0.4765625,-0.22265625
guenther2023grammaticality,66,41,0.060546875,0.431640625,-0.37109375
guenther2023grammaticality,66,42,0.023193359375,0.10400390625,-0.080810546875
guenther2023grammaticality,66,43,0.578125,1.703125,-1.125
guenther2023grammaticality,66,44,0.08984375,0.22265625,-0.1328125
guenther2023grammaticality,66,45,0.007781982421875,0.1455078125,-0.137725830078125
guenther2023grammaticality,66,46,0.007781982421875,0.023193359375,-0.015411376953125
guenther2023grammaticality,66,47,0.1455078125,0.5234375,-0.3779296875
guenther2023grammaticality,66,48,0.0155029296875,0.1787109375,-0.1632080078125
guenther2023grammaticality,66,49,0.023193359375,0.2041015625,-0.180908203125
guenther2023grammaticality,66,50,0.10400390625,0.283203125,-0.17919921875
guenther2023grammaticality,66,51,1.5,0.2041015625,1.2958984375
guenther2023grammaticality,66,52,0.007781982421875,0.11083984375,-0.103057861328125
guenther2023grammaticality,66,53,0.22265625,0.3125,-0.08984375
guenther2023grammaticality,66,54,0.007781982421875,0.158203125,-0.150421142578125
guenther2023grammaticality,66,55,0.0458984375,0.345703125,-0.2998046875
guenther2023grammaticality,66,56,0.038330078125,0.060546875,-0.022216796875
guenther2023grammaticality,66,57,0.007781982421875,0.08251953125,-0.074737548828125
guenther2023grammaticality,66,58,0.007781982421875,0.1787109375,-0.170928955078125
guenther2023grammaticality,66,59,0.03076171875,0.2041015625,-0.17333984375
guenther2023grammaticality,66,60,0.03076171875,0.1455078125,-0.11474609375
guenther2023grammaticality,66,61,0.0155029296875,0.10400390625,-0.0885009765625
guenther2023grammaticality,66,62,0.431640625,0.9765625,-0.544921875
guenther2023grammaticality,66,63,0.007781982421875,0.08984375,-0.082061767578125
guenther2023grammaticality,66,64,0.08251953125,0.158203125,-0.07568359375
guenther2023grammaticality,66,65,0.007781982421875,0.158203125,-0.150421142578125
guenther2023grammaticality,66,66,0.12451171875,0.1455078125,-0.02099609375
guenther2023grammaticality,66,67,0.0155029296875,0.1787109375,-0.1632080078125
guenther2023grammaticality,66,68,0.007781982421875,0.05322265625,-0.045440673828125
guenther2023grammaticality,66,69,0.023193359375,0.158203125,-0.135009765625
guenther2023grammaticality,66,70,0.007781982421875,0.007781982421875,0.0
guenther2023grammaticality,66,71,0.0,0.060546875,-0.060546875
guenther2023grammaticality,66,72,0.007781982421875,0.08984375,-0.082061767578125
guenther2023grammaticality,66,73,0.0,0.038330078125,-0.038330078125
guenther2023grammaticality,66,74,0.0155029296875,0.12451171875,-0.1090087890625
guenther2023grammaticality,66,75,0.0155029296875,0.158203125,-0.1427001953125
guenther2023grammaticality,66,76,0.007781982421875,0.11083984375,-0.103057861328125
guenther2023grammaticality,66,77,0.0,0.0458984375,-0.0458984375
guenther2023grammaticality,66,78,0.007781982421875,0.08984375,-0.082061767578125
guenther2023grammaticality,66,79,0.007781982421875,0.10400390625,-0.096221923828125
guenther2023grammaticality,66,80,1.5,0.578125,0.921875
guenther2023grammaticality,66,81,0.007781982421875,0.060546875,-0.052764892578125
guenther2023grammaticality,66,82,0.007781982421875,0.06787109375,-0.060089111328125
guenther2023grammaticality,66,83,0.007781982421875,0.10400390625,-0.096221923828125
guenther2023grammaticality,66,84,0.007781982421875,0.007781982421875,0.0
guenther2023grammaticality,66,85,0.0,0.060546875,-0.060546875
guenther2023grammaticality,66,86,0.007781982421875,0.038330078125,-0.030548095703125
guenther2023grammaticality,66,87,0.007781982421875,0.0458984375,-0.038116455078125
guenther2023grammaticality,66,88,0.08251953125,0.06787109375,0.0146484375
guenther2023grammaticality,66,89,0.0155029296875,0.08984375,-0.0743408203125
guenther2023grammaticality,66,90,0.007781982421875,0.060546875,-0.052764892578125
guenther2023grammaticality,66,91,0.0,0.08251953125,-0.08251953125
guenther2023grammaticality,66,92,0.0155029296875,0.0155029296875,0.0
guenther2023grammaticality,66,93,0.007781982421875,0.03076171875,-0.022979736328125
guenther2023grammaticality,66,94,0.578125,0.9765625,-0.3984375
guenther2023grammaticality,66,95,0.007781982421875,0.023193359375,-0.015411376953125
guenther2023grammaticality,66,96,0.0,0.023193359375,-0.023193359375
guenther2023grammaticality,66,97,0.0155029296875,0.12451171875,-0.1090087890625
guenther2023grammaticality,66,98,0.0,0.03076171875,-0.03076171875
guenther2023grammaticality,66,99,0.05322265625,0.12451171875,-0.0712890625
guenther2023grammaticality,66,100,0.0,0.05322265625,-0.05322265625
guenther2023grammaticality,66,101,0.08984375,0.11083984375,-0.02099609375
guenther2023grammaticality,66,102,0.007781982421875,0.0458984375,-0.038116455078125
guenther2023grammaticality,66,103,0.0155029296875,0.0155029296875,0.0
guenther2023grammaticality,66,104,0.0,0.03076171875,-0.03076171875
guenther2023grammaticality,66,105,0.007781982421875,0.038330078125,-0.030548095703125
guenther2023grammaticality,66,106,0.038330078125,0.0458984375,-0.007568359375
guenther2023grammaticality,66,107,0.0,0.023193359375,-0.023193359375
guenther2023grammaticality,66,108,0.0,0.0458984375,-0.0458984375
guenther2023grammaticality,66,109,0.0,0.03076171875,-0.03076171875
guenther2023grammaticality,67,0,1.953125,0.6328125,1.3203125
guenther2023grammaticality,67,1,1.0625,0.6328125,0.4296875
guenther2023grammaticality,67,2,0.69921875,0.6328125,0.06640625
guenther2023grammaticality,67,3,0.6328125,0.578125,0.0546875
guenther2023grammaticality,67,4,0.76171875,0.4765625,0.28515625
guenther2023grammaticality,67,5,0.69140625,0.5234375,0.16796875
guenther2023grammaticality,67,6,0.5234375,0.390625,0.1328125
guenther2023grammaticality,67,7,0.03076171875,0.431640625,-0.40087890625
guenther2023grammaticality,67,8,0.69140625,0.431640625,0.259765625
guenther2023grammaticality,67,9,0.023193359375,0.578125,-0.554931640625
guenther2023grammaticality,67,10,0.318359375,0.10400390625,0.21435546875
guenther2023grammaticality,67,11,0.0155029296875,0.1787109375,-0.1632080078125
guenther2023grammaticality,67,12,0.007781982421875,0.390625,-0.382843017578125
guenther2023grammaticality,67,13,0.3515625,0.390625,-0.0390625
guenther2023grammaticality,67,14,0.007781982421875,0.2041015625,-0.196319580078125
guenther2023grammaticality,67,15,0.0155029296875,0.2041015625,-0.1885986328125
guenther2023grammaticality,67,16,0.0,0.390625,-0.390625
guenther2023grammaticality,67,17,0.007781982421875,0.283203125,-0.275421142578125
guenther2023grammaticality,67,18,0.1650390625,0.05322265625,0.11181640625
guenther2023grammaticality,67,19,0.0,0.1455078125,-0.1455078125
guenther2023grammaticality,67,20,0.007781982421875,0.12451171875,-0.116729736328125
guenther2023grammaticality,67,21,0.007781982421875,0.431640625,-0.423858642578125
guenther2023grammaticality,67,22,0.0,0.11083984375,-0.11083984375
guenther2023grammaticality,67,23,0.0155029296875,0.578125,-0.5626220703125
guenther2023grammaticality,67,24,0.0,0.08984375,-0.08984375
guenther2023grammaticality,67,25,0.007781982421875,0.1455078125,-0.137725830078125
guenther2023grammaticality,67,26,0.0,0.11083984375,-0.11083984375
guenther2023grammaticality,67,27,0.0,0.22265625,-0.22265625
guenther2023grammaticality,67,28,1.140625,1.40625,-0.265625
guenther2023grammaticality,67,29,0.0,0.12451171875,-0.12451171875
guenther2023grammaticality,67,30,0.6328125,0.578125,0.0546875
guenther2023grammaticality,67,31,0.007781982421875,0.4765625,-0.468780517578125
guenther2023grammaticality,67,32,0.0,0.10400390625,-0.10400390625
guenther2023grammaticality,67,33,0.0,0.06787109375,-0.06787109375
guenther2023grammaticality,67,34,0.0,0.10400390625,-0.10400390625
guenther2023grammaticality,67,35,0.0,0.158203125,-0.158203125
guenther2023grammaticality,67,36,0.0,0.2041015625,-0.2041015625
guenther2023grammaticality,67,37,0.0,0.05322265625,-0.05322265625
guenther2023grammaticality,67,38,0.0,0.038330078125,-0.038330078125
guenther2023grammaticality,67,39,0.0,0.08984375,-0.08984375
guenther2023grammaticality,67,40,0.0,0.038330078125,-0.038330078125
guenther2023grammaticality,67,41,0.007781982421875,0.1455078125,-0.137725830078125
guenther2023grammaticality,67,42,0.0,0.10400390625,-0.10400390625
guenther2023grammaticality,67,43,0.0,0.03076171875,-0.03076171875
guenther2023grammaticality,67,44,0.0,0.023193359375,-0.023193359375
guenther2023grammaticality,67,45,0.0,0.03076171875,-0.03076171875
guenther2023grammaticality,67,46,0.0,0.08251953125,-0.08251953125
guenther2023grammaticality,67,47,0.0,0.038330078125,-0.038330078125
guenther2023grammaticality,67,48,0.0,0.1787109375,-0.1787109375
guenther2023grammaticality,67,49,0.0,0.12451171875,-0.12451171875
guenther2023grammaticality,67,50,0.0,0.10400390625,-0.10400390625
guenther2023grammaticality,67,51,0.0,0.08984375,-0.08984375
guenther2023grammaticality,67,52,0.0,0.0458984375,-0.0458984375
guenther2023grammaticality,67,53,0.0,0.0458984375,-0.0458984375
guenther2023grammaticality,67,54,0.0,0.08251953125,-0.08251953125
guenther2023grammaticality,67,55,0.0,0.023193359375,-0.023193359375
guenther2023grammaticality,67,56,0.0,0.03076171875,-0.03076171875
guenther2023grammaticality,67,57,0.0,0.06787109375,-0.06787109375
guenther2023grammaticality,67,58,0.0,0.03076171875,-0.03076171875
guenther2023grammaticality,67,59,0.0,0.038330078125,-0.038330078125
guenther2023grammaticality,67,60,0.0,0.12451171875,-0.12451171875
guenther2023grammaticality,67,61,0.0,0.05322265625,-0.05322265625
guenther2023grammaticality,67,62,0.0,0.023193359375,-0.023193359375
guenther2023grammaticality,67,63,0.0,0.038330078125,-0.038330078125
guenther2023grammaticality,67,64,0.0,0.023193359375,-0.023193359375
guenther2023grammaticality,67,65,0.0,0.023193359375,-0.023193359375
guenther2023grammaticality,67,66,0.0,0.05322265625,-0.05322265625
guenther2023grammaticality,67,67,0.0,0.0155029296875,-0.0155029296875
guenther2023grammaticality,67,68,0.0,0.0155029296875,-0.0155029296875
guenther2023grammaticality,67,69,0.0,0.0155029296875,-0.0155029296875
guenther2023grammaticality,67,70,0.0,0.0458984375,-0.0458984375
guenther2023grammaticality,67,71,0.0,0.0458984375,-0.0458984375
guenther2023grammaticality,67,72,0.0,0.03076171875,-0.03076171875
guenther2023grammaticality,67,73,0.0,0.023193359375,-0.023193359375
guenther2023grammaticality,67,74,0.0,0.0155029296875,-0.0155029296875
guenther2023grammaticality,67,75,0.0,0.1787109375,-0.1787109375
guenther2023grammaticality,67,76,0.0,0.023193359375,-0.023193359375
guenther2023grammaticality,67,77,0.0,0.05322265625,-0.05322265625
guenther2023grammaticality,67,78,0.0,0.0155029296875,-0.0155029296875
guenther2023grammaticality,67,79,0.0,0.023193359375,-0.023193359375
guenther2023grammaticality,67,80,0.0,0.007781982421875,-0.007781982421875
guenther2023grammaticality,67,81,0.0,0.007781982421875,-0.007781982421875
guenther2023grammaticality,67,82,0.0,0.0155029296875,-0.0155029296875
guenther2023grammaticality,67,83,0.0,0.007781982421875,-0.007781982421875
guenther2023grammaticality,67,84,0.0,0.023193359375,-0.023193359375
guenther2023grammaticality,67,85,0.0,0.023193359375,-0.023193359375
guenther2023grammaticality,67,86,0.0,0.007781982421875,-0.007781982421875
guenther2023grammaticality,67,87,0.0,0.0155029296875,-0.0155029296875
guenther2023grammaticality,67,88,0.0,0.023193359375,-0.023193359375
guenther2023grammaticality,67,89,0.0,0.03076171875,-0.03076171875
guenther2023grammaticality,67,90,7.625,4.5,3.125
guenther2023grammaticality,67,91,0.007781982421875,0.038330078125,-0.030548095703125
guenther2023grammaticality,67,92,0.007781982421875,0.023193359375,-0.015411376953125
guenther2023grammaticality,67,93,0.007781982421875,0.1455078125,-0.137725830078125
guenther2023grammaticality,67,94,0.10400390625,0.578125,-0.47412109375
guenther2023grammaticality,67,95,0.3515625,0.5234375,-0.171875
guenther2023grammaticality,67,96,0.007781982421875,0.03076171875,-0.022979736328125
guenther2023grammaticality,67,97,0.0,0.0155029296875,-0.0155029296875
guenther2023grammaticality,67,98,0.007781982421875,0.08251953125,-0.074737548828125
guenther2023grammaticality,67,99,0.0155029296875,0.03076171875,-0.0152587890625
guenther2023grammaticality,67,100,0.023193359375,0.0458984375,-0.022705078125
guenther2023grammaticality,67,101,0.0,0.038330078125,-0.038330078125
guenther2023grammaticality,67,102,0.0,0.007781982421875,-0.007781982421875
guenther2023grammaticality,67,103,0.007781982421875,0.03076171875,-0.022979736328125
guenther2023grammaticality,67,104,0.03076171875,0.158203125,-0.12744140625
guenther2023grammaticality,67,105,0.023193359375,0.023193359375,0.0
guenther2023grammaticality,67,106,0.007781982421875,0.0458984375,-0.038116455078125
guenther2023grammaticality,67,107,0.007781982421875,0.023193359375,-0.015411376953125
guenther2023grammaticality,67,108,0.007781982421875,0.05322265625,-0.045440673828125
guenther2023grammaticality,67,109,0.007781982421875,0.023193359375,-0.015411376953125
guenther2023grammaticality,68,0,1.25,0.3515625,0.8984375
guenther2023grammaticality,68,1,0.984375,1.140625,-0.15625
guenther2023grammaticality,68,2,0.578125,0.69140625,-0.11328125
guenther2023grammaticality,68,3,0.578125,0.9765625,-0.3984375
guenther2023grammaticality,68,4,0.3125,0.578125,-0.265625
guenther2023grammaticality,68,5,0.2041015625,0.3125,-0.1083984375
guenther2023grammaticality,68,6,1.0546875,0.828125,0.2265625
guenther2023grammaticality,68,7,0.10400390625,0.578125,-0.47412109375
guenther2023grammaticality,68,8,1.0546875,0.69140625,0.36328125
guenther2023grammaticality,68,9,0.828125,0.69140625,0.13671875
guenther2023grammaticality,68,10,0.007781982421875,0.3125,-0.304718017578125
guenther2023grammaticality,68,11,0.023193359375,0.4765625,-0.453369140625
guenther2023grammaticality,68,12,0.007781982421875,0.1455078125,-0.137725830078125
guenther2023grammaticality,68,13,0.578125,0.7578125,-0.1796875
guenther2023grammaticality,68,14,0.007781982421875,0.1787109375,-0.170928955078125
guenther2023grammaticality,68,15,0.007781982421875,0.283203125,-0.275421142578125
guenther2023grammaticality,68,16,0.0155029296875,0.431640625,-0.4161376953125
guenther2023grammaticality,68,17,0.007781982421875,0.69140625,-0.683624267578125
guenther2023grammaticality,68,18,0.0,0.283203125,-0.283203125
guenther2023grammaticality,68,19,0.1455078125,0.060546875,0.0849609375
guenther2023grammaticality,68,20,0.0,0.08984375,-0.08984375
guenther2023grammaticality,68,21,0.0155029296875,0.828125,-0.8126220703125
guenther2023grammaticality,68,22,0.6328125,0.8984375,-0.265625
guenther2023grammaticality,68,23,0.0,0.390625,-0.390625
guenther2023grammaticality,68,24,0.0,0.384765625,-0.384765625
guenther2023grammaticality,68,25,0.0,0.22265625,-0.22265625
guenther2023grammaticality,68,26,0.0,0.12451171875,-0.12451171875
guenther2023grammaticality,68,27,0.0,0.1787109375,-0.1787109375
guenther2023grammaticality,68,28,0.0,0.158203125,-0.158203125
guenther2023grammaticality,68,29,6.25,0.8984375,5.3515625
guenther2023grammaticality,68,30,0.023193359375,0.345703125,-0.322509765625
guenther2023grammaticality,68,31,0.023193359375,0.2041015625,-0.180908203125
guenther2023grammaticality,68,32,0.283203125,0.22265625,0.060546875
guenther2023grammaticality,68,33,0.5234375,0.5234375,0.0
guenther2023grammaticality,68,34,0.007781982421875,0.22265625,-0.214874267578125
guenther2023grammaticality,68,35,0.007781982421875,0.11083984375,-0.103057861328125
guenther2023grammaticality,68,36,0.0155029296875,0.11083984375,-0.0953369140625
guenther2023grammaticality,68,37,0.007781982421875,0.2041015625,-0.196319580078125
guenther2023grammaticality,68,38,0.007781982421875,0.2041015625,-0.196319580078125
guenther2023grammaticality,68,39,0.007781982421875,0.0458984375,-0.038116455078125
guenther2023grammaticality,68,40,5.25,2.125,3.125
guenther2023grammaticality,68,41,1.8046875,1.0546875,0.75
guenther2023grammaticality,68,42,0.0458984375,0.03076171875,0.01513671875
guenther2023grammaticality,68,43,0.158203125,0.22265625,-0.064453125
guenther2023grammaticality,68,44,0.1787109375,0.25390625,-0.0751953125
guenther2023grammaticality,68,45,0.6328125,0.5234375,0.109375
guenther2023grammaticality,68,46,0.11083984375,0.158203125,-0.04736328125
guenther2023grammaticality,68,47,0.5234375,0.7578125,-0.234375
guenther2023grammaticality,68,48,0.06787109375,0.2041015625,-0.13623046875
guenther2023grammaticality,68,49,0.4765625,0.5234375,-0.046875
guenther2023grammaticality,68,50,0.431640625,0.431640625,0.0
guenther2023grammaticality,68,51,0.060546875,0.5234375,-0.462890625
guenther2023grammaticality,68,52,3.890625,1.40625,2.484375
guenther2023grammaticality,68,53,0.06787109375,0.11083984375,-0.04296875
guenther2023grammaticality,68,54,0.08251953125,0.431640625,-0.34912109375
guenther2023grammaticality,68,55,0.431640625,0.431640625,0.0
guenther2023grammaticality,68,56,0.22265625,0.69140625,-0.46875
guenther2023grammaticality,68,57,0.25390625,0.431640625,-0.177734375
guenther2023grammaticality,68,58,0.05322265625,0.03076171875,0.0224609375
guenther2023grammaticality,68,59,0.3125,0.345703125,-0.033203125
guenther2023grammaticality,68,60,0.06787109375,0.25390625,-0.18603515625
guenther2023grammaticality,68,61,0.158203125,0.283203125,-0.125
guenther2023grammaticality,68,62,0.038330078125,0.10400390625,-0.065673828125
guenther2023grammaticality,68,63,0.08251953125,0.22265625,-0.14013671875
guenther2023grammaticality,68,64,0.22265625,0.384765625,-0.162109375
guenther2023grammaticality,68,65,0.03076171875,0.2041015625,-0.17333984375
guenther2023grammaticality,68,66,0.0458984375,0.1787109375,-0.1328125
guenther2023grammaticality,68,67,0.0458984375,0.1787109375,-0.1328125
guenther2023grammaticality,68,68,0.08251953125,0.1787109375,-0.09619140625
guenther2023grammaticality,68,69,0.12451171875,0.3125,-0.18798828125
guenther2023grammaticality,68,70,2.921875,1.90625,1.015625
guenther2023grammaticality,68,71,1.140625,0.69140625,0.44921875
guenther2023grammaticality,68,72,0.08251953125,0.2041015625,-0.12158203125
guenther2023grammaticality,68,73,0.1455078125,0.4765625,-0.3310546875
guenther2023grammaticality,68,74,0.8984375,0.7578125,0.140625
guenther2023grammaticality,68,75,0.10400390625,0.2041015625,-0.10009765625
guenther2023grammaticality,68,76,0.060546875,0.1787109375,-0.1181640625
guenther2023grammaticality,68,77,0.0458984375,0.578125,-0.5322265625
guenther2023grammaticality,68,78,0.12451171875,0.283203125,-0.15869140625
guenther2023grammaticality,68,79,0.0458984375,0.3125,-0.2666015625
guenther2023grammaticality,68,80,0.03076171875,0.11083984375,-0.080078125
guenther2023grammaticality,68,81,0.038330078125,0.12451171875,-0.086181640625
guenther2023grammaticality,68,82,0.69140625,0.69140625,0.0
guenther2023grammaticality,68,83,0.060546875,0.2041015625,-0.1435546875
guenther2023grammaticality,68,84,0.03076171875,0.10400390625,-0.0732421875
guenther2023grammaticality,68,85,0.023193359375,0.345703125,-0.322509765625
guenther2023grammaticality,68,86,0.023193359375,0.08251953125,-0.059326171875
guenther2023grammaticality,68,87,0.038330078125,0.3125,-0.274169921875
guenther2023grammaticality,68,88,0.0155029296875,0.06787109375,-0.0523681640625
guenther2023grammaticality,68,89,0.08984375,0.4765625,-0.38671875
guenther2023grammaticality,68,90,0.03076171875,0.08251953125,-0.0517578125
guenther2023grammaticality,68,91,0.06787109375,0.384765625,-0.31689453125
guenther2023grammaticality,68,92,0.0155029296875,0.2041015625,-0.1885986328125
guenther2023grammaticality,68,93,0.0458984375,0.2041015625,-0.158203125
guenther2023grammaticality,68,94,0.023193359375,0.06787109375,-0.044677734375
guenther2023grammaticality,68,95,0.0155029296875,0.12451171875,-0.1090087890625
guenther2023grammaticality,68,96,0.0155029296875,0.12451171875,-0.1090087890625
guenther2023grammaticality,68,97,0.023193359375,0.1787109375,-0.155517578125
guenther2023grammaticality,68,98,0.023193359375,0.158203125,-0.135009765625
guenther2023grammaticality,68,99,0.03076171875,0.2041015625,-0.17333984375
guenther2023grammaticality,68,100,0.007781982421875,0.023193359375,-0.015411376953125
guenther2023grammaticality,68,101,3.046875,2.015625,1.03125
guenther2023grammaticality,68,102,0.22265625,0.431640625,-0.208984375
guenther2023grammaticality,68,103,3.40625,1.703125,1.703125
guenther2023grammaticality,68,104,0.08984375,0.25390625,-0.1640625
guenther2023grammaticality,68,105,0.390625,0.4765625,-0.0859375
guenther2023grammaticality,68,106,0.0458984375,0.12451171875,-0.07861328125
guenther2023grammaticality,68,107,0.25390625,0.3125,-0.05859375
guenther2023grammaticality,68,108,0.038330078125,0.12451171875,-0.086181640625
guenther2023grammaticality,68,109,0.0458984375,0.12451171875,-0.07861328125
guenther2023grammaticality,69,0,0.77734375,0.11083984375,0.66650390625
guenther2023grammaticality,69,1,0.59375,0.0458984375,0.5478515625
guenther2023grammaticality,69,2,0.1650390625,0.06787109375,0.09716796875
guenther2023grammaticality,69,3,0.25390625,0.0458984375,0.2080078125
guenther2023grammaticality,69,4,0.63671875,0.1455078125,0.4912109375
guenther2023grammaticality,69,5,2.8125,2.6875,0.125
guenther2023grammaticality,69,6,1.40625,0.828125,0.578125
guenther2023grammaticality,69,7,0.3515625,0.158203125,0.193359375
guenther2023grammaticality,69,8,0.283203125,0.12451171875,0.15869140625
guenther2023grammaticality,69,9,0.283203125,0.12451171875,0.15869140625
guenther2023grammaticality,69,10,0.4765625,0.08984375,0.38671875
guenther2023grammaticality,69,11,0.283203125,0.06787109375,0.21533203125
guenther2023grammaticality,69,12,2.234375,2.921875,-0.6875
guenther2023grammaticality,69,13,0.578125,0.06787109375,0.51025390625
guenther2023grammaticality,69,14,1.703125,1.8046875,-0.1015625
guenther2023grammaticality,69,15,1.2265625,1.59375,-0.3671875
guenther2023grammaticality,69,16,0.578125,0.5234375,0.0546875
guenther2023grammaticality,69,17,0.390625,0.1455078125,0.2451171875
guenther2023grammaticality,69,18,0.431640625,0.22265625,0.208984375
guenther2023grammaticality,69,19,0.22265625,0.08984375,0.1328125
guenther2023grammaticality,69,20,0.345703125,0.22265625,0.123046875
guenther2023grammaticality,69,21,0.10400390625,0.05322265625,0.05078125
guenther2023grammaticality,69,22,1.5,2.125,-0.625
guenther2023grammaticality,69,23,0.390625,0.1787109375,0.2119140625
guenther2023grammaticality,69,24,0.3125,0.390625,-0.078125
guenther2023grammaticality,69,25,0.5234375,0.10400390625,0.41943359375
guenther2023grammaticality,69,26,0.22265625,0.345703125,-0.123046875
guenther2023grammaticality,69,27,0.22265625,0.10400390625,0.11865234375
guenther2023grammaticality,69,28,0.12451171875,0.10400390625,0.0205078125
guenther2023grammaticality,69,29,0.22265625,0.22265625,0.0
guenther2023grammaticality,69,30,0.390625,0.2041015625,0.1865234375
guenther2023grammaticality,69,31,0.345703125,0.345703125,0.0
guenther2023grammaticality,69,32,0.158203125,0.060546875,0.09765625
guenther2023grammaticality,69,33,0.1787109375,0.10400390625,0.07470703125
guenther2023grammaticality,69,34,0.11083984375,0.0458984375,0.06494140625
guenther2023grammaticality,69,35,0.10400390625,0.023193359375,0.080810546875
guenther2023grammaticality,69,36,0.9765625,0.1787109375,0.7978515625
guenther2023grammaticality,69,37,0.283203125,0.12451171875,0.15869140625
guenther2023grammaticality,69,38,0.1787109375,0.1455078125,0.033203125
guenther2023grammaticality,69,39,0.06787109375,0.03076171875,0.037109375
guenther2023grammaticality,69,40,1.8046875,2.46875,-0.6640625
guenther2023grammaticality,69,41,1.3125,1.90625,-0.59375
guenther2023grammaticality,69,42,0.06787109375,0.10400390625,-0.0361328125
guenther2023grammaticality,69,43,0.12451171875,0.158203125,-0.03369140625
guenther2023grammaticality,69,44,0.345703125,0.08984375,0.255859375
guenther2023grammaticality,69,45,0.158203125,0.158203125,0.0
guenther2023grammaticality,69,46,0.1787109375,0.08251953125,0.09619140625
guenther2023grammaticality,69,47,0.08984375,0.08984375,0.0
guenther2023grammaticality,69,48,0.08251953125,0.12451171875,-0.0419921875
guenther2023grammaticality,69,49,0.11083984375,0.11083984375,0.0
guenther2023grammaticality,69,50,2.46875,2.578125,-0.109375
guenther2023grammaticality,69,51,0.431640625,0.25390625,0.177734375
guenther2023grammaticality,69,52,0.158203125,0.12451171875,0.03369140625
guenther2023grammaticality,69,53,0.10400390625,0.0458984375,0.05810546875
guenther2023grammaticality,69,54,0.12451171875,0.11083984375,0.013671875
guenther2023grammaticality,69,55,0.12451171875,0.08984375,0.03466796875
guenther2023grammaticality,69,56,0.06787109375,0.038330078125,0.029541015625
guenther2023grammaticality,69,57,0.0458984375,0.05322265625,-0.00732421875
guenther2023grammaticality,69,58,0.22265625,0.1787109375,0.0439453125
guenther2023grammaticality,69,59,0.12451171875,0.10400390625,0.0205078125
guenther2023grammaticality,69,60,0.05322265625,0.038330078125,0.014892578125
guenther2023grammaticality,69,61,0.05322265625,0.0458984375,0.00732421875
guenther2023grammaticality,69,62,2.359375,2.234375,0.125
guenther2023grammaticality,69,63,0.3125,0.12451171875,0.18798828125
guenther2023grammaticality,69,64,0.08251953125,0.05322265625,0.029296875
guenther2023grammaticality,69,65,0.08251953125,0.08251953125,0.0
guenther2023grammaticality,69,66,0.5234375,0.283203125,0.240234375
guenther2023grammaticality,69,67,0.060546875,0.06787109375,-0.00732421875
guenther2023grammaticality,69,68,0.060546875,0.023193359375,0.037353515625
guenther2023grammaticality,69,69,0.345703125,0.158203125,0.1875
guenther2023grammaticality,69,70,2.6875,3.046875,-0.359375
guenther2023grammaticality,69,71,0.038330078125,0.060546875,-0.022216796875
guenther2023grammaticality,69,72,0.060546875,0.05322265625,0.00732421875
guenther2023grammaticality,69,73,0.08984375,0.08984375,0.0
guenther2023grammaticality,69,74,0.1787109375,0.12451171875,0.05419921875
guenther2023grammaticality,69,75,0.06787109375,0.0458984375,0.02197265625
guenther2023grammaticality,69,76,0.060546875,0.0458984375,0.0146484375
guenther2023grammaticality,69,77,0.0458984375,0.0458984375,0.0
guenther2023grammaticality,69,78,0.1787109375,0.1787109375,0.0
guenther2023grammaticality,69,79,0.0458984375,0.03076171875,0.01513671875
guenther2023grammaticality,69,80,1.5,2.234375,-0.734375
guenther2023grammaticality,69,81,0.05322265625,0.0458984375,0.00732421875
guenther2023grammaticality,69,82,0.2041015625,0.11083984375,0.09326171875
guenther2023grammaticality,69,83,0.03076171875,0.060546875,-0.02978515625
guenther2023grammaticality,69,84,2.015625,2.234375,-0.21875
guenther2023grammaticality,69,85,0.08984375,0.08984375,0.0
guenther2023grammaticality,69,86,0.390625,0.3125,0.078125
guenther2023grammaticality,69,87,0.08984375,0.05322265625,0.03662109375
guenther2023grammaticality,69,88,0.038330078125,0.0458984375,-0.007568359375
guenther2023grammaticality,69,89,0.3125,0.2041015625,0.1083984375
guenther2023grammaticality,69,90,1.703125,2.015625,-0.3125
guenther2023grammaticality,69,91,3.046875,2.921875,0.125
guenther2023grammaticality,69,92,0.060546875,0.08984375,-0.029296875
guenther2023grammaticality,69,93,0.060546875,0.0458984375,0.0146484375
guenther2023grammaticality,69,94,0.158203125,0.1787109375,-0.0205078125
guenther2023grammaticality,69,95,0.060546875,0.06787109375,-0.00732421875
guenther2023grammaticality,69,96,0.1455078125,0.1455078125,0.0
guenther2023grammaticality,69,97,0.08251953125,0.05322265625,0.029296875
guenther2023grammaticality,69,98,0.0458984375,0.05322265625,-0.00732421875
guenther2023grammaticality,69,99,0.05322265625,0.0458984375,0.00732421875
guenther2023grammaticality,69,100,0.0458984375,0.0458984375,0.0
guenther2023grammaticality,69,101,0.05322265625,0.038330078125,0.014892578125
guenther2023grammaticality,69,102,0.0458984375,0.05322265625,-0.00732421875
guenther2023grammaticality,69,103,0.10400390625,0.06787109375,0.0361328125
guenther2023grammaticality,69,104,0.11083984375,0.11083984375,0.0
guenther2023grammaticality,69,105,0.10400390625,0.08251953125,0.021484375
guenther2023grammaticality,69,106,0.22265625,0.12451171875,0.09814453125
guenther2023grammaticality,69,107,0.1787109375,0.08984375,0.0888671875
guenther2023grammaticality,69,108,0.12451171875,0.060546875,0.06396484375
guenther2023grammaticality,69,109,0.345703125,0.1787109375,0.1669921875
guenther2023grammaticality,70,0,1.6796875,0.05322265625,1.62646484375
guenther2023grammaticality,70,1,0.4453125,0.4765625,-0.03125
guenther2023grammaticality,70,2,0.431640625,0.4765625,-0.044921875
guenther2023grammaticality,70,3,0.2041015625,0.1455078125,0.05859375
guenther2023grammaticality,70,4,2.015625,2.359375,-0.34375
guenther2023grammaticality,70,5,0.5234375,0.431640625,0.091796875
guenther2023grammaticality,70,6,0.5234375,0.2041015625,0.3193359375
guenther2023grammaticality,70,7,0.431640625,0.283203125,0.1484375
guenther2023grammaticality,70,8,0.10400390625,0.22265625,-0.11865234375
guenther2023grammaticality,70,9,0.038330078125,1.40625,-1.367919921875
guenther2023grammaticality,70,10,0.22265625,0.283203125,-0.060546875
guenther2023grammaticality,70,11,0.007781982421875,0.283203125,-0.275421142578125
guenther2023grammaticality,70,12,0.007781982421875,0.1455078125,-0.137725830078125
guenther2023grammaticality,70,13,0.007781982421875,0.12451171875,-0.116729736328125
guenther2023grammaticality,70,14,0.007781982421875,0.11083984375,-0.103057861328125
guenther2023grammaticality,70,15,0.007781982421875,1.0546875,-1.046905517578125
guenther2023grammaticality,70,16,0.0,0.08984375,-0.08984375
guenther2023grammaticality,70,17,0.0,0.10400390625,-0.10400390625
guenther2023grammaticality,70,18,0.0,0.06787109375,-0.06787109375
guenther2023grammaticality,70,19,6.75,2.578125,4.171875
guenther2023grammaticality,70,20,0.318359375,0.10400390625,0.21435546875
guenther2023grammaticality,70,21,0.431640625,0.4765625,-0.044921875
guenther2023grammaticality,70,22,2.234375,1.59375,0.640625
guenther2023grammaticality,70,23,0.2294921875,0.2041015625,0.025390625
guenther2023grammaticality,70,24,0.2294921875,0.08251953125,0.14697265625
guenther2023grammaticality,70,25,1.140625,0.9765625,0.1640625
guenther2023grammaticality,70,26,0.9765625,0.69140625,0.28515625
guenther2023grammaticality,70,27,0.25390625,0.1787109375,0.0751953125
guenther2023grammaticality,70,28,0.1787109375,0.158203125,0.0205078125
guenther2023grammaticality,70,29,1.8046875,2.125,-0.3203125
guenther2023grammaticality,70,30,0.3125,0.1787109375,0.1337890625
guenther2023grammaticality,70,31,0.431640625,0.3125,0.119140625
guenther2023grammaticality,70,32,0.3125,0.158203125,0.154296875
guenther2023grammaticality,70,33,0.5234375,0.08984375,0.43359375
guenther2023grammaticality,70,34,0.578125,0.22265625,0.35546875
guenther2023grammaticality,70,35,0.25390625,0.1787109375,0.0751953125
guenther2023grammaticality,70,36,0.2041015625,0.158203125,0.0458984375
guenther2023grammaticality,70,37,0.2041015625,0.11083984375,0.09326171875
guenther2023grammaticality,70,38,0.3125,0.158203125,0.154296875
guenther2023grammaticality,70,39,1.0546875,1.40625,-0.3515625
guenther2023grammaticality,70,40,2.125,2.015625,0.109375
guenther2023grammaticality,70,41,1.703125,2.015625,-0.3125
guenther2023grammaticality,70,42,1.40625,0.9765625,0.4296875
guenther2023grammaticality,70,43,0.9765625,0.7578125,0.21875
guenther2023grammaticality,70,44,0.345703125,1.0546875,-0.708984375
guenther2023grammaticality,70,45,1.90625,1.3125,0.59375
guenther2023grammaticality,70,46,0.828125,0.7578125,0.0703125
guenther2023grammaticality,70,47,1.0546875,0.7578125,0.296875
guenther2023grammaticality,70,48,1.3125,0.9765625,0.3359375
guenther2023grammaticality,70,49,0.578125,0.69140625,-0.11328125
guenther2023grammaticality,70,50,0.4765625,0.69140625,-0.21484375
guenther2023grammaticality,70,51,0.4765625,0.6328125,-0.15625
guenther2023grammaticality,70,52,0.431640625,0.431640625,0.0
guenther2023grammaticality,70,53,0.578125,0.6328125,-0.0546875
guenther2023grammaticality,70,54,0.22265625,0.283203125,-0.060546875
guenther2023grammaticality,70,55,0.3125,0.158203125,0.154296875
guenther2023grammaticality,70,56,1.40625,1.3125,0.09375
guenther2023grammaticality,70,57,1.140625,0.8984375,0.2421875
guenther2023grammaticality,70,58,0.5234375,0.08251953125,0.44091796875
guenther2023grammaticality,70,59,1.140625,1.0546875,0.0859375
guenther2023grammaticality,70,60,0.578125,0.69140625,-0.11328125
guenther2023grammaticality,70,61,0.25390625,0.283203125,-0.029296875
guenther2023grammaticality,70,62,0.158203125,0.3125,-0.154296875
guenther2023grammaticality,70,63,0.2041015625,0.1455078125,0.05859375
guenther2023grammaticality,70,64,0.2041015625,0.25390625,-0.0498046875
guenther2023grammaticality,70,65,0.283203125,0.1787109375,0.1044921875
guenther2023grammaticality,70,66,0.25390625,0.12451171875,0.12939453125
guenther2023grammaticality,70,67,1.40625,1.59375,-0.1875
guenther2023grammaticality,70,68,0.9765625,1.0546875,-0.078125
guenther2023grammaticality,70,69,0.2041015625,0.22265625,-0.0185546875
guenther2023grammaticality,70,70,0.22265625,0.1787109375,0.0439453125
guenther2023grammaticality,70,71,1.90625,1.40625,0.5
guenther2023grammaticality,70,72,0.25390625,0.345703125,-0.091796875
guenther2023grammaticality,70,73,0.1787109375,0.158203125,0.0205078125
guenther2023grammaticality,70,74,0.431640625,0.345703125,0.0859375
guenther2023grammaticality,70,75,0.25390625,0.060546875,0.193359375
guenther2023grammaticality,70,76,0.22265625,0.10400390625,0.11865234375
guenther2023grammaticality,70,77,0.345703125,0.345703125,0.0
guenther2023grammaticality,70,78,1.5,1.40625,0.09375
guenther2023grammaticality,70,79,0.25390625,0.158203125,0.095703125
guenther2023grammaticality,70,80,1.0546875,0.9765625,0.078125
guenther2023grammaticality,70,81,1.0546875,1.21875,-0.1640625
guenther2023grammaticality,70,82,0.828125,0.7578125,0.0703125
guenther2023grammaticality,70,83,0.4765625,0.4765625,0.0
guenther2023grammaticality,70,84,0.158203125,0.12451171875,0.03369140625
guenther2023grammaticality,70,85,0.8984375,0.6328125,0.265625
guenther2023grammaticality,70,86,0.7578125,0.69140625,0.06640625
guenther2023grammaticality,70,87,0.8984375,0.69140625,0.20703125
guenther2023grammaticality,70,88,0.578125,0.5234375,0.0546875
guenther2023grammaticality,70,89,0.431640625,0.390625,0.041015625
guenther2023grammaticality,70,90,0.69140625,0.578125,0.11328125
guenther2023grammaticality,70,91,0.8984375,1.1328125,-0.234375
guenther2023grammaticality,70,92,1.0546875,0.9765625,0.078125
guenther2023grammaticality,70,93,0.345703125,0.5234375,-0.177734375
guenther2023grammaticality,70,94,0.828125,0.69140625,0.13671875
guenther2023grammaticality,70,95,0.22265625,0.22265625,0.0
guenther2023grammaticality,70,96,0.2041015625,0.22265625,-0.0185546875
guenther2023grammaticality,70,97,0.2041015625,0.08984375,0.1142578125
guenther2023grammaticality,70,98,0.69140625,0.69140625,0.0
guenther2023grammaticality,70,99,0.25390625,0.3125,-0.05859375
guenther2023grammaticality,70,100,1.59375,1.3125,0.28125
guenther2023grammaticality,70,101,1.140625,0.9765625,0.1640625
guenther2023grammaticality,70,102,0.9765625,0.69140625,0.28515625
guenther2023grammaticality,70,103,0.345703125,0.6328125,-0.287109375
guenther2023grammaticality,70,104,0.9765625,0.828125,0.1484375
guenther2023grammaticality,70,105,0.22265625,0.283203125,-0.060546875
guenther2023grammaticality,70,106,0.12451171875,0.11083984375,0.013671875
guenther2023grammaticality,70,107,1.140625,1.140625,0.0
guenther2023grammaticality,70,108,0.6328125,0.578125,0.0546875
guenther2023grammaticality,70,109,1.0546875,0.8984375,0.15625
guenther2023grammaticality,71,0,1.1953125,0.283203125,0.912109375
guenther2023grammaticality,71,1,0.486328125,0.5234375,-0.037109375
guenther2023grammaticality,71,2,0.8984375,1.3125,-0.4140625
guenther2023grammaticality,71,3,0.5234375,0.578125,-0.0546875
guenther2023grammaticality,71,4,1.0546875,0.431640625,0.623046875
guenther2023grammaticality,71,5,0.25390625,0.390625,-0.13671875
guenther2023grammaticality,71,6,0.060546875,0.283203125,-0.22265625
guenther2023grammaticality,71,7,0.038330078125,0.7578125,-0.719482421875
guenther2023grammaticality,71,8,0.69140625,0.828125,-0.13671875
guenther2023grammaticality,71,9,0.007781982421875,0.345703125,-0.337921142578125
guenther2023grammaticality,71,10,0.390625,0.390625,0.0
guenther2023grammaticality,71,11,0.5234375,0.828125,-0.3046875
guenther2023grammaticality,71,12,0.0,0.25390625,-0.25390625
guenther2023grammaticality,71,13,0.0,0.158203125,-0.158203125
guenther2023grammaticality,71,14,0.007781982421875,0.8984375,-0.890655517578125
guenther2023grammaticality,71,15,0.0,0.5234375,-0.5234375
guenther2023grammaticality,71,16,1.5,0.828125,0.671875
guenther2023grammaticality,71,17,0.2294921875,0.11083984375,0.11865234375
guenther2023grammaticality,71,18,0.0155029296875,0.431640625,-0.4161376953125
guenther2023grammaticality,71,19,5.25,0.7578125,4.4921875
guenther2023grammaticality,71,20,0.11083984375,0.828125,-0.71728515625
guenther2023grammaticality,71,21,0.12451171875,0.4765625,-0.35205078125
guenther2023grammaticality,71,22,0.4765625,0.25390625,0.22265625
guenther2023grammaticality,71,23,0.1455078125,0.12451171875,0.02099609375
guenther2023grammaticality,71,24,0.023193359375,0.69140625,-0.668212890625
guenther2023grammaticality,71,25,0.0155029296875,0.431640625,-0.4161376953125
guenther2023grammaticality,71,26,0.023193359375,0.22265625,-0.199462890625
guenther2023grammaticality,71,27,0.0458984375,0.8984375,-0.8525390625
guenther2023grammaticality,71,28,0.0155029296875,0.158203125,-0.1427001953125
guenther2023grammaticality,71,29,0.0458984375,0.9765625,-0.9306640625
guenther2023grammaticality,71,30,0.578125,0.431640625,0.146484375
guenther2023grammaticality,71,31,0.007781982421875,0.345703125,-0.337921142578125
guenther2023grammaticality,71,32,0.0155029296875,0.283203125,-0.2677001953125
guenther2023grammaticality,71,33,0.0155029296875,0.828125,-0.8126220703125
guenther2023grammaticality,71,34,0.32421875,0.060546875,0.263671875
guenther2023grammaticality,71,35,0.007781982421875,0.345703125,-0.337921142578125
guenther2023grammaticality,71,36,0.007781982421875,0.283203125,-0.275421142578125
guenther2023grammaticality,71,37,0.007781982421875,0.158203125,-0.150421142578125
guenther2023grammaticality,71,38,0.007781982421875,0.1787109375,-0.170928955078125
guenther2023grammaticality,71,39,0.0458984375,0.12451171875,-0.07861328125
guenther2023grammaticality,71,40,0.007781982421875,0.1455078125,-0.137725830078125
guenther2023grammaticality,71,41,0.03076171875,0.1787109375,-0.14794921875
guenther2023grammaticality,71,42,0.0,0.10400390625,-0.10400390625
guenther2023grammaticality,71,43,0.0,0.06787109375,-0.06787109375
guenther2023grammaticality,71,44,0.007781982421875,1.3125,-1.304718017578125
guenther2023grammaticality,71,45,0.007781982421875,0.5234375,-0.515655517578125
guenther2023grammaticality,71,46,0.007781982421875,0.8984375,-0.890655517578125
guenther2023grammaticality,71,47,0.0,0.578125,-0.578125
guenther2023grammaticality,71,48,0.007781982421875,0.431640625,-0.423858642578125
guenther2023grammaticality,71,49,0.0,0.158203125,-0.158203125
guenther2023grammaticality,71,50,0.007781982421875,0.384765625,-0.376983642578125
guenther2023grammaticality,71,51,0.0155029296875,0.22265625,-0.2071533203125
guenther2023grammaticality,71,52,0.007781982421875,0.3125,-0.304718017578125
guenther2023grammaticality,71,53,0.007781982421875,0.345703125,-0.337921142578125
guenther2023grammaticality,71,54,0.007781982421875,0.2041015625,-0.196319580078125
guenther2023grammaticality,71,55,0.007781982421875,0.2041015625,-0.196319580078125
guenther2023grammaticality,71,56,0.007781982421875,0.0458984375,-0.038116455078125
guenther2023grammaticality,71,57,0.0,0.11083984375,-0.11083984375
guenther2023grammaticality,71,58,0.0,0.384765625,-0.384765625
guenther2023grammaticality,71,59,0.0,0.7578125,-0.7578125
guenther2023grammaticality,71,60,6.125,2.234375,3.890625
guenther2023grammaticality,71,61,0.11767578125,0.25390625,-0.13623046875
guenther2023grammaticality,71,62,0.03076171875,0.0458984375,-0.01513671875
guenther2023grammaticality,71,63,0.038330078125,0.12451171875,-0.086181640625
guenther2023grammaticality,71,64,0.2041015625,0.3125,-0.1083984375
guenther2023grammaticality,71,65,0.038330078125,0.03076171875,0.007568359375
guenther2023grammaticality,71,66,0.10400390625,0.22265625,-0.11865234375
guenther2023grammaticality,71,67,0.007781982421875,0.283203125,-0.275421142578125
guenther2023grammaticality,71,68,0.0155029296875,0.5234375,-0.5079345703125
guenther2023grammaticality,71,69,0.828125,0.283203125,0.544921875
guenther2023grammaticality,71,70,0.0458984375,0.158203125,-0.1123046875
guenther2023grammaticality,71,71,0.023193359375,0.10400390625,-0.080810546875
guenther2023grammaticality,71,72,0.007781982421875,0.5234375,-0.515655517578125
guenther2023grammaticality,71,73,0.08984375,0.158203125,-0.068359375
guenther2023grammaticality,71,74,0.007781982421875,0.25390625,-0.246124267578125
guenther2023grammaticality,71,75,0.0155029296875,0.5234375,-0.5079345703125
guenther2023grammaticality,71,76,0.007781982421875,0.158203125,-0.150421142578125
guenther2023grammaticality,71,77,0.0155029296875,0.023193359375,-0.0076904296875
guenther2023grammaticality,71,78,0.0,0.158203125,-0.158203125
guenther2023grammaticality,71,79,0.007781982421875,0.22265625,-0.214874267578125
guenther2023grammaticality,71,80,0.0458984375,0.2041015625,-0.158203125
guenther2023grammaticality,71,81,0.06787109375,0.1787109375,-0.11083984375
guenther2023grammaticality,71,82,0.007781982421875,0.11083984375,-0.103057861328125
guenther2023grammaticality,71,83,0.038330078125,0.023193359375,0.01513671875
guenther2023grammaticality,71,84,0.06787109375,0.1787109375,-0.11083984375
guenther2023grammaticality,71,85,0.007781982421875,0.22265625,-0.214874267578125
guenther2023grammaticality,71,86,0.0,0.060546875,-0.060546875
guenther2023grammaticality,71,87,0.0155029296875,0.11083984375,-0.0953369140625
guenther2023grammaticality,71,88,0.023193359375,0.3125,-0.289306640625
guenther2023grammaticality,71,89,0.03076171875,0.1455078125,-0.11474609375
guenther2023grammaticality,71,90,0.03076171875,0.11083984375,-0.080078125
guenther2023grammaticality,71,91,0.0,0.06787109375,-0.06787109375
guenther2023grammaticality,71,92,0.0,0.03076171875,-0.03076171875
guenther2023grammaticality,71,93,0.0,0.3125,-0.3125
guenther2023grammaticality,71,94,0.0,0.06787109375,-0.06787109375
guenther2023grammaticality,71,95,0.2041015625,0.2041015625,0.0
guenther2023grammaticality,71,96,0.007781982421875,0.0155029296875,-0.007720947265625
guenther2023grammaticality,71,97,0.023193359375,0.03076171875,-0.007568359375
guenther2023grammaticality,71,98,0.007781982421875,0.060546875,-0.052764892578125
guenther2023grammaticality,71,99,0.0,0.0458984375,-0.0458984375
guenther2023grammaticality,71,100,0.11083984375,0.11083984375,0.0
guenther2023grammaticality,71,101,0.0155029296875,0.11083984375,-0.0953369140625
guenther2023grammaticality,71,102,0.0,0.22265625,-0.22265625
guenther2023grammaticality,71,103,0.007781982421875,0.08984375,-0.082061767578125
guenther2023grammaticality,71,104,0.007781982421875,0.0458984375,-0.038116455078125
guenther2023grammaticality,71,105,0.023193359375,0.08251953125,-0.059326171875
guenther2023grammaticality,71,106,0.007781982421875,0.0458984375,-0.038116455078125
guenther2023grammaticality,71,107,0.007781982421875,0.03076171875,-0.022979736328125
guenther2023grammaticality,71,108,0.0,0.283203125,-0.283203125
guenther2023grammaticality,71,109,0.0,0.08984375,-0.08984375
guenther2023grammaticality,72,0,0.76953125,0.578125,0.19140625
guenther2023grammaticality,72,1,0.490234375,0.25390625,0.236328125
guenther2023grammaticality,72,2,1.3203125,2.015625,-0.6953125
guenther2023grammaticality,72,3,0.431640625,0.390625,0.041015625
guenther2023grammaticality,72,4,0.69140625,0.431640625,0.259765625
guenther2023grammaticality,72,5,0.4765625,0.22265625,0.25390625
guenther2023grammaticality,72,6,0.318359375,0.12451171875,0.19384765625
guenther2023grammaticality,72,7,1.3125,0.431640625,0.880859375
guenther2023grammaticality,72,8,0.4765625,0.11083984375,0.36572265625
guenther2023grammaticality,72,9,0.5234375,0.2041015625,0.3193359375
guenther2023grammaticality,72,10,0.431640625,0.22265625,0.208984375
guenther2023grammaticality,72,11,0.4765625,0.390625,0.0859375
guenther2023grammaticality,72,12,0.3125,0.08984375,0.22265625
guenther2023grammaticality,72,13,0.2041015625,0.12451171875,0.07958984375
guenther2023grammaticality,72,14,0.283203125,0.12451171875,0.15869140625
guenther2023grammaticality,72,15,0.25390625,0.1455078125,0.1083984375
guenther2023grammaticality,72,16,0.158203125,0.10400390625,0.05419921875
guenther2023grammaticality,72,17,0.11083984375,0.12451171875,-0.013671875
guenther2023grammaticality,72,18,0.158203125,0.1787109375,-0.0205078125
guenther2023grammaticality,72,19,2.578125,2.8125,-0.234375
guenther2023grammaticality,72,20,0.12451171875,0.08251953125,0.0419921875
guenther2023grammaticality,72,21,0.390625,0.5234375,-0.1328125
guenther2023grammaticality,72,22,0.06787109375,0.08984375,-0.02197265625
guenther2023grammaticality,72,23,0.11083984375,0.11083984375,0.0
guenther2023grammaticality,72,24,0.08251953125,0.06787109375,0.0146484375
guenther2023grammaticality,72,25,0.05322265625,0.0458984375,0.00732421875
guenther2023grammaticality,72,26,0.12451171875,0.0458984375,0.07861328125
guenther2023grammaticality,72,27,0.060546875,0.0458984375,0.0146484375
guenther2023grammaticality,72,28,0.25390625,0.2041015625,0.0498046875
guenther2023grammaticality,72,29,0.10400390625,0.10400390625,0.0
guenther2023grammaticality,72,30,0.0458984375,0.0458984375,0.0
guenther2023grammaticality,72,31,2.578125,2.125,0.453125
guenther2023grammaticality,72,32,0.05322265625,0.0458984375,0.00732421875
guenther2023grammaticality,72,33,0.1455078125,0.11083984375,0.03466796875
guenther2023grammaticality,72,34,0.12451171875,0.10400390625,0.0205078125
guenther2023grammaticality,72,35,1.703125,1.40625,0.296875
guenther2023grammaticality,72,36,0.05322265625,0.08251953125,-0.029296875
guenther2023grammaticality,72,37,0.06787109375,0.11083984375,-0.04296875
guenther2023grammaticality,72,38,0.08251953125,0.060546875,0.02197265625
guenther2023grammaticality,72,39,0.1787109375,0.08984375,0.0888671875
guenther2023grammaticality,72,40,0.023193359375,0.03076171875,-0.007568359375
guenther2023grammaticality,72,41,0.038330078125,0.038330078125,0.0
guenther2023grammaticality,72,42,0.0458984375,0.0458984375,0.0
guenther2023grammaticality,72,43,0.1455078125,0.158203125,-0.0126953125
guenther2023grammaticality,72,44,0.7578125,0.431640625,0.326171875
guenther2023grammaticality,72,45,1.140625,1.3125,-0.171875
guenther2023grammaticality,72,46,0.0458984375,0.05322265625,-0.00732421875
guenther2023grammaticality,72,47,2.46875,2.578125,-0.109375
guenther2023grammaticality,72,48,0.10400390625,0.11083984375,-0.0068359375
guenther2023grammaticality,72,49,0.283203125,0.12451171875,0.15869140625
guenther2023grammaticality,72,50,0.06787109375,0.06787109375,0.0
guenther2023grammaticality,72,51,0.06787109375,0.05322265625,0.0146484375
guenther2023grammaticality,72,52,0.2041015625,0.22265625,-0.0185546875
guenther2023grammaticality,72,53,0.08984375,0.05322265625,0.03662109375
guenther2023grammaticality,72,54,0.1787109375,0.158203125,0.0205078125
guenther2023grammaticality,72,55,0.10400390625,0.08251953125,0.021484375
guenther2023grammaticality,72,56,0.060546875,0.06787109375,-0.00732421875
guenther2023grammaticality,72,57,0.0458984375,0.03076171875,0.01513671875
guenther2023grammaticality,72,58,0.060546875,0.03076171875,0.02978515625
guenther2023grammaticality,72,59,0.08984375,0.0458984375,0.0439453125
guenther2023grammaticality,72,60,2.125,2.359375,-0.234375
guenther2023grammaticality,72,61,0.0458984375,0.038330078125,0.007568359375
guenther2023grammaticality,72,62,1.8046875,1.90625,-0.1015625
guenther2023grammaticality,72,63,0.08251953125,0.11083984375,-0.0283203125
guenther2023grammaticality,72,64,0.060546875,0.08984375,-0.029296875
guenther2023grammaticality,72,65,0.08984375,0.10400390625,-0.01416015625
guenther2023grammaticality,72,66,1.40625,1.3125,0.09375
guenther2023grammaticality,72,67,0.060546875,0.10400390625,-0.04345703125
guenther2023grammaticality,72,68,0.1787109375,0.11083984375,0.06787109375
guenther2023grammaticality,72,69,0.05322265625,0.05322265625,0.0
guenther2023grammaticality,72,70,0.390625,0.431640625,-0.041015625
guenther2023grammaticality,72,71,0.10400390625,0.08984375,0.01416015625
guenther2023grammaticality,72,72,0.11083984375,0.10400390625,0.0068359375
guenther2023grammaticality,72,73,0.0458984375,0.05322265625,-0.00732421875
guenther2023grammaticality,72,74,0.060546875,0.0458984375,0.0146484375
guenther2023grammaticality,72,75,0.03076171875,0.03076171875,0.0
guenther2023grammaticality,72,76,0.345703125,0.345703125,0.0
guenther2023grammaticality,72,77,0.390625,0.283203125,0.107421875
guenther2023grammaticality,72,78,1.21875,1.40625,-0.1875
guenther2023grammaticality,72,79,0.03076171875,0.05322265625,-0.0224609375
guenther2023grammaticality,72,80,2.578125,2.578125,0.0
guenther2023grammaticality,72,81,0.10400390625,0.10400390625,0.0
guenther2023grammaticality,72,82,0.10400390625,0.08984375,0.01416015625
guenther2023grammaticality,72,83,1.3125,1.21875,0.09375
guenther2023grammaticality,72,84,0.2041015625,0.2041015625,0.0
guenther2023grammaticality,72,85,0.1455078125,0.08251953125,0.06298828125
guenther2023grammaticality,72,86,0.11083984375,0.10400390625,0.0068359375
guenther2023grammaticality,72,87,1.140625,1.3125,-0.171875
guenther2023grammaticality,72,88,0.060546875,0.08251953125,-0.02197265625
guenther2023grammaticality,72,89,0.9765625,0.8984375,0.078125
guenther2023grammaticality,72,90,0.9765625,0.69140625,0.28515625
guenther2023grammaticality,72,91,0.06787109375,0.08251953125,-0.0146484375
guenther2023grammaticality,72,92,0.06787109375,0.03076171875,0.037109375
guenther2023grammaticality,72,93,0.060546875,0.10400390625,-0.04345703125
guenther2023grammaticality,72,94,0.060546875,0.06787109375,-0.00732421875
guenther2023grammaticality,72,95,0.06787109375,0.05322265625,0.0146484375
guenther2023grammaticality,72,96,0.12451171875,0.1455078125,-0.02099609375
guenther2023grammaticality,72,97,0.060546875,0.060546875,0.0
guenther2023grammaticality,72,98,0.060546875,0.0458984375,0.0146484375
guenther2023grammaticality,72,99,0.05322265625,0.06787109375,-0.0146484375
guenther2023grammaticality,72,100,0.578125,0.578125,0.0
guenther2023grammaticality,72,101,0.06787109375,0.08251953125,-0.0146484375
guenther2023grammaticality,72,102,0.060546875,0.0458984375,0.0146484375
guenther2023grammaticality,72,103,0.11083984375,0.11083984375,0.0
guenther2023grammaticality,72,104,0.1455078125,0.10400390625,0.04150390625
guenther2023grammaticality,72,105,0.05322265625,0.06787109375,-0.0146484375
guenther2023grammaticality,72,106,0.08984375,0.060546875,0.029296875
guenther2023grammaticality,72,107,0.038330078125,0.03076171875,0.007568359375
guenther2023grammaticality,72,108,1.21875,1.21875,0.0
guenther2023grammaticality,72,109,1.703125,1.59375,0.109375
guenther2023grammaticality,73,0,1.265625,0.52734375,0.73828125
guenther2023grammaticality,73,1,0.6484375,0.69140625,-0.04296875
guenther2023grammaticality,73,2,0.83203125,0.345703125,0.486328125
guenther2023grammaticality,73,3,0.357421875,1.40625,-1.048828125
guenther2023grammaticality,73,4,0.283203125,0.283203125,0.0
guenther2023grammaticality,73,5,0.578125,0.8984375,-0.3203125
guenther2023grammaticality,73,6,0.0155029296875,0.390625,-0.3751220703125
guenther2023grammaticality,73,7,0.7578125,0.390625,0.3671875
guenther2023grammaticality,73,8,0.431640625,0.578125,-0.146484375
guenther2023grammaticality,73,9,0.318359375,0.11083984375,0.20751953125
guenther2023grammaticality,73,10,0.7578125,0.4765625,0.28125
guenther2023grammaticality,73,11,0.0155029296875,0.431640625,-0.4161376953125
guenther2023grammaticality,73,12,0.0155029296875,0.1455078125,-0.1300048828125
guenther2023grammaticality,73,13,0.08251953125,0.08984375,-0.00732421875
guenther2023grammaticality,73,14,0.0155029296875,0.11083984375,-0.0953369140625
guenther2023grammaticality,73,15,0.6328125,0.283203125,0.349609375
guenther2023grammaticality,73,16,0.0155029296875,0.69140625,-0.6759033203125
guenther2023grammaticality,73,17,0.007781982421875,0.4765625,-0.468780517578125
guenther2023grammaticality,73,18,0.007781982421875,0.158203125,-0.150421142578125
guenther2023grammaticality,73,19,0.023193359375,0.05322265625,-0.030029296875
guenther2023grammaticality,73,20,0.007781982421875,0.1787109375,-0.170928955078125
guenther2023grammaticality,73,21,0.007781982421875,0.158203125,-0.150421142578125
guenther2023grammaticality,73,22,0.007781982421875,0.22265625,-0.214874267578125
guenther2023grammaticality,73,23,0.007781982421875,0.06787109375,-0.060089111328125
guenther2023grammaticality,73,24,0.0,0.0458984375,-0.0458984375
guenther2023grammaticality,73,25,0.0,0.1455078125,-0.1455078125
guenther2023grammaticality,73,26,0.007781982421875,0.06787109375,-0.060089111328125
guenther2023grammaticality,73,27,0.0,0.22265625,-0.22265625
guenther2023grammaticality,73,28,0.0,0.10400390625,-0.10400390625
guenther2023grammaticality,73,29,0.0,0.1455078125,-0.1455078125
guenther2023grammaticality,73,30,0.0,0.060546875,-0.060546875
guenther2023grammaticality,73,31,0.007781982421875,0.08984375,-0.082061767578125
guenther2023grammaticality,73,32,0.0,0.06787109375,-0.06787109375
guenther2023grammaticality,73,33,2.015625,1.703125,0.3125
guenther2023grammaticality,73,34,0.007781982421875,0.283203125,-0.275421142578125
guenther2023grammaticality,73,35,0.007781982421875,0.03076171875,-0.022979736328125
guenther2023grammaticality,73,36,0.0,0.0458984375,-0.0458984375
guenther2023grammaticality,73,37,0.0,0.023193359375,-0.023193359375
guenther2023grammaticality,73,38,4.875,1.40625,3.46875
guenther2023grammaticality,73,39,0.060546875,0.023193359375,0.037353515625
guenther2023grammaticality,73,40,2.46875,1.140625,1.328125
guenther2023grammaticality,73,41,0.03076171875,0.158203125,-0.12744140625
guenther2023grammaticality,73,42,0.007781982421875,0.023193359375,-0.015411376953125
guenther2023grammaticality,73,43,0.038330078125,0.06787109375,-0.029541015625
guenther2023grammaticality,73,44,0.023193359375,0.1787109375,-0.155517578125
guenther2023grammaticality,73,45,0.007781982421875,0.0155029296875,-0.007720947265625
guenther2023grammaticality,73,46,0.0458984375,0.1455078125,-0.099609375
guenther2023grammaticality,73,47,0.03076171875,0.11083984375,-0.080078125
guenther2023grammaticality,73,48,0.0,0.007781982421875,-0.007781982421875
guenther2023grammaticality,73,49,1.21875,1.0546875,0.1640625
guenther2023grammaticality,73,50,0.12451171875,0.4765625,-0.35205078125
guenther2023grammaticality,73,51,0.05322265625,0.1455078125,-0.09228515625
guenther2023grammaticality,73,52,0.007781982421875,0.06787109375,-0.060089111328125
guenther2023grammaticality,73,53,0.7578125,0.431640625,0.326171875
guenther2023grammaticality,73,54,0.038330078125,0.0458984375,-0.007568359375
guenther2023grammaticality,73,55,0.007781982421875,0.0458984375,-0.038116455078125
guenther2023grammaticality,73,56,0.0,0.038330078125,-0.038330078125
guenther2023grammaticality,73,57,0.0458984375,0.2041015625,-0.158203125
guenther2023grammaticality,73,58,0.0155029296875,0.0458984375,-0.0303955078125
guenther2023grammaticality,73,59,0.5234375,0.3125,0.2109375
guenther2023grammaticality,73,60,0.007781982421875,0.03076171875,-0.022979736328125
guenther2023grammaticality,73,61,0.0155029296875,0.06787109375,-0.0523681640625
guenther2023grammaticality,73,62,0.038330078125,0.08251953125,-0.044189453125
guenther2023grammaticality,73,63,0.007781982421875,0.023193359375,-0.015411376953125
guenther2023grammaticality,73,64,0.007781982421875,0.023193359375,-0.015411376953125
guenther2023grammaticality,73,65,0.007781982421875,0.060546875,-0.052764892578125
guenther2023grammaticality,73,66,0.007781982421875,0.0155029296875,-0.007720947265625
guenther2023grammaticality,73,67,0.007781982421875,0.0458984375,-0.038116455078125
guenther2023grammaticality,73,68,0.007781982421875,0.0155029296875,-0.007720947265625
guenther2023grammaticality,73,69,0.0,0.0155029296875,-0.0155029296875
guenther2023grammaticality,73,70,0.2041015625,0.25390625,-0.0498046875
guenther2023grammaticality,73,71,0.007781982421875,0.0155029296875,-0.007720947265625
guenther2023grammaticality,73,72,5.25,3.40625,1.84375
guenther2023grammaticality,73,73,0.023193359375,0.08984375,-0.066650390625
guenther2023grammaticality,73,74,0.0458984375,0.12451171875,-0.07861328125
guenther2023grammaticality,73,75,0.038330078125,0.03076171875,0.007568359375
guenther2023grammaticality,73,76,0.0155029296875,0.03076171875,-0.0152587890625
guenther2023grammaticality,73,77,0.007781982421875,0.08984375,-0.082061767578125
guenther2023grammaticality,73,78,0.2294921875,0.431640625,-0.2021484375
guenther2023grammaticality,73,79,0.023193359375,0.023193359375,0.0
guenther2023grammaticality,73,80,0.0155029296875,0.023193359375,-0.0076904296875
guenther2023grammaticality,73,81,0.0155029296875,0.023193359375,-0.0076904296875
guenther2023grammaticality,73,82,0.023193359375,0.023193359375,0.0
guenther2023grammaticality,73,83,0.023193359375,0.05322265625,-0.030029296875
guenther2023grammaticality,73,84,0.1455078125,0.25390625,-0.1083984375
guenther2023grammaticality,73,85,0.08984375,0.158203125,-0.068359375
guenther2023grammaticality,73,86,0.08984375,0.1787109375,-0.0888671875
guenther2023grammaticality,73,87,0.0458984375,0.12451171875,-0.07861328125
guenther2023grammaticality,73,88,0.06787109375,0.0458984375,0.02197265625
guenther2023grammaticality,73,89,0.0155029296875,0.08251953125,-0.0670166015625
guenther2023grammaticality,73,90,1.3125,1.40625,-0.09375
guenther2023grammaticality,73,91,0.578125,1.21875,-0.640625
guenther2023grammaticality,73,92,0.3125,0.431640625,-0.119140625
guenther2023grammaticality,73,93,0.0155029296875,0.023193359375,-0.0076904296875
guenther2023grammaticality,73,94,0.023193359375,0.05322265625,-0.030029296875
guenther2023grammaticality,73,95,0.08251953125,0.11083984375,-0.0283203125
guenther2023grammaticality,73,96,0.03076171875,0.023193359375,0.007568359375
guenther2023grammaticality,73,97,0.023193359375,0.060546875,-0.037353515625
guenther2023grammaticality,73,98,0.023193359375,0.038330078125,-0.01513671875
guenther2023grammaticality,73,99,0.0155029296875,0.05322265625,-0.0377197265625
guenther2023grammaticality,73,100,0.007781982421875,0.03076171875,-0.022979736328125
guenther2023grammaticality,73,101,4.625,3.171875,1.453125
guenther2023grammaticality,73,102,0.03076171875,0.0458984375,-0.01513671875
guenther2023grammaticality,73,103,0.158203125,0.3125,-0.154296875
guenther2023grammaticality,73,104,0.023193359375,0.0458984375,-0.022705078125
guenther2023grammaticality,73,105,0.5234375,0.5234375,0.0
guenther2023grammaticality,73,106,0.023193359375,0.0155029296875,0.0076904296875
guenther2023grammaticality,73,107,0.0155029296875,0.023193359375,-0.0076904296875
guenther2023grammaticality,73,108,0.03076171875,0.06787109375,-0.037109375
guenther2023grammaticality,73,109,0.390625,0.283203125,0.107421875
guenther2023grammaticality,74,0,0.9609375,0.7578125,0.203125
guenther2023grammaticality,74,1,0.76953125,1.90625,-1.13671875
guenther2023grammaticality,74,2,0.9765625,1.0546875,-0.078125
guenther2023grammaticality,74,3,0.5234375,0.4765625,0.046875
guenther2023grammaticality,74,4,0.578125,0.5234375,0.0546875
guenther2023grammaticality,74,5,1.2265625,0.828125,0.3984375
guenther2023grammaticality,74,6,0.8984375,0.9765625,-0.078125
guenther2023grammaticality,74,7,0.318359375,0.6328125,-0.314453125
guenther2023grammaticality,74,8,0.03076171875,0.431640625,-0.40087890625
guenther2023grammaticality,74,9,0.578125,0.828125,-0.25
guenther2023grammaticality,74,10,0.7578125,0.6328125,0.125
guenther2023grammaticality,74,11,0.038330078125,0.3125,-0.274169921875
guenther2023grammaticality,74,12,0.58203125,0.158203125,0.423828125
guenther2023grammaticality,74,13,0.7578125,0.578125,0.1796875
guenther2023grammaticality,74,14,0.023193359375,0.1455078125,-0.122314453125
guenther2023grammaticality,74,15,0.023193359375,0.9765625,-0.953369140625
guenther2023grammaticality,74,16,0.2294921875,0.06787109375,0.16162109375
guenther2023grammaticality,74,17,0.023193359375,0.345703125,-0.322509765625
guenther2023grammaticality,74,18,0.0155029296875,0.1787109375,-0.1632080078125
guenther2023grammaticality,74,19,0.007781982421875,0.03076171875,-0.022979736328125
guenther2023grammaticality,74,20,0.007781982421875,0.9765625,-0.968780517578125
guenther2023grammaticality,74,21,0.0,0.69140625,-0.69140625
guenther2023grammaticality,74,22,0.007781982421875,0.25390625,-0.246124267578125
guenther2023grammaticality,74,23,0.0155029296875,0.3125,-0.2969970703125
guenther2023grammaticality,74,24,0.023193359375,0.69140625,-0.668212890625
guenther2023grammaticality,74,25,0.0155029296875,0.6328125,-0.6173095703125
guenther2023grammaticality,74,26,0.0,0.345703125,-0.345703125
guenther2023grammaticality,74,27,0.0,0.0155029296875,-0.0155029296875
guenther2023grammaticality,74,28,0.0,0.390625,-0.390625
guenther2023grammaticality,74,29,0.007781982421875,0.1455078125,-0.137725830078125
guenther2023grammaticality,74,30,0.0,0.12451171875,-0.12451171875
guenther2023grammaticality,74,31,0.0,0.158203125,-0.158203125
guenther2023grammaticality,74,32,0.007781982421875,0.5234375,-0.515655517578125
guenther2023grammaticality,74,33,0.0,0.345703125,-0.345703125
guenther2023grammaticality,74,34,6.25,1.21875,5.03125
guenther2023grammaticality,74,35,0.2041015625,0.7578125,-0.5537109375
guenther2023grammaticality,74,36,0.0155029296875,0.158203125,-0.1427001953125
guenther2023grammaticality,74,37,0.03076171875,0.25390625,-0.22314453125
guenther2023grammaticality,74,38,0.007781982421875,0.007781982421875,0.0
guenther2023grammaticality,74,39,0.08984375,0.578125,-0.48828125
guenther2023grammaticality,74,40,0.4765625,0.6328125,-0.15625
guenther2023grammaticality,74,41,0.023193359375,0.1787109375,-0.155517578125
guenther2023grammaticality,74,42,0.007781982421875,0.283203125,-0.275421142578125
guenther2023grammaticality,74,43,0.05322265625,0.25390625,-0.20068359375
guenther2023grammaticality,74,44,0.0155029296875,0.431640625,-0.4161376953125
guenther2023grammaticality,74,45,0.0155029296875,0.1787109375,-0.1632080078125
guenther2023grammaticality,74,46,0.0155029296875,0.431640625,-0.4161376953125
guenther2023grammaticality,74,47,0.007781982421875,0.3125,-0.304718017578125
guenther2023grammaticality,74,48,0.007781982421875,0.3125,-0.304718017578125
guenther2023grammaticality,74,49,0.007781982421875,0.1455078125,-0.137725830078125
guenther2023grammaticality,74,50,0.345703125,0.431640625,-0.0859375
guenther2023grammaticality,74,51,0.0,0.007781982421875,-0.007781982421875
guenther2023grammaticality,74,52,0.007781982421875,0.12451171875,-0.116729736328125
guenther2023grammaticality,74,53,0.007781982421875,0.08251953125,-0.074737548828125
guenther2023grammaticality,74,54,0.007781982421875,0.06787109375,-0.060089111328125
guenther2023grammaticality,74,55,0.007781982421875,0.384765625,-0.376983642578125
guenther2023grammaticality,74,56,0.0155029296875,0.06787109375,-0.0523681640625
guenther2023grammaticality,74,57,0.007781982421875,0.08984375,-0.082061767578125
guenther2023grammaticality,74,58,0.007781982421875,0.158203125,-0.150421142578125
guenther2023grammaticality,74,59,0.0155029296875,0.578125,-0.5626220703125
guenther2023grammaticality,74,60,0.0155029296875,0.4765625,-0.4610595703125
guenther2023grammaticality,74,61,0.007781982421875,0.25390625,-0.246124267578125
guenther2023grammaticality,74,62,0.0,0.060546875,-0.060546875
guenther2023grammaticality,74,63,0.0,0.3125,-0.3125
guenther2023grammaticality,74,64,0.007781982421875,0.283203125,-0.275421142578125
guenther2023grammaticality,74,65,0.0,0.06787109375,-0.06787109375
guenther2023grammaticality,74,66,0.0,0.2041015625,-0.2041015625
guenther2023grammaticality,74,67,0.0155029296875,0.22265625,-0.2071533203125
guenther2023grammaticality,74,68,0.007781982421875,0.0458984375,-0.038116455078125
guenther2023grammaticality,74,69,0.007781982421875,0.08251953125,-0.074737548828125
guenther2023grammaticality,74,70,0.0,0.0458984375,-0.0458984375
guenther2023grammaticality,74,71,0.007781982421875,0.03076171875,-0.022979736328125
guenther2023grammaticality,74,72,0.25390625,0.283203125,-0.029296875
guenther2023grammaticality,74,73,0.0,0.0458984375,-0.0458984375
guenther2023grammaticality,74,74,0.0,0.11083984375,-0.11083984375
guenther2023grammaticality,74,75,0.0155029296875,0.4765625,-0.4610595703125
guenther2023grammaticality,74,76,0.007781982421875,0.22265625,-0.214874267578125
guenther2023grammaticality,74,77,0.007781982421875,0.08251953125,-0.074737548828125
guenther2023grammaticality,74,78,0.0155029296875,0.11083984375,-0.0953369140625
guenther2023grammaticality,74,79,0.0,0.08984375,-0.08984375
guenther2023grammaticality,74,80,0.007781982421875,0.2041015625,-0.196319580078125
guenther2023grammaticality,74,81,0.0,0.0458984375,-0.0458984375
guenther2023grammaticality,74,82,0.007781982421875,0.158203125,-0.150421142578125
guenther2023grammaticality,74,83,0.08251953125,0.1455078125,-0.06298828125
guenther2023grammaticality,74,84,0.0,0.038330078125,-0.038330078125
guenther2023grammaticality,74,85,0.007781982421875,0.12451171875,-0.116729736328125
guenther2023grammaticality,74,86,0.0,0.0155029296875,-0.0155029296875
guenther2023grammaticality,74,87,0.007781982421875,0.2041015625,-0.196319580078125
guenther2023grammaticality,74,88,0.007781982421875,0.11083984375,-0.103057861328125
guenther2023grammaticality,74,89,0.007781982421875,0.0458984375,-0.038116455078125
guenther2023grammaticality,74,90,5.75,2.921875,2.828125
guenther2023grammaticality,74,91,0.023193359375,0.08251953125,-0.059326171875
guenther2023grammaticality,74,92,0.0155029296875,0.11083984375,-0.0953369140625
guenther2023grammaticality,74,93,0.0155029296875,0.2041015625,-0.1885986328125
guenther2023grammaticality,74,94,0.08251953125,0.1455078125,-0.06298828125
guenther2023grammaticality,74,95,0.007781982421875,0.1455078125,-0.137725830078125
guenther2023grammaticality,74,96,0.0155029296875,0.1787109375,-0.1632080078125
guenther2023grammaticality,74,97,0.0155029296875,0.08251953125,-0.0670166015625
guenther2023grammaticality,74,98,0.007781982421875,0.1455078125,-0.137725830078125
guenther2023grammaticality,74,99,0.007781982421875,0.10400390625,-0.096221923828125
guenther2023grammaticality,74,100,0.007781982421875,0.1455078125,-0.137725830078125
guenther2023grammaticality,74,101,0.0155029296875,0.05322265625,-0.0377197265625
guenther2023grammaticality,74,102,0.007781982421875,0.10400390625,-0.096221923828125
guenther2023grammaticality,74,103,0.007781982421875,0.060546875,-0.052764892578125
guenther2023grammaticality,74,104,0.007781982421875,0.05322265625,-0.045440673828125
guenther2023grammaticality,74,105,0.0,0.023193359375,-0.023193359375
guenther2023grammaticality,74,106,0.0458984375,0.08984375,-0.0439453125
guenther2023grammaticality,74,107,0.007781982421875,0.12451171875,-0.116729736328125
guenther2023grammaticality,74,108,0.0155029296875,0.3125,-0.2969970703125
guenther2023grammaticality,74,109,0.007781982421875,0.023193359375,-0.015411376953125
guenther2023grammaticality,75,0,1.7109375,0.8984375,0.8125
guenther2023grammaticality,75,1,0.490234375,0.1787109375,0.3115234375
guenther2023grammaticality,75,2,0.98046875,0.7578125,0.22265625
guenther2023grammaticality,75,3,0.578125,0.828125,-0.25
guenther2023grammaticality,75,4,0.52734375,0.69140625,-0.1640625
guenther2023grammaticality,75,5,0.431640625,0.3125,0.119140625
guenther2023grammaticality,75,6,0.2294921875,0.08984375,0.1396484375
guenther2023grammaticality,75,7,0.023193359375,0.08984375,-0.066650390625
guenther2023grammaticality,75,8,0.2041015625,0.11083984375,0.09326171875
guenther2023grammaticality,75,9,0.0155029296875,0.023193359375,-0.0076904296875
guenther2023grammaticality,75,10,2.015625,2.46875,-0.453125
guenther2023grammaticality,75,11,0.9765625,1.140625,-0.1640625
guenther2023grammaticality,75,12,0.5234375,0.7578125,-0.234375
guenther2023grammaticality,75,13,2.578125,0.8984375,1.6796875
guenther2023grammaticality,75,14,0.7578125,0.9765625,-0.21875
guenther2023grammaticality,75,15,1.8046875,0.9765625,0.828125
guenther2023grammaticality,75,16,0.578125,0.431640625,0.146484375
guenther2023grammaticality,75,17,0.5234375,0.431640625,0.091796875
guenther2023grammaticality,75,18,0.3125,0.22265625,0.08984375
guenther2023grammaticality,75,19,0.2294921875,0.2041015625,0.025390625
guenther2023grammaticality,75,20,0.390625,0.1455078125,0.2451171875
guenther2023grammaticality,75,21,0.390625,0.431640625,-0.041015625
guenther2023grammaticality,75,22,0.08984375,0.11083984375,-0.02099609375
guenther2023grammaticality,75,23,0.12451171875,0.08984375,0.03466796875
guenther2023grammaticality,75,24,0.08984375,0.06787109375,0.02197265625
guenther2023grammaticality,75,25,0.25390625,0.1455078125,0.1083984375
guenther2023grammaticality,75,26,0.08984375,0.08251953125,0.00732421875
guenther2023grammaticality,75,27,0.22265625,0.2041015625,0.0185546875
guenther2023grammaticality,75,28,0.828125,0.69140625,0.13671875
guenther2023grammaticality,75,29,0.390625,0.283203125,0.107421875
guenther2023grammaticality,75,30,0.0458984375,0.08251953125,-0.03662109375
guenther2023grammaticality,75,31,0.69140625,0.8984375,-0.20703125
guenther2023grammaticality,75,32,0.0458984375,0.10400390625,-0.05810546875
guenther2023grammaticality,75,33,0.4765625,0.345703125,0.130859375
guenther2023grammaticality,75,34,1.703125,1.8046875,-0.1015625
guenther2023grammaticality,75,35,0.25390625,0.22265625,0.03125
guenther2023grammaticality,75,36,0.12451171875,0.158203125,-0.03369140625
guenther2023grammaticality,75,37,0.10400390625,0.283203125,-0.17919921875
guenther2023grammaticality,75,38,0.03076171875,0.08984375,-0.05908203125
guenther2023grammaticality,75,39,0.25390625,0.345703125,-0.091796875
guenther2023grammaticality,75,40,0.22265625,0.283203125,-0.060546875
guenther2023grammaticality,75,41,0.08984375,0.06787109375,0.02197265625
guenther2023grammaticality,75,42,0.05322265625,0.08251953125,-0.029296875
guenther2023grammaticality,75,43,0.1455078125,0.12451171875,0.02099609375
guenther2023grammaticality,75,44,0.0458984375,0.0458984375,0.0
guenther2023grammaticality,75,45,0.158203125,0.4765625,-0.318359375
guenther2023grammaticality,75,46,0.06787109375,0.11083984375,-0.04296875
guenther2023grammaticality,75,47,0.03076171875,0.11083984375,-0.080078125
guenther2023grammaticality,75,48,0.3125,0.12451171875,0.18798828125
guenther2023grammaticality,75,49,0.03076171875,0.08984375,-0.05908203125
guenther2023grammaticality,75,50,0.023193359375,0.038330078125,-0.01513671875
guenther2023grammaticality,75,51,0.0155029296875,0.08984375,-0.0743408203125
guenther2023grammaticality,75,52,0.060546875,0.10400390625,-0.04345703125
guenther2023grammaticality,75,53,0.7578125,0.283203125,0.474609375
guenther2023grammaticality,75,54,0.11083984375,0.06787109375,0.04296875
guenther2023grammaticality,75,55,0.038330078125,0.060546875,-0.022216796875
guenther2023grammaticality,75,56,0.10400390625,0.283203125,-0.17919921875
guenther2023grammaticality,75,57,0.0458984375,0.08251953125,-0.03662109375
guenther2023grammaticality,75,58,0.283203125,0.10400390625,0.17919921875
guenther2023grammaticality,75,59,0.11083984375,0.1787109375,-0.06787109375
guenther2023grammaticality,75,60,0.3125,0.2041015625,0.1083984375
guenther2023grammaticality,75,61,0.060546875,0.1787109375,-0.1181640625
guenther2023grammaticality,75,62,0.023193359375,0.0458984375,-0.022705078125
guenther2023grammaticality,75,63,2.234375,2.125,0.109375
guenther2023grammaticality,75,64,0.0458984375,0.08984375,-0.0439453125
guenther2023grammaticality,75,65,0.023193359375,0.0458984375,-0.022705078125
guenther2023grammaticality,75,66,0.05322265625,0.158203125,-0.10498046875
guenther2023grammaticality,75,67,0.03076171875,0.05322265625,-0.0224609375
guenther2023grammaticality,75,68,0.007781982421875,0.0458984375,-0.038116455078125
guenther2023grammaticality,75,69,0.283203125,0.25390625,0.029296875
guenther2023grammaticality,75,70,0.158203125,0.283203125,-0.125
guenther2023grammaticality,75,71,0.0155029296875,0.05322265625,-0.0377197265625
guenther2023grammaticality,75,72,0.0155029296875,0.038330078125,-0.0228271484375
guenther2023grammaticality,75,73,0.03076171875,0.11083984375,-0.080078125
guenther2023grammaticality,75,74,0.08251953125,0.0458984375,0.03662109375
guenther2023grammaticality,75,75,0.023193359375,0.038330078125,-0.01513671875
guenther2023grammaticality,75,76,0.0155029296875,0.060546875,-0.0450439453125
guenther2023grammaticality,75,77,0.0155029296875,0.0458984375,-0.0303955078125
guenther2023grammaticality,75,78,0.0155029296875,0.0458984375,-0.0303955078125
guenther2023grammaticality,75,79,0.0155029296875,0.0458984375,-0.0303955078125
guenther2023grammaticality,75,80,0.060546875,0.038330078125,0.022216796875
guenther2023grammaticality,75,81,0.007781982421875,0.0458984375,-0.038116455078125
guenther2023grammaticality,75,82,0.03076171875,0.023193359375,0.007568359375
guenther2023grammaticality,75,83,2.46875,2.234375,0.234375
guenther2023grammaticality,75,84,0.05322265625,0.10400390625,-0.05078125
guenther2023grammaticality,75,85,0.007781982421875,0.0458984375,-0.038116455078125
guenther2023grammaticality,75,86,0.023193359375,0.023193359375,0.0
guenther2023grammaticality,75,87,0.007781982421875,0.06787109375,-0.060089111328125
guenther2023grammaticality,75,88,0.007781982421875,0.0458984375,-0.038116455078125
guenther2023grammaticality,75,89,0.08984375,0.345703125,-0.255859375
guenther2023grammaticality,75,90,0.0155029296875,0.0458984375,-0.0303955078125
guenther2023grammaticality,75,91,0.0155029296875,0.0458984375,-0.0303955078125
guenther2023grammaticality,75,92,0.007781982421875,0.03076171875,-0.022979736328125
guenther2023grammaticality,75,93,0.007781982421875,0.03076171875,-0.022979736328125
guenther2023grammaticality,75,94,0.0155029296875,0.0458984375,-0.0303955078125
guenther2023grammaticality,75,95,0.007781982421875,0.03076171875,-0.022979736328125
guenther2023grammaticality,75,96,0.007781982421875,0.03076171875,-0.022979736328125
guenther2023grammaticality,75,97,0.007781982421875,0.023193359375,-0.015411376953125
guenther2023grammaticality,75,98,0.023193359375,0.0458984375,-0.022705078125
guenther2023grammaticality,75,99,0.007781982421875,0.023193359375,-0.015411376953125
guenther2023grammaticality,75,100,0.007781982421875,0.023193359375,-0.015411376953125
guenther2023grammaticality,75,101,1.59375,1.703125,-0.109375
guenther2023grammaticality,75,102,0.038330078125,0.03076171875,0.007568359375
guenther2023grammaticality,75,103,0.9765625,1.3125,-0.3359375
guenther2023grammaticality,75,104,0.0155029296875,0.0458984375,-0.0303955078125
guenther2023grammaticality,75,105,0.007781982421875,0.038330078125,-0.030548095703125
guenther2023grammaticality,75,106,0.0155029296875,0.05322265625,-0.0377197265625
guenther2023grammaticality,75,107,0.0,0.03076171875,-0.03076171875
guenther2023grammaticality,75,108,0.0155029296875,0.0458984375,-0.0303955078125
guenther2023grammaticality,75,109,0.060546875,0.023193359375,0.037353515625
guenther2023grammaticality,76,0,1.53125,0.5234375,1.0078125
guenther2023grammaticality,76,1,0.44140625,0.578125,-0.13671875
guenther2023grammaticality,76,2,0.63671875,1.0546875,-0.41796875
guenther2023grammaticality,76,3,0.7578125,1.5,-0.7421875
guenther2023grammaticality,76,4,0.6328125,0.5234375,0.109375
guenther2023grammaticality,76,5,0.7578125,0.5234375,0.234375
guenther2023grammaticality,76,6,0.25390625,0.283203125,-0.029296875
guenther2023grammaticality,76,7,0.69140625,1.0546875,-0.36328125
guenther2023grammaticality,76,8,0.431640625,1.0546875,-0.623046875
guenther2023grammaticality,76,9,0.69140625,1.0546875,-0.36328125
guenther2023grammaticality,76,10,1.40625,0.9765625,0.4296875
guenther2023grammaticality,76,11,0.390625,0.390625,0.0
guenther2023grammaticality,76,12,0.431640625,0.283203125,0.1484375
guenther2023grammaticality,76,13,0.1455078125,0.2041015625,-0.05859375
guenther2023grammaticality,76,14,0.6328125,0.8984375,-0.265625
guenther2023grammaticality,76,15,0.283203125,0.7578125,-0.474609375
guenther2023grammaticality,76,16,0.060546875,0.7578125,-0.697265625
guenther2023grammaticality,76,17,0.05322265625,0.578125,-0.52490234375
guenther2023grammaticality,76,18,0.06787109375,0.390625,-0.32275390625
guenther2023grammaticality,76,19,2.359375,1.140625,1.21875
guenther2023grammaticality,76,20,0.158203125,0.3125,-0.154296875
guenther2023grammaticality,76,21,0.060546875,0.431640625,-0.37109375
guenther2023grammaticality,76,22,0.2041015625,0.283203125,-0.0791015625
guenther2023grammaticality,76,23,0.12451171875,0.25390625,-0.12939453125
guenther2023grammaticality,76,24,0.828125,0.6328125,0.1953125
guenther2023grammaticality,76,25,0.69140625,0.431640625,0.259765625
guenther2023grammaticality,76,26,0.11083984375,0.4765625,-0.36572265625
guenther2023grammaticality,76,27,0.10400390625,0.1787109375,-0.07470703125
guenther2023grammaticality,76,28,0.038330078125,0.4765625,-0.438232421875
guenther2023grammaticality,76,29,0.5234375,0.345703125,0.177734375
guenther2023grammaticality,76,30,3.890625,1.3125,2.578125
guenther2023grammaticality,76,31,0.11083984375,0.283203125,-0.17236328125
guenther2023grammaticality,76,32,0.158203125,0.2041015625,-0.0458984375
guenther2023grammaticality,76,33,0.3515625,0.5234375,-0.171875
guenther2023grammaticality,76,34,0.08984375,0.1455078125,-0.0556640625
guenther2023grammaticality,76,35,0.431640625,0.1455078125,0.2861328125
guenther2023grammaticality,76,36,0.0458984375,0.1455078125,-0.099609375
guenther2023grammaticality,76,37,0.1787109375,0.22265625,-0.0439453125
guenther2023grammaticality,76,38,0.038330078125,0.10400390625,-0.065673828125
guenther2023grammaticality,76,39,0.390625,0.12451171875,0.26611328125
guenther2023grammaticality,76,40,3.046875,0.828125,2.21875
guenther2023grammaticality,76,41,0.10400390625,0.1455078125,-0.04150390625
guenther2023grammaticality,76,42,0.03076171875,0.11083984375,-0.080078125
guenther2023grammaticality,76,43,0.03076171875,0.08984375,-0.05908203125
guenther2023grammaticality,76,44,0.0458984375,0.06787109375,-0.02197265625
guenther2023grammaticality,76,45,0.05322265625,0.12451171875,-0.0712890625
guenther2023grammaticality,76,46,0.9765625,1.0546875,-0.078125
guenther2023grammaticality,76,47,0.69140625,1.1328125,-0.44140625
guenther2023grammaticality,76,48,0.05322265625,0.6328125,-0.57958984375
guenther2023grammaticality,76,49,0.060546875,0.06787109375,-0.00732421875
guenther2023grammaticality,76,50,0.0458984375,0.11083984375,-0.06494140625
guenther2023grammaticality,76,51,0.22265625,0.69140625,-0.46875
guenther2023grammaticality,76,52,0.023193359375,0.0155029296875,0.0076904296875
guenther2023grammaticality,76,53,0.023193359375,0.11083984375,-0.087646484375
guenther2023grammaticality,76,54,0.0458984375,0.1787109375,-0.1328125
guenther2023grammaticality,76,55,0.03076171875,0.08984375,-0.05908203125
guenther2023grammaticality,76,56,0.345703125,0.4765625,-0.130859375
guenther2023grammaticality,76,57,0.12451171875,0.431640625,-0.30712890625
guenther2023grammaticality,76,58,0.4765625,0.431640625,0.044921875
guenther2023grammaticality,76,59,0.0155029296875,0.1455078125,-0.1300048828125
guenther2023grammaticality,76,60,0.390625,0.3125,0.078125
guenther2023grammaticality,76,61,0.060546875,0.25390625,-0.193359375
guenther2023grammaticality,76,62,0.0155029296875,0.12451171875,-0.1090087890625
guenther2023grammaticality,76,63,0.023193359375,0.431640625,-0.408447265625
guenther2023grammaticality,76,64,0.345703125,0.3125,0.033203125
guenther2023grammaticality,76,65,0.038330078125,0.08251953125,-0.044189453125
guenther2023grammaticality,76,66,0.0155029296875,0.007781982421875,0.007720947265625
guenther2023grammaticality,76,67,0.3125,0.158203125,0.154296875
guenther2023grammaticality,76,68,0.1787109375,0.1455078125,0.033203125
guenther2023grammaticality,76,69,0.0458984375,0.25390625,-0.2080078125
guenther2023grammaticality,76,70,0.023193359375,0.06787109375,-0.044677734375
guenther2023grammaticality,76,71,0.0155029296875,0.060546875,-0.0450439453125
guenther2023grammaticality,76,72,0.2041015625,0.2041015625,0.0
guenther2023grammaticality,76,73,0.007781982421875,0.22265625,-0.214874267578125
guenther2023grammaticality,76,74,0.023193359375,0.10400390625,-0.080810546875
guenther2023grammaticality,76,75,0.06787109375,0.08984375,-0.02197265625
guenther2023grammaticality,76,76,0.03076171875,0.11083984375,-0.080078125
guenther2023grammaticality,76,77,0.0458984375,0.08984375,-0.0439453125
guenther2023grammaticality,76,78,0.007781982421875,0.06787109375,-0.060089111328125
guenther2023grammaticality,76,79,0.11083984375,0.158203125,-0.04736328125
guenther2023grammaticality,76,80,4.875,2.015625,2.859375
guenther2023grammaticality,76,81,0.0458984375,0.05322265625,-0.00732421875
guenther2023grammaticality,76,82,0.007781982421875,0.0458984375,-0.038116455078125
guenther2023grammaticality,76,83,0.0458984375,0.1455078125,-0.099609375
guenther2023grammaticality,76,84,0.0458984375,0.0155029296875,0.0303955078125
guenther2023grammaticality,76,85,0.4765625,0.7578125,-0.28125
guenther2023grammaticality,76,86,0.038330078125,0.060546875,-0.022216796875
guenther2023grammaticality,76,87,0.0458984375,0.03076171875,0.01513671875
guenther2023grammaticality,76,88,0.023193359375,0.08251953125,-0.059326171875
guenther2023grammaticality,76,89,0.03076171875,0.10400390625,-0.0732421875
guenther2023grammaticality,76,90,1.5,1.59375,-0.09375
guenther2023grammaticality,76,91,0.3125,0.345703125,-0.033203125
guenther2023grammaticality,76,92,0.023193359375,0.0155029296875,0.0076904296875
guenther2023grammaticality,76,93,0.390625,0.384765625,0.005859375
guenther2023grammaticality,76,94,0.5234375,0.5234375,0.0
guenther2023grammaticality,76,95,0.1787109375,0.25390625,-0.0751953125
guenther2023grammaticality,76,96,0.0458984375,0.158203125,-0.1123046875
guenther2023grammaticality,76,97,0.0155029296875,0.060546875,-0.0450439453125
guenther2023grammaticality,76,98,0.0155029296875,0.0458984375,-0.0303955078125
guenther2023grammaticality,76,99,0.283203125,0.5234375,-0.240234375
guenther2023grammaticality,76,100,0.0155029296875,0.05322265625,-0.0377197265625
guenther2023grammaticality,76,101,0.023193359375,0.06787109375,-0.044677734375
guenther2023grammaticality,76,102,2.359375,1.90625,0.453125
guenther2023grammaticality,76,103,0.8984375,0.4765625,0.421875
guenther2023grammaticality,76,104,0.023193359375,0.0155029296875,0.0076904296875
guenther2023grammaticality,76,105,0.25390625,0.384765625,-0.130859375
guenther2023grammaticality,76,106,0.023193359375,0.0458984375,-0.022705078125
guenther2023grammaticality,76,107,0.431640625,0.345703125,0.0859375
guenther2023grammaticality,76,108,0.03076171875,0.06787109375,-0.037109375
guenther2023grammaticality,76,109,0.0458984375,0.08984375,-0.0439453125
guenther2023grammaticality,77,0,0.87890625,0.3515625,0.52734375
guenther2023grammaticality,77,1,0.91015625,1.703125,-0.79296875
guenther2023grammaticality,77,2,0.3515625,0.345703125,0.005859375
guenther2023grammaticality,77,3,0.9765625,1.703125,-0.7265625
guenther2023grammaticality,77,4,0.1318359375,0.3125,-0.1806640625
guenther2023grammaticality,77,5,0.25390625,0.69140625,-0.4375
guenther2023grammaticality,77,6,0.11767578125,0.158203125,-0.04052734375
guenther2023grammaticality,77,7,1.2265625,0.5234375,0.703125
guenther2023grammaticality,77,8,0.1787109375,0.158203125,0.0205078125
guenther2023grammaticality,77,9,0.023193359375,0.158203125,-0.135009765625
guenther2023grammaticality,77,10,0.318359375,0.05322265625,0.26513671875
guenther2023grammaticality,77,11,0.023193359375,1.21875,-1.195556640625
guenther2023grammaticality,77,12,1.703125,1.59375,0.109375
guenther2023grammaticality,77,13,4.25,2.125,2.125
guenther2023grammaticality,77,14,1.0546875,0.578125,0.4765625
guenther2023grammaticality,77,15,0.5234375,0.69140625,-0.16796875
guenther2023grammaticality,77,16,0.3515625,0.5234375,-0.171875
guenther2023grammaticality,77,17,0.5234375,0.6328125,-0.109375
guenther2023grammaticality,77,18,0.283203125,0.11083984375,0.17236328125
guenther2023grammaticality,77,19,0.3515625,0.578125,-0.2265625
guenther2023grammaticality,77,20,0.283203125,0.5234375,-0.240234375
guenther2023grammaticality,77,21,0.2294921875,0.5234375,-0.2939453125
guenther2023grammaticality,77,22,2.015625,0.8984375,1.1171875
guenther2023grammaticality,77,23,0.3515625,0.11083984375,0.24072265625
guenther2023grammaticality,77,24,0.69140625,0.431640625,0.259765625
guenther2023grammaticality,77,25,0.158203125,0.390625,-0.232421875
guenther2023grammaticality,77,26,0.11083984375,0.5234375,-0.41259765625
guenther2023grammaticality,77,27,0.3515625,0.6328125,-0.28125
guenther2023grammaticality,77,28,0.11083984375,0.25390625,-0.14306640625
guenther2023grammaticality,77,29,0.578125,0.828125,-0.25
guenther2023grammaticality,77,30,0.2041015625,0.345703125,-0.1416015625
guenther2023grammaticality,77,31,0.10400390625,0.283203125,-0.17919921875
guenther2023grammaticality,77,32,0.11083984375,0.283203125,-0.17236328125
guenther2023grammaticality,77,33,0.25390625,0.5234375,-0.26953125
guenther2023grammaticality,77,34,0.06787109375,0.08984375,-0.02197265625
guenther2023grammaticality,77,35,0.0458984375,0.06787109375,-0.02197265625
guenther2023grammaticality,77,36,1.8046875,0.828125,0.9765625
guenther2023grammaticality,77,37,0.390625,0.69140625,-0.30078125
guenther2023grammaticality,77,38,0.283203125,0.69140625,-0.408203125
guenther2023grammaticality,77,39,0.10400390625,0.345703125,-0.24169921875
guenther2023grammaticality,77,40,0.283203125,0.431640625,-0.1484375
guenther2023grammaticality,77,41,2.46875,1.21875,1.25
guenther2023grammaticality,77,42,0.08984375,0.25390625,-0.1640625
guenther2023grammaticality,77,43,0.11083984375,0.3125,-0.20166015625
guenther2023grammaticality,77,44,0.345703125,0.6328125,-0.287109375
guenther2023grammaticality,77,45,0.22265625,0.431640625,-0.208984375
guenther2023grammaticality,77,46,0.2041015625,0.345703125,-0.1416015625
guenther2023grammaticality,77,47,0.0458984375,0.3125,-0.2666015625
guenther2023grammaticality,77,48,0.345703125,0.4765625,-0.130859375
guenther2023grammaticality,77,49,0.0458984375,0.25390625,-0.2080078125
guenther2023grammaticality,77,50,0.06787109375,0.08984375,-0.02197265625
guenther2023grammaticality,77,51,0.25390625,0.25390625,0.0
guenther2023grammaticality,77,52,0.11083984375,0.283203125,-0.17236328125
guenther2023grammaticality,77,53,0.05322265625,0.1455078125,-0.09228515625
guenther2023grammaticality,77,54,0.03076171875,0.023193359375,0.007568359375
guenther2023grammaticality,77,55,0.1787109375,0.3125,-0.1337890625
guenther2023grammaticality,77,56,0.283203125,0.25390625,0.029296875
guenther2023grammaticality,77,57,0.1787109375,0.384765625,-0.2060546875
guenther2023grammaticality,77,58,0.038330078125,0.345703125,-0.307373046875
guenther2023grammaticality,77,59,0.0155029296875,0.283203125,-0.2677001953125
guenther2023grammaticality,77,60,2.359375,1.5,0.859375
guenther2023grammaticality,77,61,0.11083984375,0.345703125,-0.23486328125
guenther2023grammaticality,77,62,0.22265625,0.283203125,-0.060546875
guenther2023grammaticality,77,63,0.08251953125,0.25390625,-0.17138671875
guenther2023grammaticality,77,64,0.5234375,0.431640625,0.091796875
guenther2023grammaticality,77,65,0.0458984375,0.2041015625,-0.158203125
guenther2023grammaticality,77,66,0.08984375,0.2041015625,-0.1142578125
guenther2023grammaticality,77,67,0.25390625,0.431640625,-0.177734375
guenther2023grammaticality,77,68,0.03076171875,0.25390625,-0.22314453125
guenther2023grammaticality,77,69,0.06787109375,0.10400390625,-0.0361328125
guenther2023grammaticality,77,70,3.046875,2.125,0.921875
guenther2023grammaticality,77,71,0.12451171875,0.25390625,-0.12939453125
guenther2023grammaticality,77,72,0.0458984375,0.06787109375,-0.02197265625
guenther2023grammaticality,77,73,0.05322265625,0.2041015625,-0.15087890625
guenther2023grammaticality,77,74,0.431640625,0.345703125,0.0859375
guenther2023grammaticality,77,75,0.05322265625,0.25390625,-0.20068359375
guenther2023grammaticality,77,76,0.023193359375,0.1787109375,-0.155517578125
guenther2023grammaticality,77,77,0.22265625,0.384765625,-0.162109375
guenther2023grammaticality,77,78,0.08251953125,0.12451171875,-0.0419921875
guenther2023grammaticality,77,79,0.03076171875,0.1787109375,-0.14794921875
guenther2023grammaticality,77,80,0.11083984375,0.1455078125,-0.03466796875
guenther2023grammaticality,77,81,0.0458984375,0.08984375,-0.0439453125
guenther2023grammaticality,77,82,0.03076171875,0.2041015625,-0.17333984375
guenther2023grammaticality,77,83,0.05322265625,0.08251953125,-0.029296875
guenther2023grammaticality,77,84,0.1787109375,0.25390625,-0.0751953125
guenther2023grammaticality,77,85,0.038330078125,0.22265625,-0.184326171875
guenther2023grammaticality,77,86,0.12451171875,0.1787109375,-0.05419921875
guenther2023grammaticality,77,87,0.06787109375,0.10400390625,-0.0361328125
guenther2023grammaticality,77,88,0.283203125,0.283203125,0.0
guenther2023grammaticality,77,89,0.038330078125,0.158203125,-0.119873046875
guenther2023grammaticality,77,90,0.1787109375,0.1787109375,0.0
guenther2023grammaticality,77,91,0.1455078125,0.25390625,-0.1083984375
guenther2023grammaticality,77,92,2.015625,1.5,0.515625
guenther2023grammaticality,77,93,0.03076171875,0.03076171875,0.0
guenther2023grammaticality,77,94,0.11083984375,0.12451171875,-0.013671875
guenther2023grammaticality,77,95,0.03076171875,0.1787109375,-0.14794921875
guenther2023grammaticality,77,96,0.0458984375,0.158203125,-0.1123046875
guenther2023grammaticality,77,97,0.023193359375,0.08251953125,-0.059326171875
guenther2023grammaticality,77,98,0.08251953125,0.158203125,-0.07568359375
guenther2023grammaticality,77,99,0.12451171875,0.25390625,-0.12939453125
guenther2023grammaticality,77,100,0.038330078125,0.06787109375,-0.029541015625
guenther2023grammaticality,77,101,0.345703125,0.3125,0.033203125
guenther2023grammaticality,77,102,0.023193359375,0.283203125,-0.260009765625
guenther2023grammaticality,77,103,0.12451171875,0.158203125,-0.03369140625
guenther2023grammaticality,77,104,0.2041015625,0.1787109375,0.025390625
guenther2023grammaticality,77,105,0.023193359375,0.158203125,-0.135009765625
guenther2023grammaticality,77,106,0.0155029296875,0.05322265625,-0.0377197265625
guenther2023grammaticality,77,107,0.023193359375,0.12451171875,-0.101318359375
guenther2023grammaticality,77,108,0.25390625,0.2041015625,0.0498046875
guenther2023grammaticality,77,109,0.10400390625,0.12451171875,-0.0205078125
guenther2023grammaticality,78,0,0.98828125,1.0546875,-0.06640625
guenther2023grammaticality,78,1,0.76953125,0.5234375,0.24609375
guenther2023grammaticality,78,2,0.435546875,1.21875,-0.783203125
guenther2023grammaticality,78,3,0.2353515625,0.828125,-0.5927734375
guenther2023grammaticality,78,4,2.6875,1.3125,1.375
guenther2023grammaticality,78,5,1.0546875,0.7578125,0.296875
guenther2023grammaticality,78,6,0.431640625,0.6328125,-0.201171875
guenther2023grammaticality,78,7,0.283203125,1.21875,-0.935546875
guenther2023grammaticality,78,8,0.6328125,0.69140625,-0.05859375
guenther2023grammaticality,78,9,0.6328125,0.7578125,-0.125
guenther2023grammaticality,78,10,0.9765625,0.9765625,0.0
guenther2023grammaticality,78,11,0.318359375,0.283203125,0.03515625
guenther2023grammaticality,78,12,0.828125,0.69140625,0.13671875
guenther2023grammaticality,78,13,0.578125,0.9765625,-0.3984375
guenther2023grammaticality,78,14,1.0546875,0.345703125,0.708984375
guenther2023grammaticality,78,15,0.828125,0.3125,0.515625
guenther2023grammaticality,78,16,0.6328125,0.7578125,-0.125
guenther2023grammaticality,78,17,0.828125,0.6328125,0.1953125
guenther2023grammaticality,78,18,0.25390625,0.10400390625,0.14990234375
guenther2023grammaticality,78,19,0.3125,0.578125,-0.265625
guenther2023grammaticality,78,20,0.578125,0.6328125,-0.0546875
guenther2023grammaticality,78,21,0.3515625,0.578125,-0.2265625
guenther2023grammaticality,78,22,0.828125,0.69140625,0.13671875
guenther2023grammaticality,78,23,1.140625,0.9765625,0.1640625
guenther2023grammaticality,78,24,0.69140625,0.69140625,0.0
guenther2023grammaticality,78,25,0.25390625,0.578125,-0.32421875
guenther2023grammaticality,78,26,0.4765625,0.7578125,-0.28125
guenther2023grammaticality,78,27,0.578125,0.6328125,-0.0546875
guenther2023grammaticality,78,28,0.25390625,0.6328125,-0.37890625
guenther2023grammaticality,78,29,0.1455078125,0.431640625,-0.2861328125
guenther2023grammaticality,78,30,0.6328125,0.69140625,-0.05859375
guenther2023grammaticality,78,31,0.283203125,0.5234375,-0.240234375
guenther2023grammaticality,78,32,0.3125,0.5234375,-0.2109375
guenther2023grammaticality,78,33,0.390625,0.6328125,-0.2421875
guenther2023grammaticality,78,34,0.3125,0.4765625,-0.1640625
guenther2023grammaticality,78,35,0.11083984375,0.390625,-0.27978515625
guenther2023grammaticality,78,36,0.060546875,0.390625,-0.330078125
guenther2023grammaticality,78,37,1.5,0.69140625,0.80859375
guenther2023grammaticality,78,38,0.8984375,0.578125,0.3203125
guenther2023grammaticality,78,39,0.12451171875,0.345703125,-0.22119140625
guenther2023grammaticality,78,40,0.08251953125,0.25390625,-0.17138671875
guenther2023grammaticality,78,41,0.10400390625,0.4765625,-0.37255859375
guenther2023grammaticality,78,42,0.08251953125,0.345703125,-0.26318359375
guenther2023grammaticality,78,43,0.22265625,0.390625,-0.16796875
guenther2023grammaticality,78,44,0.158203125,0.25390625,-0.095703125
guenther2023grammaticality,78,45,0.060546875,0.3125,-0.251953125
guenther2023grammaticality,78,46,1.90625,0.7578125,1.1484375
guenther2023grammaticality,78,47,0.06787109375,0.2041015625,-0.13623046875
guenther2023grammaticality,78,48,0.345703125,0.3125,0.033203125
guenther2023grammaticality,78,49,0.060546875,0.22265625,-0.162109375
guenther2023grammaticality,78,50,0.05322265625,0.22265625,-0.16943359375
guenther2023grammaticality,78,51,0.828125,1.140625,-0.3125
guenther2023grammaticality,78,52,0.05322265625,0.25390625,-0.20068359375
guenther2023grammaticality,78,53,0.06787109375,0.1455078125,-0.07763671875
guenther2023grammaticality,78,54,0.06787109375,0.283203125,-0.21533203125
guenther2023grammaticality,78,55,0.023193359375,0.25390625,-0.230712890625
guenther2023grammaticality,78,56,0.023193359375,0.1455078125,-0.122314453125
guenther2023grammaticality,78,57,0.023193359375,0.12451171875,-0.101318359375
guenther2023grammaticality,78,58,0.11083984375,0.1787109375,-0.06787109375
guenther2023grammaticality,78,59,0.023193359375,0.25390625,-0.230712890625
guenther2023grammaticality,78,60,0.7578125,0.5234375,0.234375
guenther2023grammaticality,78,61,0.12451171875,0.1787109375,-0.05419921875
guenther2023grammaticality,78,62,0.0155029296875,0.22265625,-0.2071533203125
guenther2023grammaticality,78,63,0.5234375,0.5234375,0.0
guenther2023grammaticality,78,64,0.03076171875,0.25390625,-0.22314453125
guenther2023grammaticality,78,65,0.11083984375,0.431640625,-0.32080078125
guenther2023grammaticality,78,66,0.03076171875,0.2041015625,-0.17333984375
guenther2023grammaticality,78,67,0.05322265625,0.12451171875,-0.0712890625
guenther2023grammaticality,78,68,0.0155029296875,0.08251953125,-0.0670166015625
guenther2023grammaticality,78,69,0.038330078125,0.08251953125,-0.044189453125
guenther2023grammaticality,78,70,0.390625,0.283203125,0.107421875
guenther2023grammaticality,78,71,0.0155029296875,0.08251953125,-0.0670166015625
guenther2023grammaticality,78,72,1.40625,1.40625,0.0
guenther2023grammaticality,78,73,0.0155029296875,0.08984375,-0.0743408203125
guenther2023grammaticality,78,74,0.038330078125,0.08984375,-0.051513671875
guenther2023grammaticality,78,75,0.0155029296875,0.08251953125,-0.0670166015625
guenther2023grammaticality,78,76,0.007781982421875,0.11083984375,-0.103057861328125
guenther2023grammaticality,78,77,0.03076171875,0.08984375,-0.05908203125
guenther2023grammaticality,78,78,0.0155029296875,0.06787109375,-0.0523681640625
guenther2023grammaticality,78,79,0.390625,0.390625,0.0
guenther2023grammaticality,78,80,0.007781982421875,0.060546875,-0.052764892578125
guenther2023grammaticality,78,81,1.21875,1.8046875,-0.5859375
guenther2023grammaticality,78,82,3.53125,2.6875,0.84375
guenther2023grammaticality,78,83,0.06787109375,0.2041015625,-0.13623046875
guenther2023grammaticality,78,84,0.038330078125,0.1455078125,-0.107177734375
guenther2023grammaticality,78,85,0.05322265625,0.431640625,-0.37841796875
guenther2023grammaticality,78,86,0.0458984375,0.1455078125,-0.099609375
guenther2023grammaticality,78,87,0.08984375,0.390625,-0.30078125
guenther2023grammaticality,78,88,0.08984375,0.158203125,-0.068359375
guenther2023grammaticality,78,89,0.345703125,0.345703125,0.0
guenther2023grammaticality,78,90,0.06787109375,0.158203125,-0.09033203125
guenther2023grammaticality,78,91,0.03076171875,0.11083984375,-0.080078125
guenther2023grammaticality,78,92,3.765625,2.46875,1.296875
guenther2023grammaticality,78,93,0.6328125,1.140625,-0.5078125
guenther2023grammaticality,78,94,0.08251953125,0.1787109375,-0.09619140625
guenther2023grammaticality,78,95,0.22265625,0.283203125,-0.060546875
guenther2023grammaticality,78,96,0.3125,0.4765625,-0.1640625
guenther2023grammaticality,78,97,0.25390625,0.1787109375,0.0751953125
guenther2023grammaticality,78,98,0.03076171875,0.12451171875,-0.09375
guenther2023grammaticality,78,99,0.8984375,0.431640625,0.466796875
guenther2023grammaticality,78,100,0.038330078125,0.158203125,-0.119873046875
guenther2023grammaticality,78,101,0.06787109375,0.12451171875,-0.056640625
guenther2023grammaticality,78,102,1.703125,2.015625,-0.3125
guenther2023grammaticality,78,103,0.10400390625,0.158203125,-0.05419921875
guenther2023grammaticality,78,104,0.8984375,1.140625,-0.2421875
guenther2023grammaticality,78,105,0.08251953125,0.2041015625,-0.12158203125
guenther2023grammaticality,78,106,0.03076171875,0.1455078125,-0.11474609375
guenther2023grammaticality,78,107,0.6328125,0.7578125,-0.125
guenther2023grammaticality,78,108,0.7578125,0.431640625,0.326171875
guenther2023grammaticality,78,109,0.3125,0.390625,-0.078125
guenther2023grammaticality,79,0,1.28125,0.3125,0.96875
guenther2023grammaticality,79,1,0.54296875,0.69140625,-0.1484375
guenther2023grammaticality,79,2,0.4765625,0.1787109375,0.2978515625
guenther2023grammaticality,79,3,0.2041015625,0.12451171875,0.07958984375
guenther2023grammaticality,79,4,0.828125,1.140625,-0.3125
guenther2023grammaticality,79,5,0.0155029296875,0.578125,-0.5626220703125
guenther2023grammaticality,79,6,0.8984375,1.0546875,-0.15625
guenther2023grammaticality,79,7,0.3515625,0.345703125,0.005859375
guenther2023grammaticality,79,8,0.578125,0.4765625,0.1015625
guenther2023grammaticality,79,9,0.4765625,0.431640625,0.044921875
guenther2023grammaticality,79,10,0.007781982421875,0.12451171875,-0.116729736328125
guenther2023grammaticality,79,11,0.1455078125,0.0458984375,0.099609375
guenther2023grammaticality,79,12,0.023193359375,0.345703125,-0.322509765625
guenther2023grammaticality,79,13,0.0,0.03076171875,-0.03076171875
guenther2023grammaticality,79,14,0.0155029296875,0.08984375,-0.0743408203125
guenther2023grammaticality,79,15,0.007781982421875,0.038330078125,-0.030548095703125
guenther2023grammaticality,79,16,0.007781982421875,0.03076171875,-0.022979736328125
guenther2023grammaticality,79,17,0.4765625,0.08984375,0.38671875
guenther2023grammaticality,79,18,0.0,0.023193359375,-0.023193359375
guenther2023grammaticality,79,19,0.0,0.08251953125,-0.08251953125
guenther2023grammaticality,79,20,0.007781982421875,0.10400390625,-0.096221923828125
guenther2023grammaticality,79,21,0.0,0.023193359375,-0.023193359375
guenther2023grammaticality,79,22,1.140625,1.140625,0.0
guenther2023grammaticality,79,23,0.7578125,1.0546875,-0.296875
guenther2023grammaticality,79,24,0.10400390625,0.8984375,-0.79443359375
guenther2023grammaticality,79,25,0.0,0.4765625,-0.4765625
guenther2023grammaticality,79,26,0.007781982421875,0.1787109375,-0.170928955078125
guenther2023grammaticality,79,27,0.007781982421875,0.22265625,-0.214874267578125
guenther2023grammaticality,79,28,0.007781982421875,0.3125,-0.304718017578125
guenther2023grammaticality,79,29,0.0,0.10400390625,-0.10400390625
guenther2023grammaticality,79,30,0.0155029296875,0.578125,-0.5626220703125
guenther2023grammaticality,79,31,0.0,0.69140625,-0.69140625
guenther2023grammaticality,79,32,0.0,0.060546875,-0.060546875
guenther2023grammaticality,79,33,0.0,0.023193359375,-0.023193359375
guenther2023grammaticality,79,34,0.0,0.578125,-0.578125
guenther2023grammaticality,79,35,0.0,0.25390625,-0.25390625
guenther2023grammaticality,79,36,0.0,0.060546875,-0.060546875
guenther2023grammaticality,79,37,0.0,0.158203125,-0.158203125
guenther2023grammaticality,79,38,0.0,0.007781982421875,-0.007781982421875
guenther2023grammaticality,79,39,0.0,0.06787109375,-0.06787109375
guenther2023grammaticality,79,40,0.0,0.0458984375,-0.0458984375
guenther2023grammaticality,79,41,0.0,0.5234375,-0.5234375
guenther2023grammaticality,79,42,0.0,0.4765625,-0.4765625
guenther2023grammaticality,79,43,0.0,0.05322265625,-0.05322265625
guenther2023grammaticality,79,44,0.0,0.390625,-0.390625
guenther2023grammaticality,79,45,0.0,0.11083984375,-0.11083984375
guenther2023grammaticality,79,46,0.0,0.345703125,-0.345703125
guenther2023grammaticality,79,47,0.0,0.0458984375,-0.0458984375
guenther2023grammaticality,79,48,0.0,0.11083984375,-0.11083984375
guenther2023grammaticality,79,49,0.0,0.007781982421875,-0.007781982421875
guenther2023grammaticality,79,50,0.0,0.08251953125,-0.08251953125
guenther2023grammaticality,79,51,0.0,0.25390625,-0.25390625
guenther2023grammaticality,79,52,0.0,0.22265625,-0.22265625
guenther2023grammaticality,79,53,0.0,0.3125,-0.3125
guenther2023grammaticality,79,54,0.0,0.11083984375,-0.11083984375
guenther2023grammaticality,79,55,0.0,0.25390625,-0.25390625
guenther2023grammaticality,79,56,0.0,0.06787109375,-0.06787109375
guenther2023grammaticality,79,57,0.007781982421875,0.431640625,-0.423858642578125
guenther2023grammaticality,79,58,0.0,0.060546875,-0.060546875
guenther2023grammaticality,79,59,0.0,0.03076171875,-0.03076171875
guenther2023grammaticality,79,60,0.0,0.283203125,-0.283203125
guenther2023grammaticality,79,61,0.0,0.08251953125,-0.08251953125
guenther2023grammaticality,79,62,0.0,0.2041015625,-0.2041015625
guenther2023grammaticality,79,63,0.0,0.03076171875,-0.03076171875
guenther2023grammaticality,79,64,0.0,0.08984375,-0.08984375
guenther2023grammaticality,79,65,0.0,0.08251953125,-0.08251953125
guenther2023grammaticality,79,66,0.0,0.08251953125,-0.08251953125
guenther2023grammaticality,79,67,0.0,0.05322265625,-0.05322265625
guenther2023grammaticality,79,68,0.0,0.158203125,-0.158203125
guenther2023grammaticality,79,69,0.0,0.023193359375,-0.023193359375
guenther2023grammaticality,79,70,0.0,0.05322265625,-0.05322265625
guenther2023grammaticality,79,71,0.0,0.1455078125,-0.1455078125
guenther2023grammaticality,79,72,0.0,0.060546875,-0.060546875
guenther2023grammaticality,79,73,0.0,0.03076171875,-0.03076171875
guenther2023grammaticality,79,74,0.0,0.08984375,-0.08984375
guenther2023grammaticality,79,75,0.0,0.05322265625,-0.05322265625
guenther2023grammaticality,79,76,0.0,0.038330078125,-0.038330078125
guenther2023grammaticality,79,77,0.0,0.06787109375,-0.06787109375
guenther2023grammaticality,79,78,0.0,0.1455078125,-0.1455078125
guenther2023grammaticality,79,79,0.0,0.023193359375,-0.023193359375
guenther2023grammaticality,79,80,0.0,0.03076171875,-0.03076171875
guenther2023grammaticality,79,81,0.0,0.03076171875,-0.03076171875
guenther2023grammaticality,79,82,0.0,0.023193359375,-0.023193359375
guenther2023grammaticality,79,83,0.0,0.1455078125,-0.1455078125
guenther2023grammaticality,79,84,0.0,0.06787109375,-0.06787109375
guenther2023grammaticality,79,85,0.0,0.023193359375,-0.023193359375
guenther2023grammaticality,79,86,0.0,0.11083984375,-0.11083984375
guenther2023grammaticality,79,87,0.0,0.10400390625,-0.10400390625
guenther2023grammaticality,79,88,0.0,0.03076171875,-0.03076171875
guenther2023grammaticality,79,89,0.0,0.023193359375,-0.023193359375
guenther2023grammaticality,79,90,0.0,0.038330078125,-0.038330078125
guenther2023grammaticality,79,91,0.0,0.08251953125,-0.08251953125
guenther2023grammaticality,79,92,0.0,0.06787109375,-0.06787109375
guenther2023grammaticality,79,93,0.0,0.12451171875,-0.12451171875
guenther2023grammaticality,79,94,0.0,0.08251953125,-0.08251953125
guenther2023grammaticality,79,95,0.0,0.12451171875,-0.12451171875
guenther2023grammaticality,79,96,0.0,0.03076171875,-0.03076171875
guenther2023grammaticality,79,97,0.0,0.023193359375,-0.023193359375
guenther2023grammaticality,79,98,0.0,0.060546875,-0.060546875
guenther2023grammaticality,79,99,0.0,0.0458984375,-0.0458984375
guenther2023grammaticality,79,100,0.0,0.08984375,-0.08984375
guenther2023grammaticality,79,101,0.0,0.0458984375,-0.0458984375
guenther2023grammaticality,79,102,0.0,0.03076171875,-0.03076171875
guenther2023grammaticality,79,103,0.0,0.0458984375,-0.0458984375
guenther2023grammaticality,79,104,0.0,0.06787109375,-0.06787109375
guenther2023grammaticality,79,105,0.0,0.007781982421875,-0.007781982421875
guenther2023grammaticality,79,106,0.0,0.0155029296875,-0.0155029296875
guenther2023grammaticality,79,107,0.0,0.023193359375,-0.023193359375
guenther2023grammaticality,79,108,0.0,0.0155029296875,-0.0155029296875
guenther2023grammaticality,79,109,0.0,0.05322265625,-0.05322265625
guenther2023grammaticality,80,0,1.328125,1.5,-0.171875
guenther2023grammaticality,80,1,0.984375,0.3125,0.671875
guenther2023grammaticality,80,2,0.390625,0.11083984375,0.27978515625
guenther2023grammaticality,80,3,0.1650390625,0.03076171875,0.13427734375
guenther2023grammaticality,80,4,0.58203125,0.3125,0.26953125
guenther2023grammaticality,80,5,0.5859375,0.390625,0.1953125
guenther2023grammaticality,80,6,0.318359375,0.7578125,-0.439453125
guenther2023grammaticality,80,7,0.39453125,0.5234375,-0.12890625
guenther2023grammaticality,80,8,2.6875,1.8046875,0.8828125
guenther2023grammaticality,80,9,0.5234375,0.22265625,0.30078125
guenther2023grammaticality,80,10,0.3125,0.12451171875,0.18798828125
guenther2023grammaticality,80,11,0.158203125,0.10400390625,0.05419921875
guenther2023grammaticality,80,12,0.390625,0.12451171875,0.26611328125
guenther2023grammaticality,80,13,0.10400390625,0.08251953125,0.021484375
guenther2023grammaticality,80,14,0.2041015625,0.05322265625,0.15087890625
guenther2023grammaticality,80,15,0.158203125,0.0458984375,0.1123046875
guenther2023grammaticality,80,16,0.10400390625,0.038330078125,0.065673828125
guenther2023grammaticality,80,17,0.03076171875,0.023193359375,0.007568359375
guenther2023grammaticality,80,18,3.40625,3.28125,0.125
guenther2023grammaticality,80,19,0.4765625,0.283203125,0.193359375
guenther2023grammaticality,80,20,0.11083984375,0.1455078125,-0.03466796875
guenther2023grammaticality,80,21,0.25390625,0.1787109375,0.0751953125
guenther2023grammaticality,80,22,0.4765625,0.578125,-0.1015625
guenther2023grammaticality,80,23,0.1787109375,0.11083984375,0.06787109375
guenther2023grammaticality,80,24,0.1787109375,0.05322265625,0.12548828125
guenther2023grammaticality,80,25,1.5,1.703125,-0.203125
guenther2023grammaticality,80,26,0.9765625,0.578125,0.3984375
guenther2023grammaticality,80,27,0.390625,0.390625,0.0
guenther2023grammaticality,80,28,0.283203125,0.158203125,0.125
guenther2023grammaticality,80,29,0.12451171875,0.060546875,0.06396484375
guenther2023grammaticality,80,30,0.158203125,0.1787109375,-0.0205078125
guenther2023grammaticality,80,31,0.12451171875,0.08984375,0.03466796875
guenther2023grammaticality,80,32,0.25390625,0.1455078125,0.1083984375
guenther2023grammaticality,80,33,0.12451171875,0.06787109375,0.056640625
guenther2023grammaticality,80,34,0.1787109375,0.12451171875,0.05419921875
guenther2023grammaticality,80,35,0.1455078125,0.03076171875,0.11474609375
guenther2023grammaticality,80,36,0.1455078125,0.08251953125,0.06298828125
guenther2023grammaticality,80,37,0.05322265625,0.03076171875,0.0224609375
guenther2023grammaticality,80,38,0.10400390625,0.060546875,0.04345703125
guenther2023grammaticality,80,39,0.828125,0.431640625,0.396484375
guenther2023grammaticality,80,40,0.2041015625,0.10400390625,0.10009765625
guenther2023grammaticality,80,41,0.1787109375,0.10400390625,0.07470703125
guenther2023grammaticality,80,42,0.158203125,0.0458984375,0.1123046875
guenther2023grammaticality,80,43,0.4765625,0.283203125,0.193359375
guenther2023grammaticality,80,44,0.11083984375,0.060546875,0.05029296875
guenther2023grammaticality,80,45,1.703125,1.5,0.203125
guenther2023grammaticality,80,46,0.11083984375,0.03076171875,0.080078125
guenther2023grammaticality,80,47,0.06787109375,0.023193359375,0.044677734375
guenther2023grammaticality,80,48,0.06787109375,0.023193359375,0.044677734375
guenther2023grammaticality,80,49,0.11083984375,0.08251953125,0.0283203125
guenther2023grammaticality,80,50,0.1787109375,0.1455078125,0.033203125
guenther2023grammaticality,80,51,1.40625,0.828125,0.578125
guenther2023grammaticality,80,52,0.828125,0.3125,0.515625
guenther2023grammaticality,80,53,0.2041015625,0.11083984375,0.09326171875
guenther2023grammaticality,80,54,0.05322265625,0.0155029296875,0.0377197265625
guenther2023grammaticality,80,55,1.0546875,0.9765625,0.078125
guenther2023grammaticality,80,56,0.11083984375,0.11083984375,0.0
guenther2023grammaticality,80,57,0.08984375,0.1455078125,-0.0556640625
guenther2023grammaticality,80,58,0.9765625,0.7578125,0.21875
guenther2023grammaticality,80,59,0.060546875,0.023193359375,0.037353515625
guenther2023grammaticality,80,60,0.3125,0.1787109375,0.1337890625
guenther2023grammaticality,80,61,0.08984375,0.03076171875,0.05908203125
guenther2023grammaticality,80,62,0.11083984375,0.1787109375,-0.06787109375
guenther2023grammaticality,80,63,0.03076171875,0.0155029296875,0.0152587890625
guenther2023grammaticality,80,64,0.0458984375,0.1787109375,-0.1328125
guenther2023grammaticality,80,65,0.10400390625,0.390625,-0.28662109375
guenther2023grammaticality,80,66,0.08251953125,0.05322265625,0.029296875
guenther2023grammaticality,80,67,0.7578125,0.69140625,0.06640625
guenther2023grammaticality,80,68,0.038330078125,0.023193359375,0.01513671875
guenther2023grammaticality,80,69,0.023193359375,0.0458984375,-0.022705078125
guenther2023grammaticality,80,70,0.038330078125,0.0155029296875,0.0228271484375
guenther2023grammaticality,80,71,0.023193359375,0.03076171875,-0.007568359375
guenther2023grammaticality,80,72,0.060546875,0.08984375,-0.029296875
guenther2023grammaticality,80,73,0.023193359375,0.007781982421875,0.015411376953125
guenther2023grammaticality,80,74,0.0155029296875,0.023193359375,-0.0076904296875
guenther2023grammaticality,80,75,0.7578125,0.431640625,0.326171875
guenther2023grammaticality,80,76,0.08984375,0.12451171875,-0.03466796875
guenther2023grammaticality,80,77,0.9765625,1.5,-0.5234375
guenther2023grammaticality,80,78,0.05322265625,0.08251953125,-0.029296875
guenther2023grammaticality,80,79,0.6328125,0.6328125,0.0
guenther2023grammaticality,80,80,0.10400390625,0.08984375,0.01416015625
guenther2023grammaticality,80,81,0.0155029296875,0.0155029296875,0.0
guenther2023grammaticality,80,82,0.060546875,0.11083984375,-0.05029296875
guenther2023grammaticality,80,83,0.10400390625,0.11083984375,-0.0068359375
guenther2023grammaticality,80,84,1.21875,0.4765625,0.7421875
guenther2023grammaticality,80,85,0.12451171875,0.1787109375,-0.05419921875
guenther2023grammaticality,80,86,0.060546875,0.12451171875,-0.06396484375
guenther2023grammaticality,80,87,0.0155029296875,0.007781982421875,0.007720947265625
guenther2023grammaticality,80,88,0.023193359375,0.007781982421875,0.015411376953125
guenther2023grammaticality,80,89,0.0155029296875,0.0155029296875,0.0
guenther2023grammaticality,80,90,0.038330078125,0.0155029296875,0.0228271484375
guenther2023grammaticality,80,91,0.0458984375,0.10400390625,-0.05810546875
guenther2023grammaticality,80,92,0.0155029296875,0.0155029296875,0.0
guenther2023grammaticality,80,93,0.0458984375,0.08984375,-0.0439453125
guenther2023grammaticality,80,94,0.4765625,0.4765625,0.0
guenther2023grammaticality,80,95,0.038330078125,0.038330078125,0.0
guenther2023grammaticality,80,96,0.03076171875,0.0458984375,-0.01513671875
guenther2023grammaticality,80,97,0.0458984375,0.10400390625,-0.05810546875
guenther2023grammaticality,80,98,0.0155029296875,0.007781982421875,0.007720947265625
guenther2023grammaticality,80,99,0.828125,0.431640625,0.396484375
guenther2023grammaticality,80,100,0.431640625,1.0546875,-0.623046875
guenther2023grammaticality,80,101,0.06787109375,0.1455078125,-0.07763671875
guenther2023grammaticality,80,102,0.0155029296875,0.0155029296875,0.0
guenther2023grammaticality,80,103,0.3125,0.11083984375,0.20166015625
guenther2023grammaticality,80,104,0.007781982421875,0.007781982421875,0.0
guenther2023grammaticality,80,105,0.007781982421875,0.007781982421875,0.0
guenther2023grammaticality,80,106,0.007781982421875,0.007781982421875,0.0
guenther2023grammaticality,80,107,0.007781982421875,0.007781982421875,0.0
guenther2023grammaticality,80,108,0.038330078125,0.10400390625,-0.065673828125
guenther2023grammaticality,80,109,0.007781982421875,0.007781982421875,0.0
