experiment,participant_id,item_index,nll
Dymarska2025_associations,1,0,7.5625
Dymarska2025_associations,1,1,2.22509765625
Dymarska2025_associations,1,2,2.8515625
Dymarska2025_associations,1,3,5.800750732421875
Dymarska2025_associations,1,4,16.375
Dymarska2025_associations,1,5,4.7607421875
Dymarska2025_associations,1,6,8.65625
Dymarska2025_associations,1,7,6.369140625
Dymarska2025_associations,1,8,4.22412109375
Dymarska2025_associations,1,9,8.5155029296875
Dymarska2025_associations,1,10,7.8125
Dymarska2025_associations,1,11,4.859375
Dymarska2025_associations,1,12,5.1640625
Dymarska2025_associations,1,13,10.328125
Dymarska2025_associations,1,14,7.929443359375
Dymarska2025_associations,1,15,4.7734375
Dymarska2025_associations,1,16,7.28125
Dymarska2025_associations,1,17,4.1171875
Dymarska2025_associations,1,18,9.9375
Dymarska2025_associations,1,19,12.6845703125
Dymarska2025_associations,1,20,6.875
Dymarska2025_associations,1,21,2.97265625
Dymarska2025_associations,1,22,6.5291748046875
Dymarska2025_associations,1,23,4.1875
Dymarska2025_associations,1,24,3.394775390625
Dymarska2025_associations,1,25,3.1015625
Dymarska2025_associations,1,26,6.125
Dymarska2025_associations,1,27,4.38427734375
Dymarska2025_associations,1,28,2.637939453125
Dymarska2025_associations,1,29,5.40625
Dymarska2025_associations,1,30,6.31201171875
Dymarska2025_associations,1,31,6.8515625
Dymarska2025_associations,1,32,10.75
Dymarska2025_associations,1,33,9.25
Dymarska2025_associations,1,34,8.375
Dymarska2025_associations,1,35,5.90625
Dymarska2025_associations,1,36,7.857421875
Dymarska2025_associations,1,37,10.320068359375
Dymarska2025_associations,1,38,8.30517578125
Dymarska2025_associations,1,39,9.328125
Dymarska2025_associations,1,40,0.55078125
Dymarska2025_associations,1,41,4.625
Dymarska2025_associations,1,42,6.96875
Dymarska2025_associations,1,43,5.779296875
Dymarska2025_associations,1,44,6.5
Dymarska2025_associations,1,45,6.4609375
Dymarska2025_associations,1,46,4.710205078125
Dymarska2025_associations,1,47,7.5859375
Dymarska2025_associations,1,48,5.25
Dymarska2025_associations,1,49,5.80419921875
Dymarska2025_associations,1,50,12.4375
Dymarska2025_associations,1,51,5.23828125
Dymarska2025_associations,1,52,6.6092529296875
Dymarska2025_associations,1,53,5.210205078125
Dymarska2025_associations,1,54,5.195281982421875
Dymarska2025_associations,1,55,4.7108154296875
Dymarska2025_associations,1,56,9.828125
Dymarska2025_associations,1,57,15.625
Dymarska2025_associations,1,58,10.716796875
Dymarska2025_associations,1,59,4.25
Dymarska2025_associations,1,60,5.9765625
Dymarska2025_associations,1,61,3.84375
Dymarska2025_associations,1,62,4.25
Dymarska2025_associations,1,63,9.8125
Dymarska2025_associations,1,64,7.03125
Dymarska2025_associations,1,65,4.6796875
Dymarska2025_associations,1,66,6.83251953125
Dymarska2025_associations,1,67,5.546875
Dymarska2025_associations,1,68,3.86376953125
Dymarska2025_associations,1,69,4.4375
Dymarska2025_associations,1,70,11.8125
Dymarska2025_associations,1,71,7.859375
Dymarska2025_associations,1,72,2.26171875
Dymarska2025_associations,1,73,5.73828125
Dymarska2025_associations,1,74,5.1875
Dymarska2025_associations,1,75,5.1875
Dymarska2025_associations,1,76,6.3818359375
Dymarska2025_associations,1,77,4.818328857421875
Dymarska2025_associations,1,78,5.060546875
Dymarska2025_associations,1,79,6.953125
Dymarska2025_associations,1,80,4.921875
Dymarska2025_associations,1,81,2.8671875
Dymarska2025_associations,1,82,3.296875
Dymarska2025_associations,1,83,7.0625
Dymarska2025_associations,1,84,1.5
Dymarska2025_associations,1,85,3.830078125
Dymarska2025_associations,1,86,6.0390625
Dymarska2025_associations,1,87,5.375
Dymarska2025_associations,1,88,2.859375
Dymarska2025_associations,1,89,5.375
Dymarska2025_associations,1,90,3.69921875
Dymarska2025_associations,1,91,2.960693359375
Dymarska2025_associations,1,92,5.3592529296875
Dymarska2025_associations,1,93,5.3251953125
Dymarska2025_associations,1,94,7.3125
Dymarska2025_associations,1,95,10.7734375
Dymarska2025_associations,1,96,5.663818359375
Dymarska2025_associations,1,97,3.3203125
Dymarska2025_associations,1,98,5.6717529296875
Dymarska2025_associations,1,99,7.453125
Dymarska2025_associations,1,100,4.130859375
Dymarska2025_associations,1,101,3.3515625
Dymarska2025_associations,1,102,5.578125
Dymarska2025_associations,1,103,8.578125
Dymarska2025_associations,1,104,5.75
Dymarska2025_associations,1,105,5.640625
Dymarska2025_associations,1,106,5.8203125
Dymarska2025_associations,1,107,5.75
Dymarska2025_associations,1,108,10.59375
Dymarska2025_associations,1,109,9.625
Dymarska2025_associations,1,110,4.453125
Dymarska2025_associations,1,111,3.583740234375
Dymarska2025_associations,1,112,9.359375
Dymarska2025_associations,1,113,5.87890625
Dymarska2025_associations,1,114,3.939453125
Dymarska2025_associations,1,115,4.5194091796875
Dymarska2025_associations,1,116,10.296875
Dymarska2025_associations,1,117,8.5
Dymarska2025_associations,1,118,6.375
Dymarska2025_associations,1,119,7.695281982421875
Dymarska2025_associations,1,120,3.882080078125
Dymarska2025_associations,1,121,9.5546875
Dymarska2025_associations,1,122,4.59375
Dymarska2025_associations,1,123,7.25
Dymarska2025_associations,1,124,6.935546875
Dymarska2025_associations,1,125,5.09375
Dymarska2025_associations,1,126,6.625
Dymarska2025_associations,1,127,8.0625
Dymarska2025_associations,1,128,5.029296875
Dymarska2025_associations,1,129,5.375
Dymarska2025_associations,1,130,6.796875
Dymarska2025_associations,1,131,4.023193359375
Dymarska2025_associations,1,132,4.04833984375
Dymarska2025_associations,1,133,4.75537109375
Dymarska2025_associations,1,134,2.484375
Dymarska2025_associations,1,135,5.625
Dymarska2025_associations,1,136,6.1875
Dymarska2025_associations,1,137,4.2578125
Dymarska2025_associations,1,138,8.27734375
Dymarska2025_associations,1,139,3.4150390625
Dymarska2025_associations,1,140,2.783203125
Dymarska2025_associations,1,141,2.069580078125
Dymarska2025_associations,1,142,10.2030029296875
Dymarska2025_associations,1,143,6.716796875
Dymarska2025_associations,1,144,3.234375
Dymarska2025_associations,1,145,8.078125
Dymarska2025_associations,1,146,6.984375
Dymarska2025_associations,1,147,7.64892578125
Dymarska2025_associations,1,148,7.59375
Dymarska2025_associations,1,149,6.09765625
Dymarska2025_associations,1,150,4.8330078125
Dymarska2025_associations,1,151,5.2333984375
Dymarska2025_associations,1,152,8.421875
Dymarska2025_associations,1,153,4.3125
Dymarska2025_associations,1,154,7.92578125
Dymarska2025_associations,1,155,4.78125
Dymarska2025_associations,1,156,6.8125
Dymarska2025_associations,1,157,4.875
Dymarska2025_associations,1,158,9.75
Dymarska2025_associations,1,159,8.234375
Dymarska2025_associations,1,160,5.1875
Dymarska2025_associations,1,161,1.7685546875
Dymarska2025_associations,1,162,5.671875
Dymarska2025_associations,1,163,4.320281982421875
Dymarska2025_associations,1,164,3.990203857421875
Dymarska2025_associations,1,165,6.8201904296875
Dymarska2025_associations,1,166,7.4453125
Dymarska2025_associations,1,167,3.38671875
Dymarska2025_associations,1,168,5.671844482421875
Dymarska2025_associations,1,169,6.05322265625
Dymarska2025_associations,1,170,6.375
Dymarska2025_associations,1,171,3.1826171875
Dymarska2025_associations,1,172,5.2880859375
Dymarska2025_associations,1,173,3.69921875
Dymarska2025_associations,1,174,6.5634765625
Dymarska2025_associations,1,175,9.125
Dymarska2025_associations,1,176,5.181640625
Dymarska2025_associations,1,177,7.171875
Dymarska2025_associations,1,178,7.4375
Dymarska2025_associations,1,179,9.953125
Dymarska2025_associations,1,180,9.53125
Dymarska2025_associations,1,181,6.03125
Dymarska2025_associations,1,182,3.99951171875
Dymarska2025_associations,1,183,8.1669921875
Dymarska2025_associations,1,184,7.62109375
Dymarska2025_associations,1,185,5.29296875
Dymarska2025_associations,1,186,6.78125
Dymarska2025_associations,1,187,2.3642578125
Dymarska2025_associations,1,188,5.0042724609375
Dymarska2025_associations,1,189,5.765625
Dymarska2025_associations,1,190,3.421844482421875
Dymarska2025_associations,1,191,3.43359375
Dymarska2025_associations,1,192,5.8125
Dymarska2025_associations,1,193,3.694580078125
Dymarska2025_associations,1,194,4.890594482421875
Dymarska2025_associations,1,195,7.515625
Dymarska2025_associations,1,196,6.984344482421875
Dymarska2025_associations,1,197,3.806640625
Dymarska2025_associations,1,198,6.74951171875
Dymarska2025_associations,1,199,7.46484375
Dymarska2025_associations,2,0,13.3916015625
Dymarska2025_associations,2,1,3.17138671875
Dymarska2025_associations,2,2,1.21875
Dymarska2025_associations,2,3,5.3125
Dymarska2025_associations,2,4,6.484375
Dymarska2025_associations,2,5,7.2041015625
Dymarska2025_associations,2,6,4.283203125
Dymarska2025_associations,2,7,3.109375
Dymarska2025_associations,2,8,9.0283203125
Dymarska2025_associations,2,9,3.5155029296875
Dymarska2025_associations,2,10,1.898406982421875
Dymarska2025_associations,2,11,3.3865966796875
Dymarska2025_associations,2,12,8.3203125
Dymarska2025_associations,2,13,5.86279296875
Dymarska2025_associations,2,14,3.070281982421875
Dymarska2025_associations,2,15,9.179656982421875
Dymarska2025_associations,2,16,12.445281982421875
Dymarska2025_associations,2,17,3.58203125
Dymarska2025_associations,2,18,5.8125
Dymarska2025_associations,2,19,2.734375
Dymarska2025_associations,2,20,5.34375
Dymarska2025_associations,2,21,4.583984375
Dymarska2025_associations,2,22,7.984375
Dymarska2025_associations,2,23,5.94140625
Dymarska2025_associations,2,24,6.3544921875
Dymarska2025_associations,2,25,3.203125
Dymarska2025_associations,2,26,2.85888671875
Dymarska2025_associations,2,27,9.625
Dymarska2025_associations,2,28,5.680633544921875
Dymarska2025_associations,2,29,9.991943359375
Dymarska2025_associations,2,30,4.81640625
Dymarska2025_associations,2,31,4.88861083984375
Dymarska2025_associations,2,32,12.0
Dymarska2025_associations,2,33,7.80859375
Dymarska2025_associations,2,34,8.1015625
Dymarska2025_associations,2,35,4.40576171875
Dymarska2025_associations,2,36,4.65234375
Dymarska2025_associations,2,37,4.14990234375
Dymarska2025_associations,2,38,7.197265625
Dymarska2025_associations,2,39,2.63671875
Dymarska2025_associations,2,40,6.905975341796875
Dymarska2025_associations,2,41,5.642578125
Dymarska2025_associations,2,42,2.007781982421875
Dymarska2025_associations,2,43,7.515625
Dymarska2025_associations,2,44,6.125
Dymarska2025_associations,2,45,3.04296875
Dymarska2025_associations,2,46,1.945068359375
Dymarska2025_associations,2,47,8.0
Dymarska2025_associations,2,48,4.6875
Dymarska2025_associations,2,49,6.0625
Dymarska2025_associations,2,50,5.154296875
Dymarska2025_associations,2,51,3.140625
Dymarska2025_associations,2,52,11.34375
Dymarska2025_associations,2,53,6.90234375
Dymarska2025_associations,2,54,7.1875
Dymarska2025_associations,2,55,4.54296875
Dymarska2025_associations,2,56,6.1015625
Dymarska2025_associations,2,57,5.564453125
Dymarska2025_associations,2,58,5.48828125
Dymarska2025_associations,2,59,5.34375
Dymarska2025_associations,2,60,0.714111328125
Dymarska2025_associations,2,61,4.583953857421875
Dymarska2025_associations,2,62,2.96826171875
Dymarska2025_associations,2,63,1.530517578125
Dymarska2025_associations,2,64,8.171875
Dymarska2025_associations,2,65,1.16015625
Dymarska2025_associations,2,66,4.0780029296875
Dymarska2025_associations,2,67,3.6015625
Dymarska2025_associations,2,68,6.6875
Dymarska2025_associations,2,69,3.318359375
Dymarska2025_associations,2,70,4.72412109375
Dymarska2025_associations,2,71,7.570281982421875
Dymarska2025_associations,2,72,15.10888671875
Dymarska2025_associations,2,73,4.2783203125
Dymarska2025_associations,2,74,8.826416015625
Dymarska2025_associations,2,75,7.41455078125
Dymarska2025_associations,2,76,5.74951171875
Dymarska2025_associations,2,77,4.179656982421875
Dymarska2025_associations,2,78,3.38671875
Dymarska2025_associations,2,79,7.59765625
Dymarska2025_associations,2,80,6.11767578125
Dymarska2025_associations,2,81,4.7655029296875
Dymarska2025_associations,2,82,7.28125
Dymarska2025_associations,2,83,2.625
Dymarska2025_associations,2,84,6.40625
Dymarska2025_associations,2,85,6.6875
Dymarska2025_associations,2,86,3.78173828125
Dymarska2025_associations,2,87,5.3583984375
Dymarska2025_associations,2,88,3.7822265625
Dymarska2025_associations,2,89,11.1494140625
Dymarska2025_associations,2,90,9.93701171875
Dymarska2025_associations,2,91,4.036102294921875
Dymarska2025_associations,2,92,5.765625
Dymarska2025_associations,2,93,5.46923828125
Dymarska2025_associations,2,94,3.078125
Dymarska2025_associations,2,95,8.625
Dymarska2025_associations,2,96,4.859375
Dymarska2025_associations,2,97,14.203125
Dymarska2025_associations,2,98,3.79638671875
Dymarska2025_associations,2,99,5.484375
Dymarska2025_associations,2,100,2.119110107421875
Dymarska2025_associations,2,101,5.0625
Dymarska2025_associations,2,102,3.8125
Dymarska2025_associations,2,103,4.6083984375
Dymarska2025_associations,2,104,11.15625
Dymarska2025_associations,2,105,8.03125
Dymarska2025_associations,2,106,5.28125
Dymarska2025_associations,2,107,1.194580078125
Dymarska2025_associations,2,108,5.333740234375
Dymarska2025_associations,2,109,7.76953125
Dymarska2025_associations,2,110,10.820281982421875
Dymarska2025_associations,2,111,4.554656982421875
Dymarska2025_associations,2,112,5.72265625
Dymarska2025_associations,2,113,7.484375
Dymarska2025_associations,2,114,8.82421875
Dymarska2025_associations,2,115,6.6875
Dymarska2025_associations,2,116,3.226531982421875
Dymarska2025_associations,2,117,6.42578125
Dymarska2025_associations,2,118,6.828125
Dymarska2025_associations,2,119,9.870361328125
Dymarska2025_associations,2,120,1.609375
Dymarska2025_associations,2,121,2.015625
Dymarska2025_associations,2,122,3.507568359375
Dymarska2025_associations,2,123,2.395751953125
Dymarska2025_associations,2,124,5.255828857421875
Dymarska2025_associations,2,125,4.6728515625
Dymarska2025_associations,2,126,5.4296875
Dymarska2025_associations,2,127,2.6875
Dymarska2025_associations,2,128,10.3271484375
Dymarska2025_associations,2,129,8.96875
Dymarska2025_associations,2,130,5.1072998046875
Dymarska2025_associations,2,131,3.850830078125
Dymarska2025_associations,2,132,11.146484375
Dymarska2025_associations,2,133,2.18603515625
Dymarska2025_associations,2,134,7.9765625
Dymarska2025_associations,2,135,2.0771484375
Dymarska2025_associations,2,136,2.06689453125
Dymarska2025_associations,2,137,3.25
Dymarska2025_associations,2,138,5.125
Dymarska2025_associations,2,139,6.67822265625
Dymarska2025_associations,2,140,2.5625
Dymarska2025_associations,2,141,1.9761962890625
Dymarska2025_associations,2,142,4.322265625
Dymarska2025_associations,2,143,3.5936279296875
Dymarska2025_associations,2,144,5.9814453125
Dymarska2025_associations,2,145,16.796875
Dymarska2025_associations,2,146,5.968597412109375
Dymarska2025_associations,2,147,3.21435546875
Dymarska2025_associations,2,148,4.362274169921875
Dymarska2025_associations,2,149,5.109375
Dymarska2025_associations,2,150,5.52197265625
Dymarska2025_associations,2,151,8.7303466796875
Dymarska2025_associations,2,152,1.7646484375
Dymarska2025_associations,2,153,2.1220703125
Dymarska2025_associations,2,154,3.3114013671875
Dymarska2025_associations,2,155,5.6416015625
Dymarska2025_associations,2,156,1.740692138671875
Dymarska2025_associations,2,157,4.94189453125
Dymarska2025_associations,2,158,4.2030029296875
Dymarska2025_associations,2,159,5.96875
Dymarska2025_associations,2,160,6.101531982421875
Dymarska2025_associations,2,161,2.991943359375
Dymarska2025_associations,2,162,5.09375
Dymarska2025_associations,2,163,4.90625
Dymarska2025_associations,2,164,3.361328125
Dymarska2025_associations,2,165,4.1015625
Dymarska2025_associations,2,166,7.5706787109375
Dymarska2025_associations,2,167,3.99560546875
Dymarska2025_associations,2,168,4.65234375
Dymarska2025_associations,2,169,4.13037109375
Dymarska2025_associations,2,170,4.50390625
Dymarska2025_associations,2,171,7.59375
Dymarska2025_associations,2,172,5.976531982421875
Dymarska2025_associations,2,173,4.875
Dymarska2025_associations,2,174,5.234375
Dymarska2025_associations,2,175,5.5625
Dymarska2025_associations,2,176,8.171844482421875
Dymarska2025_associations,2,177,6.009765625
Dymarska2025_associations,2,178,6.132781982421875
Dymarska2025_associations,2,179,7.320281982421875
Dymarska2025_associations,2,180,1.6405029296875
Dymarska2025_associations,2,181,1.390350341796875
Dymarska2025_associations,2,182,1.87890625
Dymarska2025_associations,2,183,4.695281982421875
Dymarska2025_associations,2,184,3.427490234375
Dymarska2025_associations,2,185,9.515625
Dymarska2025_associations,2,186,5.320281982421875
Dymarska2025_associations,2,187,11.53125
Dymarska2025_associations,2,188,5.3984375
Dymarska2025_associations,2,189,3.34326171875
Dymarska2025_associations,2,190,6.615234375
Dymarska2025_associations,2,191,5.45166015625
Dymarska2025_associations,2,192,5.58203125
Dymarska2025_associations,2,193,6.859375
Dymarska2025_associations,2,194,3.78125
Dymarska2025_associations,2,195,4.214599609375
Dymarska2025_associations,2,196,3.9091796875
Dymarska2025_associations,2,197,7.8564453125
Dymarska2025_associations,2,198,7.03125
Dymarska2025_associations,2,199,6.875
Dymarska2025_associations,3,0,15.960693359375
Dymarska2025_associations,3,1,9.898193359375
Dymarska2025_associations,3,2,2.09375
Dymarska2025_associations,3,3,4.03125
Dymarska2025_associations,3,4,7.06640625
Dymarska2025_associations,3,5,5.65625
Dymarska2025_associations,3,6,4.0625
Dymarska2025_associations,3,7,6.515380859375
Dymarska2025_associations,3,8,5.4375
Dymarska2025_associations,3,9,5.780517578125
Dymarska2025_associations,3,10,6.0234375
Dymarska2025_associations,3,11,7.164031982421875
Dymarska2025_associations,3,12,10.73828125
Dymarska2025_associations,3,13,4.07421875
Dymarska2025_associations,3,14,7.75
Dymarska2025_associations,3,15,10.03125
Dymarska2025_associations,3,16,9.375
Dymarska2025_associations,3,17,6.31201171875
Dymarska2025_associations,3,18,4.10546875
Dymarska2025_associations,3,19,5.9375
Dymarska2025_associations,3,20,9.47900390625
Dymarska2025_associations,3,21,9.0
Dymarska2025_associations,3,22,7.4375
Dymarska2025_associations,3,23,4.3125
Dymarska2025_associations,3,24,11.203125
Dymarska2025_associations,3,25,12.265625
Dymarska2025_associations,3,26,8.0
Dymarska2025_associations,3,27,0.83984375
Dymarska2025_associations,3,28,4.375
Dymarska2025_associations,3,29,5.591796875
Dymarska2025_associations,3,30,11.78125
Dymarska2025_associations,3,31,7.5
Dymarska2025_associations,3,32,6.9169921875
Dymarska2025_associations,3,33,6.66064453125
Dymarska2025_associations,3,34,4.21240234375
Dymarska2025_associations,3,35,4.224609375
Dymarska2025_associations,3,36,6.0
Dymarska2025_associations,3,37,4.42919921875
Dymarska2025_associations,3,38,7.8046875
Dymarska2025_associations,3,39,5.1875
Dymarska2025_associations,3,40,4.796844482421875
Dymarska2025_associations,3,41,5.869140625
Dymarska2025_associations,3,42,6.078125
Dymarska2025_associations,3,43,9.080078125
Dymarska2025_associations,3,44,5.9375
Dymarska2025_associations,3,45,6.845703125
Dymarska2025_associations,3,46,7.04296875
Dymarska2025_associations,3,47,2.6875
Dymarska2025_associations,3,48,7.09375
Dymarska2025_associations,3,49,6.95703125
Dymarska2025_associations,3,50,2.166015625
Dymarska2025_associations,3,51,8.00390625
Dymarska2025_associations,3,52,9.84375
Dymarska2025_associations,3,53,5.662078857421875
Dymarska2025_associations,3,54,4.225830078125
Dymarska2025_associations,3,55,4.9248046875
Dymarska2025_associations,3,56,3.734344482421875
Dymarska2025_associations,3,57,3.54296875
Dymarska2025_associations,3,58,1.86279296875
Dymarska2025_associations,3,59,4.470703125
Dymarska2025_associations,3,60,6.51171875
Dymarska2025_associations,3,61,4.9920654296875
Dymarska2025_associations,3,62,5.72265625
Dymarska2025_associations,3,63,3.78515625
Dymarska2025_associations,3,64,4.15625
Dymarska2025_associations,3,65,13.375
Dymarska2025_associations,3,66,4.1092529296875
Dymarska2025_associations,3,67,4.8905029296875
Dymarska2025_associations,3,68,5.8125
Dymarska2025_associations,3,69,4.62109375
Dymarska2025_associations,3,70,8.625
Dymarska2025_associations,3,71,5.0
Dymarska2025_associations,3,72,5.1171875
Dymarska2025_associations,3,73,4.03076171875
Dymarska2025_associations,3,74,4.04296875
Dymarska2025_associations,3,75,4.2578125
Dymarska2025_associations,3,76,10.455078125
Dymarska2025_associations,3,77,11.5
Dymarska2025_associations,3,78,4.15234375
Dymarska2025_associations,3,79,5.3203125
Dymarska2025_associations,3,80,2.46875
Dymarska2025_associations,3,81,7.625
Dymarska2025_associations,3,82,5.9375
Dymarska2025_associations,3,83,8.9375
Dymarska2025_associations,3,84,5.93701171875
Dymarska2025_associations,3,85,2.73876953125
Dymarska2025_associations,3,86,3.3719482421875
Dymarska2025_associations,3,87,5.04833984375
Dymarska2025_associations,3,88,5.0703125
Dymarska2025_associations,3,89,3.70751953125
Dymarska2025_associations,3,90,3.253662109375
Dymarska2025_associations,3,91,10.8515625
Dymarska2025_associations,3,92,6.88525390625
Dymarska2025_associations,3,93,7.890625
Dymarska2025_associations,3,94,2.2900390625
Dymarska2025_associations,3,95,5.335784912109375
Dymarska2025_associations,3,96,6.875
Dymarska2025_associations,3,97,4.3125
Dymarska2025_associations,3,98,8.36328125
Dymarska2025_associations,3,99,6.4375
Dymarska2025_associations,3,100,4.154296875
Dymarska2025_associations,3,101,10.5146484375
Dymarska2025_associations,3,102,6.0625
Dymarska2025_associations,3,103,10.73974609375
Dymarska2025_associations,3,104,10.09375
Dymarska2025_associations,3,105,10.5
Dymarska2025_associations,3,106,7.92822265625
Dymarska2025_associations,3,107,5.046875
Dymarska2025_associations,3,108,4.51171875
Dymarska2025_associations,3,109,7.70703125
Dymarska2025_associations,3,110,2.83203125
Dymarska2025_associations,3,111,2.98828125
Dymarska2025_associations,3,112,6.0625
Dymarska2025_associations,3,113,7.61572265625
Dymarska2025_associations,3,114,6.73828125
Dymarska2025_associations,3,115,10.37890625
Dymarska2025_associations,3,116,6.77734375
Dymarska2025_associations,3,117,6.58984375
Dymarska2025_associations,3,118,7.3125
Dymarska2025_associations,3,119,8.07421875
Dymarska2025_associations,3,120,6.690673828125
Dymarska2025_associations,3,121,9.37890625
Dymarska2025_associations,3,122,3.20947265625
Dymarska2025_associations,3,123,9.59375
Dymarska2025_associations,3,124,8.83203125
Dymarska2025_associations,3,125,8.3125
Dymarska2025_associations,3,126,6.515869140625
Dymarska2025_associations,3,127,3.4609375
Dymarska2025_associations,3,128,1.124755859375
Dymarska2025_associations,3,129,4.8515625
Dymarska2025_associations,3,130,6.6875
Dymarska2025_associations,3,131,5.15625
Dymarska2025_associations,3,132,3.56884765625
Dymarska2025_associations,3,133,4.158203125
Dymarska2025_associations,3,134,4.78125
Dymarska2025_associations,3,135,7.25
Dymarska2025_associations,3,136,6.5703125
Dymarska2025_associations,3,137,3.5498046875
Dymarska2025_associations,3,138,8.015625
Dymarska2025_associations,3,139,2.8125
Dymarska2025_associations,3,140,5.625
Dymarska2025_associations,3,141,9.0
Dymarska2025_associations,3,142,5.25
Dymarska2025_associations,3,143,3.5311279296875
Dymarska2025_associations,3,144,2.53125
Dymarska2025_associations,3,145,11.125
Dymarska2025_associations,3,146,5.2265625
Dymarska2025_associations,3,147,4.5654296875
Dymarska2025_associations,3,148,5.7655029296875
Dymarska2025_associations,3,149,3.765625
Dymarska2025_associations,3,150,1.234375
Dymarska2025_associations,3,151,5.7412109375
Dymarska2025_associations,3,152,4.94140625
Dymarska2025_associations,3,153,9.1689453125
Dymarska2025_associations,3,154,1.201171875
Dymarska2025_associations,3,155,7.0
Dymarska2025_associations,3,156,6.9375
Dymarska2025_associations,3,157,4.859375
Dymarska2025_associations,3,158,4.5703125
Dymarska2025_associations,3,159,7.09375
Dymarska2025_associations,3,160,8.375
Dymarska2025_associations,3,161,1.514617919921875
Dymarska2025_associations,3,162,6.97265625
Dymarska2025_associations,3,163,9.007781982421875
Dymarska2025_associations,3,164,6.701171875
Dymarska2025_associations,3,165,14.620361328125
Dymarska2025_associations,3,166,6.2734375
Dymarska2025_associations,3,167,6.30517578125
Dymarska2025_associations,3,168,5.015625
Dymarska2025_associations,3,169,3.18359375
Dymarska2025_associations,3,170,5.351318359375
Dymarska2025_associations,3,171,12.09375
Dymarska2025_associations,3,172,6.6796875
Dymarska2025_associations,3,173,4.744140625
Dymarska2025_associations,4,0,11.6328125
Dymarska2025_associations,4,1,4.26171875
Dymarska2025_associations,4,2,6.130859375
Dymarska2025_associations,4,3,1.41796875
Dymarska2025_associations,4,4,6.0625
Dymarska2025_associations,4,5,3.737274169921875
Dymarska2025_associations,4,6,2.540008544921875
Dymarska2025_associations,4,7,5.585693359375
Dymarska2025_associations,4,8,3.1640625
Dymarska2025_associations,4,9,7.14453125
Dymarska2025_associations,4,10,10.59375
Dymarska2025_associations,4,11,5.734375
Dymarska2025_associations,4,12,7.2490234375
Dymarska2025_associations,4,13,4.7890625
Dymarska2025_associations,4,14,12.328125
Dymarska2025_associations,4,15,8.85546875
Dymarska2025_associations,4,16,4.9375
Dymarska2025_associations,4,17,12.96875
Dymarska2025_associations,4,18,4.63671875
Dymarska2025_associations,4,19,5.8515625
Dymarska2025_associations,4,20,2.84375
Dymarska2025_associations,4,21,7.1015625
Dymarska2025_associations,4,22,10.898193359375
Dymarska2025_associations,4,23,2.054443359375
Dymarska2025_associations,4,24,7.03125
Dymarska2025_associations,4,25,6.15625
Dymarska2025_associations,4,26,12.1717529296875
Dymarska2025_associations,4,27,9.606414794921875
Dymarska2025_associations,4,28,5.7626953125
Dymarska2025_associations,4,29,6.1923828125
Dymarska2025_associations,4,30,2.431640625
Dymarska2025_associations,4,31,11.65625
Dymarska2025_associations,4,32,10.22265625
Dymarska2025_associations,4,33,5.6298828125
Dymarska2025_associations,4,34,5.744140625
Dymarska2025_associations,4,35,5.9375
Dymarska2025_associations,4,36,10.800750732421875
Dymarska2025_associations,4,37,8.625
Dymarska2025_associations,4,38,5.884735107421875
Dymarska2025_associations,4,39,9.259735107421875
Dymarska2025_associations,4,40,3.22265625
Dymarska2025_associations,4,41,2.53125
Dymarska2025_associations,4,42,4.498046875
Dymarska2025_associations,4,43,4.335906982421875
Dymarska2025_associations,4,44,6.3515625
Dymarska2025_associations,4,45,7.34375
Dymarska2025_associations,4,46,3.76513671875
Dymarska2025_associations,4,47,4.92578125
Dymarska2025_associations,4,48,9.404296875
Dymarska2025_associations,4,49,3.453125
Dymarska2025_associations,4,50,5.87451171875
Dymarska2025_associations,4,51,6.79296875
Dymarska2025_associations,4,52,4.498046875
Dymarska2025_associations,4,53,7.5283203125
Dymarska2025_associations,4,54,8.7655029296875
Dymarska2025_associations,4,55,9.93359375
Dymarska2025_associations,4,56,15.140625
Dymarska2025_associations,4,57,10.578125
Dymarska2025_associations,4,58,9.125
Dymarska2025_associations,4,59,4.5068359375
Dymarska2025_associations,4,60,6.255859375
Dymarska2025_associations,4,61,4.9716796875
Dymarska2025_associations,4,62,12.056640625
Dymarska2025_associations,4,63,3.56689453125
Dymarska2025_associations,4,64,7.475830078125
Dymarska2025_associations,4,65,5.140625
Dymarska2025_associations,4,66,4.2734375
Dymarska2025_associations,4,67,16.0732421875
Dymarska2025_associations,4,68,7.173828125
Dymarska2025_associations,4,69,5.0
Dymarska2025_associations,4,70,12.952880859375
Dymarska2025_associations,4,71,6.265625
Dymarska2025_associations,4,72,5.75048828125
Dymarska2025_associations,4,73,7.600830078125
Dymarska2025_associations,4,74,7.8046875
Dymarska2025_associations,4,75,6.625
Dymarska2025_associations,4,76,4.02197265625
Dymarska2025_associations,4,77,4.001922607421875
Dymarska2025_associations,4,78,8.898193359375
Dymarska2025_associations,4,79,2.8348388671875
Dymarska2025_associations,4,80,2.6826171875
Dymarska2025_associations,4,81,5.328125
Dymarska2025_associations,4,82,5.9296875
Dymarska2025_associations,4,83,7.731903076171875
Dymarska2025_associations,4,84,10.0390625
Dymarska2025_associations,4,85,5.359130859375
Dymarska2025_associations,4,86,8.8828125
Dymarska2025_associations,4,87,10.55517578125
Dymarska2025_associations,4,88,4.1083984375
Dymarska2025_associations,4,89,7.544921875
Dymarska2025_associations,4,90,6.296875
Dymarska2025_associations,4,91,6.0283203125
Dymarska2025_associations,4,92,4.01171875
Dymarska2025_associations,4,93,6.421875
Dymarska2025_associations,4,94,3.999969482421875
Dymarska2025_associations,4,95,4.2342529296875
Dymarska2025_associations,4,96,2.8271484375
Dymarska2025_associations,4,97,9.776123046875
Dymarska2025_associations,4,98,5.046875
Dymarska2025_associations,4,99,5.0
Dymarska2025_associations,4,100,5.9453125
Dymarska2025_associations,4,101,7.0234375
Dymarska2025_associations,4,102,8.31787109375
Dymarska2025_associations,4,103,5.64599609375
Dymarska2025_associations,4,104,7.09619140625
Dymarska2025_associations,4,105,9.4541015625
Dymarska2025_associations,4,106,9.070281982421875
Dymarska2025_associations,4,107,4.4716796875
Dymarska2025_associations,4,108,2.929443359375
Dymarska2025_associations,4,109,4.734375
Dymarska2025_associations,4,110,7.7655029296875
Dymarska2025_associations,4,111,5.125
Dymarska2025_associations,4,112,3.84375
Dymarska2025_associations,4,113,6.875
Dymarska2025_associations,4,114,5.167938232421875
Dymarska2025_associations,4,115,2.62109375
Dymarska2025_associations,4,116,10.318359375
Dymarska2025_associations,4,117,8.31243896484375
Dymarska2025_associations,4,118,5.570281982421875
Dymarska2025_associations,4,119,7.578125
Dymarska2025_associations,4,120,3.03125
Dymarska2025_associations,4,121,5.960906982421875
Dymarska2025_associations,4,122,8.1669921875
Dymarska2025_associations,4,123,7.953125
Dymarska2025_associations,4,124,4.38671875
Dymarska2025_associations,4,125,3.81396484375
Dymarska2025_associations,4,126,11.68701171875
Dymarska2025_associations,4,127,8.625
Dymarska2025_associations,4,128,4.109375
Dymarska2025_associations,4,129,5.92822265625
Dymarska2025_associations,4,130,6.2420654296875
Dymarska2025_associations,4,131,5.9140625
Dymarska2025_associations,4,132,12.734375
Dymarska2025_associations,4,133,9.195159912109375
Dymarska2025_associations,4,134,12.32421875
Dymarska2025_associations,4,135,4.7001953125
Dymarska2025_associations,4,136,7.429656982421875
Dymarska2025_associations,4,137,3.5
Dymarska2025_associations,4,138,8.46484375
Dymarska2025_associations,4,139,7.544921875
Dymarska2025_associations,4,140,8.375
Dymarska2025_associations,4,141,8.625
Dymarska2025_associations,4,142,6.625
Dymarska2025_associations,4,143,6.1171875
Dymarska2025_associations,4,144,6.33251953125
Dymarska2025_associations,4,145,7.288330078125
Dymarska2025_associations,4,146,11.382293701171875
Dymarska2025_associations,4,147,6.025390625
Dymarska2025_associations,4,148,14.11328125
Dymarska2025_associations,4,149,7.359375
Dymarska2025_associations,4,150,6.78466796875
Dymarska2025_associations,4,151,6.6064453125
Dymarska2025_associations,4,152,10.13525390625
Dymarska2025_associations,4,153,3.734375
Dymarska2025_associations,4,154,3.3359375
Dymarska2025_associations,4,155,8.3125
Dymarska2025_associations,4,156,9.3773193359375
Dymarska2025_associations,4,157,7.2060546875
Dymarska2025_associations,4,158,6.8984375
Dymarska2025_associations,4,159,6.75
Dymarska2025_associations,4,160,11.72265625
Dymarska2025_associations,4,161,8.876922607421875
Dymarska2025_associations,4,162,5.0
Dymarska2025_associations,4,163,4.28125
Dymarska2025_associations,4,164,2.703094482421875
Dymarska2025_associations,4,165,6.3720703125
Dymarska2025_associations,4,166,7.5
Dymarska2025_associations,4,167,8.33203125
Dymarska2025_associations,4,168,4.127197265625
Dymarska2025_associations,4,169,3.6640625
Dymarska2025_associations,4,170,7.86328125
Dymarska2025_associations,4,171,7.421875
Dymarska2025_associations,4,172,10.203125
Dymarska2025_associations,4,173,6.27734375
Dymarska2025_associations,4,174,8.250732421875
Dymarska2025_associations,5,0,14.765625
Dymarska2025_associations,5,1,2.75
Dymarska2025_associations,5,2,8.9375
Dymarska2025_associations,5,3,4.34375
Dymarska2025_associations,5,4,5.83984375
Dymarska2025_associations,5,5,13.4764404296875
Dymarska2025_associations,5,6,6.77734375
Dymarska2025_associations,5,7,6.171875
Dymarska2025_associations,5,8,6.53515625
Dymarska2025_associations,5,9,8.697265625
Dymarska2025_associations,5,10,8.0390625
Dymarska2025_associations,5,11,5.8759765625
Dymarska2025_associations,5,12,7.68359375
Dymarska2025_associations,5,13,11.25
Dymarska2025_associations,5,14,8.879638671875
Dymarska2025_associations,5,15,5.5078125
Dymarska2025_associations,5,16,7.5
Dymarska2025_associations,5,17,8.4375
Dymarska2025_associations,5,18,6.638671875
Dymarska2025_associations,5,19,6.5
Dymarska2025_associations,5,20,5.3916015625
Dymarska2025_associations,5,21,2.74609375
Dymarska2025_associations,5,22,2.4375
Dymarska2025_associations,5,23,9.1875
Dymarska2025_associations,5,24,6.625
Dymarska2025_associations,5,25,8.03076171875
Dymarska2025_associations,5,26,5.296875
Dymarska2025_associations,5,27,7.265625
Dymarska2025_associations,5,28,5.3125
Dymarska2025_associations,5,29,12.101531982421875
Dymarska2025_associations,5,30,11.0068359375
Dymarska2025_associations,5,31,6.47265625
Dymarska2025_associations,5,32,5.958984375
Dymarska2025_associations,5,33,5.25
Dymarska2025_associations,5,34,4.953125
Dymarska2025_associations,5,35,5.23876953125
Dymarska2025_associations,5,36,4.8671875
Dymarska2025_associations,5,37,4.62890625
Dymarska2025_associations,5,38,7.742156982421875
Dymarska2025_associations,5,39,6.7225341796875
Dymarska2025_associations,5,40,5.71875
Dymarska2025_associations,5,41,8.375
Dymarska2025_associations,5,42,7.78515625
Dymarska2025_associations,5,43,9.743133544921875
Dymarska2025_associations,5,44,10.77587890625
Dymarska2025_associations,5,45,8.210693359375
Dymarska2025_associations,5,46,9.5625
Dymarska2025_associations,5,47,4.0771484375
Dymarska2025_associations,5,48,2.928955078125
Dymarska2025_associations,5,49,4.023406982421875
Dymarska2025_associations,5,50,3.5703125
Dymarska2025_associations,5,51,3.484375
Dymarska2025_associations,5,52,4.36767578125
Dymarska2025_associations,5,53,4.619140625
Dymarska2025_associations,5,54,4.748046875
Dymarska2025_associations,5,55,8.3125
Dymarska2025_associations,5,56,4.29296875
Dymarska2025_associations,5,57,0.4599609375
Dymarska2025_associations,5,58,7.404296875
Dymarska2025_associations,5,59,3.1337890625
Dymarska2025_associations,5,60,7.8203125
Dymarska2025_associations,5,61,3.29052734375
Dymarska2025_associations,5,62,5.9375
Dymarska2025_associations,5,63,9.203125
Dymarska2025_associations,5,64,6.203125
Dymarska2025_associations,5,65,8.53125
Dymarska2025_associations,5,66,5.103515625
Dymarska2025_associations,5,67,5.7109375
Dymarska2025_associations,5,68,6.585693359375
Dymarska2025_associations,5,69,4.964813232421875
Dymarska2025_associations,5,70,5.8671875
Dymarska2025_associations,5,71,6.16015625
Dymarska2025_associations,5,72,11.7333984375
Dymarska2025_associations,5,73,3.609375
Dymarska2025_associations,5,74,6.8798828125
Dymarska2025_associations,5,75,5.921875
Dymarska2025_associations,5,76,6.03125
Dymarska2025_associations,5,77,2.2498779296875
Dymarska2025_associations,5,78,2.50634765625
Dymarska2025_associations,5,79,2.1767578125
Dymarska2025_associations,5,80,2.601531982421875
Dymarska2025_associations,5,81,1.53509521484375
Dymarska2025_associations,5,82,5.7646484375
Dymarska2025_associations,5,83,5.65625
Dymarska2025_associations,5,84,1.83587646484375
Dymarska2025_associations,5,85,5.632781982421875
Dymarska2025_associations,5,86,7.1875
Dymarska2025_associations,5,87,8.046875
Dymarska2025_associations,5,88,8.19189453125
Dymarska2025_associations,5,89,4.27001953125
Dymarska2025_associations,5,90,5.37060546875
Dymarska2025_associations,5,91,8.449676513671875
Dymarska2025_associations,5,92,7.03125
Dymarska2025_associations,5,93,7.078125
Dymarska2025_associations,5,94,18.640625
Dymarska2025_associations,5,95,4.25
Dymarska2025_associations,5,96,5.1962890625
Dymarska2025_associations,5,97,2.085906982421875
Dymarska2025_associations,5,98,4.351531982421875
Dymarska2025_associations,5,99,3.437957763671875
Dymarska2025_associations,5,100,3.4842529296875
Dymarska2025_associations,5,101,4.71875
Dymarska2025_associations,5,102,6.6953125
Dymarska2025_associations,5,103,2.734375
Dymarska2025_associations,5,104,1.2265625
Dymarska2025_associations,5,105,5.5927734375
Dymarska2025_associations,5,106,7.6561279296875
Dymarska2025_associations,5,107,6.671875
Dymarska2025_associations,5,108,6.2939453125
Dymarska2025_associations,5,109,2.66796875
Dymarska2025_associations,5,110,7.4761962890625
Dymarska2025_associations,5,111,7.0849609375
Dymarska2025_associations,5,112,5.75
Dymarska2025_associations,5,113,4.78515625
Dymarska2025_associations,5,114,2.24462890625
Dymarska2025_associations,5,115,11.162078857421875
Dymarska2025_associations,5,116,2.1197509765625
Dymarska2025_associations,5,117,6.116943359375
Dymarska2025_associations,5,118,3.1871337890625
Dymarska2025_associations,5,119,7.921875
Dymarska2025_associations,5,120,7.673828125
Dymarska2025_associations,5,121,3.2783203125
Dymarska2025_associations,5,122,4.585693359375
Dymarska2025_associations,5,123,3.663543701171875
Dymarska2025_associations,5,124,6.6875
Dymarska2025_associations,5,125,5.29150390625
Dymarska2025_associations,5,126,4.867156982421875
Dymarska2025_associations,5,127,4.28515625
Dymarska2025_associations,5,128,7.662109375
Dymarska2025_associations,5,129,6.07421875
Dymarska2025_associations,5,130,4.285125732421875
Dymarska2025_associations,5,131,9.234375
Dymarska2025_associations,5,132,1.88232421875
Dymarska2025_associations,5,133,2.163543701171875
Dymarska2025_associations,5,134,4.83203125
Dymarska2025_associations,5,135,3.234375
Dymarska2025_associations,5,136,4.373046875
Dymarska2025_associations,5,137,5.25
Dymarska2025_associations,5,138,10.125
Dymarska2025_associations,5,139,4.5390625
Dymarska2025_associations,5,140,1.5936279296875
Dymarska2025_associations,5,141,2.921875
Dymarska2025_associations,5,142,11.117034912109375
Dymarska2025_associations,5,143,3.670379638671875
Dymarska2025_associations,5,144,7.169921875
Dymarska2025_associations,5,145,4.0859375
Dymarska2025_associations,5,146,5.83984375
Dymarska2025_associations,5,147,5.921875
Dymarska2025_associations,5,148,6.55859375
Dymarska2025_associations,5,149,4.640625
Dymarska2025_associations,5,150,9.4140625
Dymarska2025_associations,5,151,10.46875
Dymarska2025_associations,5,152,5.243133544921875
Dymarska2025_associations,5,153,10.709930419921875
Dymarska2025_associations,5,154,11.0
Dymarska2025_associations,5,155,6.349365234375
Dymarska2025_associations,5,156,5.8125
Dymarska2025_associations,5,157,8.8125
Dymarska2025_associations,5,158,6.43701171875
Dymarska2025_associations,6,0,13.3916015625
Dymarska2025_associations,6,1,1.2265625
Dymarska2025_associations,6,2,10.473388671875
Dymarska2025_associations,6,3,9.6328125
Dymarska2025_associations,6,4,6.71875
Dymarska2025_associations,6,5,5.822265625
Dymarska2025_associations,6,6,4.5625
Dymarska2025_associations,6,7,3.890625
Dymarska2025_associations,6,8,0.43157958984375
Dymarska2025_associations,6,9,6.9136962890625
Dymarska2025_associations,6,10,13.34326171875
Dymarska2025_associations,6,11,7.0439453125
Dymarska2025_associations,6,12,8.30078125
Dymarska2025_associations,6,13,9.796875
Dymarska2025_associations,6,14,5.20751953125
Dymarska2025_associations,6,15,10.6982421875
Dymarska2025_associations,6,16,6.99951171875
Dymarska2025_associations,6,17,12.75
Dymarska2025_associations,6,18,8.85546875
Dymarska2025_associations,6,19,4.15234375
Dymarska2025_associations,6,20,5.25
Dymarska2025_associations,6,21,4.01171875
Dymarska2025_associations,6,22,8.4375
Dymarska2025_associations,6,23,4.8154296875
Dymarska2025_associations,6,24,7.935546875
Dymarska2025_associations,6,25,3.7890625
Dymarska2025_associations,6,26,8.2021484375
Dymarska2025_associations,6,27,5.0830078125
Dymarska2025_associations,6,28,4.783203125
Dymarska2025_associations,6,29,3.97412109375
Dymarska2025_associations,6,30,2.9560546875
Dymarska2025_associations,6,31,5.720703125
Dymarska2025_associations,6,32,11.0
Dymarska2025_associations,6,33,8.773193359375
Dymarska2025_associations,6,34,6.15625
Dymarska2025_associations,6,35,7.8125
Dymarska2025_associations,6,36,3.68359375
Dymarska2025_associations,6,37,7.812469482421875
Dymarska2025_associations,6,38,14.71875
Dymarska2025_associations,6,39,8.078125
Dymarska2025_associations,6,40,7.5833740234375
Dymarska2025_associations,6,41,1.812469482421875
Dymarska2025_associations,6,42,5.37451171875
Dymarska2025_associations,6,43,7.09375
Dymarska2025_associations,6,44,1.169921875
Dymarska2025_associations,6,45,4.125
Dymarska2025_associations,6,46,7.2001953125
Dymarska2025_associations,6,47,6.890625
Dymarska2025_associations,6,48,2.0467529296875
Dymarska2025_associations,6,49,5.15625
Dymarska2025_associations,6,50,8.857421875
Dymarska2025_associations,6,51,3.603515625
Dymarska2025_associations,6,52,6.48431396484375
Dymarska2025_associations,6,53,7.43359375
Dymarska2025_associations,6,54,5.93701171875
Dymarska2025_associations,6,55,8.007568359375
Dymarska2025_associations,6,56,8.300537109375
Dymarska2025_associations,6,57,4.73828125
Dymarska2025_associations,6,58,8.90625
Dymarska2025_associations,6,59,1.560546875
Dymarska2025_associations,6,60,1.0419921875
Dymarska2025_associations,6,61,5.107421875
Dymarska2025_associations,6,62,3.413330078125
Dymarska2025_associations,6,63,4.460906982421875
Dymarska2025_associations,6,64,8.234375
Dymarska2025_associations,6,65,3.544921875
Dymarska2025_associations,6,66,7.90625
Dymarska2025_associations,6,67,5.25927734375
Dymarska2025_associations,6,68,10.6484375
Dymarska2025_associations,6,69,7.03125
Dymarska2025_associations,6,70,3.6953125
Dymarska2025_associations,6,71,1.3564453125
Dymarska2025_associations,6,72,6.640625
Dymarska2025_associations,6,73,4.6953125
Dymarska2025_associations,6,74,5.2666015625
Dymarska2025_associations,6,75,5.491943359375
Dymarska2025_associations,6,76,5.8857421875
Dymarska2025_associations,6,77,6.4140625
Dymarska2025_associations,6,78,4.4521484375
Dymarska2025_associations,6,79,4.51953125
Dymarska2025_associations,6,80,2.289031982421875
Dymarska2025_associations,6,81,5.65625
Dymarska2025_associations,6,82,13.3592529296875
Dymarska2025_associations,6,83,6.39453125
Dymarska2025_associations,6,84,4.580535888671875
Dymarska2025_associations,6,85,6.53515625
Dymarska2025_associations,6,86,5.4296875
Dymarska2025_associations,6,87,10.8505859375
Dymarska2025_associations,6,88,6.5936279296875
Dymarska2025_associations,6,89,6.375
Dymarska2025_associations,6,90,5.6171875
Dymarska2025_associations,6,91,11.1875
Dymarska2025_associations,6,92,5.9521484375
Dymarska2025_associations,6,93,4.28125
Dymarska2025_associations,6,94,6.03125
Dymarska2025_associations,6,95,4.850830078125
Dymarska2025_associations,6,96,13.225830078125
Dymarska2025_associations,6,97,2.089813232421875
Dymarska2025_associations,6,98,5.0625
Dymarska2025_associations,6,99,5.736328125
Dymarska2025_associations,6,100,4.375
Dymarska2025_associations,6,101,6.2537841796875
Dymarska2025_associations,6,102,1.5625
Dymarska2025_associations,6,103,7.1640625
Dymarska2025_associations,6,104,6.226531982421875
Dymarska2025_associations,6,105,6.826873779296875
Dymarska2025_associations,6,106,7.71875
Dymarska2025_associations,6,107,4.94921875
Dymarska2025_associations,6,108,7.1875
Dymarska2025_associations,6,109,1.0263671875
Dymarska2025_associations,6,110,5.9359130859375
Dymarska2025_associations,6,111,5.791961669921875
Dymarska2025_associations,6,112,2.9892578125
Dymarska2025_associations,6,113,5.57763671875
Dymarska2025_associations,6,114,4.5234375
Dymarska2025_associations,6,115,2.96484375
Dymarska2025_associations,6,116,5.6796875
Dymarska2025_associations,6,117,2.203125
Dymarska2025_associations,6,118,7.84375
Dymarska2025_associations,6,119,9.310546875
Dymarska2025_associations,6,120,4.515625
Dymarska2025_associations,6,121,9.4295654296875
Dymarska2025_associations,6,122,4.8662109375
Dymarska2025_associations,6,123,11.40625
Dymarska2025_associations,6,124,4.2030029296875
Dymarska2025_associations,6,125,4.15966796875
Dymarska2025_associations,6,126,6.515625
Dymarska2025_associations,6,127,6.97265625
Dymarska2025_associations,6,128,4.12890625
Dymarska2025_associations,6,129,3.234375
Dymarska2025_associations,6,130,8.9124755859375
Dymarska2025_associations,6,131,8.507781982421875
Dymarska2025_associations,6,132,8.4609375
Dymarska2025_associations,6,133,4.05859375
Dymarska2025_associations,6,134,8.875
Dymarska2025_associations,6,135,6.631591796875
Dymarska2025_associations,6,136,7.5625
Dymarska2025_associations,6,137,5.070281982421875
Dymarska2025_associations,6,138,3.46875
Dymarska2025_associations,6,139,5.2413330078125
Dymarska2025_associations,6,140,3.69921875
Dymarska2025_associations,6,141,7.484375
Dymarska2025_associations,6,142,4.0458984375
Dymarska2025_associations,6,143,3.3778076171875
Dymarska2025_associations,6,144,2.96826171875
Dymarska2025_associations,6,145,3.9456787109375
Dymarska2025_associations,6,146,1.49169921875
Dymarska2025_associations,6,147,2.2186279296875
Dymarska2025_associations,6,148,4.84375
Dymarska2025_associations,6,149,4.03125
Dymarska2025_associations,6,150,5.046875
Dymarska2025_associations,6,151,15.8125
Dymarska2025_associations,6,152,10.1875
Dymarska2025_associations,6,153,5.16015625
Dymarska2025_associations,6,154,6.59765625
Dymarska2025_associations,6,155,8.875
Dymarska2025_associations,6,156,3.304656982421875
Dymarska2025_associations,6,157,5.671875
Dymarska2025_associations,6,158,4.5625
Dymarska2025_associations,6,159,5.1708984375
Dymarska2025_associations,6,160,10.328125
Dymarska2025_associations,6,161,10.875
Dymarska2025_associations,6,162,6.609375
Dymarska2025_associations,6,163,7.1639404296875
Dymarska2025_associations,6,164,10.625
Dymarska2025_associations,6,165,8.346160888671875
Dymarska2025_associations,6,166,0.898406982421875
Dymarska2025_associations,6,167,1.2108154296875
Dymarska2025_associations,6,168,4.90576171875
Dymarska2025_associations,6,169,2.42138671875
Dymarska2025_associations,6,170,6.96875
Dymarska2025_associations,6,171,7.125
Dymarska2025_associations,6,172,10.960906982421875
Dymarska2025_associations,6,173,8.125
Dymarska2025_associations,6,174,12.54150390625
Dymarska2025_associations,6,175,10.4765625
Dymarska2025_associations,6,176,6.439208984375
Dymarska2025_associations,6,177,10.0390625
Dymarska2025_associations,6,178,4.246063232421875
Dymarska2025_associations,6,179,6.6328125
Dymarska2025_associations,6,180,3.1796875
Dymarska2025_associations,6,181,5.890625
Dymarska2025_associations,6,182,10.0546875
Dymarska2025_associations,6,183,8.3623046875
Dymarska2025_associations,6,184,7.314453125
Dymarska2025_associations,6,185,6.513519287109375
Dymarska2025_associations,7,0,14.71484375
Dymarska2025_associations,7,1,8.9453125
Dymarska2025_associations,7,2,5.2626953125
Dymarska2025_associations,7,3,8.7109375
Dymarska2025_associations,7,4,7.8974609375
Dymarska2025_associations,7,5,5.9375
Dymarska2025_associations,7,6,4.96826171875
Dymarska2025_associations,7,7,7.13671875
Dymarska2025_associations,7,8,6.4609375
Dymarska2025_associations,7,9,7.6875
Dymarska2025_associations,7,10,6.0
Dymarska2025_associations,7,11,4.46484375
Dymarska2025_associations,7,12,5.24981689453125
Dymarska2025_associations,7,13,7.953125
Dymarska2025_associations,7,14,6.632080078125
Dymarska2025_associations,7,15,5.1015625
Dymarska2025_associations,7,16,6.5625
Dymarska2025_associations,7,17,6.125
Dymarska2025_associations,7,18,9.0625
Dymarska2025_associations,7,19,11.125
Dymarska2025_associations,7,20,6.5
Dymarska2025_associations,7,21,4.953125
Dymarska2025_associations,7,22,8.23828125
Dymarska2025_associations,7,23,3.50390625
Dymarska2025_associations,7,24,6.578125
Dymarska2025_associations,7,25,5.9296875
Dymarska2025_associations,7,26,5.0751953125
Dymarska2025_associations,7,27,4.31201171875
Dymarska2025_associations,7,28,7.65625
Dymarska2025_associations,7,29,7.703125
Dymarska2025_associations,7,30,7.216796875
Dymarska2025_associations,7,31,6.1875
Dymarska2025_associations,7,32,5.6640625
Dymarska2025_associations,7,33,8.966796875
Dymarska2025_associations,7,34,11.46484375
Dymarska2025_associations,7,35,9.3304443359375
Dymarska2025_associations,7,36,7.34375
Dymarska2025_associations,7,37,10.8125
Dymarska2025_associations,7,38,5.96484375
Dymarska2025_associations,7,39,4.125
Dymarska2025_associations,7,40,0.550750732421875
Dymarska2025_associations,7,41,4.257781982421875
Dymarska2025_associations,7,42,3.4609375
Dymarska2025_associations,7,43,4.23046875
Dymarska2025_associations,7,44,5.77001953125
Dymarska2025_associations,7,45,8.779296875
Dymarska2025_associations,7,46,5.01171875
Dymarska2025_associations,7,47,5.12451171875
Dymarska2025_associations,7,48,3.54638671875
Dymarska2025_associations,7,49,12.023193359375
Dymarska2025_associations,7,50,3.26171875
Dymarska2025_associations,7,51,11.59375
Dymarska2025_associations,7,52,5.5076904296875
Dymarska2025_associations,7,53,10.25
Dymarska2025_associations,7,54,6.52734375
Dymarska2025_associations,7,55,3.66015625
Dymarska2025_associations,7,56,4.25
Dymarska2025_associations,7,57,15.78125
Dymarska2025_associations,7,58,8.3125
Dymarska2025_associations,7,59,10.0
Dymarska2025_associations,7,60,5.1875
Dymarska2025_associations,7,61,3.65625
Dymarska2025_associations,7,62,4.304443359375
Dymarska2025_associations,7,63,5.38671875
Dymarska2025_associations,7,64,8.830078125
Dymarska2025_associations,7,65,7.5966796875
Dymarska2025_associations,7,66,4.30078125
Dymarska2025_associations,7,67,4.7626953125
Dymarska2025_associations,7,68,3.02490234375
Dymarska2025_associations,7,69,5.20703125
Dymarska2025_associations,7,70,2.906219482421875
Dymarska2025_associations,7,71,4.109375
Dymarska2025_associations,7,72,0.448974609375
Dymarska2025_associations,7,73,7.53125
Dymarska2025_associations,7,74,5.5888671875
Dymarska2025_associations,7,75,2.303955078125
Dymarska2025_associations,7,76,0.6131591796875
Dymarska2025_associations,7,77,6.9375
Dymarska2025_associations,7,78,7.5703125
Dymarska2025_associations,7,79,4.078125
Dymarska2025_associations,7,80,5.28515625
Dymarska2025_associations,7,81,2.74072265625
Dymarska2025_associations,7,82,6.55126953125
Dymarska2025_associations,7,83,5.125
Dymarska2025_associations,7,84,1.5078125
Dymarska2025_associations,7,85,4.95751953125
Dymarska2025_associations,7,86,3.642578125
Dymarska2025_associations,7,87,2.126953125
Dymarska2025_associations,7,88,5.875
Dymarska2025_associations,7,89,3.421875
Dymarska2025_associations,7,90,8.890625
Dymarska2025_associations,7,91,7.84765625
Dymarska2025_associations,7,92,2.35546875
Dymarska2025_associations,7,93,4.796875
Dymarska2025_associations,7,94,5.945281982421875
Dymarska2025_associations,7,95,5.765625
Dymarska2025_associations,7,96,3.94921875
Dymarska2025_associations,7,97,4.875
Dymarska2025_associations,7,98,5.6064453125
Dymarska2025_associations,7,99,4.3037109375
Dymarska2025_associations,7,100,0.65625
Dymarska2025_associations,7,101,1.4296875
Dymarska2025_associations,7,102,6.1875
Dymarska2025_associations,7,103,4.281219482421875
Dymarska2025_associations,7,104,10.43798828125
Dymarska2025_associations,7,105,9.335693359375
Dymarska2025_associations,7,106,3.1561279296875
Dymarska2025_associations,7,107,4.375
Dymarska2025_associations,7,108,8.671875
Dymarska2025_associations,7,109,9.25
Dymarska2025_associations,7,110,6.03125
Dymarska2025_associations,7,111,7.2265625
Dymarska2025_associations,7,112,5.460906982421875
Dymarska2025_associations,7,113,4.7265625
Dymarska2025_associations,7,114,1.7265625
Dymarska2025_associations,7,115,5.374969482421875
Dymarska2025_associations,7,116,7.03125
Dymarska2025_associations,7,117,7.314453125
Dymarska2025_associations,7,118,9.71484375
Dymarska2025_associations,7,119,4.79833984375
Dymarska2025_associations,7,120,6.84326171875
Dymarska2025_associations,7,121,5.33984375
Dymarska2025_associations,7,122,5.6953125
Dymarska2025_associations,7,123,5.24609375
Dymarska2025_associations,7,124,5.453125
Dymarska2025_associations,7,125,2.92138671875
Dymarska2025_associations,7,126,4.609375
Dymarska2025_associations,7,127,7.96875
Dymarska2025_associations,7,128,3.8748779296875
Dymarska2025_associations,7,129,2.734375
Dymarska2025_associations,7,130,1.203094482421875
Dymarska2025_associations,7,131,1.3592529296875
Dymarska2025_associations,7,132,3.390625
Dymarska2025_associations,7,133,5.12451171875
Dymarska2025_associations,7,134,11.90625
Dymarska2025_associations,7,135,8.47265625
Dymarska2025_associations,7,136,7.707977294921875
Dymarska2025_associations,7,137,7.841796875
Dymarska2025_associations,7,138,7.8828125
Dymarska2025_associations,7,139,10.53125
Dymarska2025_associations,7,140,7.75537109375
Dymarska2025_associations,7,141,0.023193359375
Dymarska2025_associations,7,142,7.076416015625
Dymarska2025_associations,7,143,4.50927734375
Dymarska2025_associations,7,144,5.757781982421875
Dymarska2025_associations,7,145,7.5155029296875
Dymarska2025_associations,7,146,4.2816162109375
Dymarska2025_associations,7,147,3.1875
Dymarska2025_associations,7,148,6.625
Dymarska2025_associations,7,149,6.4375
Dymarska2025_associations,7,150,4.5
Dymarska2025_associations,7,151,5.34375
Dymarska2025_associations,7,152,3.71826171875
Dymarska2025_associations,7,153,6.90625
Dymarska2025_associations,7,154,4.21875
Dymarska2025_associations,7,155,5.5625
Dymarska2025_associations,7,156,3.328125
Dymarska2025_associations,7,157,6.237548828125
Dymarska2025_associations,7,158,5.9375
Dymarska2025_associations,7,159,3.265625
Dymarska2025_associations,7,160,1.923797607421875
Dymarska2025_associations,7,161,1.67822265625
Dymarska2025_associations,7,162,4.921875
Dymarska2025_associations,7,163,5.1025390625
Dymarska2025_associations,7,164,6.84375
Dymarska2025_associations,7,165,5.4375
Dymarska2025_associations,7,166,11.029296875
Dymarska2025_associations,7,167,5.67578125
Dymarska2025_associations,7,168,5.11328125
Dymarska2025_associations,7,169,6.437347412109375
Dymarska2025_associations,7,170,3.83447265625
Dymarska2025_associations,7,171,4.791015625
Dymarska2025_associations,7,172,9.3905029296875
Dymarska2025_associations,7,173,5.394500732421875
Dymarska2025_associations,7,174,7.85546875
Dymarska2025_associations,7,175,2.583953857421875
Dymarska2025_associations,7,176,13.15625
Dymarska2025_associations,7,177,0.068328857421875
Dymarska2025_associations,7,178,14.22265625
Dymarska2025_associations,7,179,5.93701171875
Dymarska2025_associations,7,180,5.75
Dymarska2025_associations,7,181,5.4609375
Dymarska2025_associations,7,182,0.6552734375
Dymarska2025_associations,7,183,5.833984375
Dymarska2025_associations,7,184,4.46875
Dymarska2025_associations,7,185,4.25
Dymarska2025_associations,7,186,8.20703125
Dymarska2025_associations,7,187,3.63671875
Dymarska2025_associations,7,188,6.873046875
Dymarska2025_associations,7,189,6.94775390625
Dymarska2025_associations,7,190,5.3125
Dymarska2025_associations,7,191,7.65625
Dymarska2025_associations,7,192,8.2578125
Dymarska2025_associations,7,193,6.1845703125
Dymarska2025_associations,7,194,8.072265625
Dymarska2025_associations,7,195,5.375
Dymarska2025_associations,7,196,9.085693359375
Dymarska2025_associations,7,197,2.538330078125
Dymarska2025_associations,7,198,8.21875
Dymarska2025_associations,7,199,7.78125
Dymarska2025_associations,8,0,15.9599609375
Dymarska2025_associations,8,1,2.8916015625
Dymarska2025_associations,8,2,7.953125
Dymarska2025_associations,8,3,4.4765625
Dymarska2025_associations,8,4,4.0
Dymarska2025_associations,8,5,9.46875
Dymarska2025_associations,8,6,7.3125
Dymarska2025_associations,8,7,3.9061279296875
Dymarska2025_associations,8,8,6.46875
Dymarska2025_associations,8,9,3.5625
Dymarska2025_associations,8,10,6.06640625
Dymarska2025_associations,8,11,7.81201171875
Dymarska2025_associations,8,12,6.6220703125
Dymarska2025_associations,8,13,4.2890625
Dymarska2025_associations,8,14,5.34375
Dymarska2025_associations,8,15,3.9091796875
Dymarska2025_associations,8,16,4.0908203125
Dymarska2025_associations,8,17,5.26556396484375
Dymarska2025_associations,8,18,2.890625
Dymarska2025_associations,8,19,4.79150390625
Dymarska2025_associations,8,20,9.0780029296875
Dymarska2025_associations,8,21,5.007781982421875
Dymarska2025_associations,8,22,4.757781982421875
Dymarska2025_associations,8,23,4.445037841796875
Dymarska2025_associations,8,24,6.26171875
Dymarska2025_associations,8,25,0.216796875
Dymarska2025_associations,8,26,4.351531982421875
Dymarska2025_associations,8,27,11.3125
Dymarska2025_associations,8,28,2.3125
Dymarska2025_associations,8,29,7.875
Dymarska2025_associations,8,30,2.741943359375
Dymarska2025_associations,8,31,4.70751953125
Dymarska2025_associations,8,32,2.46484375
Dymarska2025_associations,8,33,2.7412109375
Dymarska2025_associations,8,34,4.4375
Dymarska2025_associations,8,35,3.2421875
Dymarska2025_associations,8,36,7.320281982421875
Dymarska2025_associations,8,37,8.51953125
Dymarska2025_associations,8,38,6.28125
Dymarska2025_associations,8,39,5.804443359375
Dymarska2025_associations,8,40,3.59912109375
Dymarska2025_associations,8,41,7.359375
Dymarska2025_associations,8,42,7.96875
Dymarska2025_associations,8,43,9.0751953125
Dymarska2025_associations,8,44,3.5467529296875
Dymarska2025_associations,8,45,2.8663330078125
Dymarska2025_associations,8,46,4.453125
Dymarska2025_associations,8,47,2.37109375
Dymarska2025_associations,8,48,2.734375
Dymarska2025_associations,8,49,7.15625
Dymarska2025_associations,8,50,0.789031982421875
Dymarska2025_associations,8,51,0.5819091796875
Dymarska2025_associations,8,52,4.75390625
Dymarska2025_associations,8,53,2.054656982421875
Dymarska2025_associations,8,54,3.40625
Dymarska2025_associations,8,55,1.5078125
Dymarska2025_associations,8,56,3.58447265625
Dymarska2025_associations,8,57,3.414031982421875
Dymarska2025_associations,8,58,1.6640625
Dymarska2025_associations,8,59,2.866943359375
Dymarska2025_associations,8,60,8.90625
Dymarska2025_associations,8,61,6.375
Dymarska2025_associations,8,62,7.138153076171875
Dymarska2025_associations,8,63,6.15576171875
Dymarska2025_associations,8,64,1.89837646484375
Dymarska2025_associations,8,65,1.375
Dymarska2025_associations,8,66,5.812469482421875
Dymarska2025_associations,8,67,4.75
Dymarska2025_associations,8,68,0.46484375
Dymarska2025_associations,8,69,8.9842529296875
Dymarska2025_associations,8,70,8.484375
Dymarska2025_associations,8,71,4.4530029296875
Dymarska2025_associations,8,72,6.75
Dymarska2025_associations,8,73,6.4803466796875
Dymarska2025_associations,8,74,5.05322265625
Dymarska2025_associations,8,75,3.513671875
Dymarska2025_associations,8,76,11.9217529296875
Dymarska2025_associations,8,77,5.767578125
Dymarska2025_associations,8,78,4.015625
Dymarska2025_associations,8,79,7.765625
Dymarska2025_associations,8,80,1.078125
Dymarska2025_associations,8,81,6.5703125
Dymarska2025_associations,8,82,6.5625
Dymarska2025_associations,8,83,10.640625
Dymarska2025_associations,8,84,6.4208984375
Dymarska2025_associations,8,85,8.152099609375
Dymarska2025_associations,8,86,1.851531982421875
Dymarska2025_associations,8,87,6.7021484375
Dymarska2025_associations,8,88,8.5703125
Dymarska2025_associations,8,89,7.038330078125
Dymarska2025_associations,8,90,3.890594482421875
Dymarska2025_associations,8,91,5.3544921875
Dymarska2025_associations,8,92,1.5927734375
Dymarska2025_associations,8,93,5.5380859375
Dymarska2025_associations,8,94,7.234375
Dymarska2025_associations,8,95,2.10888671875
Dymarska2025_associations,8,96,5.65625
Dymarska2025_associations,8,97,2.341796875
Dymarska2025_associations,8,98,2.0302734375
Dymarska2025_associations,8,99,7.70751953125
Dymarska2025_associations,8,100,4.25
Dymarska2025_associations,8,101,3.822265625
Dymarska2025_associations,8,102,10.9970703125
Dymarska2025_associations,8,103,4.28125
Dymarska2025_associations,8,104,8.890625
Dymarska2025_associations,8,105,8.46484375
Dymarska2025_associations,8,106,2.81640625
Dymarska2025_associations,8,107,6.375
Dymarska2025_associations,8,108,3.90625
Dymarska2025_associations,8,109,3.51171875
Dymarska2025_associations,8,110,4.1875
Dymarska2025_associations,8,111,3.609375
Dymarska2025_associations,8,112,4.921844482421875
Dymarska2025_associations,8,113,5.4842529296875
Dymarska2025_associations,8,114,8.7265625
Dymarska2025_associations,8,115,5.95263671875
Dymarska2025_associations,8,116,5.8125
Dymarska2025_associations,8,117,4.773193359375
Dymarska2025_associations,8,118,3.1845703125
Dymarska2025_associations,8,119,6.020477294921875
Dymarska2025_associations,8,120,6.92236328125
Dymarska2025_associations,8,121,3.56201171875
Dymarska2025_associations,8,122,7.03125
Dymarska2025_associations,8,123,1.843017578125
Dymarska2025_associations,8,124,6.9296875
Dymarska2025_associations,8,125,4.09375
Dymarska2025_associations,8,126,11.74267578125
Dymarska2025_associations,8,127,12.890625
Dymarska2025_associations,8,128,3.27734375
Dymarska2025_associations,8,129,6.21875
Dymarska2025_associations,8,130,1.33984375
Dymarska2025_associations,8,131,1.36767578125
Dymarska2025_associations,8,132,5.1005859375
Dymarska2025_associations,8,133,6.0625
Dymarska2025_associations,8,134,7.21826171875
Dymarska2025_associations,8,135,5.875
Dymarska2025_associations,8,136,5.0126953125
Dymarska2025_associations,8,137,3.1875
Dymarska2025_associations,8,138,4.554443359375
Dymarska2025_associations,8,139,8.820281982421875
Dymarska2025_associations,8,140,6.046875
Dymarska2025_associations,8,141,6.4998779296875
Dymarska2025_associations,8,142,6.8359375
Dymarska2025_associations,8,143,5.4364013671875
Dymarska2025_associations,9,0,10.27734375
Dymarska2025_associations,9,1,1.7451171875
Dymarska2025_associations,9,2,4.236328125
Dymarska2025_associations,9,3,5.8515625
Dymarska2025_associations,9,4,5.23876953125
Dymarska2025_associations,9,5,5.32275390625
Dymarska2025_associations,9,6,15.023193359375
Dymarska2025_associations,9,7,8.125
Dymarska2025_associations,9,8,10.951171875
Dymarska2025_associations,9,9,11.046875
Dymarska2025_associations,9,10,3.1875
Dymarska2025_associations,9,11,10.72454833984375
Dymarska2025_associations,9,12,5.82421875
Dymarska2025_associations,9,13,6.8427734375
Dymarska2025_associations,9,14,10.796875
Dymarska2025_associations,9,15,5.7578125
Dymarska2025_associations,9,16,2.726531982421875
Dymarska2025_associations,9,17,6.8125
Dymarska2025_associations,9,18,18.0625
Dymarska2025_associations,9,19,13.0703125
Dymarska2025_associations,9,20,1.802734375
Dymarska2025_associations,9,21,7.63525390625
Dymarska2025_associations,9,22,10.220458984375
Dymarska2025_associations,9,23,11.33251953125
Dymarska2025_associations,9,24,8.4375
Dymarska2025_associations,9,25,3.703125
Dymarska2025_associations,9,26,3.2626953125
Dymarska2025_associations,9,27,14.0
Dymarska2025_associations,9,28,5.390625
Dymarska2025_associations,9,29,5.2626953125
Dymarska2025_associations,9,30,11.3125
Dymarska2025_associations,9,31,6.859375
Dymarska2025_associations,9,32,5.24609375
Dymarska2025_associations,9,33,8.62451171875
Dymarska2025_associations,9,34,8.34375
Dymarska2025_associations,9,35,7.58642578125
Dymarska2025_associations,9,36,9.2890625
Dymarska2025_associations,9,37,9.09375
Dymarska2025_associations,9,38,2.523284912109375
Dymarska2025_associations,9,39,10.296875
Dymarska2025_associations,9,40,4.71875
Dymarska2025_associations,9,41,3.30224609375
Dymarska2025_associations,9,42,4.5115966796875
Dymarska2025_associations,9,43,3.0
Dymarska2025_associations,9,44,3.04296875
Dymarska2025_associations,9,45,4.64501953125
Dymarska2025_associations,9,46,9.0780029296875
Dymarska2025_associations,9,47,7.25
Dymarska2025_associations,9,48,5.5
Dymarska2025_associations,9,49,9.3671875
Dymarska2025_associations,9,50,10.623046875
Dymarska2025_associations,9,51,7.21875
Dymarska2025_associations,9,52,7.01025390625
Dymarska2025_associations,9,53,3.623046875
Dymarska2025_associations,9,54,3.65771484375
Dymarska2025_associations,9,55,7.189453125
Dymarska2025_associations,9,56,8.203125
Dymarska2025_associations,9,57,9.3935546875
Dymarska2025_associations,9,58,7.6923828125
Dymarska2025_associations,9,59,7.546875
Dymarska2025_associations,9,60,4.4375
Dymarska2025_associations,9,61,3.60302734375
Dymarska2025_associations,9,62,2.73388671875
Dymarska2025_associations,9,63,4.875
Dymarska2025_associations,9,64,10.74609375
Dymarska2025_associations,9,65,6.577880859375
Dymarska2025_associations,9,66,9.578125
Dymarska2025_associations,9,67,6.04833984375
Dymarska2025_associations,9,68,3.9765625
Dymarska2025_associations,9,69,8.8125
Dymarska2025_associations,9,70,4.44140625
Dymarska2025_associations,9,71,8.4921875
Dymarska2025_associations,9,72,5.125
Dymarska2025_associations,9,73,9.21875
Dymarska2025_associations,9,74,18.58203125
Dymarska2025_associations,9,75,9.698974609375
Dymarska2025_associations,9,76,6.648193359375
Dymarska2025_associations,9,77,8.375
Dymarska2025_associations,9,78,3.61474609375
Dymarska2025_associations,9,79,5.28076171875
Dymarska2025_associations,9,80,8.413330078125
Dymarska2025_associations,9,81,7.5
Dymarska2025_associations,9,82,5.125
Dymarska2025_associations,9,83,1.3876953125
Dymarska2025_associations,9,84,9.65576171875
Dymarska2025_associations,9,85,5.1875
Dymarska2025_associations,9,86,11.53125
Dymarska2025_associations,9,87,4.191375732421875
Dymarska2025_associations,9,88,3.24072265625
Dymarska2025_associations,9,89,6.96875
Dymarska2025_associations,9,90,7.08056640625
Dymarska2025_associations,9,91,5.34423828125
Dymarska2025_associations,9,92,6.62451171875
Dymarska2025_associations,9,93,9.1875
Dymarska2025_associations,9,94,8.509765625
Dymarska2025_associations,9,95,5.46875
Dymarska2025_associations,9,96,7.52734375
Dymarska2025_associations,9,97,6.7890625
Dymarska2025_associations,9,98,3.34375
Dymarska2025_associations,9,99,8.3984375
Dymarska2025_associations,9,100,9.0374755859375
Dymarska2025_associations,9,101,2.6904296875
Dymarska2025_associations,9,102,6.6875
Dymarska2025_associations,9,103,2.5625
Dymarska2025_associations,9,104,6.90625
Dymarska2025_associations,9,105,8.046875
Dymarska2025_associations,9,106,4.538330078125
Dymarska2025_associations,9,107,6.5625
Dymarska2025_associations,9,108,8.25
Dymarska2025_associations,9,109,9.0625
Dymarska2025_associations,9,110,5.09375
Dymarska2025_associations,9,111,6.491180419921875
Dymarska2025_associations,9,112,6.147705078125
Dymarska2025_associations,9,113,7.40576171875
Dymarska2025_associations,9,114,3.53118896484375
Dymarska2025_associations,9,115,3.369140625
Dymarska2025_associations,9,116,5.712890625
Dymarska2025_associations,9,117,4.5
Dymarska2025_associations,9,118,9.6328125
Dymarska2025_associations,9,119,7.279296875
Dymarska2025_associations,9,120,7.6552734375
Dymarska2025_associations,9,121,13.71875
Dymarska2025_associations,9,122,5.970703125
Dymarska2025_associations,9,123,3.876922607421875
Dymarska2025_associations,9,124,8.28125
Dymarska2025_associations,9,125,8.2265625
Dymarska2025_associations,9,126,7.59375
Dymarska2025_associations,9,127,6.6484375
Dymarska2025_associations,9,128,7.083984375
Dymarska2025_associations,9,129,2.2548828125
Dymarska2025_associations,9,130,4.9921875
Dymarska2025_associations,9,131,7.3125
Dymarska2025_associations,9,132,4.91015625
Dymarska2025_associations,9,133,9.21875
Dymarska2025_associations,9,134,8.01416015625
Dymarska2025_associations,9,135,8.126953125
Dymarska2025_associations,9,136,7.67578125
Dymarska2025_associations,9,137,12.09765625
Dymarska2025_associations,9,138,10.25
Dymarska2025_associations,9,139,4.320281982421875
Dymarska2025_associations,9,140,2.1015625
Dymarska2025_associations,9,141,2.8779296875
Dymarska2025_associations,9,142,2.4217529296875
Dymarska2025_associations,9,143,5.0751953125
Dymarska2025_associations,9,144,9.5
Dymarska2025_associations,9,145,6.93505859375
Dymarska2025_associations,9,146,6.171875
Dymarska2025_associations,9,147,7.03515625
Dymarska2025_associations,9,148,12.3408203125
Dymarska2025_associations,9,149,7.62890625
Dymarska2025_associations,9,150,9.80517578125
Dymarska2025_associations,9,151,11.3125
Dymarska2025_associations,9,152,12.5
Dymarska2025_associations,9,153,10.3515625
Dymarska2025_associations,9,154,10.71875
Dymarska2025_associations,9,155,4.507781982421875
Dymarska2025_associations,9,156,8.8203125
Dymarska2025_associations,9,157,6.0546875
Dymarska2025_associations,9,158,16.4609375
Dymarska2025_associations,9,159,8.54296875
Dymarska2025_associations,9,160,7.625
Dymarska2025_associations,9,161,6.890625
Dymarska2025_associations,9,162,5.5400390625
Dymarska2025_associations,9,163,5.1953125
Dymarska2025_associations,9,164,8.421600341796875
Dymarska2025_associations,9,165,6.453125
Dymarska2025_associations,9,166,8.263671875
Dymarska2025_associations,9,167,7.25
Dymarska2025_associations,9,168,4.283203125
Dymarska2025_associations,9,169,7.6875
Dymarska2025_associations,9,170,5.132781982421875
Dymarska2025_associations,9,171,8.984375
Dymarska2025_associations,9,172,12.375
Dymarska2025_associations,9,173,9.5
Dymarska2025_associations,9,174,11.91259765625
Dymarska2025_associations,9,175,6.390625
Dymarska2025_associations,9,176,11.349609375
Dymarska2025_associations,9,177,2.71484375
Dymarska2025_associations,9,178,7.61328125
Dymarska2025_associations,9,179,7.296875
Dymarska2025_associations,9,180,7.5751953125
Dymarska2025_associations,9,181,11.236328125
Dymarska2025_associations,9,182,6.0625
Dymarska2025_associations,9,183,4.373046875
Dymarska2025_associations,9,184,7.8046875
Dymarska2025_associations,9,185,5.2421875
Dymarska2025_associations,9,186,8.71484375
Dymarska2025_associations,9,187,5.64208984375
Dymarska2025_associations,9,188,8.4375
Dymarska2025_associations,9,189,8.375
Dymarska2025_associations,9,190,7.26171875
Dymarska2025_associations,9,191,6.2655029296875
Dymarska2025_associations,9,192,2.421875
Dymarska2025_associations,9,193,6.085693359375
Dymarska2025_associations,9,194,4.03125
Dymarska2025_associations,9,195,7.95458984375
Dymarska2025_associations,9,196,5.37109375
Dymarska2025_associations,10,0,21.095703125
Dymarska2025_associations,10,1,7.3671875
Dymarska2025_associations,10,2,9.0625
Dymarska2025_associations,10,3,8.25
Dymarska2025_associations,10,4,5.8125
Dymarska2025_associations,10,5,10.359375
Dymarska2025_associations,10,6,7.78125
Dymarska2025_associations,10,7,4.59326171875
Dymarska2025_associations,10,8,11.125
Dymarska2025_associations,10,9,2.40234375
Dymarska2025_associations,10,10,3.263671875
Dymarska2025_associations,10,11,6.37890625
Dymarska2025_associations,10,12,4.90625
Dymarska2025_associations,10,13,3.2705078125
Dymarska2025_associations,10,14,5.5830078125
Dymarska2025_associations,10,15,6.765625
Dymarska2025_associations,10,16,3.53125
Dymarska2025_associations,10,17,5.1328125
Dymarska2025_associations,10,18,7.4375
Dymarska2025_associations,10,19,5.726531982421875
Dymarska2025_associations,10,20,7.734375
Dymarska2025_associations,10,21,6.866943359375
Dymarska2025_associations,10,22,16.03125
Dymarska2025_associations,10,23,3.060546875
Dymarska2025_associations,10,24,3.73974609375
Dymarska2025_associations,10,25,7.35546875
Dymarska2025_associations,10,26,2.359130859375
Dymarska2025_associations,10,27,3.53125
Dymarska2025_associations,10,28,4.52734375
Dymarska2025_associations,10,29,8.296875
Dymarska2025_associations,10,30,7.3125
Dymarska2025_associations,10,31,5.841796875
Dymarska2025_associations,10,32,5.135986328125
Dymarska2025_associations,10,33,4.125
Dymarska2025_associations,10,34,6.335906982421875
Dymarska2025_associations,10,35,7.015594482421875
Dymarska2025_associations,10,36,8.9375
Dymarska2025_associations,10,37,13.4375
Dymarska2025_associations,10,38,6.34375
Dymarska2025_associations,10,39,4.1875
Dymarska2025_associations,10,40,0.94140625
Dymarska2025_associations,10,41,7.36572265625
Dymarska2025_associations,10,42,2.734375
Dymarska2025_associations,10,43,13.8125
Dymarska2025_associations,10,44,5.097412109375
Dymarska2025_associations,10,45,8.0146484375
Dymarska2025_associations,10,46,3.9334716796875
Dymarska2025_associations,10,47,3.435546875
Dymarska2025_associations,10,48,5.25
Dymarska2025_associations,10,49,8.015625
Dymarska2025_associations,10,50,2.74609375
Dymarska2025_associations,10,51,7.257781982421875
Dymarska2025_associations,10,52,5.984375
Dymarska2025_associations,10,53,7.093719482421875
Dymarska2025_associations,10,54,1.827972412109375
Dymarska2025_associations,10,55,8.0625
Dymarska2025_associations,10,56,5.3125
Dymarska2025_associations,10,57,2.3125
Dymarska2025_associations,10,58,1.992156982421875
Dymarska2025_associations,10,59,3.53125
Dymarska2025_associations,10,60,8.20703125
Dymarska2025_associations,10,61,5.740234375
Dymarska2025_associations,10,62,5.56787109375
Dymarska2025_associations,10,63,5.1318359375
Dymarska2025_associations,10,64,3.39453125
Dymarska2025_associations,10,65,10.78125
Dymarska2025_associations,10,66,5.757781982421875
Dymarska2025_associations,10,67,4.90625
Dymarska2025_associations,10,68,5.2353515625
Dymarska2025_associations,10,69,6.171875
Dymarska2025_associations,10,70,4.53955078125
Dymarska2025_associations,10,71,6.65234375
Dymarska2025_associations,10,72,8.54833984375
Dymarska2025_associations,10,73,9.35546875
Dymarska2025_associations,10,74,9.3046875
Dymarska2025_associations,10,75,4.08984375
Dymarska2025_associations,10,76,2.8748779296875
Dymarska2025_associations,10,77,4.375
Dymarska2025_associations,10,78,5.4949951171875
Dymarska2025_associations,10,79,5.2607421875
Dymarska2025_associations,10,80,5.40625
Dymarska2025_associations,10,81,4.639617919921875
Dymarska2025_associations,10,82,5.072265625
Dymarska2025_associations,10,83,5.0
Dymarska2025_associations,10,84,3.46875
Dymarska2025_associations,10,85,1.460662841796875
Dymarska2025_associations,10,86,9.59375
Dymarska2025_associations,10,87,13.875
Dymarska2025_associations,10,88,3.39697265625
Dymarska2025_associations,10,89,9.27734375
Dymarska2025_associations,10,90,8.2889404296875
Dymarska2025_associations,10,91,7.193359375
Dymarska2025_associations,10,92,8.84375
Dymarska2025_associations,10,93,3.3656005859375
Dymarska2025_associations,10,94,5.62890625
Dymarska2025_associations,10,95,8.8748779296875
Dymarska2025_associations,10,96,4.520751953125
Dymarska2025_associations,10,97,6.0693359375
Dymarska2025_associations,10,98,8.65234375
Dymarska2025_associations,10,99,6.359375
Dymarska2025_associations,10,100,5.2890625
Dymarska2025_associations,10,101,1.4951171875
Dymarska2025_associations,10,102,5.3280029296875
Dymarska2025_associations,10,103,2.64056396484375
Dymarska2025_associations,10,104,5.261688232421875
Dymarska2025_associations,10,105,3.12451171875
Dymarska2025_associations,10,106,3.58447265625
Dymarska2025_associations,10,107,3.68359375
Dymarska2025_associations,10,108,7.71875
Dymarska2025_associations,10,109,4.195281982421875
Dymarska2025_associations,10,110,2.599609375
Dymarska2025_associations,10,111,4.96875
Dymarska2025_associations,10,112,6.775390625
Dymarska2025_associations,10,113,4.34375
Dymarska2025_associations,10,114,3.46875
Dymarska2025_associations,10,115,3.12890625
Dymarska2025_associations,10,116,5.654296875
Dymarska2025_associations,10,117,4.8828125
Dymarska2025_associations,10,118,5.35498046875
Dymarska2025_associations,10,119,2.5390625
Dymarska2025_associations,10,120,3.69384765625
Dymarska2025_associations,10,121,7.66455078125
Dymarska2025_associations,10,122,4.875
Dymarska2025_associations,10,123,21.625
Dymarska2025_associations,10,124,6.904296875
Dymarska2025_associations,10,125,3.34375
Dymarska2025_associations,10,126,2.400390625
Dymarska2025_associations,10,127,6.609375
Dymarska2025_associations,10,128,3.37109375
Dymarska2025_associations,10,129,5.123046875
Dymarska2025_associations,10,130,10.4375
Dymarska2025_associations,10,131,11.671875
Dymarska2025_associations,10,132,1.890594482421875
Dymarska2025_associations,10,133,2.46484375
Dymarska2025_associations,10,134,4.87890625
Dymarska2025_associations,10,135,7.03125
Dymarska2025_associations,10,136,6.125
Dymarska2025_associations,10,137,4.882568359375
Dymarska2025_associations,10,138,5.233612060546875
Dymarska2025_associations,10,139,6.54296875
Dymarska2025_associations,10,140,8.625
Dymarska2025_associations,10,141,4.546875
Dymarska2025_associations,10,142,2.5625
Dymarska2025_associations,10,143,4.960693359375
Dymarska2025_associations,10,144,11.27392578125
Dymarska2025_associations,10,145,3.29833984375
Dymarska2025_associations,10,146,9.171875
Dymarska2025_associations,10,147,4.54150390625
Dymarska2025_associations,10,148,4.023406982421875
Dymarska2025_associations,10,149,5.66796875
Dymarska2025_associations,10,150,4.65625
Dymarska2025_associations,10,151,3.320068359375
Dymarska2025_associations,10,152,6.751922607421875
Dymarska2025_associations,10,153,7.5234375
Dymarska2025_associations,10,154,5.05859375
Dymarska2025_associations,10,155,7.296875
Dymarska2025_associations,10,156,5.408203125
Dymarska2025_associations,10,157,5.8203125
Dymarska2025_associations,10,158,7.90625
Dymarska2025_associations,10,159,5.9833984375
Dymarska2025_associations,10,160,3.945281982421875
Dymarska2025_associations,10,161,3.65625
Dymarska2025_associations,10,162,3.00390625
Dymarska2025_associations,10,163,7.84326171875
Dymarska2025_associations,10,164,5.5234375
Dymarska2025_associations,10,165,6.249969482421875
Dymarska2025_associations,10,166,5.484375
Dymarska2025_associations,10,167,3.3876953125
Dymarska2025_associations,10,168,7.085906982421875
Dymarska2025_associations,10,169,4.1875
Dymarska2025_associations,10,170,6.148193359375
Dymarska2025_associations,10,171,4.335693359375
Dymarska2025_associations,10,172,4.10888671875
Dymarska2025_associations,10,173,2.285125732421875
Dymarska2025_associations,10,174,3.914031982421875
Dymarska2025_associations,10,175,3.546356201171875
Dymarska2025_associations,10,176,9.10888671875
Dymarska2025_associations,10,177,2.720703125
Dymarska2025_associations,10,178,3.390625
Dymarska2025_associations,10,179,1.625
Dymarska2025_associations,10,180,2.0244140625
Dymarska2025_associations,10,181,4.79296875
Dymarska2025_associations,10,182,4.983612060546875
Dymarska2025_associations,10,183,2.8388671875
Dymarska2025_associations,10,184,9.7655029296875
Dymarska2025_associations,10,185,3.962890625
Dymarska2025_associations,10,186,5.42333984375
Dymarska2025_associations,10,187,5.2967529296875
Dymarska2025_associations,10,188,5.2216796875
Dymarska2025_associations,10,189,4.80859375
Dymarska2025_associations,10,190,5.3280029296875
Dymarska2025_associations,10,191,8.5625
Dymarska2025_associations,10,192,3.539031982421875
Dymarska2025_associations,10,193,10.59375
Dymarska2025_associations,10,194,7.484375
Dymarska2025_associations,10,195,3.4375
Dymarska2025_associations,10,196,11.09375
Dymarska2025_associations,10,197,1.11328125
Dymarska2025_associations,10,198,5.927734375
Dymarska2025_associations,10,199,7.298828125
Dymarska2025_associations,11,0,12.283203125
Dymarska2025_associations,11,1,15.0
Dymarska2025_associations,11,2,6.0
Dymarska2025_associations,11,3,8.078125
Dymarska2025_associations,11,4,1.1248779296875
Dymarska2025_associations,11,5,7.63134765625
Dymarska2025_associations,11,6,5.04150390625
Dymarska2025_associations,11,7,8.2342529296875
Dymarska2025_associations,11,8,3.07421875
Dymarska2025_associations,11,9,6.3587646484375
Dymarska2025_associations,11,10,5.4296875
Dymarska2025_associations,11,11,5.08984375
Dymarska2025_associations,11,12,6.5
Dymarska2025_associations,11,13,6.2734375
Dymarska2025_associations,11,14,8.359375
Dymarska2025_associations,11,15,1.1806640625
Dymarska2025_associations,11,16,7.952880859375
Dymarska2025_associations,11,17,6.65625
Dymarska2025_associations,11,18,14.710693359375
Dymarska2025_associations,11,19,4.75
Dymarska2025_associations,11,20,1.82958984375
Dymarska2025_associations,11,21,7.773193359375
Dymarska2025_associations,11,22,5.01953125
Dymarska2025_associations,11,23,13.6787109375
Dymarska2025_associations,11,24,4.953125
Dymarska2025_associations,11,25,6.75
Dymarska2025_associations,11,26,6.82421875
Dymarska2025_associations,11,27,2.96875
Dymarska2025_associations,11,28,0.51953125
Dymarska2025_associations,11,29,5.81640625
Dymarska2025_associations,11,30,7.929656982421875
Dymarska2025_associations,11,31,4.7025146484375
Dymarska2025_associations,11,32,11.046875
Dymarska2025_associations,11,33,4.95947265625
Dymarska2025_associations,11,34,7.65625
Dymarska2025_associations,11,35,3.14453125
Dymarska2025_associations,11,36,6.263671875
Dymarska2025_associations,11,37,8.5078125
Dymarska2025_associations,11,38,4.744140625
Dymarska2025_associations,11,39,5.671875
Dymarska2025_associations,11,40,8.0625
Dymarska2025_associations,11,41,2.89013671875
Dymarska2025_associations,11,42,2.3212890625
Dymarska2025_associations,11,43,1.828125
Dymarska2025_associations,11,44,5.0224609375
Dymarska2025_associations,11,45,7.984375
Dymarska2025_associations,11,46,5.75537109375
Dymarska2025_associations,11,47,18.25
Dymarska2025_associations,11,48,4.8662109375
Dymarska2025_associations,11,49,3.59765625
Dymarska2025_associations,11,50,7.038330078125
Dymarska2025_associations,11,51,1.718017578125
Dymarska2025_associations,11,52,7.248046875
Dymarska2025_associations,11,53,7.376953125
Dymarska2025_associations,11,54,2.257568359375
Dymarska2025_associations,11,55,1.732666015625
Dymarska2025_associations,11,56,6.132080078125
Dymarska2025_associations,11,57,3.395751953125
Dymarska2025_associations,11,58,3.8671875
Dymarska2025_associations,11,59,8.09375
Dymarska2025_associations,11,60,4.09375
Dymarska2025_associations,11,61,7.220703125
Dymarska2025_associations,11,62,8.203125
Dymarska2025_associations,11,63,3.49609375
Dymarska2025_associations,11,64,13.0625
Dymarska2025_associations,11,65,3.29736328125
Dymarska2025_associations,11,66,6.5625
Dymarska2025_associations,11,67,3.257568359375
Dymarska2025_associations,11,68,3.93701171875
Dymarska2025_associations,11,69,2.933349609375
Dymarska2025_associations,11,70,8.23046875
Dymarska2025_associations,11,71,7.4609375
Dymarska2025_associations,11,72,5.41748046875
Dymarska2025_associations,11,73,11.89056396484375
Dymarska2025_associations,11,74,4.7030029296875
Dymarska2025_associations,11,75,6.32958984375
Dymarska2025_associations,11,76,9.660125732421875
Dymarska2025_associations,11,77,7.49609375
Dymarska2025_associations,11,78,4.9609375
Dymarska2025_associations,11,79,0.98828125
Dymarska2025_associations,11,80,4.725830078125
Dymarska2025_associations,11,81,6.609375
Dymarska2025_associations,11,82,5.278289794921875
Dymarska2025_associations,11,83,1.952880859375
Dymarska2025_associations,11,84,6.58447265625
Dymarska2025_associations,11,85,5.38671875
Dymarska2025_associations,11,86,2.669921875
Dymarska2025_associations,11,87,3.9814453125
Dymarska2025_associations,11,88,4.9296875
Dymarska2025_associations,11,89,3.7132568359375
Dymarska2025_associations,11,90,7.029296875
Dymarska2025_associations,11,91,5.09375
Dymarska2025_associations,11,92,11.578125
Dymarska2025_associations,11,93,13.068359375
Dymarska2025_associations,11,94,4.5625
Dymarska2025_associations,11,95,5.655517578125
Dymarska2025_associations,11,96,9.0546875
Dymarska2025_associations,11,97,7.171875
Dymarska2025_associations,11,98,5.93359375
Dymarska2025_associations,11,99,4.36328125
Dymarska2025_associations,11,100,5.5
Dymarska2025_associations,11,101,8.6875
Dymarska2025_associations,11,102,10.015625
Dymarska2025_associations,11,103,8.46484375
Dymarska2025_associations,11,104,6.09765625
Dymarska2025_associations,11,105,1.86865234375
Dymarska2025_associations,11,106,7.453125
Dymarska2025_associations,11,107,1.687255859375
Dymarska2025_associations,11,108,2.64208984375
Dymarska2025_associations,11,109,8.598602294921875
Dymarska2025_associations,11,110,4.445281982421875
Dymarska2025_associations,11,111,6.02685546875
Dymarska2025_associations,11,112,4.8671875
Dymarska2025_associations,11,113,9.25
Dymarska2025_associations,11,114,4.6455078125
Dymarska2025_associations,11,115,2.9267578125
Dymarska2025_associations,11,116,4.78662109375
Dymarska2025_associations,11,117,4.487274169921875
Dymarska2025_associations,11,118,7.75
Dymarska2025_associations,11,119,6.75
Dymarska2025_associations,11,120,1.929656982421875
Dymarska2025_associations,11,121,0.282958984375
Dymarska2025_associations,11,122,6.5
Dymarska2025_associations,11,123,3.744140625
Dymarska2025_associations,11,124,7.046875
Dymarska2025_associations,11,125,2.72265625
Dymarska2025_associations,11,126,7.216796875
Dymarska2025_associations,11,127,8.65576171875
Dymarska2025_associations,11,128,8.625
Dymarska2025_associations,11,129,9.33203125
Dymarska2025_associations,11,130,1.837890625
Dymarska2025_associations,11,131,10.5625
Dymarska2025_associations,11,132,6.4150390625
Dymarska2025_associations,11,133,5.1953125
Dymarska2025_associations,11,134,6.78125
Dymarska2025_associations,11,135,3.378173828125
Dymarska2025_associations,11,136,4.7186279296875
Dymarska2025_associations,11,137,3.41796875
Dymarska2025_associations,11,138,9.5439453125
Dymarska2025_associations,11,139,6.3330078125
Dymarska2025_associations,11,140,7.0
Dymarska2025_associations,11,141,7.125
Dymarska2025_associations,11,142,14.5
Dymarska2025_associations,11,143,6.9393310546875
Dymarska2025_associations,11,144,9.6875
Dymarska2025_associations,11,145,3.703125
Dymarska2025_associations,11,146,5.078125
Dymarska2025_associations,11,147,5.875
Dymarska2025_associations,11,148,1.0703125
Dymarska2025_associations,11,149,6.103515625
Dymarska2025_associations,12,0,12.828125
Dymarska2025_associations,12,1,13.116943359375
Dymarska2025_associations,12,2,7.6875
Dymarska2025_associations,12,3,3.814453125
Dymarska2025_associations,12,4,4.351531982421875
Dymarska2025_associations,12,5,7.1201171875
Dymarska2025_associations,12,6,5.390625
Dymarska2025_associations,12,7,5.9842529296875
Dymarska2025_associations,12,8,7.919921875
Dymarska2025_associations,12,9,12.27099609375
Dymarska2025_associations,12,10,3.955078125
Dymarska2025_associations,12,11,4.389892578125
Dymarska2025_associations,12,12,3.55859375
Dymarska2025_associations,12,13,10.421875
Dymarska2025_associations,12,14,9.4306640625
Dymarska2025_associations,12,15,9.2236328125
Dymarska2025_associations,12,16,7.34375
Dymarska2025_associations,12,17,8.484375
Dymarska2025_associations,12,18,5.71875
Dymarska2025_associations,12,19,8.4375
Dymarska2025_associations,12,20,6.263671875
Dymarska2025_associations,12,21,5.031005859375
Dymarska2025_associations,12,22,4.203125
Dymarska2025_associations,12,23,8.8125
Dymarska2025_associations,12,24,3.429443359375
Dymarska2025_associations,12,25,3.9061279296875
Dymarska2025_associations,12,26,7.8125
Dymarska2025_associations,12,27,9.7265625
Dymarska2025_associations,12,28,12.21826171875
Dymarska2025_associations,12,29,9.491455078125
Dymarska2025_associations,12,30,7.265625
Dymarska2025_associations,12,31,2.82275390625
Dymarska2025_associations,12,32,4.810546875
Dymarska2025_associations,12,33,14.648193359375
Dymarska2025_associations,12,34,12.2578125
Dymarska2025_associations,12,35,13.0595703125
Dymarska2025_associations,12,36,12.140625
Dymarska2025_associations,12,37,8.21875
Dymarska2025_associations,12,38,10.8046875
Dymarska2025_associations,12,39,6.375
Dymarska2025_associations,12,40,0.494110107421875
Dymarska2025_associations,12,41,5.76171875
Dymarska2025_associations,12,42,2.914031982421875
Dymarska2025_associations,12,43,5.572265625
Dymarska2025_associations,12,44,3.4541015625
Dymarska2025_associations,12,45,8.28125
Dymarska2025_associations,12,46,5.10693359375
Dymarska2025_associations,12,47,6.125
Dymarska2025_associations,12,48,4.46875
Dymarska2025_associations,12,49,6.375
Dymarska2025_associations,12,50,4.97412109375
Dymarska2025_associations,12,51,5.753875732421875
Dymarska2025_associations,12,52,3.732879638671875
Dymarska2025_associations,12,53,3.513671875
Dymarska2025_associations,12,54,3.47607421875
Dymarska2025_associations,12,55,4.095703125
Dymarska2025_associations,12,56,3.7080078125
Dymarska2025_associations,12,57,6.7890625
Dymarska2025_associations,12,58,7.95263671875
Dymarska2025_associations,12,59,5.29638671875
Dymarska2025_associations,12,60,5.017578125
Dymarska2025_associations,12,61,1.195281982421875
Dymarska2025_associations,12,62,0.47900390625
Dymarska2025_associations,12,63,4.0693359375
Dymarska2025_associations,12,64,4.616943359375
Dymarska2025_associations,12,65,6.38232421875
Dymarska2025_associations,12,66,6.0625
Dymarska2025_associations,12,67,1.81982421875
Dymarska2025_associations,12,68,2.429656982421875
Dymarska2025_associations,12,69,3.3125
Dymarska2025_associations,12,70,6.53125
Dymarska2025_associations,12,71,3.8118896484375
Dymarska2025_associations,12,72,6.14013671875
Dymarska2025_associations,12,73,2.757568359375
Dymarska2025_associations,12,74,3.86083984375
Dymarska2025_associations,12,75,2.046875
Dymarska2025_associations,12,76,2.90234375
Dymarska2025_associations,12,77,2.132781982421875
Dymarska2025_associations,12,78,8.34375
Dymarska2025_associations,12,79,5.861328125
Dymarska2025_associations,12,80,5.3359375
Dymarska2025_associations,12,81,11.15625
Dymarska2025_associations,12,82,10.351043701171875
Dymarska2025_associations,12,83,7.2216796875
Dymarska2025_associations,12,84,6.03125
Dymarska2025_associations,12,85,4.0078125
Dymarska2025_associations,12,86,6.2578125
Dymarska2025_associations,12,87,7.527313232421875
Dymarska2025_associations,12,88,1.5390625
Dymarska2025_associations,12,89,4.7041015625
Dymarska2025_associations,12,90,5.464599609375
Dymarska2025_associations,12,91,0.86328125
Dymarska2025_associations,12,92,3.7576904296875
Dymarska2025_associations,12,93,9.218475341796875
Dymarska2025_associations,12,94,3.95306396484375
Dymarska2025_associations,12,95,9.78125
Dymarska2025_associations,12,96,6.5
Dymarska2025_associations,12,97,5.09375
Dymarska2025_associations,12,98,4.2265625
Dymarska2025_associations,12,99,8.945281982421875
Dymarska2025_associations,12,100,3.87109375
Dymarska2025_associations,12,101,9.4375
Dymarska2025_associations,12,102,3.12109375
Dymarska2025_associations,12,103,8.4453125
Dymarska2025_associations,12,104,6.78125
Dymarska2025_associations,12,105,11.484375
Dymarska2025_associations,12,106,11.21484375
Dymarska2025_associations,12,107,5.88037109375
Dymarska2025_associations,12,108,2.97509765625
Dymarska2025_associations,12,109,2.69287109375
Dymarska2025_associations,12,110,6.388671875
Dymarska2025_associations,12,111,3.015625
Dymarska2025_associations,12,112,3.955078125
Dymarska2025_associations,12,113,10.22900390625
Dymarska2025_associations,12,114,3.28515625
Dymarska2025_associations,12,115,7.60888671875
Dymarska2025_associations,12,116,3.1015625
Dymarska2025_associations,12,117,5.078125
Dymarska2025_associations,12,118,7.34375
Dymarska2025_associations,12,119,7.02734375
Dymarska2025_associations,12,120,8.25
Dymarska2025_associations,12,121,8.802734375
Dymarska2025_associations,12,122,5.94921875
Dymarska2025_associations,12,123,2.678955078125
Dymarska2025_associations,12,124,3.815673828125
Dymarska2025_associations,12,125,3.390625
Dymarska2025_associations,12,126,4.169921875
Dymarska2025_associations,12,127,6.681640625
Dymarska2025_associations,12,128,6.37890625
Dymarska2025_associations,12,129,4.365234375
Dymarska2025_associations,12,130,5.05078125
Dymarska2025_associations,12,131,11.837890625
Dymarska2025_associations,12,132,7.248504638671875
Dymarska2025_associations,12,133,6.6640625
Dymarska2025_associations,12,134,6.5
Dymarska2025_associations,12,135,6.78857421875
Dymarska2025_associations,12,136,5.260009765625
Dymarska2025_associations,12,137,7.0625
Dymarska2025_associations,12,138,7.234375
Dymarska2025_associations,12,139,6.4375
Dymarska2025_associations,12,140,2.99609375
Dymarska2025_associations,12,141,1.97265625
Dymarska2025_associations,12,142,8.273193359375
Dymarska2025_associations,12,143,7.78076171875
Dymarska2025_associations,12,144,2.99267578125
Dymarska2025_associations,12,145,6.03125
Dymarska2025_associations,12,146,4.46875
Dymarska2025_associations,12,147,9.5625
Dymarska2025_associations,12,148,6.67822265625
Dymarska2025_associations,12,149,5.8125
Dymarska2025_associations,12,150,2.515625
Dymarska2025_associations,12,151,3.98828125
Dymarska2025_associations,12,152,7.13134765625
Dymarska2025_associations,12,153,3.359375
Dymarska2025_associations,12,154,8.15625
Dymarska2025_associations,12,155,7.34375
Dymarska2025_associations,12,156,8.3709716796875
Dymarska2025_associations,12,157,5.0849609375
Dymarska2025_associations,12,158,3.921875
Dymarska2025_associations,12,159,8.89056396484375
Dymarska2025_associations,12,160,2.444305419921875
Dymarska2025_associations,12,161,14.843719482421875
Dymarska2025_associations,12,162,6.125
Dymarska2025_associations,12,163,4.366180419921875
Dymarska2025_associations,12,164,7.140625
Dymarska2025_associations,12,165,1.39599609375
Dymarska2025_associations,12,166,4.125
Dymarska2025_associations,12,167,2.87646484375
Dymarska2025_associations,12,168,4.945281982421875
Dymarska2025_associations,12,169,8.171875
Dymarska2025_associations,12,170,6.828125
Dymarska2025_associations,12,171,2.765625
Dymarska2025_associations,12,172,7.515625
Dymarska2025_associations,12,173,10.03125
Dymarska2025_associations,12,174,8.1669921875
Dymarska2025_associations,12,175,4.0234375
Dymarska2025_associations,12,176,4.8046875
Dymarska2025_associations,12,177,6.984375
Dymarska2025_associations,12,178,4.9375
Dymarska2025_associations,12,179,9.904296875
Dymarska2025_associations,13,0,14.2265625
Dymarska2025_associations,13,1,7.6708984375
Dymarska2025_associations,13,2,4.19970703125
Dymarska2025_associations,13,3,4.69140625
Dymarska2025_associations,13,4,11.42724609375
Dymarska2025_associations,13,5,7.669921875
Dymarska2025_associations,13,6,5.00390625
Dymarska2025_associations,13,7,7.53125
Dymarska2025_associations,13,8,4.091796875
Dymarska2025_associations,13,9,5.623046875
Dymarska2025_associations,13,10,6.267578125
Dymarska2025_associations,13,11,5.1953125
Dymarska2025_associations,13,12,5.50537109375
Dymarska2025_associations,13,13,7.791015625
Dymarska2025_associations,13,14,4.960693359375
Dymarska2025_associations,13,15,6.916015625
Dymarska2025_associations,13,16,5.7412109375
Dymarska2025_associations,13,17,4.97265625
Dymarska2025_associations,13,18,3.5
Dymarska2025_associations,13,19,2.5009765625
Dymarska2025_associations,13,20,2.287109375
Dymarska2025_associations,13,21,1.9453125
Dymarska2025_associations,13,22,6.453094482421875
Dymarska2025_associations,13,23,7.6092529296875
Dymarska2025_associations,13,24,4.96875
Dymarska2025_associations,13,25,2.125
Dymarska2025_associations,13,26,3.484375
Dymarska2025_associations,13,27,5.64892578125
Dymarska2025_associations,13,28,7.225830078125
Dymarska2025_associations,13,29,4.898193359375
Dymarska2025_associations,13,30,5.9462890625
Dymarska2025_associations,13,31,10.529296875
Dymarska2025_associations,13,32,5.0
Dymarska2025_associations,13,33,6.804656982421875
Dymarska2025_associations,13,34,9.1875
Dymarska2025_associations,13,35,5.75
Dymarska2025_associations,13,36,4.181640625
Dymarska2025_associations,13,37,10.640625
Dymarska2025_associations,13,38,8.125
Dymarska2025_associations,13,39,9.1875
Dymarska2025_associations,13,40,0.2890625
Dymarska2025_associations,13,41,7.827362060546875
Dymarska2025_associations,13,42,3.5224609375
Dymarska2025_associations,13,43,7.09375
Dymarska2025_associations,13,44,5.970703125
Dymarska2025_associations,13,45,4.8671875
Dymarska2025_associations,13,46,2.054656982421875
Dymarska2025_associations,13,47,3.279296875
Dymarska2025_associations,13,48,5.2059326171875
Dymarska2025_associations,13,49,8.6717529296875
Dymarska2025_associations,13,50,1.6796875
Dymarska2025_associations,13,51,4.30517578125
Dymarska2025_associations,13,52,4.27001953125
Dymarska2025_associations,13,53,5.529296875
Dymarska2025_associations,13,54,5.19775390625
Dymarska2025_associations,13,55,5.52734375
Dymarska2025_associations,13,56,6.5625
Dymarska2025_associations,13,57,5.908203125
Dymarska2025_associations,13,58,5.6171875
Dymarska2025_associations,13,59,5.199188232421875
Dymarska2025_associations,13,60,0.91796875
Dymarska2025_associations,13,61,2.347625732421875
Dymarska2025_associations,13,62,2.015625
Dymarska2025_associations,13,63,2.78662109375
Dymarska2025_associations,13,64,2.6171875
Dymarska2025_associations,13,65,9.574188232421875
Dymarska2025_associations,13,66,4.3280029296875
Dymarska2025_associations,13,67,7.064453125
Dymarska2025_associations,13,68,6.11669921875
Dymarska2025_associations,13,69,4.9208984375
Dymarska2025_associations,13,70,3.52392578125
Dymarska2025_associations,13,71,1.51556396484375
Dymarska2025_associations,13,72,0.9287109375
Dymarska2025_associations,13,73,6.3046875
Dymarska2025_associations,13,74,7.14306640625
Dymarska2025_associations,13,75,2.8896484375
Dymarska2025_associations,13,76,3.1318359375
Dymarska2025_associations,13,77,6.5
Dymarska2025_associations,13,78,2.458953857421875
Dymarska2025_associations,13,79,6.695281982421875
Dymarska2025_associations,13,80,3.359375
Dymarska2025_associations,13,81,7.638671875
Dymarska2025_associations,13,82,5.1875
Dymarska2025_associations,13,83,0.1845703125
Dymarska2025_associations,13,84,3.390625
Dymarska2025_associations,13,85,3.171112060546875
Dymarska2025_associations,13,86,2.4813232421875
Dymarska2025_associations,13,87,2.210906982421875
Dymarska2025_associations,13,88,4.882781982421875
Dymarska2025_associations,13,89,1.921875
Dymarska2025_associations,13,90,9.941162109375
Dymarska2025_associations,13,91,3.320068359375
Dymarska2025_associations,13,92,4.608856201171875
Dymarska2025_associations,13,93,5.0625
Dymarska2025_associations,13,94,13.880859375
Dymarska2025_associations,13,95,7.6875
Dymarska2025_associations,13,96,7.464599609375
Dymarska2025_associations,13,97,6.3125
Dymarska2025_associations,13,98,5.9375
Dymarska2025_associations,13,99,10.388671875
Dymarska2025_associations,13,100,1.390625
Dymarska2025_associations,13,101,8.875
Dymarska2025_associations,13,102,11.5
Dymarska2025_associations,13,103,10.655975341796875
Dymarska2025_associations,13,104,4.350830078125
Dymarska2025_associations,13,105,6.71875
Dymarska2025_associations,13,106,6.585906982421875
Dymarska2025_associations,13,107,13.0
Dymarska2025_associations,13,108,7.8916015625
Dymarska2025_associations,13,109,7.890625
Dymarska2025_associations,13,110,5.581024169921875
Dymarska2025_associations,13,111,3.53515625
Dymarska2025_associations,13,112,8.5625
Dymarska2025_associations,13,113,4.71875
Dymarska2025_associations,13,114,5.98388671875
Dymarska2025_associations,13,115,3.6494140625
Dymarska2025_associations,13,116,1.4453125
Dymarska2025_associations,13,117,3.5701904296875
Dymarska2025_associations,13,118,6.5625
Dymarska2025_associations,13,119,6.39501953125
Dymarska2025_associations,13,120,9.310546875
Dymarska2025_associations,13,121,3.34375
Dymarska2025_associations,13,122,7.60546875
Dymarska2025_associations,13,123,12.875
Dymarska2025_associations,13,124,4.1636962890625
Dymarska2025_associations,13,125,2.580078125
Dymarska2025_associations,13,126,7.75
Dymarska2025_associations,13,127,10.46484375
Dymarska2025_associations,13,128,2.8641357421875
Dymarska2025_associations,13,129,4.421875
Dymarska2025_associations,13,130,8.125
Dymarska2025_associations,13,131,7.8310546875
Dymarska2025_associations,13,132,8.609375
Dymarska2025_associations,13,133,3.8740234375
Dymarska2025_associations,13,134,4.5390625
Dymarska2025_associations,13,135,7.93603515625
Dymarska2025_associations,13,136,4.562469482421875
Dymarska2025_associations,13,137,4.265350341796875
Dymarska2025_associations,13,138,6.875
Dymarska2025_associations,13,139,6.9375
Dymarska2025_associations,13,140,2.890625
Dymarska2025_associations,13,141,4.2109375
Dymarska2025_associations,13,142,2.453125
Dymarska2025_associations,13,143,4.8125
Dymarska2025_associations,13,144,3.55078125
Dymarska2025_associations,13,145,5.3125
Dymarska2025_associations,13,146,5.8280029296875
Dymarska2025_associations,13,147,6.18701171875
Dymarska2025_associations,13,148,5.5185546875
Dymarska2025_associations,13,149,2.749755859375
Dymarska2025_associations,13,150,11.15625
Dymarska2025_associations,13,151,6.3349609375
Dymarska2025_associations,13,152,5.1678466796875
Dymarska2025_associations,13,153,10.150390625
Dymarska2025_associations,13,154,8.1845703125
Dymarska2025_associations,13,155,5.9140625
Dymarska2025_associations,13,156,5.2802734375
Dymarska2025_associations,13,157,8.441162109375
Dymarska2025_associations,13,158,2.531707763671875
Dymarska2025_associations,13,159,10.578125
Dymarska2025_associations,13,160,4.375
Dymarska2025_associations,13,161,7.3359375
Dymarska2025_associations,13,162,2.779296875
Dymarska2025_associations,13,163,3.394500732421875
Dymarska2025_associations,13,164,6.0155029296875
Dymarska2025_associations,13,165,2.66015625
Dymarska2025_associations,13,166,3.78125
Dymarska2025_associations,13,167,1.0859375
Dymarska2025_associations,13,168,9.3125
Dymarska2025_associations,13,169,6.234375
Dymarska2025_associations,13,170,5.45703125
Dymarska2025_associations,13,171,3.20166015625
Dymarska2025_associations,13,172,3.13330078125
Dymarska2025_associations,13,173,7.3125
Dymarska2025_associations,13,174,9.5380859375
Dymarska2025_associations,13,175,10.265625
Dymarska2025_associations,13,176,9.78125
Dymarska2025_associations,13,177,3.015625
Dymarska2025_associations,13,178,6.038330078125
Dymarska2025_associations,13,179,6.921875
Dymarska2025_associations,13,180,3.09375
Dymarska2025_associations,13,181,5.65625
Dymarska2025_associations,13,182,4.366943359375
Dymarska2025_associations,13,183,2.109375
Dymarska2025_associations,13,184,6.896484375
Dymarska2025_associations,13,185,9.78515625
Dymarska2025_associations,13,186,10.234375
Dymarska2025_associations,13,187,2.09814453125
Dymarska2025_associations,13,188,4.046875
Dymarska2025_associations,13,189,6.1484375
Dymarska2025_associations,13,190,3.78076171875
Dymarska2025_associations,13,191,10.833984375
Dymarska2025_associations,13,192,7.8251953125
Dymarska2025_associations,13,193,6.74267578125
Dymarska2025_associations,13,194,1.9814453125
Dymarska2025_associations,13,195,8.88671875
Dymarska2025_associations,13,196,6.09375
Dymarska2025_associations,13,197,9.3046875
Dymarska2025_associations,13,198,7.75
Dymarska2025_associations,13,199,10.98828125
Dymarska2025_associations,14,0,13.3916015625
Dymarska2025_associations,14,1,10.03125
Dymarska2025_associations,14,2,4.9375
Dymarska2025_associations,14,3,7.15625
Dymarska2025_associations,14,4,7.17822265625
Dymarska2025_associations,14,5,5.039031982421875
Dymarska2025_associations,14,6,8.03515625
Dymarska2025_associations,14,7,3.6796875
Dymarska2025_associations,14,8,5.6839599609375
Dymarska2025_associations,14,9,2.742156982421875
Dymarska2025_associations,14,10,5.5625
Dymarska2025_associations,14,11,3.1248779296875
Dymarska2025_associations,14,12,4.96142578125
Dymarska2025_associations,14,13,9.5
Dymarska2025_associations,14,14,12.8592529296875
Dymarska2025_associations,14,15,2.34375
Dymarska2025_associations,14,16,6.30224609375
Dymarska2025_associations,14,17,5.569549560546875
Dymarska2025_associations,14,18,6.078125
Dymarska2025_associations,14,19,5.4375
Dymarska2025_associations,14,20,8.0155029296875
Dymarska2025_associations,14,21,7.5625
Dymarska2025_associations,14,22,6.830078125
Dymarska2025_associations,14,23,7.876953125
Dymarska2025_associations,14,24,8.8125
Dymarska2025_associations,14,25,8.11669921875
Dymarska2025_associations,14,26,18.453125
Dymarska2025_associations,14,27,6.21875
Dymarska2025_associations,14,28,8.636688232421875
Dymarska2025_associations,14,29,12.39208984375
Dymarska2025_associations,14,30,6.808349609375
Dymarska2025_associations,14,31,12.25
Dymarska2025_associations,14,32,11.8125
Dymarska2025_associations,14,33,5.7664794921875
Dymarska2025_associations,14,34,9.296142578125
Dymarska2025_associations,14,35,17.7264404296875
Dymarska2025_associations,14,36,8.03125
Dymarska2025_associations,14,37,4.53125
Dymarska2025_associations,14,38,7.128875732421875
Dymarska2025_associations,14,39,5.875
Dymarska2025_associations,14,40,3.95849609375
Dymarska2025_associations,14,41,4.40234375
Dymarska2025_associations,14,42,4.345703125
Dymarska2025_associations,14,43,4.607421875
Dymarska2025_associations,14,44,5.1953125
Dymarska2025_associations,14,45,4.59375
Dymarska2025_associations,14,46,6.1171875
Dymarska2025_associations,14,47,5.166961669921875
Dymarska2025_associations,14,48,7.5771484375
Dymarska2025_associations,14,49,13.2265625
Dymarska2025_associations,14,50,4.515625
Dymarska2025_associations,14,51,6.41650390625
Dymarska2025_associations,14,52,10.6795654296875
Dymarska2025_associations,14,53,5.4521484375
Dymarska2025_associations,14,54,10.375
Dymarska2025_associations,14,55,6.726318359375
Dymarska2025_associations,14,56,5.451416015625
Dymarska2025_associations,14,57,7.58056640625
Dymarska2025_associations,14,58,7.483612060546875
Dymarska2025_associations,14,59,3.498046875
Dymarska2025_associations,14,60,10.710906982421875
Dymarska2025_associations,14,61,4.529296875
Dymarska2025_associations,14,62,2.67822265625
Dymarska2025_associations,14,63,8.642578125
Dymarska2025_associations,14,64,5.375
Dymarska2025_associations,14,65,3.54296875
Dymarska2025_associations,14,66,8.75
Dymarska2025_associations,14,67,11.890625
Dymarska2025_associations,14,68,7.53125
Dymarska2025_associations,14,69,2.8125
Dymarska2025_associations,14,70,9.8515625
Dymarska2025_associations,14,71,8.71875
Dymarska2025_associations,14,72,8.4373779296875
Dymarska2025_associations,14,73,7.625
Dymarska2025_associations,14,74,8.05859375
Dymarska2025_associations,14,75,6.3125
Dymarska2025_associations,14,76,3.77734375
Dymarska2025_associations,14,77,6.5390625
Dymarska2025_associations,14,78,6.97607421875
Dymarska2025_associations,14,79,5.944580078125
Dymarska2025_associations,14,80,8.90625
Dymarska2025_associations,14,81,5.4140625
Dymarska2025_associations,14,82,6.4375
Dymarska2025_associations,14,83,4.4609375
Dymarska2025_associations,14,84,6.16796875
Dymarska2025_associations,14,85,4.979461669921875
Dymarska2025_associations,14,86,6.8671875
Dymarska2025_associations,14,87,1.861328125
Dymarska2025_associations,14,88,2.22509765625
Dymarska2025_associations,14,89,5.59765625
Dymarska2025_associations,14,90,17.15625
Dymarska2025_associations,14,91,6.125
Dymarska2025_associations,14,92,4.582977294921875
Dymarska2025_associations,14,93,5.975830078125
Dymarska2025_associations,14,94,5.109375
Dymarska2025_associations,14,95,3.414031982421875
Dymarska2025_associations,14,96,4.4375
Dymarska2025_associations,14,97,7.25
Dymarska2025_associations,14,98,3.95166015625
Dymarska2025_associations,14,99,6.38323974609375
Dymarska2025_associations,14,100,6.8280029296875
Dymarska2025_associations,14,101,5.1875
Dymarska2025_associations,14,102,6.859375
Dymarska2025_associations,14,103,6.137451171875
Dymarska2025_associations,14,104,9.275390625
Dymarska2025_associations,14,105,2.82080078125
Dymarska2025_associations,14,106,5.42626953125
Dymarska2025_associations,14,107,6.7109375
Dymarska2025_associations,14,108,4.68701171875
Dymarska2025_associations,14,109,7.050018310546875
Dymarska2025_associations,14,110,7.2265625
Dymarska2025_associations,14,111,6.33984375
Dymarska2025_associations,14,112,7.15576171875
Dymarska2025_associations,14,113,6.53125
Dymarska2025_associations,14,114,2.359375
Dymarska2025_associations,14,115,3.2646484375
Dymarska2025_associations,14,116,7.0
Dymarska2025_associations,14,117,15.28125
Dymarska2025_associations,14,118,7.4686279296875
Dymarska2025_associations,14,119,8.3671875
Dymarska2025_associations,14,120,1.938934326171875
Dymarska2025_associations,14,121,5.442840576171875
Dymarska2025_associations,14,122,6.808563232421875
Dymarska2025_associations,14,123,6.390625
Dymarska2025_associations,14,124,7.875
Dymarska2025_associations,14,125,3.867156982421875
Dymarska2025_associations,14,126,5.412841796875
Dymarska2025_associations,14,127,6.903656005859375
Dymarska2025_associations,14,128,3.757568359375
Dymarska2025_associations,14,129,1.93115234375
Dymarska2025_associations,14,130,7.538818359375
Dymarska2025_associations,14,131,4.990234375
Dymarska2025_associations,14,132,2.9296875
Dymarska2025_associations,14,133,3.90625
Dymarska2025_associations,14,134,6.757781982421875
Dymarska2025_associations,14,135,8.4500732421875
Dymarska2025_associations,14,136,4.2947998046875
Dymarska2025_associations,14,137,2.600830078125
Dymarska2025_associations,14,138,6.7889404296875
Dymarska2025_associations,14,139,9.231414794921875
Dymarska2025_associations,14,140,3.65087890625
Dymarska2025_associations,14,141,6.09375
Dymarska2025_associations,14,142,6.7967529296875
Dymarska2025_associations,14,143,5.042236328125
Dymarska2025_associations,14,144,5.904296875
Dymarska2025_associations,14,145,6.64013671875
Dymarska2025_associations,14,146,3.119140625
Dymarska2025_associations,14,147,12.335693359375
Dymarska2025_associations,14,148,5.5390625
Dymarska2025_associations,14,149,8.8857421875
Dymarska2025_associations,14,150,9.71142578125
Dymarska2025_associations,14,151,10.20703125
Dymarska2025_associations,14,152,2.5283203125
Dymarska2025_associations,14,153,2.351409912109375
Dymarska2025_associations,14,154,10.414031982421875
Dymarska2025_associations,14,155,5.116943359375
Dymarska2025_associations,14,156,8.78125
Dymarska2025_associations,14,157,5.59375
Dymarska2025_associations,14,158,3.376922607421875
Dymarska2025_associations,14,159,7.7724609375
Dymarska2025_associations,14,160,4.625
Dymarska2025_associations,14,161,6.623046875
Dymarska2025_associations,14,162,6.47265625
Dymarska2025_associations,14,163,14.1875
Dymarska2025_associations,14,164,5.520477294921875
Dymarska2025_associations,14,165,5.884735107421875
Dymarska2025_associations,14,166,6.46875
Dymarska2025_associations,14,167,7.71875
Dymarska2025_associations,14,168,5.703125
Dymarska2025_associations,14,169,12.65625
Dymarska2025_associations,14,170,4.2412109375
Dymarska2025_associations,14,171,9.560546875
Dymarska2025_associations,14,172,9.76953125
Dymarska2025_associations,14,173,0.925537109375
Dymarska2025_associations,14,174,5.625
Dymarska2025_associations,14,175,7.25
Dymarska2025_associations,14,176,6.875
Dymarska2025_associations,14,177,6.671875
Dymarska2025_associations,14,178,7.96875
Dymarska2025_associations,14,179,3.0194091796875
Dymarska2025_associations,14,180,4.125
Dymarska2025_associations,14,181,5.02392578125
Dymarska2025_associations,14,182,6.90625
Dymarska2025_associations,14,183,11.40625
Dymarska2025_associations,14,184,12.328125
Dymarska2025_associations,14,185,6.0013427734375
Dymarska2025_associations,14,186,7.095703125
Dymarska2025_associations,14,187,7.2261962890625
Dymarska2025_associations,14,188,5.56494140625
Dymarska2025_associations,14,189,7.125
Dymarska2025_associations,14,190,6.16259765625
Dymarska2025_associations,14,191,11.34375
Dymarska2025_associations,15,0,15.8564453125
Dymarska2025_associations,15,1,1.6875
Dymarska2025_associations,15,2,6.9833984375
Dymarska2025_associations,15,3,5.890625
Dymarska2025_associations,15,4,8.84375
Dymarska2025_associations,15,5,4.90625
Dymarska2025_associations,15,6,10.3232421875
Dymarska2025_associations,15,7,4.74609375
Dymarska2025_associations,15,8,6.8695068359375
Dymarska2025_associations,15,9,7.681640625
Dymarska2025_associations,15,10,4.794921875
Dymarska2025_associations,15,11,6.060546875
Dymarska2025_associations,15,12,5.466796875
Dymarska2025_associations,15,13,4.75
Dymarska2025_associations,15,14,3.03125
Dymarska2025_associations,15,15,9.375
Dymarska2025_associations,15,16,3.3583984375
Dymarska2025_associations,15,17,4.7578125
Dymarska2025_associations,15,18,7.9842529296875
Dymarska2025_associations,15,19,12.078125
Dymarska2025_associations,15,20,9.8905029296875
Dymarska2025_associations,15,21,5.763671875
Dymarska2025_associations,15,22,10.116455078125
Dymarska2025_associations,15,23,8.1181640625
Dymarska2025_associations,15,24,6.4931640625
Dymarska2025_associations,15,25,10.96875
Dymarska2025_associations,15,26,14.09375
Dymarska2025_associations,15,27,7.7734375
Dymarska2025_associations,15,28,6.171875
Dymarska2025_associations,15,29,16.359375
Dymarska2025_associations,15,30,8.9375
Dymarska2025_associations,15,31,4.81640625
Dymarska2025_associations,15,32,0.408172607421875
Dymarska2025_associations,15,33,6.45751953125
Dymarska2025_associations,15,34,3.773406982421875
Dymarska2025_associations,15,35,6.6953125
Dymarska2025_associations,15,36,8.09375
Dymarska2025_associations,15,37,4.39453125
Dymarska2025_associations,15,38,3.773406982421875
Dymarska2025_associations,15,39,7.8876953125
Dymarska2025_associations,15,40,11.9443359375
Dymarska2025_associations,15,41,6.359375
Dymarska2025_associations,15,42,7.140625
Dymarska2025_associations,15,43,6.8212890625
Dymarska2025_associations,15,44,11.33056640625
Dymarska2025_associations,15,45,5.882293701171875
Dymarska2025_associations,15,46,6.75
Dymarska2025_associations,15,47,10.53125
Dymarska2025_associations,15,48,7.152313232421875
Dymarska2025_associations,15,49,6.0625
Dymarska2025_associations,15,50,6.238250732421875
Dymarska2025_associations,15,51,5.914031982421875
Dymarska2025_associations,15,52,3.054656982421875
Dymarska2025_associations,15,53,4.29345703125
Dymarska2025_associations,15,54,1.7733154296875
Dymarska2025_associations,15,55,2.367156982421875
Dymarska2025_associations,15,56,2.898406982421875
Dymarska2025_associations,15,57,2.39013671875
Dymarska2025_associations,15,58,12.5625
Dymarska2025_associations,15,59,9.890625
Dymarska2025_associations,15,60,5.5
Dymarska2025_associations,15,61,0.273681640625
Dymarska2025_associations,15,62,6.8984375
Dymarska2025_associations,15,63,4.435546875
Dymarska2025_associations,15,64,5.59375
Dymarska2025_associations,15,65,5.2342529296875
Dymarska2025_associations,15,66,7.1142578125
Dymarska2025_associations,15,67,2.258544921875
Dymarska2025_associations,15,68,2.107421875
Dymarska2025_associations,15,69,5.608612060546875
Dymarska2025_associations,15,70,3.734375
Dymarska2025_associations,15,71,2.93701171875
Dymarska2025_associations,15,72,3.890625
Dymarska2025_associations,15,73,2.890625
Dymarska2025_associations,15,74,3.039031982421875
Dymarska2025_associations,15,75,4.460418701171875
Dymarska2025_associations,15,76,13.84375
Dymarska2025_associations,15,77,2.828125
Dymarska2025_associations,15,78,0.89453125
Dymarska2025_associations,15,79,8.71484375
Dymarska2025_associations,15,80,9.247039794921875
Dymarska2025_associations,15,81,4.663330078125
Dymarska2025_associations,15,82,3.8984375
Dymarska2025_associations,15,83,5.694580078125
Dymarska2025_associations,15,84,2.179656982421875
Dymarska2025_associations,15,85,2.989990234375
Dymarska2025_associations,15,86,10.6953125
Dymarska2025_associations,15,87,4.1875
Dymarska2025_associations,15,88,8.75
Dymarska2025_associations,15,89,7.1796875
Dymarska2025_associations,15,90,6.98828125
Dymarska2025_associations,15,91,6.103515625
Dymarska2025_associations,15,92,1.59375
Dymarska2025_associations,15,93,5.36328125
Dymarska2025_associations,15,94,3.21875
Dymarska2025_associations,15,95,9.78125
Dymarska2025_associations,15,96,2.171875
Dymarska2025_associations,15,97,6.0390625
Dymarska2025_associations,15,98,4.585693359375
Dymarska2025_associations,15,99,1.897430419921875
Dymarska2025_associations,15,100,5.02734375
Dymarska2025_associations,15,101,8.101531982421875
Dymarska2025_associations,15,102,15.8125
Dymarska2025_associations,15,103,7.398193359375
Dymarska2025_associations,15,104,2.48095703125
Dymarska2025_associations,15,105,8.835906982421875
Dymarska2025_associations,15,106,8.0462646484375
Dymarska2025_associations,15,107,11.04833984375
Dymarska2025_associations,15,108,7.17822265625
Dymarska2025_associations,15,109,8.5390625
Dymarska2025_associations,15,110,6.86328125
Dymarska2025_associations,15,111,8.8671875
Dymarska2025_associations,15,112,1.6943359375
Dymarska2025_associations,15,113,2.444580078125
Dymarska2025_associations,15,114,7.4375
Dymarska2025_associations,15,115,4.4453125
Dymarska2025_associations,15,116,3.27490234375
Dymarska2025_associations,15,117,13.19287109375
Dymarska2025_associations,15,118,4.2333984375
Dymarska2025_associations,15,119,18.5625
Dymarska2025_associations,15,120,10.7802734375
Dymarska2025_associations,15,121,3.6015625
Dymarska2025_associations,15,122,3.0234375
Dymarska2025_associations,15,123,3.7734375
Dymarska2025_associations,15,124,4.515625
Dymarska2025_associations,15,125,7.9453125
Dymarska2025_associations,15,126,7.6328125
Dymarska2025_associations,15,127,3.38134765625
Dymarska2025_associations,15,128,7.8671875
Dymarska2025_associations,15,129,5.05078125
Dymarska2025_associations,15,130,6.6640625
Dymarska2025_associations,15,131,6.5386962890625
Dymarska2025_associations,15,132,3.9296875
Dymarska2025_associations,15,133,6.67333984375
Dymarska2025_associations,15,134,7.0936279296875
Dymarska2025_associations,15,135,3.984375
Dymarska2025_associations,15,136,6.96875
Dymarska2025_associations,15,137,7.78125
Dymarska2025_associations,15,138,8.1435546875
Dymarska2025_associations,15,139,8.470703125
Dymarska2025_associations,15,140,8.09375
Dymarska2025_associations,15,141,6.7615966796875
Dymarska2025_associations,15,142,5.25
Dymarska2025_associations,15,143,6.5458984375
Dymarska2025_associations,15,144,8.375
Dymarska2025_associations,15,145,3.5107421875
Dymarska2025_associations,15,146,1.642547607421875
Dymarska2025_associations,15,147,7.578125
Dymarska2025_associations,15,148,6.1083984375
Dymarska2025_associations,15,149,3.0537109375
Dymarska2025_associations,15,150,2.748046875
Dymarska2025_associations,15,151,7.65625
Dymarska2025_associations,15,152,4.14892578125
Dymarska2025_associations,15,153,6.5234375
Dymarska2025_associations,15,154,9.2655029296875
Dymarska2025_associations,15,155,2.20849609375
Dymarska2025_associations,15,156,7.562255859375
Dymarska2025_associations,15,157,8.200653076171875
Dymarska2025_associations,15,158,3.6522216796875
Dymarska2025_associations,15,159,7.0
Dymarska2025_associations,15,160,7.3125
Dymarska2025_associations,15,161,5.0546875
Dymarska2025_associations,15,162,4.53125
Dymarska2025_associations,15,163,1.279296875
Dymarska2025_associations,15,164,4.0625
Dymarska2025_associations,15,165,6.703125
Dymarska2025_associations,15,166,6.84375
Dymarska2025_associations,15,167,12.09765625
Dymarska2025_associations,15,168,10.9124755859375
Dymarska2025_associations,15,169,8.435546875
Dymarska2025_associations,15,170,2.76171875
Dymarska2025_associations,15,171,5.84375
Dymarska2025_associations,15,172,7.25
Dymarska2025_associations,16,0,13.1796875
Dymarska2025_associations,16,1,6.71875
Dymarska2025_associations,16,2,3.59375
Dymarska2025_associations,16,3,3.84375
Dymarska2025_associations,16,4,5.8359375
Dymarska2025_associations,16,5,9.34375
Dymarska2025_associations,16,6,6.50390625
Dymarska2025_associations,16,7,6.40625
Dymarska2025_associations,16,8,9.443359375
Dymarska2025_associations,16,9,7.22265625
Dymarska2025_associations,16,10,4.09375
Dymarska2025_associations,16,11,6.326171875
Dymarska2025_associations,16,12,5.078125
Dymarska2025_associations,16,13,10.0
Dymarska2025_associations,16,14,5.09375
Dymarska2025_associations,16,15,6.3133544921875
Dymarska2025_associations,16,16,6.375
Dymarska2025_associations,16,17,5.9765625
Dymarska2025_associations,16,18,7.8583984375
Dymarska2025_associations,16,19,9.43359375
Dymarska2025_associations,16,20,10.955078125
Dymarska2025_associations,16,21,8.578094482421875
Dymarska2025_associations,16,22,3.53125
Dymarska2025_associations,16,23,6.67822265625
Dymarska2025_associations,16,24,5.1640625
Dymarska2025_associations,16,25,2.72265625
Dymarska2025_associations,16,26,3.40234375
Dymarska2025_associations,16,27,6.953125
Dymarska2025_associations,16,28,1.40625
Dymarska2025_associations,16,29,4.60009765625
Dymarska2025_associations,16,30,5.280517578125
Dymarska2025_associations,16,31,4.5390625
Dymarska2025_associations,16,32,7.92333984375
Dymarska2025_associations,16,33,9.5390625
Dymarska2025_associations,16,34,7.0625
Dymarska2025_associations,16,35,2.3759765625
Dymarska2025_associations,16,36,5.9765625
Dymarska2025_associations,16,37,6.921875
Dymarska2025_associations,16,38,6.125
Dymarska2025_associations,16,39,12.4375
Dymarska2025_associations,16,40,5.43701171875
Dymarska2025_associations,16,41,1.6015625
Dymarska2025_associations,16,42,6.0062255859375
Dymarska2025_associations,16,43,7.21826171875
Dymarska2025_associations,16,44,6.98046875
Dymarska2025_associations,16,45,11.21875
Dymarska2025_associations,16,46,12.140625
Dymarska2025_associations,16,47,4.694793701171875
Dymarska2025_associations,16,48,5.509765625
Dymarska2025_associations,16,49,6.875
Dymarska2025_associations,16,50,5.320068359375
Dymarska2025_associations,16,51,4.78125
Dymarska2025_associations,16,52,9.8125
Dymarska2025_associations,16,53,4.023193359375
Dymarska2025_associations,16,54,5.27734375
Dymarska2025_associations,16,55,6.37060546875
Dymarska2025_associations,16,56,5.9375
Dymarska2025_associations,16,57,4.84765625
Dymarska2025_associations,16,58,8.375
Dymarska2025_associations,16,59,8.3125
Dymarska2025_associations,16,60,10.226409912109375
Dymarska2025_associations,16,61,4.5390625
Dymarska2025_associations,16,62,4.0859375
Dymarska2025_associations,16,63,7.00390625
Dymarska2025_associations,16,64,4.538818359375
Dymarska2025_associations,16,65,5.9842529296875
Dymarska2025_associations,16,66,3.92578125
Dymarska2025_associations,16,67,4.9530029296875
Dymarska2025_associations,16,68,3.3505859375
Dymarska2025_associations,16,69,4.3125
Dymarska2025_associations,16,70,4.312225341796875
Dymarska2025_associations,16,71,5.810546875
Dymarska2025_associations,16,72,5.27734375
Dymarska2025_associations,16,73,4.2255859375
Dymarska2025_associations,16,74,5.4140625
Dymarska2025_associations,16,75,8.3203125
Dymarska2025_associations,16,76,11.984375
Dymarska2025_associations,16,77,3.33984375
Dymarska2025_associations,16,78,7.09326171875
Dymarska2025_associations,16,79,7.625
Dymarska2025_associations,16,80,3.591796875
Dymarska2025_associations,16,81,5.351531982421875
Dymarska2025_associations,16,82,5.2109375
Dymarska2025_associations,16,83,8.0625
Dymarska2025_associations,16,84,4.474578857421875
Dymarska2025_associations,16,85,7.0546875
Dymarska2025_associations,16,86,7.28125
Dymarska2025_associations,16,87,6.484375
Dymarska2025_associations,16,88,11.19140625
Dymarska2025_associations,16,89,5.730438232421875
Dymarska2025_associations,16,90,14.0625
Dymarska2025_associations,16,91,10.625
Dymarska2025_associations,16,92,8.1015625
Dymarska2025_associations,16,93,11.375
Dymarska2025_associations,16,94,6.64501953125
Dymarska2025_associations,16,95,5.84375
Dymarska2025_associations,16,96,3.34765625
Dymarska2025_associations,16,97,5.0625
Dymarska2025_associations,16,98,5.212890625
Dymarska2025_associations,16,99,5.09521484375
Dymarska2025_associations,16,100,3.203094482421875
Dymarska2025_associations,16,101,7.5068359375
Dymarska2025_associations,16,102,7.09765625
Dymarska2025_associations,16,103,1.187469482421875
Dymarska2025_associations,16,104,1.740234375
Dymarska2025_associations,16,105,5.6025390625
Dymarska2025_associations,16,106,10.044921875
Dymarska2025_associations,16,107,9.4375
Dymarska2025_associations,16,108,8.62890625
Dymarska2025_associations,16,109,6.30859375
Dymarska2025_associations,16,110,5.158203125
Dymarska2025_associations,16,111,4.107421875
Dymarska2025_associations,16,112,8.44287109375
Dymarska2025_associations,16,113,7.65625
Dymarska2025_associations,16,114,7.70166015625
Dymarska2025_associations,16,115,8.19287109375
Dymarska2025_associations,16,116,10.70703125
Dymarska2025_associations,16,117,5.3125
Dymarska2025_associations,16,118,6.984375
Dymarska2025_associations,16,119,7.343505859375
Dymarska2025_associations,16,120,5.4501953125
Dymarska2025_associations,16,121,3.96875
Dymarska2025_associations,16,122,7.7265625
Dymarska2025_associations,16,123,4.28125
Dymarska2025_associations,16,124,4.8125
Dymarska2025_associations,16,125,4.782470703125
Dymarska2025_associations,16,126,8.445281982421875
Dymarska2025_associations,16,127,9.0458984375
Dymarska2025_associations,16,128,6.607421875
Dymarska2025_associations,16,129,7.460693359375
Dymarska2025_associations,16,130,9.3905029296875
Dymarska2025_associations,16,131,9.546875
Dymarska2025_associations,16,132,9.8125
Dymarska2025_associations,16,133,5.43017578125
Dymarska2025_associations,16,134,6.54296875
Dymarska2025_associations,16,135,9.6986083984375
Dymarska2025_associations,16,136,5.027099609375
Dymarska2025_associations,16,137,7.664031982421875
Dymarska2025_associations,16,138,4.939453125
Dymarska2025_associations,16,139,9.9375
Dymarska2025_associations,16,140,4.53125
Dymarska2025_associations,16,141,7.1484375
Dymarska2025_associations,16,142,11.46875
Dymarska2025_associations,16,143,5.828125
Dymarska2025_associations,16,144,4.0625
Dymarska2025_associations,16,145,7.3739013671875
Dymarska2025_associations,16,146,5.371063232421875
Dymarska2025_associations,16,147,6.8359375
Dymarska2025_associations,16,148,6.2021484375
Dymarska2025_associations,16,149,4.6015625
Dymarska2025_associations,16,150,7.82958984375
Dymarska2025_associations,16,151,3.080078125
Dymarska2025_associations,16,152,5.03125
Dymarska2025_associations,16,153,2.991943359375
Dymarska2025_associations,16,154,4.88671875
Dymarska2025_associations,16,155,7.1875
Dymarska2025_associations,16,156,3.1728515625
Dymarska2025_associations,16,157,4.1787109375
Dymarska2025_associations,16,158,6.71875
Dymarska2025_associations,16,159,6.328094482421875
Dymarska2025_associations,16,160,6.326171875
Dymarska2025_associations,16,161,2.8095703125
Dymarska2025_associations,16,162,5.13330078125
Dymarska2025_associations,16,163,6.662109375
Dymarska2025_associations,16,164,5.1220703125
Dymarska2025_associations,16,165,8.3125
Dymarska2025_associations,16,166,3.54833984375
Dymarska2025_associations,16,167,5.25
Dymarska2025_associations,16,168,5.5062255859375
Dymarska2025_associations,16,169,5.96875
Dymarska2025_associations,16,170,11.216552734375
Dymarska2025_associations,16,171,4.61767578125
Dymarska2025_associations,16,172,10.4375
Dymarska2025_associations,16,173,6.1405029296875
Dymarska2025_associations,16,174,11.6220703125
Dymarska2025_associations,16,175,11.1484375
Dymarska2025_associations,16,176,7.1806640625
Dymarska2025_associations,16,177,6.0
Dymarska2025_associations,16,178,1.49951171875
Dymarska2025_associations,16,179,5.08203125
Dymarska2025_associations,16,180,5.7001953125
Dymarska2025_associations,16,181,8.12451171875
Dymarska2025_associations,16,182,3.3787841796875
Dymarska2025_associations,16,183,6.5
Dymarska2025_associations,16,184,2.88134765625
Dymarska2025_associations,16,185,3.5888671875
Dymarska2025_associations,16,186,6.7615966796875
Dymarska2025_associations,16,187,6.515625
Dymarska2025_associations,16,188,4.54443359375
Dymarska2025_associations,16,189,10.4375
Dymarska2025_associations,16,190,4.19580078125
Dymarska2025_associations,16,191,5.28125
Dymarska2025_associations,16,192,4.5859375
Dymarska2025_associations,16,193,5.40625
Dymarska2025_associations,16,194,4.0625
Dymarska2025_associations,16,195,4.251953125
Dymarska2025_associations,16,196,5.765625
Dymarska2025_associations,17,0,10.1875
Dymarska2025_associations,17,1,6.71875
Dymarska2025_associations,17,2,4.2734375
Dymarska2025_associations,17,3,4.882781982421875
Dymarska2025_associations,17,4,10.7030029296875
Dymarska2025_associations,17,5,5.9150390625
Dymarska2025_associations,17,6,4.914031982421875
Dymarska2025_associations,17,7,5.0078125
Dymarska2025_associations,17,8,3.585205078125
Dymarska2025_associations,17,9,4.29541015625
Dymarska2025_associations,17,10,3.345703125
Dymarska2025_associations,17,11,4.462890625
Dymarska2025_associations,17,12,3.072265625
Dymarska2025_associations,17,13,3.71484375
Dymarska2025_associations,17,14,7.17822265625
Dymarska2025_associations,17,15,4.5625
Dymarska2025_associations,17,16,11.234375
Dymarska2025_associations,17,17,7.3125
Dymarska2025_associations,17,18,6.15234375
Dymarska2025_associations,17,19,1.4453125
Dymarska2025_associations,17,20,10.1875
Dymarska2025_associations,17,21,2.79638671875
Dymarska2025_associations,17,22,9.539031982421875
Dymarska2025_associations,17,23,14.15625
Dymarska2025_associations,17,24,5.234375
Dymarska2025_associations,17,25,9.46875
Dymarska2025_associations,17,26,7.15625
Dymarska2025_associations,17,27,4.7490234375
Dymarska2025_associations,17,28,10.4609375
Dymarska2025_associations,17,29,7.78759765625
Dymarska2025_associations,17,30,4.9375
Dymarska2025_associations,17,31,5.90576171875
Dymarska2025_associations,17,32,3.70703125
Dymarska2025_associations,17,33,3.8798828125
Dymarska2025_associations,17,34,9.84375
Dymarska2025_associations,17,35,5.345703125
Dymarska2025_associations,17,36,5.171875
Dymarska2025_associations,17,37,8.37451171875
Dymarska2025_associations,17,38,9.478515625
Dymarska2025_associations,17,39,7.07421875
Dymarska2025_associations,17,40,3.25390625
Dymarska2025_associations,17,41,3.843719482421875
Dymarska2025_associations,17,42,10.9375
Dymarska2025_associations,17,43,7.1875
Dymarska2025_associations,17,44,11.125
Dymarska2025_associations,17,45,8.90625
Dymarska2025_associations,17,46,4.9530029296875
Dymarska2025_associations,17,47,5.0194091796875
Dymarska2025_associations,17,48,6.328094482421875
Dymarska2025_associations,17,49,4.763671875
Dymarska2025_associations,17,50,5.880859375
Dymarska2025_associations,17,51,3.58984375
Dymarska2025_associations,17,52,8.0224609375
Dymarska2025_associations,17,53,4.609375
Dymarska2025_associations,17,54,8.0
Dymarska2025_associations,17,55,2.9658203125
Dymarska2025_associations,17,56,4.7109375
Dymarska2025_associations,17,57,4.3984375
Dymarska2025_associations,17,58,4.80810546875
Dymarska2025_associations,17,59,7.222625732421875
Dymarska2025_associations,17,60,2.84375
Dymarska2025_associations,17,61,10.57421875
Dymarska2025_associations,17,62,6.7470703125
Dymarska2025_associations,17,63,10.75
Dymarska2025_associations,17,64,5.296875
Dymarska2025_associations,17,65,3.59765625
Dymarska2025_associations,17,66,10.632080078125
Dymarska2025_associations,17,67,5.8671875
Dymarska2025_associations,17,68,10.234375
Dymarska2025_associations,17,69,7.529296875
Dymarska2025_associations,17,70,6.744140625
Dymarska2025_associations,17,71,8.0625
Dymarska2025_associations,17,72,7.2578125
Dymarska2025_associations,17,73,2.80859375
Dymarska2025_associations,17,74,7.984375
Dymarska2025_associations,17,75,9.1248779296875
Dymarska2025_associations,17,76,5.820281982421875
Dymarska2025_associations,17,77,8.289031982421875
Dymarska2025_associations,17,78,13.25
Dymarska2025_associations,17,79,8.59375
Dymarska2025_associations,17,80,3.777313232421875
Dymarska2025_associations,17,81,3.0478515625
Dymarska2025_associations,17,82,3.3828125
Dymarska2025_associations,17,83,10.429443359375
Dymarska2025_associations,17,84,7.1728515625
Dymarska2025_associations,17,85,6.4686279296875
Dymarska2025_associations,17,86,3.91015625
Dymarska2025_associations,17,87,5.921875
Dymarska2025_associations,17,88,3.600830078125
Dymarska2025_associations,17,89,8.40234375
Dymarska2025_associations,17,90,10.0546875
Dymarska2025_associations,17,91,7.8662109375
Dymarska2025_associations,17,92,5.75
Dymarska2025_associations,17,93,9.734375
Dymarska2025_associations,17,94,6.53125
Dymarska2025_associations,17,95,3.197265625
Dymarska2025_associations,17,96,6.46875
Dymarska2025_associations,17,97,11.03125
Dymarska2025_associations,17,98,9.587890625
Dymarska2025_associations,17,99,8.65625
Dymarska2025_associations,17,100,8.647430419921875
Dymarska2025_associations,17,101,3.732421875
Dymarska2025_associations,17,102,2.18743896484375
Dymarska2025_associations,17,103,7.390625
Dymarska2025_associations,17,104,7.609375
Dymarska2025_associations,17,105,9.375
Dymarska2025_associations,17,106,2.890625
Dymarska2025_associations,17,107,5.0462646484375
Dymarska2025_associations,17,108,5.710693359375
Dymarska2025_associations,17,109,5.101531982421875
Dymarska2025_associations,17,110,3.51513671875
Dymarska2025_associations,17,111,10.25
Dymarska2025_associations,17,112,6.1015625
Dymarska2025_associations,17,113,8.3125
Dymarska2025_associations,17,114,6.28125
Dymarska2025_associations,17,115,7.6181640625
Dymarska2025_associations,17,116,5.3203125
Dymarska2025_associations,17,117,9.03125
Dymarska2025_associations,17,118,4.6953125
Dymarska2025_associations,17,119,6.609375
Dymarska2025_associations,17,120,6.0625
Dymarska2025_associations,17,121,1.81884765625
Dymarska2025_associations,17,122,2.72705078125
Dymarska2025_associations,17,123,5.5155029296875
Dymarska2025_associations,17,124,7.71875
Dymarska2025_associations,17,125,3.556640625
Dymarska2025_associations,17,126,3.890625
Dymarska2025_associations,17,127,8.8125
Dymarska2025_associations,17,128,4.015594482421875
Dymarska2025_associations,17,129,6.359375
Dymarska2025_associations,17,130,4.0467529296875
Dymarska2025_associations,17,131,4.69921875
Dymarska2025_associations,17,132,6.28125
Dymarska2025_associations,17,133,7.15234375
Dymarska2025_associations,17,134,11.80517578125
Dymarska2025_associations,17,135,11.84375
Dymarska2025_associations,17,136,11.3203125
Dymarska2025_associations,17,137,10.72265625
Dymarska2025_associations,17,138,3.525390625
Dymarska2025_associations,17,139,3.609375
Dymarska2025_associations,17,140,1.591796875
Dymarska2025_associations,17,141,2.792236328125
Dymarska2025_associations,17,142,18.5
Dymarska2025_associations,17,143,10.078125
Dymarska2025_associations,17,144,7.1171875
Dymarska2025_associations,17,145,1.66796875
Dymarska2025_associations,17,146,3.2841796875
Dymarska2025_associations,17,147,6.875
Dymarska2025_associations,17,148,6.07421875
Dymarska2025_associations,17,149,5.609375
Dymarska2025_associations,17,150,9.2294921875
Dymarska2025_associations,17,151,12.359375
Dymarska2025_associations,17,152,9.71875
Dymarska2025_associations,17,153,8.014404296875
Dymarska2025_associations,17,154,8.46875
Dymarska2025_associations,17,155,5.482421875
Dymarska2025_associations,17,156,5.046875
Dymarska2025_associations,17,157,4.484375
Dymarska2025_associations,17,158,7.10546875
Dymarska2025_associations,17,159,4.6014404296875
Dymarska2025_associations,17,160,5.2734375
Dymarska2025_associations,17,161,5.40625
Dymarska2025_associations,17,162,19.125
Dymarska2025_associations,17,163,7.560546875
Dymarska2025_associations,17,164,4.2967529296875
Dymarska2025_associations,17,165,8.382781982421875
Dymarska2025_associations,17,166,7.0311279296875
Dymarska2025_associations,17,167,5.15185546875
Dymarska2025_associations,17,168,7.15625
Dymarska2025_associations,17,169,4.576171875
Dymarska2025_associations,17,170,10.185546875
Dymarska2025_associations,17,171,5.400390625
Dymarska2025_associations,17,172,6.32763671875
Dymarska2025_associations,17,173,13.671875
Dymarska2025_associations,17,174,17.873046875
Dymarska2025_associations,17,175,9.0234375
Dymarska2025_associations,17,176,5.175537109375
Dymarska2025_associations,17,177,8.78125
Dymarska2025_associations,17,178,13.989990234375
Dymarska2025_associations,17,179,9.375
Dymarska2025_associations,17,180,3.0
Dymarska2025_associations,17,181,4.6287841796875
Dymarska2025_associations,17,182,1.484375
Dymarska2025_associations,17,183,5.798095703125
Dymarska2025_associations,17,184,4.19140625
Dymarska2025_associations,17,185,2.83203125
Dymarska2025_associations,17,186,4.80517578125
Dymarska2025_associations,17,187,9.484375
Dymarska2025_associations,17,188,4.9765625
Dymarska2025_associations,17,189,4.6328125
Dymarska2025_associations,17,190,6.84375
Dymarska2025_associations,17,191,7.125
Dymarska2025_associations,17,192,8.445281982421875
Dymarska2025_associations,17,193,6.310546875
Dymarska2025_associations,17,194,8.964813232421875
Dymarska2025_associations,17,195,10.101531982421875
Dymarska2025_associations,17,196,5.4853515625
Dymarska2025_associations,17,197,9.26953125
Dymarska2025_associations,18,0,12.095703125
Dymarska2025_associations,18,1,6.5361328125
Dymarska2025_associations,18,2,2.81201171875
Dymarska2025_associations,18,3,7.78125
Dymarska2025_associations,18,4,6.05126953125
Dymarska2025_associations,18,5,10.703125
Dymarska2025_associations,18,6,1.9140625
Dymarska2025_associations,18,7,9.53125
Dymarska2025_associations,18,8,0.96142578125
Dymarska2025_associations,18,9,13.25341796875
Dymarska2025_associations,18,10,5.4765625
Dymarska2025_associations,18,11,2.45703125
Dymarska2025_associations,18,12,9.43359375
Dymarska2025_associations,18,13,4.93359375
Dymarska2025_associations,18,14,5.4375
Dymarska2025_associations,18,15,1.5625
Dymarska2025_associations,18,16,8.02734375
Dymarska2025_associations,18,17,2.10931396484375
Dymarska2025_associations,18,18,6.390625
Dymarska2025_associations,18,19,6.0234375
Dymarska2025_associations,18,20,6.69287109375
Dymarska2025_associations,18,21,4.405975341796875
Dymarska2025_associations,18,22,8.148406982421875
Dymarska2025_associations,18,23,8.046875
Dymarska2025_associations,18,24,4.779296875
Dymarska2025_associations,18,25,2.66162109375
Dymarska2025_associations,18,26,6.75
Dymarska2025_associations,18,27,11.9375
Dymarska2025_associations,18,28,7.623046875
Dymarska2025_associations,18,29,11.507080078125
Dymarska2025_associations,18,30,6.5625
Dymarska2025_associations,18,31,6.5341796875
Dymarska2025_associations,18,32,8.375
Dymarska2025_associations,18,33,6.25
Dymarska2025_associations,18,34,9.3125
Dymarska2025_associations,18,35,3.9375
Dymarska2025_associations,18,36,6.6640625
Dymarska2025_associations,18,37,6.9375
Dymarska2025_associations,18,38,5.6209716796875
Dymarska2025_associations,18,39,9.2890625
Dymarska2025_associations,18,40,0.5625
Dymarska2025_associations,18,41,1.4619140625
Dymarska2025_associations,18,42,6.460693359375
Dymarska2025_associations,18,43,4.7890625
Dymarska2025_associations,18,44,9.28125
Dymarska2025_associations,18,45,3.859375
Dymarska2025_associations,18,46,9.625
Dymarska2025_associations,18,47,3.33984375
Dymarska2025_associations,18,48,2.53125
Dymarska2025_associations,18,49,4.0849609375
Dymarska2025_associations,18,50,4.875
Dymarska2025_associations,18,51,1.591796875
Dymarska2025_associations,18,52,4.25
Dymarska2025_associations,18,53,3.18359375
Dymarska2025_associations,18,54,2.859375
Dymarska2025_associations,18,55,4.04296875
Dymarska2025_associations,18,56,2.320068359375
Dymarska2025_associations,18,57,5.7255859375
Dymarska2025_associations,18,58,9.5625
Dymarska2025_associations,18,59,11.984375
Dymarska2025_associations,18,60,6.18359375
Dymarska2025_associations,18,61,8.38037109375
Dymarska2025_associations,18,62,5.125
Dymarska2025_associations,18,63,5.828125
Dymarska2025_associations,18,64,8.6875
Dymarska2025_associations,18,65,7.59375
Dymarska2025_associations,18,66,7.25
Dymarska2025_associations,18,67,7.078125
Dymarska2025_associations,18,68,1.72265625
Dymarska2025_associations,18,69,5.78125
Dymarska2025_associations,18,70,7.21875
Dymarska2025_associations,18,71,3.03125
Dymarska2025_associations,18,72,5.12109375
Dymarska2025_associations,18,73,5.03125
Dymarska2025_associations,18,74,6.41650390625
Dymarska2025_associations,18,75,6.1796875
Dymarska2025_associations,18,76,8.0
Dymarska2025_associations,18,77,6.87109375
Dymarska2025_associations,18,78,6.125
Dymarska2025_associations,18,79,7.867156982421875
Dymarska2025_associations,18,80,6.0106201171875
Dymarska2025_associations,18,81,6.2430419921875
Dymarska2025_associations,18,82,3.70751953125
Dymarska2025_associations,18,83,2.8260498046875
Dymarska2025_associations,18,84,5.9208984375
Dymarska2025_associations,18,85,4.210693359375
Dymarska2025_associations,18,86,2.8896484375
Dymarska2025_associations,18,87,11.9375
Dymarska2025_associations,18,88,3.646484375
Dymarska2025_associations,18,89,6.8984375
Dymarska2025_associations,18,90,5.53125
Dymarska2025_associations,18,91,5.8408203125
Dymarska2025_associations,18,92,6.515625
Dymarska2025_associations,18,93,8.078125
Dymarska2025_associations,18,94,6.34765625
Dymarska2025_associations,18,95,3.03125
Dymarska2025_associations,18,96,4.09375
Dymarska2025_associations,18,97,8.546875
Dymarska2025_associations,18,98,4.6875
Dymarska2025_associations,18,99,8.625
Dymarska2025_associations,18,100,5.757781982421875
Dymarska2025_associations,18,101,6.6953125
Dymarska2025_associations,18,102,3.859375
Dymarska2025_associations,18,103,3.726318359375
Dymarska2025_associations,18,104,5.75
Dymarska2025_associations,18,105,6.21875
Dymarska2025_associations,18,106,5.0
Dymarska2025_associations,18,107,4.556640625
Dymarska2025_associations,18,108,5.850830078125
Dymarska2025_associations,18,109,4.75
Dymarska2025_associations,18,110,9.15625
Dymarska2025_associations,18,111,6.04150390625
Dymarska2025_associations,18,112,12.96875
Dymarska2025_associations,18,113,5.570281982421875
Dymarska2025_associations,18,114,7.75
Dymarska2025_associations,18,115,6.05078125
Dymarska2025_associations,18,116,4.248992919921875
Dymarska2025_associations,18,117,1.97265625
Dymarska2025_associations,18,118,12.875
Dymarska2025_associations,18,119,5.03076171875
Dymarska2025_associations,18,120,13.419921875
Dymarska2025_associations,18,121,8.671875
Dymarska2025_associations,18,122,3.07958984375
Dymarska2025_associations,18,123,1.273193359375
Dymarska2025_associations,18,124,4.4296875
Dymarska2025_associations,18,125,6.95947265625
Dymarska2025_associations,18,126,7.625
Dymarska2025_associations,18,127,3.875
Dymarska2025_associations,18,128,4.7734375
Dymarska2025_associations,18,129,3.226531982421875
Dymarska2025_associations,18,130,5.43017578125
Dymarska2025_associations,18,131,6.60498046875
Dymarska2025_associations,18,132,4.1558837890625
Dymarska2025_associations,18,133,4.8125
Dymarska2025_associations,18,134,5.0625
Dymarska2025_associations,18,135,3.0
Dymarska2025_associations,18,136,2.1083984375
Dymarska2025_associations,18,137,6.107421875
Dymarska2025_associations,18,138,7.234375
Dymarska2025_associations,18,139,6.9365234375
Dymarska2025_associations,18,140,7.21875
Dymarska2025_associations,18,141,6.6875
Dymarska2025_associations,18,142,5.978485107421875
Dymarska2025_associations,18,143,7.40625
Dymarska2025_associations,18,144,6.97509765625
Dymarska2025_associations,18,145,11.15625
Dymarska2025_associations,18,146,4.163330078125
Dymarska2025_associations,18,147,3.77099609375
Dymarska2025_associations,18,148,7.15625
Dymarska2025_associations,18,149,2.773406982421875
Dymarska2025_associations,18,150,5.65625
Dymarska2025_associations,18,151,2.62744140625
Dymarska2025_associations,18,152,7.1866455078125
Dymarska2025_associations,18,153,4.100830078125
Dymarska2025_associations,18,154,2.20703125
Dymarska2025_associations,18,155,12.08203125
Dymarska2025_associations,18,156,6.828125
Dymarska2025_associations,18,157,5.882781982421875
Dymarska2025_associations,18,158,7.375
Dymarska2025_associations,18,159,6.72265625
Dymarska2025_associations,18,160,4.475830078125
Dymarska2025_associations,18,161,3.507080078125
Dymarska2025_associations,18,162,6.984375
Dymarska2025_associations,18,163,3.21875
Dymarska2025_associations,18,164,1.861328125
Dymarska2025_associations,18,165,6.59375
Dymarska2025_associations,18,166,2.02880859375
Dymarska2025_associations,18,167,8.03125
Dymarska2025_associations,18,168,4.375
Dymarska2025_associations,18,169,6.285125732421875
Dymarska2025_associations,18,170,8.84375
Dymarska2025_associations,18,171,6.671875
Dymarska2025_associations,18,172,2.732421875
Dymarska2025_associations,18,173,5.3905029296875
Dymarska2025_associations,18,174,2.882568359375
Dymarska2025_associations,18,175,5.807586669921875
Dymarska2025_associations,18,176,9.2939453125
Dymarska2025_associations,18,177,3.703125
Dymarska2025_associations,18,178,11.810546875
Dymarska2025_associations,18,179,3.48779296875
Dymarska2025_associations,18,180,4.7265625
Dymarska2025_associations,19,0,10.33984375
Dymarska2025_associations,19,1,4.3857421875
Dymarska2025_associations,19,2,4.1328125
Dymarska2025_associations,19,3,5.609375
Dymarska2025_associations,19,4,4.68017578125
Dymarska2025_associations,19,5,5.83984375
Dymarska2025_associations,19,6,4.49951171875
Dymarska2025_associations,19,7,1.644500732421875
Dymarska2025_associations,19,8,6.375
Dymarska2025_associations,19,9,3.9375
Dymarska2025_associations,19,10,5.53125
Dymarska2025_associations,19,11,3.281219482421875
Dymarska2025_associations,19,12,6.781219482421875
Dymarska2025_associations,19,13,9.5234375
Dymarska2025_associations,19,14,8.140625
Dymarska2025_associations,19,15,5.15625
Dymarska2025_associations,19,16,6.28125
Dymarska2025_associations,19,17,5.625
Dymarska2025_associations,19,18,5.4375
Dymarska2025_associations,19,19,4.44873046875
Dymarska2025_associations,19,20,2.038818359375
Dymarska2025_associations,19,21,6.515625
Dymarska2025_associations,19,22,10.38037109375
Dymarska2025_associations,19,23,8.75
Dymarska2025_associations,19,24,9.0
Dymarska2025_associations,19,25,8.46875
Dymarska2025_associations,19,26,4.750732421875
Dymarska2025_associations,19,27,5.625
Dymarska2025_associations,19,28,5.632080078125
Dymarska2025_associations,19,29,11.546875
Dymarska2025_associations,19,30,6.78125
Dymarska2025_associations,19,31,5.28125
Dymarska2025_associations,19,32,7.5625
Dymarska2025_associations,19,33,6.71484375
Dymarska2025_associations,19,34,10.703125
Dymarska2025_associations,19,35,5.75390625
Dymarska2025_associations,19,36,5.90625
Dymarska2025_associations,19,37,11.240234375
Dymarska2025_associations,19,38,4.84326171875
Dymarska2025_associations,19,39,11.61083984375
Dymarska2025_associations,19,40,7.59375
Dymarska2025_associations,19,41,4.861328125
Dymarska2025_associations,19,42,5.90625
Dymarska2025_associations,19,43,6.796875
Dymarska2025_associations,19,44,5.091796875
Dymarska2025_associations,19,45,6.796875
Dymarska2025_associations,19,46,8.8125
Dymarska2025_associations,19,47,5.49609375
Dymarska2025_associations,19,48,4.92578125
Dymarska2025_associations,19,49,6.703125
Dymarska2025_associations,19,50,8.1875
Dymarska2025_associations,19,51,7.375
Dymarska2025_associations,19,52,7.640625
Dymarska2025_associations,19,53,6.75
Dymarska2025_associations,19,54,4.39501953125
Dymarska2025_associations,19,55,14.40625
Dymarska2025_associations,19,56,4.64453125
Dymarska2025_associations,19,57,7.453125
Dymarska2025_associations,19,58,8.3125
Dymarska2025_associations,19,59,5.4208984375
Dymarska2025_associations,19,60,10.9140625
Dymarska2025_associations,19,61,15.109375
Dymarska2025_associations,19,62,4.06640625
Dymarska2025_associations,19,63,8.8125
Dymarska2025_associations,19,64,8.609375
Dymarska2025_associations,19,65,4.75390625
Dymarska2025_associations,19,66,2.5185546875
Dymarska2025_associations,19,67,9.65576171875
Dymarska2025_associations,19,68,10.9853515625
Dymarska2025_associations,19,69,4.876953125
Dymarska2025_associations,19,70,8.515625
Dymarska2025_associations,19,71,7.366668701171875
Dymarska2025_associations,19,72,10.20947265625
Dymarska2025_associations,19,73,2.294921875
Dymarska2025_associations,19,74,8.169921875
Dymarska2025_associations,19,75,6.17333984375
Dymarska2025_associations,19,76,5.2578125
Dymarska2025_associations,19,77,7.44384765625
Dymarska2025_associations,19,78,6.8828125
Dymarska2025_associations,19,79,9.0350341796875
Dymarska2025_associations,19,80,2.81005859375
Dymarska2025_associations,19,81,5.687469482421875
Dymarska2025_associations,19,82,7.59375
Dymarska2025_associations,19,83,4.74609375
Dymarska2025_associations,19,84,5.265625
Dymarska2025_associations,19,85,6.77001953125
Dymarska2025_associations,19,86,2.74609375
Dymarska2025_associations,19,87,4.8828125
Dymarska2025_associations,19,88,4.484375
Dymarska2025_associations,19,89,3.44287109375
Dymarska2025_associations,19,90,8.2109375
Dymarska2025_associations,19,91,4.66162109375
Dymarska2025_associations,19,92,8.319580078125
Dymarska2025_associations,19,93,6.4296875
Dymarska2025_associations,19,94,8.4296875
Dymarska2025_associations,19,95,16.5625
Dymarska2025_associations,19,96,11.09375
Dymarska2025_associations,19,97,5.893035888671875
Dymarska2025_associations,19,98,5.696746826171875
Dymarska2025_associations,19,99,9.078125
Dymarska2025_associations,19,100,3.859375
Dymarska2025_associations,19,101,5.15625
Dymarska2025_associations,19,102,9.625
Dymarska2025_associations,19,103,12.921875
Dymarska2025_associations,19,104,7.1796875
Dymarska2025_associations,19,105,5.35888671875
Dymarska2025_associations,19,106,1.81201171875
Dymarska2025_associations,19,107,3.72705078125
Dymarska2025_associations,19,108,2.265625
Dymarska2025_associations,19,109,7.5780029296875
Dymarska2025_associations,19,110,4.21875
Dymarska2025_associations,19,111,2.576171875
Dymarska2025_associations,19,112,6.40185546875
Dymarska2025_associations,19,113,4.4169921875
Dymarska2025_associations,19,114,7.203125
Dymarska2025_associations,19,115,3.798583984375
Dymarska2025_associations,19,116,6.10888671875
Dymarska2025_associations,19,117,7.554443359375
Dymarska2025_associations,19,118,8.5
Dymarska2025_associations,19,119,9.109375
Dymarska2025_associations,19,120,17.296875
Dymarska2025_associations,19,121,8.21484375
Dymarska2025_associations,19,122,8.421875
Dymarska2025_associations,19,123,12.801025390625
Dymarska2025_associations,19,124,8.4921875
Dymarska2025_associations,19,125,6.716796875
Dymarska2025_associations,19,126,4.9833984375
Dymarska2025_associations,19,127,4.210906982421875
Dymarska2025_associations,19,128,4.86328125
Dymarska2025_associations,19,129,7.81640625
Dymarska2025_associations,19,130,4.9140625
Dymarska2025_associations,19,131,5.53125
Dymarska2025_associations,19,132,1.44091796875
Dymarska2025_associations,19,133,7.34375
Dymarska2025_associations,19,134,9.484375
Dymarska2025_associations,19,135,5.1405029296875
Dymarska2025_associations,19,136,5.84375
Dymarska2025_associations,19,137,6.46875
Dymarska2025_associations,19,138,5.6796875
Dymarska2025_associations,19,139,7.560546875
Dymarska2025_associations,19,140,5.947265625
Dymarska2025_associations,19,141,8.2978515625
Dymarska2025_associations,19,142,6.01708984375
Dymarska2025_associations,19,143,7.0927734375
Dymarska2025_associations,19,144,8.046875
Dymarska2025_associations,19,145,3.75634765625
Dymarska2025_associations,19,146,3.701171875
Dymarska2025_associations,19,147,7.796875
Dymarska2025_associations,19,148,6.046875
Dymarska2025_associations,19,149,7.5400390625
Dymarska2025_associations,19,150,5.625
Dymarska2025_associations,19,151,4.78076171875
Dymarska2025_associations,19,152,9.0565185546875
Dymarska2025_associations,19,153,6.55810546875
Dymarska2025_associations,19,154,2.71875
Dymarska2025_associations,19,155,4.625
Dymarska2025_associations,19,156,10.3359375
Dymarska2025_associations,19,157,3.75
Dymarska2025_associations,19,158,3.820068359375
Dymarska2025_associations,19,159,3.5625
Dymarska2025_associations,19,160,8.78125
Dymarska2025_associations,19,161,8.125
Dymarska2025_associations,19,162,5.328125
Dymarska2025_associations,19,163,7.273406982421875
Dymarska2025_associations,19,164,7.59375
Dymarska2025_associations,19,165,6.80517578125
Dymarska2025_associations,19,166,6.02734375
Dymarska2025_associations,19,167,3.994140625
Dymarska2025_associations,19,168,4.52734375
Dymarska2025_associations,19,169,7.34375
Dymarska2025_associations,19,170,7.30078125
Dymarska2025_associations,19,171,2.240234375
Dymarska2025_associations,19,172,3.671875
Dymarska2025_associations,19,173,2.773193359375
Dymarska2025_associations,19,174,2.8681640625
Dymarska2025_associations,19,175,9.163330078125
Dymarska2025_associations,19,176,7.6875
Dymarska2025_associations,19,177,7.33447265625
Dymarska2025_associations,19,178,6.511688232421875
Dymarska2025_associations,19,179,7.916015625
Dymarska2025_associations,19,180,5.78125
Dymarska2025_associations,19,181,6.5
Dymarska2025_associations,19,182,6.1875
Dymarska2025_associations,19,183,2.5732421875
Dymarska2025_associations,19,184,9.3299560546875
Dymarska2025_associations,19,185,6.382568359375
Dymarska2025_associations,20,0,9.72900390625
Dymarska2025_associations,20,1,4.445068359375
Dymarska2025_associations,20,2,7.210693359375
Dymarska2025_associations,20,3,3.4482421875
Dymarska2025_associations,20,4,6.03125
Dymarska2025_associations,20,5,3.26513671875
Dymarska2025_associations,20,6,5.69140625
Dymarska2025_associations,20,7,1.31689453125
Dymarska2025_associations,20,8,2.661102294921875
Dymarska2025_associations,20,9,4.5
Dymarska2025_associations,20,10,3.56640625
Dymarska2025_associations,20,11,4.382781982421875
Dymarska2025_associations,20,12,5.6640625
Dymarska2025_associations,20,13,4.085693359375
Dymarska2025_associations,20,14,11.3984375
Dymarska2025_associations,20,15,1.999755859375
Dymarska2025_associations,20,16,5.98046875
Dymarska2025_associations,20,17,13.25
Dymarska2025_associations,20,18,8.2041015625
Dymarska2025_associations,20,19,6.75390625
Dymarska2025_associations,20,20,2.1717529296875
Dymarska2025_associations,20,21,13.851043701171875
Dymarska2025_associations,20,22,7.244140625
Dymarska2025_associations,20,23,7.234375
Dymarska2025_associations,20,24,7.3125
Dymarska2025_associations,20,25,2.9530029296875
Dymarska2025_associations,20,26,2.625
Dymarska2025_associations,20,27,3.6326904296875
Dymarska2025_associations,20,28,3.4375
Dymarska2025_associations,20,29,2.585693359375
Dymarska2025_associations,20,30,1.24169921875
Dymarska2025_associations,20,31,5.570159912109375
Dymarska2025_associations,20,32,9.39208984375
Dymarska2025_associations,20,33,6.515625
Dymarska2025_associations,20,34,5.2220458984375
Dymarska2025_associations,20,35,11.250457763671875
Dymarska2025_associations,20,36,8.25
Dymarska2025_associations,20,37,4.64453125
Dymarska2025_associations,20,38,6.396484375
Dymarska2025_associations,20,39,6.850799560546875
Dymarska2025_associations,20,40,5.37158203125
Dymarska2025_associations,20,41,8.171875
Dymarska2025_associations,20,42,4.71875
Dymarska2025_associations,20,43,4.9375
Dymarska2025_associations,20,44,6.125
Dymarska2025_associations,20,45,9.3818359375
Dymarska2025_associations,20,46,7.4345703125
Dymarska2025_associations,20,47,8.703125
Dymarska2025_associations,20,48,2.2109375
Dymarska2025_associations,20,49,7.538909912109375
Dymarska2025_associations,20,50,5.4970703125
Dymarska2025_associations,20,51,7.281219482421875
Dymarska2025_associations,20,52,9.828125
Dymarska2025_associations,20,53,8.0751953125
Dymarska2025_associations,20,54,3.4482421875
Dymarska2025_associations,20,55,7.015625
Dymarska2025_associations,20,56,3.013916015625
Dymarska2025_associations,20,57,5.0780029296875
Dymarska2025_associations,20,58,10.132781982421875
Dymarska2025_associations,20,59,9.6162109375
Dymarska2025_associations,20,60,5.8280029296875
Dymarska2025_associations,20,61,4.218475341796875
Dymarska2025_associations,20,62,3.0506591796875
Dymarska2025_associations,20,63,6.092254638671875
Dymarska2025_associations,20,64,5.03125
Dymarska2025_associations,20,65,11.625
Dymarska2025_associations,20,66,10.06689453125
Dymarska2025_associations,20,67,3.859375
Dymarska2025_associations,20,68,11.390625
Dymarska2025_associations,20,69,4.8143310546875
Dymarska2025_associations,20,70,7.148284912109375
Dymarska2025_associations,20,71,12.265625
Dymarska2025_associations,20,72,3.8095703125
Dymarska2025_associations,20,73,6.7890625
Dymarska2025_associations,20,74,6.650390625
Dymarska2025_associations,20,75,6.28125
Dymarska2025_associations,20,76,2.16015625
Dymarska2025_associations,20,77,9.3125
Dymarska2025_associations,20,78,6.2265625
Dymarska2025_associations,20,79,11.0
Dymarska2025_associations,20,80,8.265625
Dymarska2025_associations,20,81,5.5
Dymarska2025_associations,20,82,5.42333984375
Dymarska2025_associations,20,83,3.42041015625
Dymarska2025_associations,20,84,8.83203125
Dymarska2025_associations,20,85,7.4140625
Dymarska2025_associations,20,86,8.3748779296875
Dymarska2025_associations,20,87,3.2333984375
Dymarska2025_associations,20,88,4.55078125
Dymarska2025_associations,20,89,8.857879638671875
Dymarska2025_associations,20,90,5.617156982421875
Dymarska2025_associations,20,91,7.03125
Dymarska2025_associations,20,92,6.3359375
Dymarska2025_associations,20,93,4.25390625
Dymarska2025_associations,20,94,7.859375
Dymarska2025_associations,20,95,2.867156982421875
Dymarska2025_associations,20,96,8.5625
Dymarska2025_associations,20,97,2.765380859375
Dymarska2025_associations,20,98,8.257781982421875
Dymarska2025_associations,20,99,9.294921875
Dymarska2025_associations,20,100,3.126922607421875
Dymarska2025_associations,20,101,3.751190185546875
Dymarska2025_associations,20,102,4.359375
Dymarska2025_associations,20,103,6.578125
Dymarska2025_associations,20,104,4.06787109375
Dymarska2025_associations,20,105,6.84375
Dymarska2025_associations,20,106,6.833984375
Dymarska2025_associations,20,107,8.515625
Dymarska2025_associations,20,108,2.679656982421875
Dymarska2025_associations,20,109,4.4453125
Dymarska2025_associations,20,110,5.623046875
Dymarska2025_associations,20,111,7.4794921875
Dymarska2025_associations,20,112,9.6875
Dymarska2025_associations,20,113,14.1953125
Dymarska2025_associations,20,114,4.398193359375
Dymarska2025_associations,20,115,12.304443359375
Dymarska2025_associations,20,116,6.0625
Dymarska2025_associations,20,117,9.003875732421875
Dymarska2025_associations,20,118,7.1396484375
Dymarska2025_associations,20,119,8.25
Dymarska2025_associations,20,120,7.125
Dymarska2025_associations,20,121,5.1484375
Dymarska2025_associations,20,122,7.453125
Dymarska2025_associations,20,123,6.976531982421875
Dymarska2025_associations,20,124,7.125
Dymarska2025_associations,20,125,8.0
Dymarska2025_associations,20,126,5.08203125
Dymarska2025_associations,20,127,6.951171875
Dymarska2025_associations,20,128,8.521484375
Dymarska2025_associations,20,129,7.859375
Dymarska2025_associations,20,130,6.007781982421875
Dymarska2025_associations,20,131,9.318359375
Dymarska2025_associations,20,132,3.8431396484375
Dymarska2025_associations,20,133,5.96142578125
Dymarska2025_associations,20,134,9.140625
Dymarska2025_associations,20,135,8.38671875
Dymarska2025_associations,20,136,1.98828125
Dymarska2025_associations,20,137,14.90625
Dymarska2025_associations,20,138,5.875
Dymarska2025_associations,20,139,7.9501953125
Dymarska2025_associations,20,140,3.10009765625
Dymarska2025_associations,20,141,5.8203125
Dymarska2025_associations,20,142,3.476531982421875
Dymarska2025_associations,20,143,4.78125
Dymarska2025_associations,20,144,6.54150390625
Dymarska2025_associations,20,145,8.6279296875
Dymarska2025_associations,20,146,7.0546875
Dymarska2025_associations,20,147,5.820281982421875
Dymarska2025_associations,20,148,7.460784912109375
Dymarska2025_associations,20,149,3.427703857421875
Dymarska2025_associations,20,150,8.89453125
Dymarska2025_associations,20,151,5.787078857421875
Dymarska2025_associations,20,152,3.265625
Dymarska2025_associations,20,153,9.0498046875
Dymarska2025_associations,20,154,4.45703125
Dymarska2025_associations,20,155,6.306640625
Dymarska2025_associations,20,156,4.18359375
Dymarska2025_associations,20,157,2.163330078125
Dymarska2025_associations,20,158,4.625
Dymarska2025_associations,20,159,6.234375
Dymarska2025_associations,20,160,7.320281982421875
Dymarska2025_associations,20,161,11.281005859375
Dymarska2025_associations,20,162,6.375
Dymarska2025_associations,20,163,17.233612060546875
Dymarska2025_associations,20,164,6.125
Dymarska2025_associations,20,165,8.1982421875
Dymarska2025_associations,20,166,3.796875
Dymarska2025_associations,20,167,4.25
Dymarska2025_associations,20,168,11.2451171875
Dymarska2025_associations,20,169,6.859130859375
Dymarska2025_associations,20,170,4.203125
Dymarska2025_associations,20,171,6.109375
Dymarska2025_associations,20,172,5.398162841796875
Dymarska2025_associations,20,173,3.388153076171875
Dymarska2025_associations,20,174,2.8427734375
Dymarska2025_associations,20,175,5.0780029296875
Dymarska2025_associations,20,176,8.4375
Dymarska2025_associations,20,177,5.22509765625
Dymarska2025_associations,20,178,7.85736083984375
Dymarska2025_associations,20,179,5.210784912109375
Dymarska2025_associations,20,180,3.7811279296875
Dymarska2025_associations,20,181,8.09375
Dymarska2025_associations,20,182,6.598876953125
Dymarska2025_associations,20,183,7.5467529296875
Dymarska2025_associations,20,184,3.0859375
Dymarska2025_associations,20,185,5.859375
Dymarska2025_associations,20,186,8.522705078125
Dymarska2025_associations,21,0,13.75
Dymarska2025_associations,21,1,3.18701171875
Dymarska2025_associations,21,2,6.802734375
Dymarska2025_associations,21,3,3.166015625
Dymarska2025_associations,21,4,2.998046875
Dymarska2025_associations,21,5,6.2109375
Dymarska2025_associations,21,6,3.14697265625
Dymarska2025_associations,21,7,8.1990966796875
Dymarska2025_associations,21,8,3.317352294921875
Dymarska2025_associations,21,9,2.59375
Dymarska2025_associations,21,10,8.593719482421875
Dymarska2025_associations,21,11,9.5042724609375
Dymarska2025_associations,21,12,9.773193359375
Dymarska2025_associations,21,13,8.331756591796875
Dymarska2025_associations,21,14,5.84765625
Dymarska2025_associations,21,15,4.125
Dymarska2025_associations,21,16,10.7177734375
Dymarska2025_associations,21,17,13.640625
Dymarska2025_associations,21,18,7.796875
Dymarska2025_associations,21,19,9.22900390625
Dymarska2025_associations,21,20,12.9296875
Dymarska2025_associations,21,21,11.0625
Dymarska2025_associations,21,22,7.9990234375
Dymarska2025_associations,21,23,2.71484375
Dymarska2025_associations,21,24,6.66796875
Dymarska2025_associations,21,25,9.6717529296875
Dymarska2025_associations,21,26,6.84765625
Dymarska2025_associations,21,27,7.609375
Dymarska2025_associations,21,28,7.667724609375
Dymarska2025_associations,21,29,2.0
Dymarska2025_associations,21,30,2.76171875
Dymarska2025_associations,21,31,6.96875
Dymarska2025_associations,21,32,7.3125
Dymarska2025_associations,21,33,5.7265625
Dymarska2025_associations,21,34,5.25
Dymarska2025_associations,21,35,3.726531982421875
Dymarska2025_associations,21,36,2.248046875
Dymarska2025_associations,21,37,7.72265625
Dymarska2025_associations,21,38,4.421875
Dymarska2025_associations,21,39,3.318359375
Dymarska2025_associations,21,40,6.9609375
Dymarska2025_associations,21,41,6.25
Dymarska2025_associations,21,42,7.625
Dymarska2025_associations,21,43,5.6376953125
Dymarska2025_associations,21,44,2.271484375
Dymarska2025_associations,21,45,2.554656982421875
Dymarska2025_associations,21,46,7.0
Dymarska2025_associations,21,47,3.8017578125
Dymarska2025_associations,21,48,5.866455078125
Dymarska2025_associations,21,49,7.375
Dymarska2025_associations,21,50,1.0478515625
Dymarska2025_associations,21,51,5.3826904296875
Dymarska2025_associations,21,52,8.89306640625
Dymarska2025_associations,21,53,6.25
Dymarska2025_associations,21,54,8.75
Dymarska2025_associations,21,55,9.966796875
Dymarska2025_associations,21,56,6.8046875
Dymarska2025_associations,21,57,5.8955078125
Dymarska2025_associations,21,58,3.382293701171875
Dymarska2025_associations,21,59,6.632781982421875
Dymarska2025_associations,21,60,5.953094482421875
Dymarska2025_associations,21,61,4.1083984375
Dymarska2025_associations,21,62,4.37109375
Dymarska2025_associations,21,63,9.99267578125
Dymarska2025_associations,21,64,3.22900390625
Dymarska2025_associations,21,65,9.96875
Dymarska2025_associations,21,66,0.1805419921875
Dymarska2025_associations,21,67,1.968505859375
Dymarska2025_associations,21,68,5.5
Dymarska2025_associations,21,69,0.138671875
Dymarska2025_associations,21,70,5.695281982421875
Dymarska2025_associations,21,71,10.8125
Dymarska2025_associations,21,72,4.15966796875
Dymarska2025_associations,21,73,4.570281982421875
Dymarska2025_associations,21,74,4.4530029296875
Dymarska2025_associations,21,75,9.225830078125
Dymarska2025_associations,21,76,13.484375
Dymarska2025_associations,21,77,6.140625
Dymarska2025_associations,21,78,6.66015625
Dymarska2025_associations,21,79,4.576171875
Dymarska2025_associations,21,80,4.8125
Dymarska2025_associations,21,81,5.0135498046875
Dymarska2025_associations,21,82,4.658203125
Dymarska2025_associations,21,83,3.5623779296875
Dymarska2025_associations,21,84,10.01953125
Dymarska2025_associations,21,85,5.55078125
Dymarska2025_associations,21,86,8.7890625
Dymarska2025_associations,21,87,8.2890625
Dymarska2025_associations,21,88,11.6162109375
Dymarska2025_associations,21,89,13.765625
Dymarska2025_associations,21,90,9.58984375
Dymarska2025_associations,21,91,6.6904296875
Dymarska2025_associations,21,92,7.06640625
Dymarska2025_associations,21,93,4.3125
Dymarska2025_associations,21,94,0.76165771484375
Dymarska2025_associations,21,95,7.3125
Dymarska2025_associations,21,96,8.625
Dymarska2025_associations,21,97,8.3203125
Dymarska2025_associations,21,98,6.375
Dymarska2025_associations,21,99,5.484375
Dymarska2025_associations,21,100,3.0625
Dymarska2025_associations,21,101,5.913330078125
Dymarska2025_associations,21,102,3.68359375
Dymarska2025_associations,21,103,2.576171875
Dymarska2025_associations,21,104,2.460693359375
Dymarska2025_associations,21,105,1.47454833984375
Dymarska2025_associations,21,106,6.90625
Dymarska2025_associations,21,107,7.734375
Dymarska2025_associations,21,108,1.617034912109375
Dymarska2025_associations,21,109,7.1171875
Dymarska2025_associations,21,110,7.796875
Dymarska2025_associations,21,111,11.9345703125
Dymarska2025_associations,21,112,6.86328125
Dymarska2025_associations,21,113,5.1875
Dymarska2025_associations,21,114,9.328125
Dymarska2025_associations,21,115,3.48828125
Dymarska2025_associations,21,116,7.390625
Dymarska2025_associations,21,117,13.263671875
Dymarska2025_associations,21,118,1.61767578125
Dymarska2025_associations,21,119,3.95166015625
Dymarska2025_associations,21,120,3.25
Dymarska2025_associations,21,121,3.0703125
Dymarska2025_associations,21,122,7.6875
Dymarska2025_associations,21,123,6.8125
Dymarska2025_associations,21,124,2.92626953125
Dymarska2025_associations,21,125,8.414031982421875
Dymarska2025_associations,21,126,9.304656982421875
Dymarska2025_associations,21,127,4.65478515625
Dymarska2025_associations,21,128,6.3125
Dymarska2025_associations,21,129,3.9375
Dymarska2025_associations,21,130,2.29296875
Dymarska2025_associations,21,131,4.294921875
Dymarska2025_associations,21,132,6.40625
Dymarska2025_associations,21,133,8.951141357421875
Dymarska2025_associations,21,134,4.91748046875
Dymarska2025_associations,21,135,6.9530029296875
Dymarska2025_associations,21,136,3.921142578125
Dymarska2025_associations,21,137,7.1875
Dymarska2025_associations,21,138,3.417449951171875
Dymarska2025_associations,21,139,7.509521484375
Dymarska2025_associations,21,140,12.695281982421875
Dymarska2025_associations,21,141,2.8046875
Dymarska2025_associations,21,142,10.046875
Dymarska2025_associations,21,143,3.1253662109375
Dymarska2025_associations,21,144,12.86328125
Dymarska2025_associations,21,145,3.2333984375
Dymarska2025_associations,21,146,4.826171875
Dymarska2025_associations,21,147,4.130615234375
Dymarska2025_associations,21,148,6.12841796875
Dymarska2025_associations,21,149,8.3408203125
Dymarska2025_associations,21,150,8.015625
Dymarska2025_associations,21,151,9.0535888671875
Dymarska2025_associations,21,152,8.828125
Dymarska2025_associations,21,153,9.2342529296875
Dymarska2025_associations,21,154,1.195068359375
Dymarska2025_associations,21,155,5.218719482421875
Dymarska2025_associations,21,156,7.2655029296875
Dymarska2025_associations,21,157,4.9140625
Dymarska2025_associations,21,158,7.1728515625
Dymarska2025_associations,21,159,8.559814453125
Dymarska2025_associations,21,160,7.703125
Dymarska2025_associations,21,161,3.09375
Dymarska2025_associations,21,162,0.93359375
Dymarska2025_associations,21,163,3.28125
Dymarska2025_associations,21,164,9.15625
Dymarska2025_associations,21,165,8.64794921875
Dymarska2025_associations,21,166,8.03125
Dymarska2025_associations,21,167,8.5233154296875
Dymarska2025_associations,21,168,12.65625
Dymarska2025_associations,21,169,6.0625
Dymarska2025_associations,21,170,6.0780029296875
Dymarska2025_associations,21,171,4.62109375
Dymarska2025_associations,21,172,8.28125
Dymarska2025_associations,21,173,4.93017578125
Dymarska2025_associations,21,174,9.6875
Dymarska2025_associations,21,175,8.21875
Dymarska2025_associations,21,176,7.585205078125
Dymarska2025_associations,21,177,3.415008544921875
Dymarska2025_associations,21,178,16.40625
Dymarska2025_associations,21,179,4.306640625
Dymarska2025_associations,21,180,1.476318359375
Dymarska2025_associations,21,181,6.642578125
Dymarska2025_associations,21,182,5.59375
Dymarska2025_associations,21,183,5.78125
Dymarska2025_associations,21,184,5.77197265625
Dymarska2025_associations,21,185,6.5625
Dymarska2025_associations,21,186,2.3333740234375
Dymarska2025_associations,21,187,10.875
Dymarska2025_associations,21,188,12.1444091796875
Dymarska2025_associations,21,189,5.40869140625
Dymarska2025_associations,21,190,8.77734375
Dymarska2025_associations,21,191,4.75
Dymarska2025_associations,21,192,3.765625
Dymarska2025_associations,21,193,6.84765625
Dymarska2025_associations,21,194,8.0
Dymarska2025_associations,21,195,6.22265625
Dymarska2025_associations,21,196,5.5
Dymarska2025_associations,21,197,4.212860107421875
Dymarska2025_associations,21,198,7.984375
Dymarska2025_associations,21,199,7.21875
Dymarska2025_associations,22,0,17.62890625
Dymarska2025_associations,22,1,3.2890625
Dymarska2025_associations,22,2,3.8388671875
Dymarska2025_associations,22,3,12.33984375
Dymarska2025_associations,22,4,4.2421875
Dymarska2025_associations,22,5,5.96875
Dymarska2025_associations,22,6,7.2646484375
Dymarska2025_associations,22,7,6.5
Dymarska2025_associations,22,8,4.779296875
Dymarska2025_associations,22,9,4.796875
Dymarska2025_associations,22,10,5.1962890625
Dymarska2025_associations,22,11,5.40625
Dymarska2025_associations,22,12,5.5859375
Dymarska2025_associations,22,13,6.59375
Dymarska2025_associations,22,14,7.046875
Dymarska2025_associations,22,15,5.21875
Dymarska2025_associations,22,16,7.6455078125
Dymarska2025_associations,22,17,4.9775390625
Dymarska2025_associations,22,18,6.53125
Dymarska2025_associations,22,19,5.9375
Dymarska2025_associations,22,20,17.84375
Dymarska2025_associations,22,21,4.71826171875
Dymarska2025_associations,22,22,5.22412109375
Dymarska2025_associations,22,23,9.15625
Dymarska2025_associations,22,24,5.327880859375
Dymarska2025_associations,22,25,4.142578125
Dymarska2025_associations,22,26,5.1455078125
Dymarska2025_associations,22,27,6.25
Dymarska2025_associations,22,28,2.07421875
Dymarska2025_associations,22,29,4.025390625
Dymarska2025_associations,22,30,2.023193359375
Dymarska2025_associations,22,31,2.5517578125
Dymarska2025_associations,22,32,4.826171875
Dymarska2025_associations,22,33,10.59375
Dymarska2025_associations,22,34,5.625
Dymarska2025_associations,22,35,5.87451171875
Dymarska2025_associations,22,36,4.52001953125
Dymarska2025_associations,22,37,6.6484375
Dymarska2025_associations,22,38,4.22900390625
Dymarska2025_associations,22,39,1.7967529296875
Dymarska2025_associations,22,40,0.402313232421875
Dymarska2025_associations,22,41,2.7578125
Dymarska2025_associations,22,42,12.9375
Dymarska2025_associations,22,43,3.6116943359375
Dymarska2025_associations,22,44,9.30322265625
Dymarska2025_associations,22,45,12.006591796875
Dymarska2025_associations,22,46,3.01171875
Dymarska2025_associations,22,47,7.7928466796875
Dymarska2025_associations,22,48,3.09375
Dymarska2025_associations,22,49,5.72265625
Dymarska2025_associations,22,50,9.851531982421875
Dymarska2025_associations,22,51,5.75
Dymarska2025_associations,22,52,3.1240234375
Dymarska2025_associations,22,53,7.726531982421875
Dymarska2025_associations,22,54,7.0
Dymarska2025_associations,22,55,7.3212890625
Dymarska2025_associations,22,56,4.593475341796875
Dymarska2025_associations,22,57,8.6875
Dymarska2025_associations,22,58,4.9375
Dymarska2025_associations,22,59,6.03515625
Dymarska2025_associations,22,60,1.63671875
Dymarska2025_associations,22,61,3.601318359375
Dymarska2025_associations,22,62,5.49072265625
Dymarska2025_associations,22,63,10.68701171875
Dymarska2025_associations,22,64,5.218719482421875
Dymarska2025_associations,22,65,9.4217529296875
Dymarska2025_associations,22,66,4.475830078125
Dymarska2025_associations,22,67,1.656219482421875
Dymarska2025_associations,22,68,8.0751953125
Dymarska2025_associations,22,69,4.59375
Dymarska2025_associations,22,70,9.0537109375
Dymarska2025_associations,22,71,4.68359375
Dymarska2025_associations,22,72,6.322265625
Dymarska2025_associations,22,73,9.125
Dymarska2025_associations,22,74,5.8125
Dymarska2025_associations,22,75,3.671875
Dymarska2025_associations,22,76,10.12890625
Dymarska2025_associations,22,77,5.038330078125
Dymarska2025_associations,22,78,1.1943359375
Dymarska2025_associations,22,79,0.77587890625
Dymarska2025_associations,22,80,2.304656982421875
Dymarska2025_associations,22,81,6.15625
Dymarska2025_associations,22,82,2.390625
Dymarska2025_associations,22,83,7.09375
Dymarska2025_associations,22,84,5.25
Dymarska2025_associations,22,85,2.695281982421875
Dymarska2025_associations,22,86,1.03125
Dymarska2025_associations,22,87,4.1875
Dymarska2025_associations,22,88,1.46875
Dymarska2025_associations,22,89,6.953125
Dymarska2025_associations,22,90,5.859375
Dymarska2025_associations,22,91,3.0390625
Dymarska2025_associations,22,92,1.8045654296875
Dymarska2025_associations,22,93,4.75537109375
Dymarska2025_associations,22,94,1.169921875
Dymarska2025_associations,22,95,3.3720703125
Dymarska2025_associations,22,96,5.887176513671875
Dymarska2025_associations,22,97,2.69580078125
Dymarska2025_associations,22,98,3.2265625
Dymarska2025_associations,22,99,5.75
Dymarska2025_associations,22,100,3.21875
Dymarska2025_associations,22,101,4.6875
Dymarska2025_associations,22,102,5.26171875
Dymarska2025_associations,22,103,4.257781982421875
Dymarska2025_associations,22,104,4.7529296875
Dymarska2025_associations,22,105,9.740966796875
Dymarska2025_associations,22,106,7.273406982421875
Dymarska2025_associations,22,107,6.4375
Dymarska2025_associations,22,108,3.9375
Dymarska2025_associations,22,109,1.87841796875
Dymarska2025_associations,22,110,7.09375
Dymarska2025_associations,22,111,4.1795654296875
Dymarska2025_associations,22,112,5.419921875
Dymarska2025_associations,22,113,4.57763671875
Dymarska2025_associations,22,114,5.28125
Dymarska2025_associations,22,115,10.7967529296875
Dymarska2025_associations,22,116,4.9609375
Dymarska2025_associations,22,117,5.554656982421875
Dymarska2025_associations,22,118,5.310546875
Dymarska2025_associations,22,119,9.09814453125
Dymarska2025_associations,22,120,4.0
Dymarska2025_associations,22,121,4.5703125
Dymarska2025_associations,22,122,2.5155029296875
Dymarska2025_associations,22,123,3.339813232421875
Dymarska2025_associations,22,124,3.851531982421875
Dymarska2025_associations,22,125,6.125
Dymarska2025_associations,22,126,4.1640625
Dymarska2025_associations,22,127,5.548828125
Dymarska2025_associations,22,128,3.162109375
Dymarska2025_associations,22,129,4.5780029296875
Dymarska2025_associations,22,130,4.703125
Dymarska2025_associations,22,131,5.4296875
Dymarska2025_associations,22,132,4.382568359375
Dymarska2025_associations,22,133,5.708984375
Dymarska2025_associations,22,134,3.841796875
Dymarska2025_associations,22,135,1.78076171875
Dymarska2025_associations,22,136,4.3232421875
Dymarska2025_associations,22,137,4.71875
Dymarska2025_associations,22,138,2.226531982421875
Dymarska2025_associations,22,139,3.64208984375
Dymarska2025_associations,22,140,9.28125
Dymarska2025_associations,22,141,6.7967529296875
Dymarska2025_associations,22,142,5.875
Dymarska2025_associations,22,143,8.203125
Dymarska2025_associations,22,144,5.87255859375
Dymarska2025_associations,22,145,2.509735107421875
Dymarska2025_associations,22,146,3.9326171875
Dymarska2025_associations,22,147,4.0897216796875
Dymarska2025_associations,22,148,4.0625
Dymarska2025_associations,22,149,6.546875
Dymarska2025_associations,22,150,12.814910888671875
Dymarska2025_associations,22,151,5.1787109375
Dymarska2025_associations,22,152,5.1875
Dymarska2025_associations,22,153,6.375
Dymarska2025_associations,22,154,3.9725341796875
Dymarska2025_associations,22,155,1.7890625
Dymarska2025_associations,22,156,3.515625
Dymarska2025_associations,22,157,4.8125
Dymarska2025_associations,22,158,6.30859375
Dymarska2025_associations,22,159,7.90576171875
Dymarska2025_associations,22,160,6.104461669921875
Dymarska2025_associations,22,161,3.60546875
Dymarska2025_associations,22,162,5.3125
Dymarska2025_associations,22,163,3.757080078125
Dymarska2025_associations,22,164,3.95751953125
Dymarska2025_associations,22,165,9.5703125
Dymarska2025_associations,22,166,5.158203125
Dymarska2025_associations,22,167,4.375
Dymarska2025_associations,23,0,15.8564453125
Dymarska2025_associations,23,1,9.78125
Dymarska2025_associations,23,2,3.50390625
Dymarska2025_associations,23,3,4.062744140625
Dymarska2025_associations,23,4,3.326171875
Dymarska2025_associations,23,5,3.835906982421875
Dymarska2025_associations,23,6,9.05322265625
Dymarska2025_associations,23,7,8.109375
Dymarska2025_associations,23,8,3.7041015625
Dymarska2025_associations,23,9,11.007781982421875
Dymarska2025_associations,23,10,8.2607421875
Dymarska2025_associations,23,11,5.1092529296875
Dymarska2025_associations,23,12,5.625
Dymarska2025_associations,23,13,5.5546875
Dymarska2025_associations,23,14,6.05322265625
Dymarska2025_associations,23,15,5.390625
Dymarska2025_associations,23,16,3.957000732421875
Dymarska2025_associations,23,17,4.5703125
Dymarska2025_associations,23,18,3.59375
Dymarska2025_associations,23,19,3.609375
Dymarska2025_associations,23,20,6.31787109375
Dymarska2025_associations,23,21,12.9375
Dymarska2025_associations,23,22,7.5
Dymarska2025_associations,23,23,1.1171875
Dymarska2025_associations,23,24,8.796875
Dymarska2025_associations,23,25,8.53076171875
Dymarska2025_associations,23,26,2.73828125
Dymarska2025_associations,23,27,9.40625
Dymarska2025_associations,23,28,8.8125
Dymarska2025_associations,23,29,9.060546875
Dymarska2025_associations,23,30,9.46875
Dymarska2025_associations,23,31,0.267547607421875
Dymarska2025_associations,23,32,3.015625
Dymarska2025_associations,23,33,12.9375
Dymarska2025_associations,23,34,5.241943359375
Dymarska2025_associations,23,35,3.48876953125
Dymarska2025_associations,23,36,3.921875
Dymarska2025_associations,23,37,4.2265625
Dymarska2025_associations,23,38,4.125
Dymarska2025_associations,23,39,7.3046875
Dymarska2025_associations,23,40,5.484375
Dymarska2025_associations,23,41,7.01171875
Dymarska2025_associations,23,42,6.1953125
Dymarska2025_associations,23,43,12.03125
Dymarska2025_associations,23,44,3.881103515625
Dymarska2025_associations,23,45,2.1463623046875
Dymarska2025_associations,23,46,0.78125
Dymarska2025_associations,23,47,2.375
Dymarska2025_associations,23,48,9.5
Dymarska2025_associations,23,49,6.625
Dymarska2025_associations,23,50,9.171875
Dymarska2025_associations,23,51,6.953125
Dymarska2025_associations,23,52,2.804443359375
Dymarska2025_associations,23,53,4.818359375
Dymarska2025_associations,23,54,2.671875
Dymarska2025_associations,23,55,6.75
Dymarska2025_associations,23,56,4.1171875
Dymarska2025_associations,23,57,1.56201171875
Dymarska2025_associations,23,58,2.5042724609375
Dymarska2025_associations,23,59,4.9765625
Dymarska2025_associations,23,60,3.080078125
Dymarska2025_associations,23,61,2.4296875
Dymarska2025_associations,23,62,3.64501953125
Dymarska2025_associations,23,63,9.28125
Dymarska2025_associations,23,64,6.171875
Dymarska2025_associations,23,65,1.9686279296875
Dymarska2025_associations,23,66,2.523406982421875
Dymarska2025_associations,23,67,6.4375
Dymarska2025_associations,23,68,4.5
Dymarska2025_associations,23,69,5.56787109375
Dymarska2025_associations,23,70,2.80517578125
Dymarska2025_associations,23,71,7.140625
Dymarska2025_associations,23,72,9.46875
Dymarska2025_associations,23,73,6.59375
Dymarska2025_associations,23,74,9.6455078125
Dymarska2025_associations,23,75,3.046875
Dymarska2025_associations,23,76,5.5234375
Dymarska2025_associations,23,77,7.837890625
Dymarska2025_associations,23,78,10.6875
Dymarska2025_associations,23,79,7.8125
Dymarska2025_associations,23,80,7.765625
Dymarska2025_associations,23,81,3.0
Dymarska2025_associations,23,82,4.53125
Dymarska2025_associations,23,83,9.3125
Dymarska2025_associations,23,84,9.5
Dymarska2025_associations,23,85,3.25
Dymarska2025_associations,23,86,1.265625
Dymarska2025_associations,23,87,8.75
Dymarska2025_associations,23,88,1.6092529296875
Dymarska2025_associations,23,89,5.78125
Dymarska2025_associations,23,90,2.955078125
Dymarska2025_associations,23,91,6.296875
Dymarska2025_associations,23,92,7.83203125
Dymarska2025_associations,23,93,5.3125
Dymarska2025_associations,23,94,6.421112060546875
Dymarska2025_associations,23,95,5.36474609375
Dymarska2025_associations,23,96,3.413330078125
Dymarska2025_associations,23,97,4.25
Dymarska2025_associations,23,98,4.03515625
Dymarska2025_associations,23,99,3.77734375
Dymarska2025_associations,23,100,5.195281982421875
Dymarska2025_associations,23,101,3.101531982421875
Dymarska2025_associations,23,102,3.091796875
Dymarska2025_associations,23,103,4.83984375
Dymarska2025_associations,23,104,6.203125
Dymarska2025_associations,23,105,8.335906982421875
Dymarska2025_associations,23,106,4.24609375
Dymarska2025_associations,23,107,3.226531982421875
Dymarska2025_associations,23,108,2.86328125
Dymarska2025_associations,23,109,2.623046875
Dymarska2025_associations,23,110,5.48828125
Dymarska2025_associations,23,111,2.929656982421875
Dymarska2025_associations,23,112,9.578125
Dymarska2025_associations,23,113,7.679443359375
Dymarska2025_associations,23,114,1.0379638671875
Dymarska2025_associations,23,115,3.72265625
Dymarska2025_associations,23,116,6.6875
Dymarska2025_associations,23,117,8.00537109375
Dymarska2025_associations,23,118,6.05517578125
Dymarska2025_associations,23,119,4.726531982421875
Dymarska2025_associations,23,120,4.43701171875
Dymarska2025_associations,23,121,6.6875
Dymarska2025_associations,23,122,3.217742919921875
Dymarska2025_associations,23,123,5.72314453125
Dymarska2025_associations,23,124,2.1484375
Dymarska2025_associations,23,125,5.3046875
Dymarska2025_associations,23,126,3.46484375
Dymarska2025_associations,23,127,5.0
Dymarska2025_associations,23,128,6.0
Dymarska2025_associations,23,129,4.375
Dymarska2025_associations,23,130,8.5
Dymarska2025_associations,23,131,7.703125
Dymarska2025_associations,23,132,6.8955078125
Dymarska2025_associations,23,133,4.69921875
Dymarska2025_associations,23,134,7.373046875
Dymarska2025_associations,23,135,7.3544921875
Dymarska2025_associations,23,136,8.5
Dymarska2025_associations,23,137,7.8603515625
Dymarska2025_associations,23,138,6.625
Dymarska2025_associations,23,139,7.2890625
Dymarska2025_associations,23,140,5.859375
Dymarska2025_associations,23,141,5.083984375
Dymarska2025_associations,23,142,4.425628662109375
Dymarska2025_associations,23,143,5.39453125
Dymarska2025_associations,23,144,3.8125
Dymarska2025_associations,23,145,3.15234375
Dymarska2025_associations,23,146,7.78125
Dymarska2025_associations,23,147,5.58984375
Dymarska2025_associations,23,148,3.34375
Dymarska2025_associations,23,149,5.061767578125
Dymarska2025_associations,23,150,7.640625
Dymarska2025_associations,23,151,5.498046875
Dymarska2025_associations,23,152,7.413330078125
Dymarska2025_associations,23,153,5.4228515625
Dymarska2025_associations,23,154,4.44921875
Dymarska2025_associations,23,155,4.1328125
Dymarska2025_associations,23,156,5.18896484375
Dymarska2025_associations,23,157,5.046875
Dymarska2025_associations,23,158,6.4375
Dymarska2025_associations,23,159,9.2147216796875
Dymarska2025_associations,23,160,7.600830078125
Dymarska2025_associations,23,161,7.43212890625
Dymarska2025_associations,23,162,5.75146484375
Dymarska2025_associations,23,163,2.023406982421875
Dymarska2025_associations,23,164,1.060546875
Dymarska2025_associations,23,165,4.617156982421875
Dymarska2025_associations,23,166,17.15625
Dymarska2025_associations,23,167,11.37451171875
Dymarska2025_associations,23,168,3.50390625
Dymarska2025_associations,23,169,23.390625
Dymarska2025_associations,23,170,17.96875
Dymarska2025_associations,23,171,7.0625
Dymarska2025_associations,23,172,4.88671875
Dymarska2025_associations,23,173,6.34375
Dymarska2025_associations,23,174,6.33984375
Dymarska2025_associations,23,175,6.1875
Dymarska2025_associations,23,176,6.36083984375
Dymarska2025_associations,23,177,5.5625
Dymarska2025_associations,23,178,11.4375
Dymarska2025_associations,23,179,7.53125
Dymarska2025_associations,23,180,23.21875
Dymarska2025_associations,23,181,9.15625
Dymarska2025_associations,23,182,8.296875
Dymarska2025_associations,23,183,4.28125
Dymarska2025_associations,24,0,7.5625
Dymarska2025_associations,24,1,5.58203125
Dymarska2025_associations,24,2,2.71337890625
Dymarska2025_associations,24,3,9.671875
Dymarska2025_associations,24,4,4.1630859375
Dymarska2025_associations,24,5,5.8046875
Dymarska2025_associations,24,6,9.1015625
Dymarska2025_associations,24,7,4.470703125
Dymarska2025_associations,24,8,13.23046875
Dymarska2025_associations,24,9,10.328125
Dymarska2025_associations,24,10,10.15625
Dymarska2025_associations,24,11,6.1171875
Dymarska2025_associations,24,12,7.46826171875
Dymarska2025_associations,24,13,10.140625
Dymarska2025_associations,24,14,7.76171875
Dymarska2025_associations,24,15,5.362060546875
Dymarska2025_associations,24,16,7.36767578125
Dymarska2025_associations,24,17,10.46875
Dymarska2025_associations,24,18,7.849609375
Dymarska2025_associations,24,19,6.75
Dymarska2025_associations,24,20,2.0048828125
Dymarska2025_associations,24,21,6.01171875
Dymarska2025_associations,24,22,9.7646484375
Dymarska2025_associations,24,23,3.71875
Dymarska2025_associations,24,24,5.601531982421875
Dymarska2025_associations,24,25,8.19921875
Dymarska2025_associations,24,26,5.4052734375
Dymarska2025_associations,24,27,6.134765625
Dymarska2025_associations,24,28,9.40625
Dymarska2025_associations,24,29,11.0
Dymarska2025_associations,24,30,6.11767578125
Dymarska2025_associations,24,31,9.41796875
Dymarska2025_associations,24,32,5.75
Dymarska2025_associations,24,33,13.11572265625
Dymarska2025_associations,24,34,8.171875
Dymarska2025_associations,24,35,6.57421875
Dymarska2025_associations,24,36,7.1015625
Dymarska2025_associations,24,37,4.955078125
Dymarska2025_associations,24,38,8.070281982421875
Dymarska2025_associations,24,39,4.19140625
Dymarska2025_associations,24,40,0.494140625
Dymarska2025_associations,24,41,2.12890625
Dymarska2025_associations,24,42,3.375
Dymarska2025_associations,24,43,4.9375
Dymarska2025_associations,24,44,4.788330078125
Dymarska2025_associations,24,45,5.23876953125
Dymarska2025_associations,24,46,6.8291015625
Dymarska2025_associations,24,47,6.210693359375
Dymarska2025_associations,24,48,8.001953125
Dymarska2025_associations,24,49,6.62109375
Dymarska2025_associations,24,50,5.84521484375
Dymarska2025_associations,24,51,9.328125
Dymarska2025_associations,24,52,4.69140625
Dymarska2025_associations,24,53,5.898406982421875
Dymarska2025_associations,24,54,8.9619140625
Dymarska2025_associations,24,55,9.796875
Dymarska2025_associations,24,56,6.60150146484375
Dymarska2025_associations,24,57,5.10546875
Dymarska2025_associations,24,58,5.077972412109375
Dymarska2025_associations,24,59,2.38037109375
Dymarska2025_associations,24,60,2.15625
Dymarska2025_associations,24,61,10.4375
Dymarska2025_associations,24,62,5.0625
Dymarska2025_associations,24,63,9.826171875
Dymarska2025_associations,24,64,2.4765625
Dymarska2025_associations,24,65,6.3125
Dymarska2025_associations,24,66,11.875
Dymarska2025_associations,24,67,5.1240234375
Dymarska2025_associations,24,68,4.59375
Dymarska2025_associations,24,69,3.3759765625
Dymarska2025_associations,24,70,9.09375
Dymarska2025_associations,24,71,7.6728515625
Dymarska2025_associations,24,72,4.726318359375
Dymarska2025_associations,24,73,3.576171875
Dymarska2025_associations,24,74,12.5625
Dymarska2025_associations,24,75,7.31640625
Dymarska2025_associations,24,76,8.00927734375
Dymarska2025_associations,24,77,6.158203125
Dymarska2025_associations,24,78,6.96875
Dymarska2025_associations,24,79,2.65576171875
Dymarska2025_associations,24,80,9.701171875
Dymarska2025_associations,24,81,8.0859375
Dymarska2025_associations,24,82,4.9530029296875
Dymarska2025_associations,24,83,6.61572265625
Dymarska2025_associations,24,84,4.02978515625
Dymarska2025_associations,24,85,8.96826171875
Dymarska2025_associations,24,86,4.850341796875
Dymarska2025_associations,24,87,5.7080078125
Dymarska2025_associations,24,88,5.37890625
Dymarska2025_associations,24,89,2.046875
Dymarska2025_associations,24,90,7.9375
Dymarska2025_associations,24,91,5.694580078125
Dymarska2025_associations,24,92,9.25
Dymarska2025_associations,24,93,9.84375
Dymarska2025_associations,24,94,4.5830078125
Dymarska2025_associations,24,95,8.171875
Dymarska2025_associations,24,96,2.17138671875
Dymarska2025_associations,24,97,6.9375
Dymarska2025_associations,24,98,5.8125
Dymarska2025_associations,24,99,6.375
Dymarska2025_associations,24,100,10.0126953125
Dymarska2025_associations,24,101,5.5859375
Dymarska2025_associations,24,102,4.1376953125
Dymarska2025_associations,24,103,7.625
Dymarska2025_associations,24,104,6.322265625
Dymarska2025_associations,24,105,4.01953125
Dymarska2025_associations,24,106,8.8280029296875
Dymarska2025_associations,24,107,4.818359375
Dymarska2025_associations,24,108,0.32421875
Dymarska2025_associations,24,109,2.77001953125
Dymarska2025_associations,24,110,0.535125732421875
Dymarska2025_associations,24,111,5.16650390625
Dymarska2025_associations,24,112,0.785125732421875
Dymarska2025_associations,24,113,7.9755859375
Dymarska2025_associations,24,114,9.484375
Dymarska2025_associations,24,115,7.0458984375
Dymarska2025_associations,24,116,7.288330078125
Dymarska2025_associations,24,117,6.99609375
Dymarska2025_associations,24,118,7.27734375
Dymarska2025_associations,24,119,5.796875
Dymarska2025_associations,24,120,3.944580078125
Dymarska2025_associations,24,121,5.4921875
Dymarska2025_associations,24,122,4.59375
Dymarska2025_associations,24,123,9.74609375
Dymarska2025_associations,24,124,7.7498779296875
Dymarska2025_associations,24,125,2.921875
Dymarska2025_associations,24,126,6.75
Dymarska2025_associations,24,127,7.84375
Dymarska2025_associations,24,128,5.8310546875
Dymarska2025_associations,24,129,5.6982421875
Dymarska2025_associations,24,130,6.625
Dymarska2025_associations,24,131,2.82275390625
Dymarska2025_associations,24,132,9.03515625
Dymarska2025_associations,24,133,6.5625
Dymarska2025_associations,24,134,11.34375
Dymarska2025_associations,24,135,6.2322998046875
Dymarska2025_associations,24,136,5.65234375
Dymarska2025_associations,24,137,6.85546875
Dymarska2025_associations,24,138,8.455078125
Dymarska2025_associations,24,139,6.5625
Dymarska2025_associations,24,140,11.21875
Dymarska2025_associations,24,141,4.84765625
Dymarska2025_associations,24,142,7.71875
Dymarska2025_associations,24,143,3.5972900390625
Dymarska2025_associations,24,144,3.31689453125
Dymarska2025_associations,24,145,7.06201171875
Dymarska2025_associations,24,146,5.4530029296875
Dymarska2025_associations,24,147,6.291015625
Dymarska2025_associations,24,148,5.625
Dymarska2025_associations,24,149,2.9443359375
Dymarska2025_associations,24,150,6.19140625
Dymarska2025_associations,24,151,3.364990234375
Dymarska2025_associations,24,152,5.90625
Dymarska2025_associations,24,153,2.4140625
Dymarska2025_associations,24,154,5.378173828125
Dymarska2025_associations,24,155,6.44921875
Dymarska2025_associations,24,156,5.15576171875
Dymarska2025_associations,24,157,9.5
Dymarska2025_associations,24,158,4.5693359375
Dymarska2025_associations,24,159,6.248046875
Dymarska2025_associations,24,160,7.9375
Dymarska2025_associations,24,161,2.9490966796875
Dymarska2025_associations,24,162,5.4638671875
Dymarska2025_associations,24,163,5.26953125
Dymarska2025_associations,24,164,7.3515625
Dymarska2025_associations,24,165,6.6591796875
Dymarska2025_associations,24,166,7.5625
Dymarska2025_associations,24,167,2.6494140625
Dymarska2025_associations,24,168,4.014862060546875
Dymarska2025_associations,24,169,1.24560546875
Dymarska2025_associations,24,170,1.52587890625
Dymarska2025_associations,24,171,4.39697265625
Dymarska2025_associations,24,172,10.22900390625
Dymarska2025_associations,24,173,5.85302734375
Dymarska2025_associations,24,174,7.123046875
Dymarska2025_associations,24,175,2.41796875
Dymarska2025_associations,24,176,8.15625
Dymarska2025_associations,24,177,3.671844482421875
Dymarska2025_associations,24,178,6.08203125
Dymarska2025_associations,24,179,7.41455078125
Dymarska2025_associations,24,180,7.571044921875
Dymarska2025_associations,24,181,10.62890625
Dymarska2025_associations,24,182,9.328125
Dymarska2025_associations,24,183,6.533203125
Dymarska2025_associations,24,184,7.234619140625
Dymarska2025_associations,24,185,6.846649169921875
Dymarska2025_associations,24,186,2.5
Dymarska2025_associations,24,187,3.60400390625
Dymarska2025_associations,24,188,5.507781982421875
Dymarska2025_associations,25,0,12.0205078125
Dymarska2025_associations,25,1,9.1484375
Dymarska2025_associations,25,2,10.3125
Dymarska2025_associations,25,3,5.1083984375
Dymarska2025_associations,25,4,6.25
Dymarska2025_associations,25,5,6.046875
Dymarska2025_associations,25,6,5.875
Dymarska2025_associations,25,7,7.375
Dymarska2025_associations,25,8,3.90576171875
Dymarska2025_associations,25,9,11.25
Dymarska2025_associations,25,10,12.40625
Dymarska2025_associations,25,11,9.125
Dymarska2025_associations,25,12,8.7734375
Dymarska2025_associations,25,13,5.65625
Dymarska2025_associations,25,14,8.203125
Dymarska2025_associations,25,15,9.444580078125
Dymarska2025_associations,25,16,7.41015625
Dymarska2025_associations,25,17,7.1717529296875
Dymarska2025_associations,25,18,7.6015625
Dymarska2025_associations,25,19,8.65625
Dymarska2025_associations,25,20,1.47265625
Dymarska2025_associations,25,21,4.0
Dymarska2025_associations,25,22,4.4375
Dymarska2025_associations,25,23,5.625
Dymarska2025_associations,25,24,7.828125
Dymarska2025_associations,25,25,3.9375
Dymarska2025_associations,25,26,2.78125
Dymarska2025_associations,25,27,5.71875
Dymarska2025_associations,25,28,8.3125
Dymarska2025_associations,25,29,6.875
Dymarska2025_associations,25,30,4.08984375
Dymarska2025_associations,25,31,4.24609375
Dymarska2025_associations,25,32,5.5
Dymarska2025_associations,25,33,9.0
Dymarska2025_associations,25,34,7.0234375
Dymarska2025_associations,25,35,7.375
Dymarska2025_associations,25,36,9.105712890625
Dymarska2025_associations,25,37,6.0
Dymarska2025_associations,25,38,5.03125
Dymarska2025_associations,25,39,5.3123779296875
Dymarska2025_associations,25,40,0.81640625
Dymarska2025_associations,25,41,6.6953125
Dymarska2025_associations,25,42,4.8125
Dymarska2025_associations,25,43,8.5
Dymarska2025_associations,25,44,6.8125
Dymarska2025_associations,25,45,5.2275390625
Dymarska2025_associations,25,46,8.1875
Dymarska2025_associations,25,47,6.015625
Dymarska2025_associations,25,48,6.49853515625
Dymarska2025_associations,25,49,6.632781982421875
Dymarska2025_associations,25,50,5.58447265625
Dymarska2025_associations,25,51,2.501953125
Dymarska2025_associations,25,52,9.984375
Dymarska2025_associations,25,53,6.91796875
Dymarska2025_associations,25,54,6.32421875
Dymarska2025_associations,25,55,5.0625
Dymarska2025_associations,25,56,4.84326171875
Dymarska2025_associations,25,57,5.1875
Dymarska2025_associations,25,58,6.859375
Dymarska2025_associations,25,59,7.34375
Dymarska2025_associations,25,60,9.171875
Dymarska2025_associations,25,61,7.179656982421875
Dymarska2025_associations,25,62,5.725830078125
Dymarska2025_associations,25,63,7.78125
Dymarska2025_associations,25,64,6.421875
Dymarska2025_associations,25,65,10.3125
Dymarska2025_associations,25,66,3.34326171875
Dymarska2025_associations,25,67,4.8046875
Dymarska2025_associations,25,68,5.367156982421875
Dymarska2025_associations,25,69,5.0859375
Dymarska2025_associations,25,70,4.171875
Dymarska2025_associations,25,71,2.90625
Dymarska2025_associations,25,72,8.5625
Dymarska2025_associations,25,73,4.95458984375
Dymarska2025_associations,25,74,10.2041015625
Dymarska2025_associations,25,75,3.056640625
Dymarska2025_associations,25,76,5.31005859375
Dymarska2025_associations,25,77,5.37451171875
Dymarska2025_associations,25,78,10.375
Dymarska2025_associations,25,79,7.109375
Dymarska2025_associations,25,80,4.28125
Dymarska2025_associations,25,81,8.25
Dymarska2025_associations,25,82,5.546875
Dymarska2025_associations,25,83,7.568359375
Dymarska2025_associations,25,84,9.7967529296875
Dymarska2025_associations,25,85,7.28369140625
Dymarska2025_associations,25,86,7.8828125
Dymarska2025_associations,25,87,8.5625
Dymarska2025_associations,25,88,5.09375
Dymarska2025_associations,25,89,9.875
Dymarska2025_associations,25,90,6.15234375
Dymarska2025_associations,25,91,7.0
Dymarska2025_associations,25,92,6.625
Dymarska2025_associations,25,93,12.28125
Dymarska2025_associations,25,94,7.84375
Dymarska2025_associations,25,95,5.744140625
Dymarska2025_associations,25,96,6.8125
Dymarska2025_associations,25,97,7.25
Dymarska2025_associations,25,98,6.26171875
Dymarska2025_associations,25,99,6.0
Dymarska2025_associations,25,100,3.4111328125
Dymarska2025_associations,25,101,5.875
Dymarska2025_associations,25,102,5.87890625
Dymarska2025_associations,25,103,7.05322265625
Dymarska2025_associations,25,104,3.46875
Dymarska2025_associations,25,105,3.6484375
Dymarska2025_associations,25,106,4.958984375
Dymarska2025_associations,25,107,8.25
Dymarska2025_associations,25,108,7.34375
Dymarska2025_associations,25,109,2.0076904296875
Dymarska2025_associations,25,110,7.953125
Dymarska2025_associations,25,111,6.96875
Dymarska2025_associations,25,112,5.44140625
Dymarska2025_associations,25,113,7.16796875
Dymarska2025_associations,25,114,4.8125
Dymarska2025_associations,25,115,8.3203125
Dymarska2025_associations,25,116,3.078125
Dymarska2025_associations,25,117,4.0546875
Dymarska2025_associations,25,118,6.4453125
Dymarska2025_associations,25,119,8.4375
Dymarska2025_associations,25,120,7.546875
Dymarska2025_associations,25,121,7.9375
Dymarska2025_associations,25,122,7.4765625
Dymarska2025_associations,25,123,5.24609375
Dymarska2025_associations,25,124,5.37890625
Dymarska2025_associations,25,125,7.1875
Dymarska2025_associations,25,126,6.46875
Dymarska2025_associations,25,127,6.3173828125
Dymarska2025_associations,25,128,3.828125
Dymarska2025_associations,25,129,8.6875
Dymarska2025_associations,25,130,6.546875
Dymarska2025_associations,25,131,5.875
Dymarska2025_associations,25,132,3.759765625
Dymarska2025_associations,25,133,4.937469482421875
Dymarska2025_associations,25,134,7.2265625
Dymarska2025_associations,25,135,9.65625
Dymarska2025_associations,25,136,9.75
Dymarska2025_associations,25,137,4.2578125
Dymarska2025_associations,25,138,7.476043701171875
Dymarska2025_associations,25,139,4.3125
Dymarska2025_associations,25,140,6.1875
Dymarska2025_associations,25,141,5.257568359375
Dymarska2025_associations,25,142,6.15625
Dymarska2025_associations,25,143,4.569091796875
Dymarska2025_associations,25,144,3.3046875
Dymarska2025_associations,25,145,9.1875
Dymarska2025_associations,25,146,3.03125
Dymarska2025_associations,25,147,9.07958984375
Dymarska2025_associations,25,148,7.24951171875
Dymarska2025_associations,25,149,7.1875
Dymarska2025_associations,25,150,10.728515625
Dymarska2025_associations,25,151,8.3125
Dymarska2025_associations,25,152,2.328125
Dymarska2025_associations,25,153,11.5625
Dymarska2025_associations,25,154,6.46875
Dymarska2025_associations,25,155,5.0625
Dymarska2025_associations,25,156,3.140625
Dymarska2025_associations,25,157,4.5
Dymarska2025_associations,25,158,8.5
Dymarska2025_associations,25,159,6.47900390625
Dymarska2025_associations,25,160,10.40625
Dymarska2025_associations,25,161,9.625
Dymarska2025_associations,25,162,12.4375
Dymarska2025_associations,25,163,5.3525390625
Dymarska2025_associations,25,164,12.453125
Dymarska2025_associations,25,165,10.58251953125
Dymarska2025_associations,25,166,9.90625
Dymarska2025_associations,25,167,12.0625
Dymarska2025_associations,25,168,6.6875
Dymarska2025_associations,25,169,10.59375
Dymarska2025_associations,25,170,7.171875
Dymarska2025_associations,25,171,4.25
Dymarska2025_associations,25,172,6.109375
Dymarska2025_associations,25,173,8.4609375
Dymarska2025_associations,25,174,9.6875
Dymarska2025_associations,25,175,8.296875
Dymarska2025_associations,25,176,7.125
Dymarska2025_associations,25,177,5.21484375
Dymarska2025_associations,25,178,9.6796875
Dymarska2025_associations,25,179,5.375
Dymarska2025_associations,25,180,2.09619140625
Dymarska2025_associations,25,181,5.03515625
Dymarska2025_associations,25,182,5.53125
Dymarska2025_associations,25,183,5.515625
Dymarska2025_associations,25,184,9.625
Dymarska2025_associations,25,185,6.40625
Dymarska2025_associations,25,186,15.163330078125
Dymarska2025_associations,25,187,7.125
Dymarska2025_associations,25,188,6.2705078125
Dymarska2025_associations,25,189,6.640625
Dymarska2025_associations,25,190,7.546875
Dymarska2025_associations,25,191,6.9375
Dymarska2025_associations,25,192,5.255859375
Dymarska2025_associations,25,193,3.8466796875
Dymarska2025_associations,25,194,5.34765625
Dymarska2025_associations,25,195,3.85400390625
Dymarska2025_associations,25,196,8.61328125
Dymarska2025_associations,25,197,5.839813232421875
Dymarska2025_associations,25,198,8.3125
Dymarska2025_associations,25,199,6.5
Dymarska2025_associations,26,0,9.85400390625
Dymarska2025_associations,26,1,2.6875
Dymarska2025_associations,26,2,6.08642578125
Dymarska2025_associations,26,3,5.640625
Dymarska2025_associations,26,4,6.19921875
Dymarska2025_associations,26,5,4.65625
Dymarska2025_associations,26,6,2.7498779296875
Dymarska2025_associations,26,7,5.263671875
Dymarska2025_associations,26,8,6.8125
Dymarska2025_associations,26,9,1.1396484375
Dymarska2025_associations,26,10,2.736785888671875
Dymarska2025_associations,26,11,10.7734375
Dymarska2025_associations,26,12,5.5380859375
Dymarska2025_associations,26,13,17.03125
Dymarska2025_associations,26,14,3.2353515625
Dymarska2025_associations,26,15,9.583984375
Dymarska2025_associations,26,16,10.484375
Dymarska2025_associations,26,17,7.7861328125
Dymarska2025_associations,26,18,5.6025390625
Dymarska2025_associations,26,19,7.976043701171875
Dymarska2025_associations,26,20,2.828125
Dymarska2025_associations,26,21,11.3006591796875
Dymarska2025_associations,26,22,2.210693359375
Dymarska2025_associations,26,23,4.15625
Dymarska2025_associations,26,24,6.765869140625
Dymarska2025_associations,26,25,3.570281982421875
Dymarska2025_associations,26,26,5.69482421875
Dymarska2025_associations,26,27,6.32806396484375
Dymarska2025_associations,26,28,8.5
Dymarska2025_associations,26,29,4.66943359375
Dymarska2025_associations,26,30,3.12109375
Dymarska2025_associations,26,31,8.8125
Dymarska2025_associations,26,32,4.46875
Dymarska2025_associations,26,33,2.796875
Dymarska2025_associations,26,34,3.00390625
Dymarska2025_associations,26,35,7.92578125
Dymarska2025_associations,26,36,3.48046875
Dymarska2025_associations,26,37,7.078125
Dymarska2025_associations,26,38,3.9375
Dymarska2025_associations,26,39,3.015594482421875
Dymarska2025_associations,26,40,4.94921875
Dymarska2025_associations,26,41,9.664031982421875
Dymarska2025_associations,26,42,11.0
Dymarska2025_associations,26,43,4.27734375
Dymarska2025_associations,26,44,6.8125
Dymarska2025_associations,26,45,6.103515625
Dymarska2025_associations,26,46,7.46875
Dymarska2025_associations,26,47,5.5625
Dymarska2025_associations,26,48,8.5234375
Dymarska2025_associations,26,49,7.78515625
Dymarska2025_associations,26,50,6.875
Dymarska2025_associations,26,51,4.0
Dymarska2025_associations,26,52,3.51953125
Dymarska2025_associations,26,53,6.46875
Dymarska2025_associations,26,54,3.5
Dymarska2025_associations,26,55,7.541015625
Dymarska2025_associations,26,56,6.22802734375
Dymarska2025_associations,26,57,8.40625
Dymarska2025_associations,26,58,4.84375
Dymarska2025_associations,26,59,3.64501953125
Dymarska2025_associations,26,60,14.8046875
Dymarska2025_associations,26,61,4.013671875
Dymarska2025_associations,26,62,9.375
Dymarska2025_associations,26,63,3.453125
Dymarska2025_associations,26,64,4.46875
Dymarska2025_associations,26,65,4.7578125
Dymarska2025_associations,26,66,4.820281982421875
Dymarska2025_associations,26,67,6.84375
Dymarska2025_associations,26,68,3.525146484375
Dymarska2025_associations,26,69,7.484375
Dymarska2025_associations,26,70,1.7890625
Dymarska2025_associations,26,71,6.875
Dymarska2025_associations,26,72,4.835693359375
Dymarska2025_associations,26,73,1.904754638671875
Dymarska2025_associations,26,74,5.375
Dymarska2025_associations,26,75,6.72265625
Dymarska2025_associations,26,76,6.78125
Dymarska2025_associations,26,77,5.825439453125
Dymarska2025_associations,26,78,4.0
Dymarska2025_associations,26,79,2.41259765625
Dymarska2025_associations,26,80,6.34375
Dymarska2025_associations,26,81,4.1318359375
Dymarska2025_associations,26,82,5.671844482421875
Dymarska2025_associations,26,83,9.375
Dymarska2025_associations,26,84,6.7109375
Dymarska2025_associations,26,85,9.536590576171875
Dymarska2025_associations,26,86,16.71826171875
Dymarska2025_associations,26,87,9.90625
Dymarska2025_associations,26,88,4.6171875
Dymarska2025_associations,26,89,4.060546875
Dymarska2025_associations,26,90,2.975830078125
Dymarska2025_associations,26,91,4.5780029296875
Dymarska2025_associations,26,92,4.0155029296875
Dymarska2025_associations,26,93,12.50390625
Dymarska2025_associations,26,94,3.7734375
Dymarska2025_associations,26,95,3.664031982421875
Dymarska2025_associations,26,96,7.53076171875
Dymarska2025_associations,26,97,8.78125
Dymarska2025_associations,26,98,4.3125
Dymarska2025_associations,26,99,7.945281982421875
Dymarska2025_associations,26,100,3.25390625
Dymarska2025_associations,26,101,3.71868896484375
Dymarska2025_associations,26,102,5.7080078125
Dymarska2025_associations,26,103,2.80078125
Dymarska2025_associations,26,104,4.71142578125
Dymarska2025_associations,26,105,6.54833984375
Dymarska2025_associations,26,106,0.318359375
Dymarska2025_associations,26,107,2.066162109375
Dymarska2025_associations,26,108,3.1630859375
Dymarska2025_associations,26,109,3.328125
Dymarska2025_associations,26,110,2.849609375
Dymarska2025_associations,26,111,5.328125
Dymarska2025_associations,26,112,5.492156982421875
Dymarska2025_associations,26,113,2.9232177734375
Dymarska2025_associations,26,114,4.3349609375
Dymarska2025_associations,26,115,8.3515625
Dymarska2025_associations,26,116,4.820281982421875
Dymarska2025_associations,26,117,7.109375
Dymarska2025_associations,26,118,5.564453125
Dymarska2025_associations,26,119,5.550750732421875
Dymarska2025_associations,26,120,7.203125
Dymarska2025_associations,26,121,6.58642578125
Dymarska2025_associations,26,122,5.4451904296875
Dymarska2025_associations,26,123,9.5
Dymarska2025_associations,26,124,10.21875
Dymarska2025_associations,26,125,8.6328125
Dymarska2025_associations,26,126,7.8349609375
Dymarska2025_associations,26,127,9.7137451171875
Dymarska2025_associations,26,128,3.835906982421875
Dymarska2025_associations,26,129,4.280975341796875
Dymarska2025_associations,26,130,1.703125
Dymarska2025_associations,26,131,2.815673828125
Dymarska2025_associations,26,132,4.7109375
Dymarska2025_associations,26,133,9.435546875
Dymarska2025_associations,26,134,8.4375
Dymarska2025_associations,26,135,5.4091796875
Dymarska2025_associations,26,136,3.218017578125
Dymarska2025_associations,26,137,4.826171875
Dymarska2025_associations,26,138,4.376922607421875
Dymarska2025_associations,26,139,6.78125
Dymarska2025_associations,26,140,5.710906982421875
Dymarska2025_associations,26,141,3.013671875
Dymarska2025_associations,26,142,5.257781982421875
Dymarska2025_associations,26,143,3.257781982421875
Dymarska2025_associations,26,144,6.4638671875
Dymarska2025_associations,26,145,4.6875
Dymarska2025_associations,26,146,4.330078125
Dymarska2025_associations,26,147,2.498046875
Dymarska2025_associations,26,148,16.87060546875
Dymarska2025_associations,26,149,4.44287109375
Dymarska2025_associations,26,150,2.484375
Dymarska2025_associations,26,151,2.53564453125
Dymarska2025_associations,26,152,7.257781982421875
Dymarska2025_associations,26,153,8.46875
Dymarska2025_associations,26,154,12.5625
Dymarska2025_associations,26,155,9.185546875
Dymarska2025_associations,26,156,8.40625
Dymarska2025_associations,26,157,6.53125
Dymarska2025_associations,26,158,8.9375
Dymarska2025_associations,26,159,8.0625
Dymarska2025_associations,26,160,4.8271484375
Dymarska2025_associations,26,161,3.421875
Dymarska2025_associations,26,162,5.4453125
Dymarska2025_associations,26,163,13.59375
Dymarska2025_associations,26,164,6.9453125
Dymarska2025_associations,26,165,6.2255859375
Dymarska2025_associations,26,166,1.601531982421875
Dymarska2025_associations,26,167,17.507781982421875
Dymarska2025_associations,26,168,8.5
Dymarska2025_associations,26,169,11.578125
Dymarska2025_associations,26,170,3.875
Dymarska2025_associations,26,171,1.46484375
Dymarska2025_associations,26,172,4.125
Dymarska2025_associations,26,173,4.8046875
Dymarska2025_associations,26,174,4.5135498046875
Dymarska2025_associations,26,175,2.388671875
Dymarska2025_associations,26,176,7.8125
Dymarska2025_associations,26,177,7.484375
Dymarska2025_associations,26,178,3.953125
Dymarska2025_associations,26,179,5.5654296875
Dymarska2025_associations,26,180,3.30224609375
Dymarska2025_associations,26,181,5.859375
Dymarska2025_associations,26,182,5.453125
Dymarska2025_associations,26,183,1.875
Dymarska2025_associations,26,184,5.234375
Dymarska2025_associations,26,185,6.2998046875
Dymarska2025_associations,26,186,16.015625
Dymarska2025_associations,26,187,9.501953125
Dymarska2025_associations,26,188,5.230438232421875
Dymarska2025_associations,26,189,2.71142578125
Dymarska2025_associations,27,0,13.3916015625
Dymarska2025_associations,27,1,9.140625
Dymarska2025_associations,27,2,7.09765625
Dymarska2025_associations,27,3,7.53125
Dymarska2025_associations,27,4,12.5936279296875
Dymarska2025_associations,27,5,4.701416015625
Dymarska2025_associations,27,6,17.66015625
Dymarska2025_associations,27,7,3.5
Dymarska2025_associations,27,8,4.75
Dymarska2025_associations,27,9,2.30224609375
Dymarska2025_associations,27,10,10.28125
Dymarska2025_associations,27,11,4.91796875
Dymarska2025_associations,27,12,7.015625
Dymarska2025_associations,27,13,3.015625
Dymarska2025_associations,27,14,3.234375
Dymarska2025_associations,27,15,9.4453125
Dymarska2025_associations,27,16,10.109375
Dymarska2025_associations,27,17,6.656219482421875
Dymarska2025_associations,27,18,7.625
Dymarska2025_associations,27,19,0.060546875
Dymarska2025_associations,27,20,6.3525390625
Dymarska2025_associations,27,21,6.7265625
Dymarska2025_associations,27,22,8.328125
Dymarska2025_associations,27,23,8.5155029296875
Dymarska2025_associations,27,24,10.803192138671875
Dymarska2025_associations,27,25,6.91650390625
Dymarska2025_associations,27,26,5.873046875
Dymarska2025_associations,27,27,5.2734375
Dymarska2025_associations,27,28,5.7265625
Dymarska2025_associations,27,29,8.6171875
Dymarska2025_associations,27,30,12.0625
Dymarska2025_associations,27,31,5.99072265625
Dymarska2025_associations,27,32,6.0390625
Dymarska2025_associations,27,33,6.0625
Dymarska2025_associations,27,34,5.25
Dymarska2025_associations,27,35,3.3115234375
Dymarska2025_associations,27,36,4.1640625
Dymarska2025_associations,27,37,4.9404296875
Dymarska2025_associations,27,38,2.4013671875
Dymarska2025_associations,27,39,8.1953125
Dymarska2025_associations,27,40,7.210784912109375
Dymarska2025_associations,27,41,5.72802734375
Dymarska2025_associations,27,42,2.351531982421875
Dymarska2025_associations,27,43,4.03125
Dymarska2025_associations,27,44,6.585693359375
Dymarska2025_associations,27,45,7.109375
Dymarska2025_associations,27,46,5.265625
Dymarska2025_associations,27,47,9.819091796875
Dymarska2025_associations,27,48,2.507293701171875
Dymarska2025_associations,27,49,6.484375
Dymarska2025_associations,27,50,6.6171875
Dymarska2025_associations,27,51,4.703125
Dymarska2025_associations,27,52,8.4375
Dymarska2025_associations,27,53,3.195281982421875
Dymarska2025_associations,27,54,9.0
Dymarska2025_associations,27,55,8.14056396484375
Dymarska2025_associations,27,56,5.6328125
Dymarska2025_associations,27,57,2.068359375
Dymarska2025_associations,27,58,7.625
Dymarska2025_associations,27,59,5.052734375
Dymarska2025_associations,27,60,1.854736328125
Dymarska2025_associations,27,61,3.48431396484375
Dymarska2025_associations,27,62,5.93359375
Dymarska2025_associations,27,63,5.1875
Dymarska2025_associations,27,64,7.859375
Dymarska2025_associations,27,65,9.055877685546875
Dymarska2025_associations,27,66,5.57421875
Dymarska2025_associations,27,67,3.7060546875
Dymarska2025_associations,27,68,9.763671875
Dymarska2025_associations,27,69,6.55126953125
Dymarska2025_associations,27,70,9.859100341796875
Dymarska2025_associations,27,71,2.919921875
Dymarska2025_associations,27,72,4.12890625
Dymarska2025_associations,27,73,8.75
Dymarska2025_associations,27,74,0.86328125
Dymarska2025_associations,27,75,4.5625
Dymarska2025_associations,27,76,3.123046875
Dymarska2025_associations,27,77,3.6639404296875
Dymarska2025_associations,27,78,3.470703125
Dymarska2025_associations,27,79,8.16015625
Dymarska2025_associations,27,80,5.138671875
Dymarska2025_associations,27,81,6.0625
Dymarska2025_associations,27,82,8.9306640625
Dymarska2025_associations,27,83,2.515625
Dymarska2025_associations,27,84,3.5234375
Dymarska2025_associations,27,85,9.453125
Dymarska2025_associations,27,86,3.6092529296875
Dymarska2025_associations,27,87,6.164031982421875
Dymarska2025_associations,27,88,7.0625
Dymarska2025_associations,27,89,7.25
Dymarska2025_associations,27,90,7.625
Dymarska2025_associations,27,91,7.8896484375
Dymarska2025_associations,27,92,6.890625
Dymarska2025_associations,27,93,8.375
Dymarska2025_associations,27,94,6.078125
Dymarska2025_associations,27,95,2.216278076171875
Dymarska2025_associations,27,96,3.94140625
Dymarska2025_associations,27,97,2.18157958984375
Dymarska2025_associations,27,98,7.46875
Dymarska2025_associations,27,99,4.35693359375
Dymarska2025_associations,27,100,3.935546875
Dymarska2025_associations,27,101,4.58984375
Dymarska2025_associations,27,102,6.585693359375
Dymarska2025_associations,27,103,3.171875
Dymarska2025_associations,27,104,6.6923828125
Dymarska2025_associations,27,105,3.30078125
Dymarska2025_associations,27,106,1.8905029296875
Dymarska2025_associations,27,107,4.0
Dymarska2025_associations,27,108,4.4256591796875
Dymarska2025_associations,27,109,5.80322265625
Dymarska2025_associations,27,110,1.293914794921875
Dymarska2025_associations,27,111,7.1640625
Dymarska2025_associations,27,112,6.0625
Dymarska2025_associations,27,113,4.6875
Dymarska2025_associations,27,114,0.97265625
Dymarska2025_associations,27,115,2.3125
Dymarska2025_associations,27,116,3.44091796875
Dymarska2025_associations,27,117,4.75
Dymarska2025_associations,27,118,3.201171875
Dymarska2025_associations,27,119,2.296875
Dymarska2025_associations,27,120,6.953369140625
Dymarska2025_associations,27,121,8.179168701171875
Dymarska2025_associations,27,122,5.125
Dymarska2025_associations,27,123,7.1484375
Dymarska2025_associations,27,124,8.890625
Dymarska2025_associations,27,125,6.509765625
Dymarska2025_associations,27,126,6.898406982421875
Dymarska2025_associations,27,127,5.10546875
Dymarska2025_associations,27,128,7.8123779296875
Dymarska2025_associations,27,129,6.523193359375
Dymarska2025_associations,27,130,5.5780029296875
Dymarska2025_associations,27,131,4.171875
Dymarska2025_associations,27,132,6.5
Dymarska2025_associations,27,133,5.375
Dymarska2025_associations,27,134,6.375
Dymarska2025_associations,27,135,4.914031982421875
Dymarska2025_associations,27,136,9.070281982421875
Dymarska2025_associations,27,137,4.16015625
Dymarska2025_associations,27,138,6.178955078125
Dymarska2025_associations,27,139,7.328125
Dymarska2025_associations,27,140,6.68994140625
Dymarska2025_associations,27,141,6.6171875
Dymarska2025_associations,27,142,3.74951171875
Dymarska2025_associations,27,143,2.4373779296875
Dymarska2025_associations,27,144,5.90625
Dymarska2025_associations,27,145,7.09375
Dymarska2025_associations,27,146,6.5625
Dymarska2025_associations,27,147,4.773193359375
Dymarska2025_associations,27,148,12.78125
Dymarska2025_associations,27,149,2.121826171875
Dymarska2025_associations,27,150,6.921875
Dymarska2025_associations,27,151,2.9217529296875
Dymarska2025_associations,27,152,3.57666015625
Dymarska2025_associations,27,153,8.96875
Dymarska2025_associations,27,154,8.15625
Dymarska2025_associations,27,155,1.3358154296875
Dymarska2025_associations,27,156,5.96875
Dymarska2025_associations,27,157,2.31243896484375
Dymarska2025_associations,27,158,6.632781982421875
Dymarska2025_associations,27,159,16.34375
Dymarska2025_associations,27,160,6.671875
Dymarska2025_associations,27,161,6.125
Dymarska2025_associations,27,162,5.796875
Dymarska2025_associations,27,163,5.5
Dymarska2025_associations,27,164,4.9921875
Dymarska2025_associations,27,165,8.140625
Dymarska2025_associations,27,166,7.937469482421875
Dymarska2025_associations,27,167,9.28125
Dymarska2025_associations,27,168,3.408203125
Dymarska2025_associations,27,169,8.748046875
Dymarska2025_associations,27,170,8.89501953125
Dymarska2025_associations,27,171,8.4375
Dymarska2025_associations,27,172,4.609375
Dymarska2025_associations,27,173,5.28125
Dymarska2025_associations,27,174,0.851531982421875
Dymarska2025_associations,27,175,1.4217529296875
Dymarska2025_associations,27,176,2.28076171875
Dymarska2025_associations,27,177,8.0703125
Dymarska2025_associations,27,178,3.57763671875
Dymarska2025_associations,27,179,7.9658203125
Dymarska2025_associations,27,180,11.90625
Dymarska2025_associations,27,181,5.23046875
Dymarska2025_associations,27,182,3.101531982421875
Dymarska2025_associations,27,183,4.6875
Dymarska2025_associations,27,184,7.625
Dymarska2025_associations,27,185,5.726531982421875
Dymarska2025_associations,27,186,15.765625
Dymarska2025_associations,27,187,8.4375
Dymarska2025_associations,27,188,4.345703125
Dymarska2025_associations,27,189,12.07421875
Dymarska2025_associations,27,190,6.0625
Dymarska2025_associations,27,191,4.4437255859375
Dymarska2025_associations,27,192,5.703125
Dymarska2025_associations,27,193,8.40625
Dymarska2025_associations,28,0,17.96826171875
Dymarska2025_associations,28,1,14.507781982421875
Dymarska2025_associations,28,2,7.601318359375
Dymarska2025_associations,28,3,10.5
Dymarska2025_associations,28,4,7.71875
Dymarska2025_associations,28,5,5.8271484375
Dymarska2025_associations,28,6,9.28125
Dymarska2025_associations,28,7,9.890625
Dymarska2025_associations,28,8,7.53125
Dymarska2025_associations,28,9,6.5390625
Dymarska2025_associations,28,10,2.140625
Dymarska2025_associations,28,11,17.875
Dymarska2025_associations,28,12,17.0830078125
Dymarska2025_associations,28,13,8.59375
Dymarska2025_associations,28,14,14.223114013671875
Dymarska2025_associations,28,15,7.0
Dymarska2025_associations,28,16,11.2342529296875
Dymarska2025_associations,28,17,10.02099609375
Dymarska2025_associations,28,18,10.671875
Dymarska2025_associations,28,19,8.484375
Dymarska2025_associations,28,20,1.85107421875
Dymarska2025_associations,28,21,11.375
Dymarska2025_associations,28,22,7.083984375
Dymarska2025_associations,28,23,6.9453125
Dymarska2025_associations,28,24,6.0625
Dymarska2025_associations,28,25,6.625
Dymarska2025_associations,28,26,8.61328125
Dymarska2025_associations,28,27,8.25
Dymarska2025_associations,28,28,8.279296875
Dymarska2025_associations,28,29,7.6875
Dymarska2025_associations,28,30,9.5625
Dymarska2025_associations,28,31,13.8173828125
Dymarska2025_associations,28,32,13.18701171875
Dymarska2025_associations,28,33,7.65625
Dymarska2025_associations,28,34,7.15234375
Dymarska2025_associations,28,35,3.507080078125
Dymarska2025_associations,28,36,6.125
Dymarska2025_associations,28,37,5.81640625
Dymarska2025_associations,28,38,7.0234375
Dymarska2025_associations,28,39,9.9375
Dymarska2025_associations,28,40,16.53125
Dymarska2025_associations,28,41,6.18359375
Dymarska2025_associations,28,42,6.578125
Dymarska2025_associations,28,43,4.6015625
Dymarska2025_associations,28,44,4.2255859375
Dymarska2025_associations,28,45,7.42822265625
Dymarska2025_associations,28,46,6.466796875
Dymarska2025_associations,28,47,5.49072265625
Dymarska2025_associations,28,48,3.619140625
Dymarska2025_associations,28,49,5.484344482421875
Dymarska2025_associations,28,50,11.14501953125
Dymarska2025_associations,28,51,6.096923828125
Dymarska2025_associations,28,52,6.046875
Dymarska2025_associations,28,53,8.9058837890625
Dymarska2025_associations,28,54,13.236328125
Dymarska2025_associations,28,55,7.206024169921875
Dymarska2025_associations,28,56,7.75
Dymarska2025_associations,28,57,6.625
Dymarska2025_associations,28,58,11.3984375
Dymarska2025_associations,28,59,5.88671875
Dymarska2025_associations,28,60,7.4208984375
Dymarska2025_associations,28,61,12.95068359375
Dymarska2025_associations,28,62,7.859375
Dymarska2025_associations,28,63,3.0830078125
Dymarska2025_associations,28,64,9.375
Dymarska2025_associations,28,65,6.98828125
Dymarska2025_associations,28,66,3.4136962890625
Dymarska2025_associations,28,67,1.656005859375
Dymarska2025_associations,28,68,6.685546875
Dymarska2025_associations,28,69,7.962890625
Dymarska2025_associations,28,70,7.3125
Dymarska2025_associations,28,71,7.875
Dymarska2025_associations,28,72,4.09375
Dymarska2025_associations,28,73,7.02734375
Dymarska2025_associations,28,74,8.4873046875
Dymarska2025_associations,28,75,8.3359375
Dymarska2025_associations,28,76,11.5467529296875
Dymarska2025_associations,28,77,8.5263671875
Dymarska2025_associations,28,78,3.375
Dymarska2025_associations,28,79,7.8505859375
Dymarska2025_associations,28,80,8.578094482421875
Dymarska2025_associations,28,81,8.07763671875
Dymarska2025_associations,28,82,7.625
Dymarska2025_associations,28,83,3.70751953125
Dymarska2025_associations,28,84,5.65625
Dymarska2025_associations,28,85,8.3876953125
Dymarska2025_associations,28,86,8.71484375
Dymarska2025_associations,28,87,11.3125
Dymarska2025_associations,28,88,8.8046875
Dymarska2025_associations,28,89,8.32080078125
Dymarska2025_associations,28,90,11.75
Dymarska2025_associations,28,91,11.78125
Dymarska2025_associations,28,92,12.21240234375
Dymarska2025_associations,28,93,11.988739013671875
Dymarska2025_associations,28,94,5.060546875
Dymarska2025_associations,28,95,6.279144287109375
Dymarska2025_associations,28,96,5.96875
Dymarska2025_associations,28,97,7.3125
Dymarska2025_associations,28,98,14.61328125
Dymarska2025_associations,28,99,9.76171875
Dymarska2025_associations,28,100,3.953125
Dymarska2025_associations,28,101,21.23828125
Dymarska2025_associations,28,102,6.734375
Dymarska2025_associations,28,103,6.125
Dymarska2025_associations,28,104,5.3720703125
Dymarska2025_associations,28,105,4.600830078125
Dymarska2025_associations,28,106,7.5625
Dymarska2025_associations,28,107,3.875
Dymarska2025_associations,28,108,8.28125
Dymarska2025_associations,28,109,10.75
Dymarska2025_associations,28,110,5.017578125
Dymarska2025_associations,28,111,8.8436279296875
Dymarska2025_associations,28,112,6.890625
Dymarska2025_associations,28,113,6.6834716796875
Dymarska2025_associations,28,114,7.4931640625
Dymarska2025_associations,28,115,7.59375
Dymarska2025_associations,28,116,3.1005859375
Dymarska2025_associations,28,117,5.9541015625
Dymarska2025_associations,28,118,4.882781982421875
Dymarska2025_associations,28,119,12.1875
Dymarska2025_associations,28,120,5.8206787109375
Dymarska2025_associations,28,121,6.25
Dymarska2025_associations,28,122,8.25
Dymarska2025_associations,28,123,7.625
Dymarska2025_associations,28,124,5.34375
Dymarska2025_associations,28,125,2.53125
Dymarska2025_associations,28,126,6.71875
Dymarska2025_associations,28,127,9.328125
Dymarska2025_associations,28,128,5.992156982421875
Dymarska2025_associations,28,129,7.751953125
Dymarska2025_associations,28,130,6.484375
Dymarska2025_associations,28,131,8.625
Dymarska2025_associations,28,132,3.435546875
Dymarska2025_associations,28,133,8.21875
Dymarska2025_associations,28,134,5.992156982421875
Dymarska2025_associations,28,135,7.81640625
Dymarska2025_associations,28,136,2.0986328125
Dymarska2025_associations,28,137,5.061004638671875
Dymarska2025_associations,28,138,12.359375
Dymarska2025_associations,28,139,7.78515625
Dymarska2025_associations,28,140,5.41357421875
Dymarska2025_associations,28,141,7.5
Dymarska2025_associations,28,142,6.28125
Dymarska2025_associations,28,143,9.1328125
Dymarska2025_associations,28,144,16.427734375
Dymarska2025_associations,28,145,8.640625
Dymarska2025_associations,28,146,18.515625
Dymarska2025_associations,28,147,3.84375
Dymarska2025_associations,28,148,8.8125
Dymarska2025_associations,28,149,5.773193359375
Dymarska2025_associations,28,150,3.5076904296875
Dymarska2025_associations,28,151,5.835784912109375
Dymarska2025_associations,28,152,9.208709716796875
Dymarska2025_associations,28,153,6.954833984375
Dymarska2025_associations,29,0,9.85400390625
Dymarska2025_associations,29,1,3.18701171875
Dymarska2025_associations,29,2,3.83984375
Dymarska2025_associations,29,3,3.4677734375
Dymarska2025_associations,29,4,3.453125
Dymarska2025_associations,29,5,3.15625
Dymarska2025_associations,29,6,5.3515625
Dymarska2025_associations,29,7,3.632781982421875
Dymarska2025_associations,29,8,5.7811279296875
Dymarska2025_associations,29,9,4.109375
Dymarska2025_associations,29,10,8.5703125
Dymarska2025_associations,29,11,1.705810546875
Dymarska2025_associations,29,12,3.3046875
Dymarska2025_associations,29,13,5.0625
Dymarska2025_associations,29,14,7.5205078125
Dymarska2025_associations,29,15,9.671875
Dymarska2025_associations,29,16,7.328125
Dymarska2025_associations,29,17,1.9764404296875
Dymarska2025_associations,29,18,10.27734375
Dymarska2025_associations,29,19,5.257781982421875
Dymarska2025_associations,29,20,9.241455078125
Dymarska2025_associations,29,21,7.453125
Dymarska2025_associations,29,22,8.859375
Dymarska2025_associations,29,23,8.125
Dymarska2025_associations,29,24,5.681640625
Dymarska2025_associations,29,25,4.413330078125
Dymarska2025_associations,29,26,7.4375
Dymarska2025_associations,29,27,5.9217529296875
Dymarska2025_associations,29,28,4.69091796875
Dymarska2025_associations,29,29,7.265625
Dymarska2025_associations,29,30,4.322265625
Dymarska2025_associations,29,31,2.984375
Dymarska2025_associations,29,32,2.1875
Dymarska2025_associations,29,33,4.011688232421875
Dymarska2025_associations,29,34,6.75439453125
Dymarska2025_associations,29,35,11.74609375
Dymarska2025_associations,29,36,7.203125
Dymarska2025_associations,29,37,2.375
Dymarska2025_associations,29,38,2.482421875
Dymarska2025_associations,29,39,5.2567138671875
Dymarska2025_associations,29,40,2.59375
Dymarska2025_associations,29,41,1.2421875
Dymarska2025_associations,29,42,4.5
Dymarska2025_associations,29,43,3.492156982421875
Dymarska2025_associations,29,44,3.58984375
Dymarska2025_associations,29,45,8.8125
Dymarska2025_associations,29,46,3.757080078125
Dymarska2025_associations,29,47,7.83984375
Dymarska2025_associations,29,48,6.507781982421875
Dymarska2025_associations,29,49,5.953125
Dymarska2025_associations,29,50,6.69482421875
Dymarska2025_associations,29,51,9.30859375
Dymarska2025_associations,29,52,4.7421875
Dymarska2025_associations,29,53,6.7578125
Dymarska2025_associations,29,54,6.359375
Dymarska2025_associations,29,55,6.587890625
Dymarska2025_associations,29,56,4.529296875
Dymarska2025_associations,29,57,4.4375
Dymarska2025_associations,29,58,5.55859375
Dymarska2025_associations,29,59,4.6875
Dymarska2025_associations,29,60,1.85546875
Dymarska2025_associations,29,61,7.3583984375
Dymarska2025_associations,29,62,14.21875
Dymarska2025_associations,29,63,4.117156982421875
Dymarska2025_associations,29,64,12.8514404296875
Dymarska2025_associations,29,65,6.828125
Dymarska2025_associations,29,66,4.085693359375
Dymarska2025_associations,29,67,5.288330078125
Dymarska2025_associations,29,68,5.6328125
Dymarska2025_associations,29,69,6.6328125
Dymarska2025_associations,29,70,5.0703125
Dymarska2025_associations,29,71,7.875
Dymarska2025_associations,29,72,9.109375
Dymarska2025_associations,29,73,6.384765625
Dymarska2025_associations,29,74,5.875
Dymarska2025_associations,29,75,9.90625
Dymarska2025_associations,29,76,3.169921875
Dymarska2025_associations,29,77,6.546875
Dymarska2025_associations,29,78,3.470703125
Dymarska2025_associations,29,79,8.03125
Dymarska2025_associations,29,80,9.52001953125
Dymarska2025_associations,29,81,5.91748046875
Dymarska2025_associations,29,82,5.25
Dymarska2025_associations,29,83,5.291961669921875
Dymarska2025_associations,29,84,3.1875
Dymarska2025_associations,29,85,2.234375
Dymarska2025_associations,29,86,3.5936279296875
Dymarska2025_associations,29,87,4.5390625
Dymarska2025_associations,29,88,5.492156982421875
Dymarska2025_associations,29,89,6.8125
Dymarska2025_associations,29,90,6.55078125
Dymarska2025_associations,29,91,7.140625
Dymarska2025_associations,29,92,9.25
Dymarska2025_associations,29,93,3.85546875
Dymarska2025_associations,29,94,10.28125
Dymarska2025_associations,29,95,5.5
Dymarska2025_associations,29,96,4.26953125
Dymarska2025_associations,29,97,5.09375
Dymarska2025_associations,29,98,6.40625
Dymarska2025_associations,29,99,5.48828125
Dymarska2025_associations,29,100,5.3505859375
Dymarska2025_associations,29,101,3.68359375
Dymarska2025_associations,29,102,8.5
Dymarska2025_associations,29,103,1.4921875
Dymarska2025_associations,29,104,2.06689453125
Dymarska2025_associations,29,105,3.7236328125
Dymarska2025_associations,29,106,6.546875
Dymarska2025_associations,29,107,3.39599609375
Dymarska2025_associations,29,108,1.405517578125
Dymarska2025_associations,29,109,9.9293212890625
Dymarska2025_associations,29,110,8.18115234375
Dymarska2025_associations,29,111,6.90625
Dymarska2025_associations,29,112,7.2890625
Dymarska2025_associations,29,113,3.84765625
Dymarska2025_associations,29,114,1.6318359375
Dymarska2025_associations,29,115,7.10546875
Dymarska2025_associations,29,116,3.8748779296875
Dymarska2025_associations,29,117,8.84375
Dymarska2025_associations,29,118,6.33251953125
Dymarska2025_associations,29,119,2.29296875
Dymarska2025_associations,29,120,4.7342529296875
Dymarska2025_associations,29,121,6.148406982421875
Dymarska2025_associations,29,122,7.96875
Dymarska2025_associations,29,123,8.69140625
Dymarska2025_associations,29,124,2.93359375
Dymarska2025_associations,29,125,8.09375
Dymarska2025_associations,29,126,3.04833984375
Dymarska2025_associations,29,127,3.773193359375
Dymarska2025_associations,29,128,5.8787841796875
Dymarska2025_associations,29,129,5.515625
Dymarska2025_associations,29,130,4.748046875
Dymarska2025_associations,29,131,1.8359375
Dymarska2025_associations,29,132,9.0625
Dymarska2025_associations,29,133,2.888671875
Dymarska2025_associations,29,134,7.796875
Dymarska2025_associations,29,135,7.087890625
Dymarska2025_associations,29,136,6.125
Dymarska2025_associations,29,137,7.80126953125
Dymarska2025_associations,29,138,4.5052490234375
Dymarska2025_associations,29,139,9.171875
Dymarska2025_associations,29,140,3.46875
Dymarska2025_associations,29,141,4.5859375
Dymarska2025_associations,29,142,8.59375
Dymarska2025_associations,29,143,6.294189453125
Dymarska2025_associations,29,144,1.73046875
Dymarska2025_associations,29,145,10.21875
Dymarska2025_associations,29,146,5.0
Dymarska2025_associations,29,147,5.65625
Dymarska2025_associations,29,148,7.25390625
Dymarska2025_associations,29,149,5.5
Dymarska2025_associations,29,150,10.1953125
Dymarska2025_associations,29,151,6.701171875
Dymarska2025_associations,29,152,6.98388671875
Dymarska2025_associations,29,153,2.87451171875
Dymarska2025_associations,29,154,4.0625
Dymarska2025_associations,29,155,2.7216796875
Dymarska2025_associations,29,156,7.312225341796875
Dymarska2025_associations,29,157,2.1865234375
Dymarska2025_associations,29,158,5.8125
Dymarska2025_associations,29,159,8.944580078125
Dymarska2025_associations,30,0,14.2265625
Dymarska2025_associations,30,1,2.75
Dymarska2025_associations,30,2,5.6171875
Dymarska2025_associations,30,3,6.91015625
Dymarska2025_associations,30,4,3.703125
Dymarska2025_associations,30,5,2.9052734375
Dymarska2025_associations,30,6,4.5234375
Dymarska2025_associations,30,7,8.21826171875
Dymarska2025_associations,30,8,8.4842529296875
Dymarska2025_associations,30,9,4.59375
Dymarska2025_associations,30,10,6.888671875
Dymarska2025_associations,30,11,5.34375
Dymarska2025_associations,30,12,7.490234375
Dymarska2025_associations,30,13,6.8125
Dymarska2025_associations,30,14,4.828125
Dymarska2025_associations,30,15,10.94287109375
Dymarska2025_associations,30,16,7.984375
Dymarska2025_associations,30,17,7.435546875
Dymarska2025_associations,30,18,8.4375
Dymarska2025_associations,30,19,6.71875
Dymarska2025_associations,30,20,9.0155029296875
Dymarska2025_associations,30,21,11.1875
Dymarska2025_associations,30,22,6.203125
Dymarska2025_associations,30,23,8.4140625
Dymarska2025_associations,30,24,4.78125
Dymarska2025_associations,30,25,6.6875
Dymarska2025_associations,30,26,10.435546875
Dymarska2025_associations,30,27,7.594207763671875
Dymarska2025_associations,30,28,6.4375
Dymarska2025_associations,30,29,3.3984375
Dymarska2025_associations,30,30,9.62109375
Dymarska2025_associations,30,31,8.28125
Dymarska2025_associations,30,32,9.984375
Dymarska2025_associations,30,33,10.59375
Dymarska2025_associations,30,34,7.015625
Dymarska2025_associations,30,35,9.25
Dymarska2025_associations,30,36,9.15625
Dymarska2025_associations,30,37,9.24951171875
Dymarska2025_associations,30,38,11.703125
Dymarska2025_associations,30,39,8.140625
Dymarska2025_associations,30,40,0.449188232421875
Dymarska2025_associations,30,41,2.7265625
Dymarska2025_associations,30,42,8.3125
Dymarska2025_associations,30,43,4.578125
Dymarska2025_associations,30,44,5.585205078125
Dymarska2025_associations,30,45,5.46826171875
Dymarska2025_associations,30,46,5.4920654296875
Dymarska2025_associations,30,47,2.2564697265625
Dymarska2025_associations,30,48,4.4892578125
Dymarska2025_associations,30,49,7.578125
Dymarska2025_associations,30,50,5.265625
Dymarska2025_associations,30,51,5.898193359375
Dymarska2025_associations,30,52,9.648193359375
Dymarska2025_associations,30,53,9.163909912109375
Dymarska2025_associations,30,54,8.4296875
Dymarska2025_associations,30,55,9.453125
Dymarska2025_associations,30,56,10.9375
Dymarska2025_associations,30,57,10.17578125
Dymarska2025_associations,30,58,7.5
Dymarska2025_associations,30,59,10.007568359375
Dymarska2025_associations,30,60,0.886688232421875
Dymarska2025_associations,30,61,6.179534912109375
Dymarska2025_associations,30,62,7.0390625
Dymarska2025_associations,30,63,5.09326171875
Dymarska2025_associations,30,64,4.226531982421875
Dymarska2025_associations,30,65,3.6484375
Dymarska2025_associations,30,66,4.8583984375
Dymarska2025_associations,30,67,5.08984375
Dymarska2025_associations,30,68,5.15625
Dymarska2025_associations,30,69,4.94140625
Dymarska2025_associations,30,70,5.1875
Dymarska2025_associations,30,71,3.9072265625
Dymarska2025_associations,30,72,4.1748046875
Dymarska2025_associations,30,73,4.71875
Dymarska2025_associations,30,74,5.435546875
Dymarska2025_associations,30,75,10.005859375
Dymarska2025_associations,30,76,4.6083984375
Dymarska2025_associations,30,77,9.9375
Dymarska2025_associations,30,78,5.65625
Dymarska2025_associations,30,79,8.5
Dymarska2025_associations,30,80,2.320281982421875
Dymarska2025_associations,30,81,4.78125
Dymarska2025_associations,30,82,3.163818359375
Dymarska2025_associations,30,83,2.140625
Dymarska2025_associations,30,84,4.50390625
Dymarska2025_associations,30,85,5.945281982421875
Dymarska2025_associations,30,86,3.40625
Dymarska2025_associations,30,87,2.75
Dymarska2025_associations,30,88,7.35888671875
Dymarska2025_associations,30,89,4.55078125
Dymarska2025_associations,30,90,6.87109375
Dymarska2025_associations,30,91,3.576171875
Dymarska2025_associations,30,92,4.0
Dymarska2025_associations,30,93,5.544921875
Dymarska2025_associations,30,94,5.3125
Dymarska2025_associations,30,95,4.0
Dymarska2025_associations,30,96,7.26953125
Dymarska2025_associations,30,97,8.0625
Dymarska2025_associations,30,98,4.2255859375
Dymarska2025_associations,30,99,3.625
Dymarska2025_associations,30,100,1.2109375
Dymarska2025_associations,30,101,10.195281982421875
Dymarska2025_associations,30,102,8.560546875
Dymarska2025_associations,30,103,6.0712890625
Dymarska2025_associations,30,104,1.1953125
Dymarska2025_associations,30,105,4.46875
Dymarska2025_associations,30,106,4.8125
Dymarska2025_associations,30,107,13.505859375
Dymarska2025_associations,30,108,11.773193359375
Dymarska2025_associations,30,109,7.0
Dymarska2025_associations,30,110,6.37451171875
Dymarska2025_associations,30,111,6.34375
Dymarska2025_associations,30,112,8.08251953125
Dymarska2025_associations,30,113,5.435546875
Dymarska2025_associations,30,114,4.59765625
Dymarska2025_associations,30,115,15.12109375
Dymarska2025_associations,30,116,8.8681640625
Dymarska2025_associations,30,117,9.96875
Dymarska2025_associations,30,118,5.875
Dymarska2025_associations,30,119,5.1474609375
Dymarska2025_associations,30,120,1.3670654296875
Dymarska2025_associations,30,121,2.600830078125
Dymarska2025_associations,30,122,2.851531982421875
Dymarska2025_associations,30,123,6.9755859375
Dymarska2025_associations,30,124,1.36767578125
Dymarska2025_associations,30,125,7.75
Dymarska2025_associations,30,126,4.9375
Dymarska2025_associations,30,127,6.16796875
Dymarska2025_associations,30,128,8.71875
Dymarska2025_associations,30,129,9.85205078125
Dymarska2025_associations,30,130,5.84912109375
Dymarska2025_associations,30,131,8.859375
Dymarska2025_associations,30,132,4.466796875
Dymarska2025_associations,30,133,1.9296875
Dymarska2025_associations,30,134,9.796875
Dymarska2025_associations,30,135,3.71875
Dymarska2025_associations,30,136,10.3125
Dymarska2025_associations,30,137,5.46484375
Dymarska2025_associations,30,138,9.375
Dymarska2025_associations,30,139,4.5858154296875
Dymarska2025_associations,30,140,3.3359375
Dymarska2025_associations,30,141,10.0634765625
Dymarska2025_associations,30,142,4.28125
Dymarska2025_associations,30,143,7.203125
Dymarska2025_associations,30,144,3.78076171875
Dymarska2025_associations,30,145,5.828125
Dymarska2025_associations,30,146,8.125
Dymarska2025_associations,30,147,6.4212646484375
Dymarska2025_associations,30,148,4.59375
Dymarska2025_associations,30,149,10.8125
Dymarska2025_associations,30,150,11.001953125
Dymarska2025_associations,30,151,4.23828125
Dymarska2025_associations,30,152,8.0537109375
Dymarska2025_associations,30,153,4.849609375
Dymarska2025_associations,30,154,7.625
Dymarska2025_associations,30,155,9.5625
Dymarska2025_associations,30,156,11.140625
Dymarska2025_associations,30,157,5.3280029296875
Dymarska2025_associations,30,158,8.9022216796875
Dymarska2025_associations,30,159,10.342742919921875
Dymarska2025_associations,30,160,2.900390625
Dymarska2025_associations,30,161,7.75
Dymarska2025_associations,30,162,4.560028076171875
Dymarska2025_associations,30,163,10.34375
Dymarska2025_associations,30,164,2.085906982421875
Dymarska2025_associations,30,165,6.81494140625
Dymarska2025_associations,30,166,7.737060546875
Dymarska2025_associations,30,167,5.408203125
Dymarska2025_associations,30,168,9.560546875
Dymarska2025_associations,30,169,6.125
Dymarska2025_associations,30,170,6.7109375
Dymarska2025_associations,30,171,5.4140625
Dymarska2025_associations,30,172,4.40576171875
Dymarska2025_associations,30,173,6.828125
Dymarska2025_associations,30,174,5.853515625
Dymarska2025_associations,30,175,4.859375
Dymarska2025_associations,30,176,0.91015625
Dymarska2025_associations,30,177,5.765625
Dymarska2025_associations,30,178,3.886688232421875
Dymarska2025_associations,30,179,5.8125
Dymarska2025_associations,30,180,10.921875
Dymarska2025_associations,30,181,4.4375
Dymarska2025_associations,30,182,2.375
Dymarska2025_associations,30,183,7.4375
Dymarska2025_associations,30,184,8.07763671875
Dymarska2025_associations,30,185,4.9482421875
Dymarska2025_associations,30,186,4.204833984375
Dymarska2025_associations,30,187,4.43359375
Dymarska2025_associations,30,188,4.2030029296875
Dymarska2025_associations,30,189,8.5390625
Dymarska2025_associations,30,190,10.66259765625
Dymarska2025_associations,30,191,5.71484375
Dymarska2025_associations,30,192,9.31787109375
Dymarska2025_associations,30,193,7.00390625
Dymarska2025_associations,30,194,12.5
Dymarska2025_associations,30,195,2.91455078125
Dymarska2025_associations,31,0,10.25
Dymarska2025_associations,31,1,3.787109375
Dymarska2025_associations,31,2,1.931640625
Dymarska2025_associations,31,3,2.540985107421875
Dymarska2025_associations,31,4,4.55126953125
Dymarska2025_associations,31,5,5.3544921875
Dymarska2025_associations,31,6,2.3515625
Dymarska2025_associations,31,7,6.695281982421875
Dymarska2025_associations,31,8,8.328125
Dymarska2025_associations,31,9,5.2421875
Dymarska2025_associations,31,10,4.36572265625
Dymarska2025_associations,31,11,5.2030029296875
Dymarska2025_associations,31,12,8.2841796875
Dymarska2025_associations,31,13,9.34375
Dymarska2025_associations,31,14,7.03125
Dymarska2025_associations,31,15,10.34375
Dymarska2025_associations,31,16,5.1875
Dymarska2025_associations,31,17,6.694580078125
Dymarska2025_associations,31,18,8.53515625
Dymarska2025_associations,31,19,6.765625
Dymarska2025_associations,31,20,7.4217529296875
Dymarska2025_associations,31,21,5.90625
Dymarska2025_associations,31,22,2.6708984375
Dymarska2025_associations,31,23,9.375
Dymarska2025_associations,31,24,7.1953125
Dymarska2025_associations,31,25,9.171875
Dymarska2025_associations,31,26,3.583984375
Dymarska2025_associations,31,27,6.937469482421875
Dymarska2025_associations,31,28,4.64501953125
Dymarska2025_associations,31,29,16.125
Dymarska2025_associations,31,30,6.11328125
Dymarska2025_associations,31,31,10.3125
Dymarska2025_associations,31,32,6.72607421875
Dymarska2025_associations,31,33,22.19140625
Dymarska2025_associations,31,34,2.783203125
Dymarska2025_associations,31,35,6.827850341796875
Dymarska2025_associations,31,36,5.796875
Dymarska2025_associations,31,37,6.125
Dymarska2025_associations,31,38,3.53125
Dymarska2025_associations,31,39,5.194580078125
Dymarska2025_associations,31,40,2.265625
Dymarska2025_associations,31,41,2.09814453125
Dymarska2025_associations,31,42,6.30859375
Dymarska2025_associations,31,43,11.53125
Dymarska2025_associations,31,44,3.867156982421875
Dymarska2025_associations,31,45,3.263671875
Dymarska2025_associations,31,46,8.796875
Dymarska2025_associations,31,47,2.328125
Dymarska2025_associations,31,48,4.960693359375
Dymarska2025_associations,31,49,8.515625
Dymarska2025_associations,31,50,11.09765625
Dymarska2025_associations,31,51,9.703125
Dymarska2025_associations,31,52,16.777099609375
Dymarska2025_associations,31,53,9.51556396484375
Dymarska2025_associations,31,54,7.0546875
Dymarska2025_associations,31,55,7.234375
Dymarska2025_associations,31,56,8.470703125
Dymarska2025_associations,31,57,10.25
Dymarska2025_associations,31,58,7.375
Dymarska2025_associations,31,59,9.59375
Dymarska2025_associations,31,60,9.30029296875
Dymarska2025_associations,31,61,7.05859375
Dymarska2025_associations,31,62,6.100830078125
Dymarska2025_associations,31,63,6.44921875
Dymarska2025_associations,31,64,6.4541015625
Dymarska2025_associations,31,65,2.71484375
Dymarska2025_associations,31,66,6.0859375
Dymarska2025_associations,31,67,1.6259765625
Dymarska2025_associations,31,68,2.3343505859375
Dymarska2025_associations,31,69,4.484344482421875
Dymarska2025_associations,31,70,18.72021484375
Dymarska2025_associations,31,71,6.234375
Dymarska2025_associations,31,72,12.0771484375
Dymarska2025_associations,31,73,3.2265625
Dymarska2025_associations,31,74,3.953125
Dymarska2025_associations,31,75,5.0
Dymarska2025_associations,31,76,7.171875
Dymarska2025_associations,31,77,6.59375
Dymarska2025_associations,31,78,4.37109375
Dymarska2025_associations,31,79,6.07470703125
Dymarska2025_associations,31,80,4.443328857421875
Dymarska2025_associations,31,81,4.7939453125
Dymarska2025_associations,31,82,11.25
Dymarska2025_associations,31,83,11.078125
Dymarska2025_associations,31,84,1.73046875
Dymarska2025_associations,31,85,8.546875
Dymarska2025_associations,31,86,8.875
Dymarska2025_associations,31,87,8.625
Dymarska2025_associations,31,88,9.9837646484375
Dymarska2025_associations,31,89,3.5311279296875
Dymarska2025_associations,31,90,4.2421875
Dymarska2025_associations,31,91,8.375
Dymarska2025_associations,31,92,6.078125
Dymarska2025_associations,31,93,6.882781982421875
Dymarska2025_associations,31,94,4.5487060546875
Dymarska2025_associations,31,95,5.6064453125
Dymarska2025_associations,31,96,6.03125
Dymarska2025_associations,31,97,8.7568359375
Dymarska2025_associations,31,98,11.7890625
Dymarska2025_associations,31,99,5.96875
Dymarska2025_associations,31,100,6.1669921875
Dymarska2025_associations,31,101,7.734375
Dymarska2025_associations,31,102,4.8173828125
Dymarska2025_associations,31,103,5.546875
Dymarska2025_associations,31,104,9.1875
Dymarska2025_associations,31,105,6.453125
Dymarska2025_associations,31,106,7.154296875
Dymarska2025_associations,31,107,3.22021484375
Dymarska2025_associations,31,108,4.451141357421875
Dymarska2025_associations,31,109,3.46875
Dymarska2025_associations,31,110,3.8905029296875
Dymarska2025_associations,31,111,6.060546875
Dymarska2025_associations,31,112,5.5625
Dymarska2025_associations,31,113,8.25
Dymarska2025_associations,31,114,4.2069091796875
Dymarska2025_associations,31,115,7.890625
Dymarska2025_associations,31,116,5.15234375
Dymarska2025_associations,31,117,5.578125
Dymarska2025_associations,31,118,8.986572265625
Dymarska2025_associations,31,119,3.9765625
Dymarska2025_associations,31,120,4.33984375
Dymarska2025_associations,31,121,6.78125
Dymarska2025_associations,31,122,2.044921875
Dymarska2025_associations,31,123,15.0
Dymarska2025_associations,31,124,9.125
Dymarska2025_associations,31,125,6.671875
Dymarska2025_associations,31,126,6.125
Dymarska2025_associations,31,127,3.234375
Dymarska2025_associations,31,128,7.75
Dymarska2025_associations,31,129,13.4609375
Dymarska2025_associations,31,130,5.251953125
Dymarska2025_associations,31,131,8.287109375
Dymarska2025_associations,31,132,4.279296875
Dymarska2025_associations,31,133,7.679168701171875
Dymarska2025_associations,31,134,6.375
Dymarska2025_associations,31,135,8.515625
Dymarska2025_associations,31,136,8.03125
Dymarska2025_associations,31,137,8.125
Dymarska2025_associations,31,138,9.01171875
Dymarska2025_associations,31,139,3.32421875
Dymarska2025_associations,31,140,9.78515625
Dymarska2025_associations,31,141,25.15625
Dymarska2025_associations,31,142,5.195281982421875
Dymarska2025_associations,31,143,4.203125
Dymarska2025_associations,31,144,6.71484375
Dymarska2025_associations,31,145,9.951171875
Dymarska2025_associations,31,146,5.48046875
Dymarska2025_associations,31,147,5.2421875
Dymarska2025_associations,31,148,10.09375
Dymarska2025_associations,31,149,6.404754638671875
Dymarska2025_associations,31,150,5.2919921875
Dymarska2025_associations,31,151,3.64013671875
Dymarska2025_associations,31,152,5.34375
Dymarska2025_associations,31,153,8.484375
Dymarska2025_associations,31,154,5.1875
Dymarska2025_associations,31,155,8.25
Dymarska2025_associations,31,156,2.67578125
Dymarska2025_associations,31,157,16.8720703125
Dymarska2025_associations,31,158,11.578125
Dymarska2025_associations,31,159,9.09375
Dymarska2025_associations,31,160,9.109375
Dymarska2025_associations,31,161,8.359375
Dymarska2025_associations,31,162,2.7734375
Dymarska2025_associations,31,163,4.208984375
Dymarska2025_associations,31,164,8.44921875
Dymarska2025_associations,31,165,9.6265869140625
Dymarska2025_associations,31,166,6.186767578125
Dymarska2025_associations,31,167,7.7294921875
Dymarska2025_associations,31,168,8.140625
Dymarska2025_associations,31,169,7.11376953125
Dymarska2025_associations,31,170,8.0
Dymarska2025_associations,31,171,3.3203125
Dymarska2025_associations,31,172,6.467254638671875
Dymarska2025_associations,31,173,13.234375
Dymarska2025_associations,31,174,8.7421875
Dymarska2025_associations,31,175,4.625
Dymarska2025_associations,31,176,8.03125
Dymarska2025_associations,31,177,5.15234375
Dymarska2025_associations,31,178,5.5
Dymarska2025_associations,31,179,5.1875
Dymarska2025_associations,31,180,6.34375
Dymarska2025_associations,31,181,8.28125
Dymarska2025_associations,32,0,10.4716796875
Dymarska2025_associations,32,1,5.12109375
Dymarska2025_associations,32,2,19.64453125
Dymarska2025_associations,32,3,9.4609375
Dymarska2025_associations,32,4,4.845703125
Dymarska2025_associations,32,5,4.048828125
Dymarska2025_associations,32,6,3.951171875
Dymarska2025_associations,32,7,7.22265625
Dymarska2025_associations,32,8,1.016082763671875
Dymarska2025_associations,32,9,6.7498779296875
Dymarska2025_associations,32,10,7.6328125
Dymarska2025_associations,32,11,8.84375
Dymarska2025_associations,32,12,6.7265625
Dymarska2025_associations,32,13,6.070281982421875
Dymarska2025_associations,32,14,5.75390625
Dymarska2025_associations,32,15,2.210205078125
Dymarska2025_associations,32,16,5.890625
Dymarska2025_associations,32,17,5.80859375
Dymarska2025_associations,32,18,4.68359375
Dymarska2025_associations,32,19,5.725830078125
Dymarska2025_associations,32,20,5.828125
Dymarska2025_associations,32,21,5.960693359375
Dymarska2025_associations,32,22,4.9375
Dymarska2025_associations,32,23,6.788330078125
Dymarska2025_associations,32,24,7.03125
Dymarska2025_associations,32,25,7.271453857421875
Dymarska2025_associations,32,26,3.6875
Dymarska2025_associations,32,27,5.875
Dymarska2025_associations,32,28,4.875
Dymarska2025_associations,32,29,3.705047607421875
Dymarska2025_associations,32,30,3.09375
Dymarska2025_associations,32,31,6.578125
Dymarska2025_associations,32,32,7.3359375
Dymarska2025_associations,32,33,7.46875
Dymarska2025_associations,32,34,4.548828125
Dymarska2025_associations,32,35,5.009765625
Dymarska2025_associations,32,36,7.109375
Dymarska2025_associations,32,37,4.853515625
Dymarska2025_associations,32,38,4.9920654296875
Dymarska2025_associations,32,39,13.9530029296875
Dymarska2025_associations,32,40,6.8125
Dymarska2025_associations,32,41,4.875
Dymarska2025_associations,32,42,7.0625
Dymarska2025_associations,32,43,3.625
Dymarska2025_associations,32,44,4.625
Dymarska2025_associations,32,45,6.4638671875
Dymarska2025_associations,32,46,9.0
Dymarska2025_associations,32,47,2.6171875
Dymarska2025_associations,32,48,11.4375
Dymarska2025_associations,32,49,9.265625
Dymarska2025_associations,32,50,10.7490234375
Dymarska2025_associations,32,51,4.5830078125
Dymarska2025_associations,32,52,9.248046875
Dymarska2025_associations,32,53,8.320281982421875
Dymarska2025_associations,32,54,9.048828125
Dymarska2025_associations,32,55,11.59375
Dymarska2025_associations,32,56,8.423828125
Dymarska2025_associations,32,57,3.9375
Dymarska2025_associations,32,58,3.6796875
Dymarska2025_associations,32,59,8.48876953125
Dymarska2025_associations,32,60,6.2890625
Dymarska2025_associations,32,61,9.2607421875
Dymarska2025_associations,32,62,10.0625
Dymarska2025_associations,32,63,6.410003662109375
Dymarska2025_associations,32,64,4.492431640625
Dymarska2025_associations,32,65,10.4140625
Dymarska2025_associations,32,66,7.125
Dymarska2025_associations,32,67,1.5390625
Dymarska2025_associations,32,68,1.63671875
Dymarska2025_associations,32,69,5.06982421875
Dymarska2025_associations,32,70,15.296875
Dymarska2025_associations,32,71,11.726531982421875
Dymarska2025_associations,32,72,5.5625
Dymarska2025_associations,32,73,7.46484375
Dymarska2025_associations,32,74,15.132080078125
Dymarska2025_associations,32,75,4.100067138671875
Dymarska2025_associations,32,76,9.3662109375
Dymarska2025_associations,32,77,7.0390625
Dymarska2025_associations,32,78,10.351318359375
Dymarska2025_associations,32,79,7.359375
Dymarska2025_associations,32,80,5.4755859375
Dymarska2025_associations,32,81,7.50390625
Dymarska2025_associations,32,82,4.1328125
Dymarska2025_associations,32,83,3.38671875
Dymarska2025_associations,32,84,1.85693359375
Dymarska2025_associations,32,85,5.069580078125
Dymarska2025_associations,32,86,12.3876953125
Dymarska2025_associations,32,87,6.851531982421875
Dymarska2025_associations,32,88,7.30859375
Dymarska2025_associations,32,89,5.324188232421875
Dymarska2025_associations,32,90,2.14697265625
Dymarska2025_associations,32,91,7.0819091796875
Dymarska2025_associations,32,92,4.39501953125
Dymarska2025_associations,32,93,4.373046875
Dymarska2025_associations,32,94,9.5546875
Dymarska2025_associations,32,95,6.556640625
Dymarska2025_associations,32,96,6.83984375
Dymarska2025_associations,32,97,9.0625
Dymarska2025_associations,32,98,5.4412841796875
Dymarska2025_associations,32,99,2.947265625
Dymarska2025_associations,32,100,4.640625
Dymarska2025_associations,32,101,7.50390625
Dymarska2025_associations,32,102,8.1053466796875
Dymarska2025_associations,32,103,8.11328125
Dymarska2025_associations,32,104,6.03125
Dymarska2025_associations,32,105,15.2108154296875
Dymarska2025_associations,32,106,7.921875
Dymarska2025_associations,32,107,2.13671875
Dymarska2025_associations,32,108,1.812469482421875
Dymarska2025_associations,32,109,4.80859375
Dymarska2025_associations,32,110,7.15625
Dymarska2025_associations,32,111,10.375
Dymarska2025_associations,32,112,5.306640625
Dymarska2025_associations,32,113,2.6376953125
Dymarska2025_associations,32,114,5.507080078125
Dymarska2025_associations,32,115,3.64892578125
Dymarska2025_associations,32,116,11.625
Dymarska2025_associations,32,117,10.6365966796875
Dymarska2025_associations,32,118,7.75
Dymarska2025_associations,32,119,4.19140625
Dymarska2025_associations,32,120,4.83203125
Dymarska2025_associations,32,121,5.03125
Dymarska2025_associations,32,122,3.84375
Dymarska2025_associations,32,123,3.070281982421875
Dymarska2025_associations,32,124,5.75634765625
Dymarska2025_associations,32,125,7.59521484375
Dymarska2025_associations,32,126,5.8125
Dymarska2025_associations,32,127,7.470703125
Dymarska2025_associations,32,128,4.498046875
Dymarska2025_associations,32,129,15.5604248046875
Dymarska2025_associations,32,130,13.4354248046875
Dymarska2025_associations,32,131,3.39453125
Dymarska2025_associations,32,132,9.5126953125
Dymarska2025_associations,32,133,4.125
Dymarska2025_associations,32,134,4.679443359375
Dymarska2025_associations,32,135,6.8125
Dymarska2025_associations,32,136,6.421875
Dymarska2025_associations,32,137,9.40625
Dymarska2025_associations,32,138,5.96484375
Dymarska2025_associations,32,139,1.611328125
Dymarska2025_associations,32,140,9.03125
Dymarska2025_associations,32,141,5.527313232421875
Dymarska2025_associations,32,142,3.88671875
Dymarska2025_associations,32,143,6.828125
Dymarska2025_associations,32,144,6.3955078125
Dymarska2025_associations,32,145,8.58203125
Dymarska2025_associations,32,146,3.75390625
Dymarska2025_associations,32,147,21.203125
Dymarska2025_associations,32,148,8.2734375
Dymarska2025_associations,32,149,5.34375
Dymarska2025_associations,32,150,5.40234375
Dymarska2025_associations,32,151,9.76513671875
Dymarska2025_associations,33,0,13.25
Dymarska2025_associations,33,1,9.671875
Dymarska2025_associations,33,2,4.81103515625
Dymarska2025_associations,33,3,6.75
Dymarska2025_associations,33,4,7.109375
Dymarska2025_associations,33,5,7.138671875
Dymarska2025_associations,33,6,4.5625
Dymarska2025_associations,33,7,6.3125
Dymarska2025_associations,33,8,3.96875
Dymarska2025_associations,33,9,6.984375
Dymarska2025_associations,33,10,4.458953857421875
Dymarska2025_associations,33,11,5.375
Dymarska2025_associations,33,12,6.12451171875
Dymarska2025_associations,33,13,7.225830078125
Dymarska2025_associations,33,14,5.71630859375
Dymarska2025_associations,33,15,6.0078125
Dymarska2025_associations,33,16,3.21875
Dymarska2025_associations,33,17,10.109375
Dymarska2025_associations,33,18,6.03125
Dymarska2025_associations,33,19,9.71875
Dymarska2025_associations,33,20,9.2177734375
Dymarska2025_associations,33,21,4.819580078125
Dymarska2025_associations,33,22,6.888671875
Dymarska2025_associations,33,23,5.101531982421875
Dymarska2025_associations,33,24,14.984375
Dymarska2025_associations,33,25,7.03125
Dymarska2025_associations,33,26,5.5625
Dymarska2025_associations,33,27,7.1845703125
Dymarska2025_associations,33,28,7.23046875
Dymarska2025_associations,33,29,8.5
Dymarska2025_associations,33,30,1.95947265625
Dymarska2025_associations,33,31,7.18701171875
Dymarska2025_associations,33,32,7.5
Dymarska2025_associations,33,33,3.32421875
Dymarska2025_associations,33,34,8.968505859375
Dymarska2025_associations,33,35,8.9375
Dymarska2025_associations,33,36,6.882781982421875
Dymarska2025_associations,33,37,8.125
Dymarska2025_associations,33,38,8.95751953125
Dymarska2025_associations,33,39,0.398406982421875
Dymarska2025_associations,33,40,3.15234375
Dymarska2025_associations,33,41,5.7342529296875
Dymarska2025_associations,33,42,2.68701171875
Dymarska2025_associations,33,43,5.070281982421875
Dymarska2025_associations,33,44,4.8984375
Dymarska2025_associations,33,45,6.515625
Dymarska2025_associations,33,46,8.671875
Dymarska2025_associations,33,47,6.96875
Dymarska2025_associations,33,48,3.1015625
Dymarska2025_associations,33,49,5.875
Dymarska2025_associations,33,50,7.71875
Dymarska2025_associations,33,51,5.90625
Dymarska2025_associations,33,52,3.1875
Dymarska2025_associations,33,53,8.9453125
Dymarska2025_associations,33,54,7.5390625
Dymarska2025_associations,33,55,5.3125
Dymarska2025_associations,33,56,3.40869140625
Dymarska2025_associations,33,57,7.1875
Dymarska2025_associations,33,58,7.251922607421875
Dymarska2025_associations,33,59,6.015594482421875
Dymarska2025_associations,33,60,3.09375
Dymarska2025_associations,33,61,1.898406982421875
Dymarska2025_associations,33,62,3.03125
Dymarska2025_associations,33,63,4.734375
Dymarska2025_associations,33,64,4.71875
Dymarska2025_associations,33,65,7.98583984375
Dymarska2025_associations,33,66,6.748046875
Dymarska2025_associations,33,67,2.35888671875
Dymarska2025_associations,33,68,3.5
Dymarska2025_associations,33,69,6.34375
Dymarska2025_associations,33,70,6.59375
Dymarska2025_associations,33,71,5.52783203125
Dymarska2025_associations,33,72,8.25
Dymarska2025_associations,33,73,3.3974609375
Dymarska2025_associations,33,74,9.328125
Dymarska2025_associations,33,75,5.62109375
Dymarska2025_associations,33,76,6.5478515625
Dymarska2025_associations,33,77,10.8125
Dymarska2025_associations,33,78,5.1572265625
Dymarska2025_associations,33,79,3.640625
Dymarska2025_associations,33,80,7.0625
Dymarska2025_associations,33,81,16.7890625
Dymarska2025_associations,33,82,6.4375
Dymarska2025_associations,33,83,3.46875
Dymarska2025_associations,33,84,7.09375
Dymarska2025_associations,33,85,4.75
Dymarska2025_associations,33,86,7.5625
Dymarska2025_associations,33,87,1.6875
Dymarska2025_associations,33,88,2.8603515625
Dymarska2025_associations,33,89,6.21875
Dymarska2025_associations,33,90,4.30517578125
Dymarska2025_associations,33,91,4.94140625
Dymarska2025_associations,33,92,3.21875
Dymarska2025_associations,33,93,3.09375
Dymarska2025_associations,33,94,8.726318359375
Dymarska2025_associations,33,95,6.0625
Dymarska2025_associations,33,96,4.413330078125
Dymarska2025_associations,33,97,8.109375
Dymarska2025_associations,33,98,8.5625
Dymarska2025_associations,33,99,6.6953125
Dymarska2025_associations,33,100,9.49951171875
Dymarska2025_associations,33,101,4.79296875
Dymarska2025_associations,33,102,5.75
Dymarska2025_associations,33,103,9.601531982421875
Dymarska2025_associations,33,104,2.5625
Dymarska2025_associations,33,105,8.09375
Dymarska2025_associations,33,106,3.9853515625
Dymarska2025_associations,33,107,1.6474609375
Dymarska2025_associations,33,108,2.21875
Dymarska2025_associations,33,109,7.749969482421875
Dymarska2025_associations,33,110,6.9530029296875
Dymarska2025_associations,33,111,2.888671875
Dymarska2025_associations,33,112,4.5877685546875
Dymarska2025_associations,33,113,2.609375
Dymarska2025_associations,33,114,8.09375
Dymarska2025_associations,33,115,4.25
Dymarska2025_associations,33,116,5.607421875
Dymarska2025_associations,33,117,8.625
Dymarska2025_associations,33,118,6.09375
Dymarska2025_associations,33,119,7.421875
Dymarska2025_associations,33,120,6.77197265625
Dymarska2025_associations,33,121,8.765594482421875
Dymarska2025_associations,33,122,8.39453125
Dymarska2025_associations,33,123,8.625
Dymarska2025_associations,33,124,9.863250732421875
Dymarska2025_associations,33,125,7.78125
Dymarska2025_associations,33,126,7.90625
Dymarska2025_associations,33,127,2.98828125
Dymarska2025_associations,33,128,7.523193359375
Dymarska2025_associations,33,129,7.0625
Dymarska2025_associations,33,130,6.06201171875
Dymarska2025_associations,33,131,5.0625
Dymarska2025_associations,33,132,3.907958984375
Dymarska2025_associations,33,133,4.2958984375
Dymarska2025_associations,33,134,5.3515625
Dymarska2025_associations,33,135,6.92529296875
Dymarska2025_associations,33,136,7.064453125
Dymarska2025_associations,33,137,8.828125
Dymarska2025_associations,33,138,6.30517578125
Dymarska2025_associations,33,139,8.671875
Dymarska2025_associations,33,140,4.648193359375
Dymarska2025_associations,33,141,7.125
Dymarska2025_associations,33,142,7.763916015625
Dymarska2025_associations,33,143,4.3125
Dymarska2025_associations,33,144,7.2900390625
Dymarska2025_associations,33,145,7.181640625
Dymarska2025_associations,33,146,6.109375
Dymarska2025_associations,33,147,1.8046875
Dymarska2025_associations,33,148,4.554443359375
Dymarska2025_associations,33,149,3.1767578125
Dymarska2025_associations,33,150,2.963836669921875
Dymarska2025_associations,33,151,1.311767578125
Dymarska2025_associations,33,152,8.622039794921875
Dymarska2025_associations,33,153,5.642333984375
Dymarska2025_associations,33,154,2.8349609375
Dymarska2025_associations,33,155,5.59375
Dymarska2025_associations,33,156,6.734375
Dymarska2025_associations,33,157,4.63330078125
Dymarska2025_associations,33,158,3.546875
Dymarska2025_associations,33,159,3.22265625
Dymarska2025_associations,33,160,4.21875
Dymarska2025_associations,33,161,3.828125
Dymarska2025_associations,33,162,8.0
Dymarska2025_associations,33,163,3.913818359375
Dymarska2025_associations,33,164,6.16796875
Dymarska2025_associations,33,165,6.0
Dymarska2025_associations,33,166,5.2734375
Dymarska2025_associations,33,167,4.53125
Dymarska2025_associations,33,168,2.71875
Dymarska2025_associations,33,169,5.328125
Dymarska2025_associations,33,170,1.06103515625
Dymarska2025_associations,33,171,6.796875
Dymarska2025_associations,33,172,7.31640625
Dymarska2025_associations,33,173,5.15576171875
Dymarska2025_associations,33,174,5.625
Dymarska2025_associations,33,175,9.498046875
Dymarska2025_associations,33,176,3.0615234375
Dymarska2025_associations,33,177,11.2265625
Dymarska2025_associations,33,178,9.00390625
Dymarska2025_associations,33,179,6.283203125
Dymarska2025_associations,33,180,8.375
Dymarska2025_associations,33,181,5.4794921875
Dymarska2025_associations,33,182,6.578125
Dymarska2025_associations,33,183,5.382781982421875
Dymarska2025_associations,34,0,17.515625
Dymarska2025_associations,34,1,5.439453125
Dymarska2025_associations,34,2,14.1640625
Dymarska2025_associations,34,3,3.3173828125
Dymarska2025_associations,34,4,1.3671875
Dymarska2025_associations,34,5,8.21875
Dymarska2025_associations,34,6,1.929443359375
Dymarska2025_associations,34,7,5.8828125
Dymarska2025_associations,34,8,8.2236328125
Dymarska2025_associations,34,9,4.214813232421875
Dymarska2025_associations,34,10,8.4530029296875
Dymarska2025_associations,34,11,8.71875
Dymarska2025_associations,34,12,6.2451171875
Dymarska2025_associations,34,13,9.234375
Dymarska2025_associations,34,14,5.125
Dymarska2025_associations,34,15,6.1767578125
Dymarska2025_associations,34,16,4.94140625
Dymarska2025_associations,34,17,5.59326171875
Dymarska2025_associations,34,18,7.890625
Dymarska2025_associations,34,19,5.9296875
Dymarska2025_associations,34,20,13.507781982421875
Dymarska2025_associations,34,21,2.734375
Dymarska2025_associations,34,22,3.48046875
Dymarska2025_associations,34,23,6.62890625
Dymarska2025_associations,34,24,7.3250732421875
Dymarska2025_associations,34,25,4.73779296875
Dymarska2025_associations,34,26,15.5458984375
Dymarska2025_associations,34,27,5.59375
Dymarska2025_associations,34,28,7.9375
Dymarska2025_associations,34,29,6.8125
Dymarska2025_associations,34,30,3.156219482421875
Dymarska2025_associations,34,31,7.78125
Dymarska2025_associations,34,32,3.912109375
Dymarska2025_associations,34,33,8.953125
Dymarska2025_associations,34,34,6.1875
Dymarska2025_associations,34,35,6.97265625
Dymarska2025_associations,34,36,8.78125
Dymarska2025_associations,34,37,6.9521484375
Dymarska2025_associations,34,38,7.1796875
Dymarska2025_associations,34,39,2.890625
Dymarska2025_associations,34,40,7.3695068359375
Dymarska2025_associations,34,41,2.070281982421875
Dymarska2025_associations,34,42,2.89453125
Dymarska2025_associations,34,43,5.517578125
Dymarska2025_associations,34,44,2.038818359375
Dymarska2025_associations,34,45,6.703125
Dymarska2025_associations,34,46,2.991943359375
Dymarska2025_associations,34,47,5.6953125
Dymarska2025_associations,34,48,6.65625
Dymarska2025_associations,34,49,6.22412109375
Dymarska2025_associations,34,50,12.0625
Dymarska2025_associations,34,51,6.015625
Dymarska2025_associations,34,52,5.390625
Dymarska2025_associations,34,53,6.882781982421875
Dymarska2025_associations,34,54,5.00390625
Dymarska2025_associations,34,55,10.1875
Dymarska2025_associations,34,56,6.9375
Dymarska2025_associations,34,57,6.8125
Dymarska2025_associations,34,58,2.9501953125
Dymarska2025_associations,34,59,6.0
Dymarska2025_associations,34,60,0.878173828125
Dymarska2025_associations,34,61,3.41064453125
Dymarska2025_associations,34,62,6.28125
Dymarska2025_associations,34,63,12.8095703125
Dymarska2025_associations,34,64,3.9951171875
Dymarska2025_associations,34,65,9.93359375
Dymarska2025_associations,34,66,1.3896484375
Dymarska2025_associations,34,67,5.65625
Dymarska2025_associations,34,68,5.25390625
Dymarska2025_associations,34,69,10.12109375
Dymarska2025_associations,34,70,6.6015625
Dymarska2025_associations,34,71,4.51953125
Dymarska2025_associations,34,72,1.2294921875
Dymarska2025_associations,34,73,7.109375
Dymarska2025_associations,34,74,0.329833984375
Dymarska2025_associations,34,75,2.09375
Dymarska2025_associations,34,76,3.65618896484375
Dymarska2025_associations,34,77,0.431640625
Dymarska2025_associations,34,78,5.001953125
Dymarska2025_associations,34,79,5.65234375
Dymarska2025_associations,34,80,2.445281982421875
Dymarska2025_associations,34,81,5.9140625
Dymarska2025_associations,34,82,7.21875
Dymarska2025_associations,34,83,4.6875
Dymarska2025_associations,34,84,4.851531982421875
Dymarska2025_associations,34,85,11.99609375
Dymarska2025_associations,34,86,5.570281982421875
Dymarska2025_associations,34,87,6.609375
Dymarska2025_associations,34,88,6.3125
Dymarska2025_associations,34,89,7.9375
Dymarska2025_associations,34,90,7.078125
Dymarska2025_associations,34,91,7.515625
Dymarska2025_associations,34,92,4.921875
Dymarska2025_associations,34,93,7.59375
Dymarska2025_associations,34,94,8.9061279296875
Dymarska2025_associations,34,95,4.625
Dymarska2025_associations,34,96,4.939453125
Dymarska2025_associations,34,97,6.078125
Dymarska2025_associations,34,98,10.109375
Dymarska2025_associations,34,99,5.25
Dymarska2025_associations,34,100,1.71630859375
Dymarska2025_associations,34,101,2.337890625
Dymarska2025_associations,34,102,2.523193359375
Dymarska2025_associations,34,103,27.42333984375
Dymarska2025_associations,34,104,3.982421875
Dymarska2025_associations,34,105,3.3125
Dymarska2025_associations,34,106,1.468475341796875
Dymarska2025_associations,34,107,4.27734375
Dymarska2025_associations,34,108,5.289031982421875
Dymarska2025_associations,34,109,4.484375
Dymarska2025_associations,34,110,5.015594482421875
Dymarska2025_associations,34,111,7.671600341796875
Dymarska2025_associations,34,112,7.296875
Dymarska2025_associations,34,113,6.5908203125
Dymarska2025_associations,34,114,2.72265625
Dymarska2025_associations,34,115,5.90625
Dymarska2025_associations,34,116,4.851531982421875
Dymarska2025_associations,34,117,7.296875
Dymarska2025_associations,34,118,2.671875
Dymarska2025_associations,34,119,5.373046875
Dymarska2025_associations,34,120,2.97021484375
Dymarska2025_associations,34,121,9.3125
Dymarska2025_associations,34,122,3.6640625
Dymarska2025_associations,34,123,6.632781982421875
Dymarska2025_associations,34,124,5.30712890625
Dymarska2025_associations,34,125,7.02734375
Dymarska2025_associations,34,126,4.2469482421875
Dymarska2025_associations,34,127,4.197265625
Dymarska2025_associations,34,128,7.3905029296875
Dymarska2025_associations,34,129,5.6025390625
Dymarska2025_associations,34,130,11.15625
Dymarska2025_associations,34,131,5.78125
Dymarska2025_associations,34,132,6.3828125
Dymarska2025_associations,34,133,8.5
Dymarska2025_associations,34,134,5.422821044921875
Dymarska2025_associations,34,135,3.86474609375
Dymarska2025_associations,34,136,3.88671875
Dymarska2025_associations,34,137,4.417724609375
Dymarska2025_associations,34,138,10.25
Dymarska2025_associations,34,139,3.21875
Dymarska2025_associations,34,140,4.0078125
Dymarska2025_associations,34,141,7.335205078125
Dymarska2025_associations,34,142,2.5272216796875
Dymarska2025_associations,34,143,4.513671875
Dymarska2025_associations,34,144,4.75
Dymarska2025_associations,34,145,8.287567138671875
Dymarska2025_associations,34,146,5.587890625
Dymarska2025_associations,34,147,9.28515625
Dymarska2025_associations,34,148,7.263671875
Dymarska2025_associations,34,149,6.1103515625
Dymarska2025_associations,34,150,5.43359375
Dymarska2025_associations,34,151,0.323974609375
Dymarska2025_associations,34,152,5.41064453125
Dymarska2025_associations,34,153,3.789031982421875
Dymarska2025_associations,34,154,9.375
Dymarska2025_associations,34,155,8.40625
Dymarska2025_associations,34,156,8.9925537109375
Dymarska2025_associations,34,157,10.28125
Dymarska2025_associations,34,158,3.5703125
Dymarska2025_associations,34,159,4.86669921875
Dymarska2025_associations,34,160,2.13671875
Dymarska2025_associations,34,161,2.109375
Dymarska2025_associations,34,162,4.0703125
Dymarska2025_associations,34,163,2.220703125
Dymarska2025_associations,34,164,6.664031982421875
Dymarska2025_associations,34,165,6.90625
Dymarska2025_associations,34,166,1.7890625
Dymarska2025_associations,34,167,5.875
Dymarska2025_associations,34,168,8.1875
Dymarska2025_associations,34,169,6.873046875
Dymarska2025_associations,34,170,6.8251953125
Dymarska2025_associations,34,171,6.4375
Dymarska2025_associations,34,172,5.921875
Dymarska2025_associations,34,173,9.921875
Dymarska2025_associations,34,174,4.7030029296875
Dymarska2025_associations,34,175,6.46875
Dymarska2025_associations,34,176,4.005615234375
Dymarska2025_associations,34,177,4.7216796875
Dymarska2025_associations,34,178,7.71875
Dymarska2025_associations,34,179,6.5
Dymarska2025_associations,34,180,1.343719482421875
Dymarska2025_associations,34,181,1.687225341796875
Dymarska2025_associations,34,182,4.069580078125
Dymarska2025_associations,34,183,9.19775390625
Dymarska2025_associations,34,184,5.7109375
Dymarska2025_associations,34,185,4.07763671875
Dymarska2025_associations,34,186,10.033203125
Dymarska2025_associations,34,187,9.6875
Dymarska2025_associations,34,188,4.642578125
Dymarska2025_associations,34,189,4.46484375
Dymarska2025_associations,34,190,7.875
Dymarska2025_associations,34,191,6.1953125
Dymarska2025_associations,34,192,5.4990234375
Dymarska2025_associations,34,193,4.833953857421875
Dymarska2025_associations,34,194,7.513671875
Dymarska2025_associations,34,195,7.15625
Dymarska2025_associations,34,196,4.9609375
Dymarska2025_associations,34,197,6.2900390625
Dymarska2025_associations,34,198,3.39453125
Dymarska2025_associations,34,199,5.65625
Dymarska2025_associations,35,0,13.3916015625
Dymarska2025_associations,35,1,20.4609375
Dymarska2025_associations,35,2,4.7900390625
Dymarska2025_associations,35,3,5.6787109375
Dymarska2025_associations,35,4,6.06640625
Dymarska2025_associations,35,5,4.96484375
Dymarska2025_associations,35,6,5.515625
Dymarska2025_associations,35,7,14.828125
Dymarska2025_associations,35,8,8.890625
Dymarska2025_associations,35,9,1.210906982421875
Dymarska2025_associations,35,10,1.4541015625
Dymarska2025_associations,35,11,5.107421875
Dymarska2025_associations,35,12,2.984375
Dymarska2025_associations,35,13,3.734375
Dymarska2025_associations,35,14,4.865234375
Dymarska2025_associations,35,15,3.390625
Dymarska2025_associations,35,16,0.1942138671875
Dymarska2025_associations,35,17,3.367156982421875
Dymarska2025_associations,35,18,6.734375
Dymarska2025_associations,35,19,6.58984375
Dymarska2025_associations,35,20,3.66650390625
Dymarska2025_associations,35,21,4.125
Dymarska2025_associations,35,22,6.3125
Dymarska2025_associations,35,23,6.0614013671875
Dymarska2025_associations,35,24,2.546875
Dymarska2025_associations,35,25,2.9609375
Dymarska2025_associations,35,26,2.80322265625
Dymarska2025_associations,35,27,6.96142578125
Dymarska2025_associations,35,28,9.195281982421875
Dymarska2025_associations,35,29,8.064453125
Dymarska2025_associations,35,30,3.96875
Dymarska2025_associations,35,31,9.75
Dymarska2025_associations,35,32,5.933349609375
Dymarska2025_associations,35,33,11.7890625
Dymarska2025_associations,35,34,3.4375
Dymarska2025_associations,35,35,5.8125
Dymarska2025_associations,35,36,3.09375
Dymarska2025_associations,35,37,9.4375
Dymarska2025_associations,35,38,8.640625
Dymarska2025_associations,35,39,6.8125
Dymarska2025_associations,35,40,6.781005859375
Dymarska2025_associations,35,41,8.140625
Dymarska2025_associations,35,42,6.96484375
Dymarska2025_associations,35,43,5.710205078125
Dymarska2025_associations,35,44,5.76513671875
Dymarska2025_associations,35,45,9.140625
Dymarska2025_associations,35,46,3.62939453125
Dymarska2025_associations,35,47,3.716796875
Dymarska2025_associations,35,48,4.375
Dymarska2025_associations,35,49,5.070281982421875
Dymarska2025_associations,35,50,5.5078125
Dymarska2025_associations,35,51,5.09375
Dymarska2025_associations,35,52,4.82958984375
Dymarska2025_associations,35,53,6.25
Dymarska2025_associations,35,54,3.375
Dymarska2025_associations,35,55,3.953125
Dymarska2025_associations,35,56,3.3748779296875
Dymarska2025_associations,35,57,6.09375
Dymarska2025_associations,35,58,6.2025146484375
Dymarska2025_associations,35,59,7.6875
Dymarska2025_associations,35,60,0.71044921875
Dymarska2025_associations,35,61,1.808563232421875
Dymarska2025_associations,35,62,1.9373779296875
Dymarska2025_associations,35,63,7.685546875
Dymarska2025_associations,35,64,3.757568359375
Dymarska2025_associations,35,65,2.788818359375
Dymarska2025_associations,35,66,2.87451171875
Dymarska2025_associations,35,67,4.34375
Dymarska2025_associations,35,68,4.875
Dymarska2025_associations,35,69,3.376953125
Dymarska2025_associations,35,70,4.8359375
Dymarska2025_associations,35,71,0.740234375
Dymarska2025_associations,35,72,6.98876953125
Dymarska2025_associations,35,73,7.34375
Dymarska2025_associations,35,74,6.14501953125
Dymarska2025_associations,35,75,9.125
Dymarska2025_associations,35,76,9.0625
Dymarska2025_associations,35,77,5.78125
Dymarska2025_associations,35,78,12.79296875
Dymarska2025_associations,35,79,4.125
Dymarska2025_associations,35,80,5.703125
Dymarska2025_associations,35,81,2.109375
Dymarska2025_associations,35,82,5.658203125
Dymarska2025_associations,35,83,5.484375
Dymarska2025_associations,35,84,6.1328125
Dymarska2025_associations,35,85,5.02392578125
Dymarska2025_associations,35,86,8.1875
Dymarska2025_associations,35,87,6.33984375
Dymarska2025_associations,35,88,5.375
Dymarska2025_associations,35,89,4.6717529296875
Dymarska2025_associations,35,90,11.734375
Dymarska2025_associations,35,91,4.87890625
Dymarska2025_associations,35,92,8.0625
Dymarska2025_associations,35,93,7.699951171875
Dymarska2025_associations,35,94,4.583984375
Dymarska2025_associations,35,95,2.12939453125
Dymarska2025_associations,35,96,7.625
Dymarska2025_associations,35,97,9.0
Dymarska2025_associations,35,98,5.265625
Dymarska2025_associations,35,99,7.440673828125
Dymarska2025_associations,35,100,2.0625
Dymarska2025_associations,35,101,2.375
Dymarska2025_associations,35,102,9.125
Dymarska2025_associations,35,103,14.6875
Dymarska2025_associations,35,104,3.1240234375
Dymarska2025_associations,35,105,2.369140625
Dymarska2025_associations,35,106,2.20306396484375
Dymarska2025_associations,35,107,10.24993896484375
Dymarska2025_associations,35,108,4.33251953125
Dymarska2025_associations,35,109,7.40625
Dymarska2025_associations,35,110,1.671875
Dymarska2025_associations,35,111,9.302703857421875
Dymarska2025_associations,35,112,5.0703125
Dymarska2025_associations,35,113,3.859375
Dymarska2025_associations,35,114,1.640625
Dymarska2025_associations,35,115,3.921875
Dymarska2025_associations,35,116,3.25
Dymarska2025_associations,35,117,6.0
Dymarska2025_associations,35,118,7.09375
Dymarska2025_associations,35,119,10.625
Dymarska2025_associations,35,120,6.40625
Dymarska2025_associations,35,121,3.9608154296875
Dymarska2025_associations,35,122,4.625
Dymarska2025_associations,35,123,16.34375
Dymarska2025_associations,35,124,4.57666015625
Dymarska2025_associations,35,125,4.3984375
Dymarska2025_associations,35,126,8.287109375
Dymarska2025_associations,35,127,3.638671875
Dymarska2025_associations,35,128,3.78076171875
Dymarska2025_associations,35,129,7.21875
Dymarska2025_associations,35,130,3.3958740234375
Dymarska2025_associations,35,131,6.992156982421875
Dymarska2025_associations,35,132,6.810546875
Dymarska2025_associations,35,133,9.40625
Dymarska2025_associations,35,134,6.701171875
Dymarska2025_associations,35,135,11.0185546875
Dymarska2025_associations,35,136,4.31787109375
Dymarska2025_associations,35,137,1.859375
Dymarska2025_associations,35,138,7.1796875
Dymarska2025_associations,35,139,6.609375
Dymarska2025_associations,35,140,3.8359375
Dymarska2025_associations,35,141,2.053955078125
Dymarska2025_associations,35,142,3.88330078125
Dymarska2025_associations,35,143,1.9346923828125
Dymarska2025_associations,35,144,3.466552734375
Dymarska2025_associations,35,145,4.36767578125
Dymarska2025_associations,35,146,5.2562255859375
Dymarska2025_associations,35,147,4.908203125
Dymarska2025_associations,35,148,6.578125
Dymarska2025_associations,35,149,6.59375
Dymarska2025_associations,35,150,4.59375
Dymarska2025_associations,35,151,8.453125
Dymarska2025_associations,35,152,3.6640625
Dymarska2025_associations,35,153,7.0625
Dymarska2025_associations,35,154,5.453125
Dymarska2025_associations,35,155,7.5625
Dymarska2025_associations,35,156,6.311737060546875
Dymarska2025_associations,35,157,5.3896484375
Dymarska2025_associations,35,158,10.109375
Dymarska2025_associations,35,159,3.0283203125
Dymarska2025_associations,35,160,2.1083984375
Dymarska2025_associations,35,161,4.484375
Dymarska2025_associations,35,162,3.37255859375
Dymarska2025_associations,35,163,4.1875
Dymarska2025_associations,35,164,2.09375
Dymarska2025_associations,35,165,9.0
Dymarska2025_associations,35,166,16.90625
Dymarska2025_associations,35,167,3.0069580078125
Dymarska2025_associations,35,168,4.4765625
Dymarska2025_associations,35,169,10.808563232421875
Dymarska2025_associations,35,170,5.28125
Dymarska2025_associations,35,171,3.8359375
Dymarska2025_associations,35,172,4.74951171875
Dymarska2025_associations,35,173,14.2967529296875
Dymarska2025_associations,35,174,12.923828125
Dymarska2025_associations,35,175,4.49462890625
Dymarska2025_associations,35,176,11.326171875
Dymarska2025_associations,35,177,8.0625
Dymarska2025_associations,35,178,10.04833984375
Dymarska2025_associations,35,179,2.421875
Dymarska2025_associations,35,180,1.6873779296875
Dymarska2025_associations,35,181,1.452850341796875
Dymarska2025_associations,35,182,6.351531982421875
Dymarska2025_associations,35,183,4.625
Dymarska2025_associations,35,184,11.65625
Dymarska2025_associations,35,185,7.0625
Dymarska2025_associations,35,186,5.9530029296875
Dymarska2025_associations,35,187,6.765625
Dymarska2025_associations,35,188,7.94140625
Dymarska2025_associations,35,189,6.171875
Dymarska2025_associations,35,190,4.331787109375
Dymarska2025_associations,35,191,11.939453125
Dymarska2025_associations,35,192,7.0
Dymarska2025_associations,35,193,5.96868896484375
Dymarska2025_associations,35,194,9.400390625
Dymarska2025_associations,35,195,8.117156982421875
Dymarska2025_associations,35,196,5.046875
Dymarska2025_associations,35,197,4.25
Dymarska2025_associations,35,198,5.859375
Dymarska2025_associations,35,199,8.4237060546875
Dymarska2025_associations,36,0,12.283203125
Dymarska2025_associations,36,1,5.125
Dymarska2025_associations,36,2,2.3125
Dymarska2025_associations,36,3,5.17578125
Dymarska2025_associations,36,4,4.960693359375
Dymarska2025_associations,36,5,4.7421875
Dymarska2025_associations,36,6,3.96142578125
Dymarska2025_associations,36,7,5.6376953125
Dymarska2025_associations,36,8,9.18701171875
Dymarska2025_associations,36,9,8.375
Dymarska2025_associations,36,10,7.25
Dymarska2025_associations,36,11,3.33203125
Dymarska2025_associations,36,12,9.1875
Dymarska2025_associations,36,13,2.734375
Dymarska2025_associations,36,14,5.921875
Dymarska2025_associations,36,15,14.0390625
Dymarska2025_associations,36,16,10.34765625
Dymarska2025_associations,36,17,5.5078125
Dymarska2025_associations,36,18,10.31201171875
Dymarska2025_associations,36,19,3.5859375
Dymarska2025_associations,36,20,4.438323974609375
Dymarska2025_associations,36,21,1.58251953125
Dymarska2025_associations,36,22,3.703125
Dymarska2025_associations,36,23,3.167236328125
Dymarska2025_associations,36,24,7.875
Dymarska2025_associations,36,25,7.20703125
Dymarska2025_associations,36,26,11.1435546875
Dymarska2025_associations,36,27,0.523406982421875
Dymarska2025_associations,36,28,4.14501953125
Dymarska2025_associations,36,29,4.75
Dymarska2025_associations,36,30,6.546875
Dymarska2025_associations,36,31,10.00537109375
Dymarska2025_associations,36,32,5.765625
Dymarska2025_associations,36,33,4.046112060546875
Dymarska2025_associations,36,34,7.84326171875
Dymarska2025_associations,36,35,4.8203125
Dymarska2025_associations,36,36,7.611785888671875
Dymarska2025_associations,36,37,4.476318359375
Dymarska2025_associations,36,38,2.265625
Dymarska2025_associations,36,39,7.882781982421875
Dymarska2025_associations,36,40,9.594970703125
Dymarska2025_associations,36,41,5.75
Dymarska2025_associations,36,42,7.546875
Dymarska2025_associations,36,43,4.2420654296875
Dymarska2025_associations,36,44,9.61376953125
Dymarska2025_associations,36,45,10.5
Dymarska2025_associations,36,46,7.0703125
Dymarska2025_associations,36,47,4.9921875
Dymarska2025_associations,36,48,5.25
Dymarska2025_associations,36,49,2.953094482421875
Dymarska2025_associations,36,50,3.259033203125
Dymarska2025_associations,36,51,7.28125
Dymarska2025_associations,36,52,4.296875
Dymarska2025_associations,36,53,6.9990234375
Dymarska2025_associations,36,54,5.734375
Dymarska2025_associations,36,55,8.71875
Dymarska2025_associations,36,56,8.703125
Dymarska2025_associations,36,57,4.3818359375
Dymarska2025_associations,36,58,7.42822265625
Dymarska2025_associations,36,59,8.6796875
Dymarska2025_associations,36,60,3.984375
Dymarska2025_associations,36,61,2.8739013671875
Dymarska2025_associations,36,62,4.66015625
Dymarska2025_associations,36,63,9.06640625
Dymarska2025_associations,36,64,4.92626953125
Dymarska2025_associations,36,65,4.627685546875
Dymarska2025_associations,36,66,7.3553466796875
Dymarska2025_associations,36,67,3.044189453125
Dymarska2025_associations,36,68,7.53125
Dymarska2025_associations,36,69,6.388671875
Dymarska2025_associations,36,70,7.984375
Dymarska2025_associations,36,71,8.58447265625
Dymarska2025_associations,36,72,6.85546875
Dymarska2025_associations,36,73,8.125
Dymarska2025_associations,36,74,3.178955078125
Dymarska2025_associations,36,75,7.171875
Dymarska2025_associations,36,76,13.66015625
Dymarska2025_associations,36,77,4.048828125
Dymarska2025_associations,36,78,6.75
Dymarska2025_associations,36,79,1.3203125
Dymarska2025_associations,36,80,3.78515625
Dymarska2025_associations,36,81,3.8046875
Dymarska2025_associations,36,82,4.40576171875
Dymarska2025_associations,36,83,3.48876953125
Dymarska2025_associations,36,84,7.2030029296875
Dymarska2025_associations,36,85,5.953125
Dymarska2025_associations,36,86,8.796875
Dymarska2025_associations,36,87,3.6826171875
Dymarska2025_associations,36,88,5.078125
Dymarska2025_associations,36,89,7.05078125
Dymarska2025_associations,36,90,7.359375
Dymarska2025_associations,36,91,4.9599609375
Dymarska2025_associations,36,92,6.52734375
Dymarska2025_associations,36,93,6.515625
Dymarska2025_associations,36,94,6.21875
Dymarska2025_associations,36,95,4.69921875
Dymarska2025_associations,36,96,7.3203125
Dymarska2025_associations,36,97,5.093719482421875
Dymarska2025_associations,36,98,5.5224609375
Dymarska2025_associations,36,99,3.24609375
Dymarska2025_associations,36,100,7.7734375
Dymarska2025_associations,36,101,4.17822265625
Dymarska2025_associations,36,102,4.3125
Dymarska2025_associations,36,103,6.1405029296875
Dymarska2025_associations,36,104,5.9921875
Dymarska2025_associations,36,105,5.335906982421875
Dymarska2025_associations,36,106,4.578125
Dymarska2025_associations,36,107,13.75
Dymarska2025_associations,36,108,1.3123779296875
Dymarska2025_associations,36,109,9.2607421875
Dymarska2025_associations,36,110,7.6405029296875
Dymarska2025_associations,36,111,3.601318359375
Dymarska2025_associations,36,112,3.8095703125
Dymarska2025_associations,36,113,6.7576904296875
Dymarska2025_associations,36,114,5.546875
Dymarska2025_associations,36,115,2.76171875
Dymarska2025_associations,36,116,9.382781982421875
Dymarska2025_associations,36,117,8.375
Dymarska2025_associations,36,118,6.0625
Dymarska2025_associations,36,119,4.375
Dymarska2025_associations,36,120,1.708984375
Dymarska2025_associations,36,121,5.51953125
Dymarska2025_associations,36,122,3.6248779296875
Dymarska2025_associations,36,123,9.046875
Dymarska2025_associations,36,124,4.240234375
Dymarska2025_associations,36,125,6.17626953125
Dymarska2025_associations,36,126,7.8905029296875
Dymarska2025_associations,36,127,2.171875
Dymarska2025_associations,36,128,6.1875
Dymarska2025_associations,36,129,1.865234375
Dymarska2025_associations,36,130,4.9375
Dymarska2025_associations,36,131,5.2030029296875
Dymarska2025_associations,36,132,3.5576171875
Dymarska2025_associations,36,133,8.0467529296875
Dymarska2025_associations,36,134,6.226531982421875
Dymarska2025_associations,36,135,7.716796875
Dymarska2025_associations,36,136,8.1875
Dymarska2025_associations,36,137,6.078125
Dymarska2025_associations,36,138,3.029296875
Dymarska2025_associations,36,139,3.2420654296875
Dymarska2025_associations,36,140,1.431640625
Dymarska2025_associations,36,141,5.1640625
Dymarska2025_associations,36,142,3.0869140625
Dymarska2025_associations,36,143,5.00537109375
Dymarska2025_associations,36,144,4.53076171875
Dymarska2025_associations,36,145,3.5537109375
Dymarska2025_associations,36,146,9.8955078125
Dymarska2025_associations,36,147,5.8046875
Dymarska2025_associations,36,148,6.45751953125
Dymarska2025_associations,36,149,3.294921875
Dymarska2025_associations,36,150,6.46875
Dymarska2025_associations,36,151,1.8359375
Dymarska2025_associations,36,152,4.4530029296875
Dymarska2025_associations,36,153,6.8369140625
Dymarska2025_associations,36,154,4.632080078125
Dymarska2025_associations,36,155,6.134246826171875
Dymarska2025_associations,36,156,4.007781982421875
Dymarska2025_associations,36,157,5.138671875
Dymarska2025_associations,37,0,10.33984375
Dymarska2025_associations,37,1,1.6356201171875
Dymarska2025_associations,37,2,2.864227294921875
Dymarska2025_associations,37,3,3.35400390625
Dymarska2025_associations,37,4,3.86328125
Dymarska2025_associations,37,5,3.62451171875
Dymarska2025_associations,37,6,12.0703125
Dymarska2025_associations,37,7,2.312469482421875
Dymarska2025_associations,37,8,4.97900390625
Dymarska2025_associations,37,9,8.6875
Dymarska2025_associations,37,10,8.109375
Dymarska2025_associations,37,11,4.10546875
Dymarska2025_associations,37,12,7.71875
Dymarska2025_associations,37,13,8.015625
Dymarska2025_associations,37,14,10.515625
Dymarska2025_associations,37,15,8.05517578125
Dymarska2025_associations,37,16,5.65625
Dymarska2025_associations,37,17,5.483642578125
Dymarska2025_associations,37,18,7.4375
Dymarska2025_associations,37,19,6.3662109375
Dymarska2025_associations,37,20,2.179443359375
Dymarska2025_associations,37,21,5.93212890625
Dymarska2025_associations,37,22,6.0625
Dymarska2025_associations,37,23,6.24609375
Dymarska2025_associations,37,24,3.023406982421875
Dymarska2025_associations,37,25,5.6083984375
Dymarska2025_associations,37,26,9.4541015625
Dymarska2025_associations,37,27,4.58984375
Dymarska2025_associations,37,28,8.39501953125
Dymarska2025_associations,37,29,9.347625732421875
Dymarska2025_associations,37,30,6.67578125
Dymarska2025_associations,37,31,3.28515625
Dymarska2025_associations,37,32,3.622039794921875
Dymarska2025_associations,37,33,3.25390625
Dymarska2025_associations,37,34,7.65625
Dymarska2025_associations,37,35,5.960205078125
Dymarska2025_associations,37,36,4.49609375
Dymarska2025_associations,37,37,4.890625
Dymarska2025_associations,37,38,5.3544921875
Dymarska2025_associations,37,39,5.5078125
Dymarska2025_associations,37,40,4.4443359375
Dymarska2025_associations,37,41,9.4375
Dymarska2025_associations,37,42,5.234375
Dymarska2025_associations,37,43,6.234375
Dymarska2025_associations,37,44,5.71875
Dymarska2025_associations,37,45,3.265625
Dymarska2025_associations,37,46,7.78125
Dymarska2025_associations,37,47,9.140625
Dymarska2025_associations,37,48,5.5390625
Dymarska2025_associations,37,49,4.25
Dymarska2025_associations,37,50,7.0625
Dymarska2025_associations,37,51,7.421875
Dymarska2025_associations,37,52,5.21875
Dymarska2025_associations,37,53,8.90625
Dymarska2025_associations,37,54,5.90625
Dymarska2025_associations,37,55,4.8125
Dymarska2025_associations,37,56,12.65625
Dymarska2025_associations,37,57,6.125
Dymarska2025_associations,37,58,5.0
Dymarska2025_associations,37,59,5.7158203125
Dymarska2025_associations,37,60,7.25634765625
Dymarska2025_associations,37,61,4.26171875
Dymarska2025_associations,37,62,1.37109375
Dymarska2025_associations,37,63,2.390625
Dymarska2025_associations,37,64,4.161376953125
Dymarska2025_associations,37,65,3.29833984375
Dymarska2025_associations,37,66,7.1875
Dymarska2025_associations,37,67,5.703125
Dymarska2025_associations,37,68,4.015625
Dymarska2025_associations,37,69,3.9375
Dymarska2025_associations,37,70,8.2958984375
Dymarska2025_associations,37,71,5.63037109375
Dymarska2025_associations,37,72,5.6015625
Dymarska2025_associations,37,73,6.59375
Dymarska2025_associations,37,74,8.78125
Dymarska2025_associations,37,75,7.046875
Dymarska2025_associations,37,76,2.09375
Dymarska2025_associations,37,77,5.382781982421875
Dymarska2025_associations,37,78,4.73046875
Dymarska2025_associations,37,79,5.84375
Dymarska2025_associations,37,80,12.6875
Dymarska2025_associations,37,81,5.37890625
Dymarska2025_associations,37,82,1.6796875
Dymarska2025_associations,37,83,2.2578125
Dymarska2025_associations,37,84,6.4765625
Dymarska2025_associations,37,85,5.36767578125
Dymarska2025_associations,37,86,2.8905029296875
Dymarska2025_associations,37,87,5.96875
Dymarska2025_associations,37,88,14.71875
Dymarska2025_associations,37,89,7.89892578125
Dymarska2025_associations,37,90,10.1875
Dymarska2025_associations,37,91,3.296875
Dymarska2025_associations,37,92,4.5623779296875
Dymarska2025_associations,37,93,8.279296875
Dymarska2025_associations,37,94,12.25
Dymarska2025_associations,37,95,4.054443359375
Dymarska2025_associations,37,96,3.1494140625
Dymarska2025_associations,37,97,7.23828125
Dymarska2025_associations,37,98,10.0625
Dymarska2025_associations,37,99,9.171875
Dymarska2025_associations,37,100,10.0
Dymarska2025_associations,37,101,7.851531982421875
Dymarska2025_associations,37,102,6.71875
Dymarska2025_associations,37,103,2.833953857421875
Dymarska2025_associations,37,104,5.08349609375
Dymarska2025_associations,37,105,4.6796875
Dymarska2025_associations,37,106,9.3125
Dymarska2025_associations,37,107,4.02685546875
Dymarska2025_associations,37,108,4.6875
Dymarska2025_associations,37,109,5.875
Dymarska2025_associations,37,110,3.796875
Dymarska2025_associations,37,111,6.164031982421875
Dymarska2025_associations,37,112,6.62451171875
Dymarska2025_associations,37,113,4.939453125
Dymarska2025_associations,37,114,7.8125
Dymarska2025_associations,37,115,7.4296875
Dymarska2025_associations,37,116,7.87890625
Dymarska2025_associations,37,117,5.267578125
Dymarska2025_associations,37,118,5.546875
Dymarska2025_associations,37,119,8.25
Dymarska2025_associations,37,120,4.994140625
Dymarska2025_associations,37,121,3.9453125
Dymarska2025_associations,37,122,1.71875
Dymarska2025_associations,37,123,8.00537109375
Dymarska2025_associations,37,124,6.066375732421875
Dymarska2025_associations,37,125,2.710906982421875
Dymarska2025_associations,37,126,2.8974609375
Dymarska2025_associations,37,127,4.7967529296875
Dymarska2025_associations,37,128,11.29833984375
Dymarska2025_associations,37,129,3.9287109375
Dymarska2025_associations,37,130,3.5244140625
Dymarska2025_associations,37,131,10.0
Dymarska2025_associations,37,132,5.48828125
Dymarska2025_associations,37,133,4.580535888671875
Dymarska2025_associations,37,134,3.28662109375
Dymarska2025_associations,37,135,4.78125
Dymarska2025_associations,37,136,11.28076171875
Dymarska2025_associations,37,137,8.08447265625
Dymarska2025_associations,37,138,8.328125
Dymarska2025_associations,37,139,2.1875
Dymarska2025_associations,37,140,8.875
Dymarska2025_associations,37,141,8.578125
Dymarska2025_associations,37,142,8.724853515625
Dymarska2025_associations,37,143,5.192138671875
Dymarska2025_associations,37,144,3.9248046875
Dymarska2025_associations,37,145,8.0625
Dymarska2025_associations,37,146,9.1875
Dymarska2025_associations,37,147,9.875
Dymarska2025_associations,37,148,8.3408203125
Dymarska2025_associations,37,149,5.8125
Dymarska2025_associations,37,150,16.625
Dymarska2025_associations,37,151,9.38671875
Dymarska2025_associations,37,152,9.46484375
Dymarska2025_associations,37,153,7.20703125
Dymarska2025_associations,37,154,4.8740234375
Dymarska2025_associations,37,155,7.25
Dymarska2025_associations,37,156,5.84375
Dymarska2025_associations,37,157,8.87109375
Dymarska2025_associations,37,158,7.109375
Dymarska2025_associations,37,159,7.125
Dymarska2025_associations,37,160,7.21875
Dymarska2025_associations,37,161,5.859375
Dymarska2025_associations,37,162,6.3125
Dymarska2025_associations,37,163,8.5078125
Dymarska2025_associations,37,164,5.966796875
Dymarska2025_associations,37,165,6.55517578125
Dymarska2025_associations,37,166,3.283203125
Dymarska2025_associations,37,167,6.65576171875
Dymarska2025_associations,37,168,3.69140625
Dymarska2025_associations,37,169,2.904296875
Dymarska2025_associations,37,170,2.736328125
Dymarska2025_associations,37,171,5.06494140625
Dymarska2025_associations,37,172,4.1875
Dymarska2025_associations,37,173,5.984375
Dymarska2025_associations,37,174,8.197265625
Dymarska2025_associations,37,175,4.3017578125
Dymarska2025_associations,37,176,10.5135498046875
Dymarska2025_associations,37,177,4.4609375
Dymarska2025_associations,37,178,4.3896484375
Dymarska2025_associations,38,0,14.0966796875
Dymarska2025_associations,38,1,4.3046875
Dymarska2025_associations,38,2,1.59375
Dymarska2025_associations,38,3,4.125
Dymarska2025_associations,38,4,3.851531982421875
Dymarska2025_associations,38,5,9.1015625
Dymarska2025_associations,38,6,6.7412109375
Dymarska2025_associations,38,7,5.6875
Dymarska2025_associations,38,8,3.3857421875
Dymarska2025_associations,38,9,9.75
Dymarska2025_associations,38,10,5.37451171875
Dymarska2025_associations,38,11,4.51953125
Dymarska2025_associations,38,12,7.125
Dymarska2025_associations,38,13,7.9375
Dymarska2025_associations,38,14,8.12109375
Dymarska2025_associations,38,15,2.84375
Dymarska2025_associations,38,16,8.060546875
Dymarska2025_associations,38,17,4.49609375
Dymarska2025_associations,38,18,3.679443359375
Dymarska2025_associations,38,19,4.71484375
Dymarska2025_associations,38,20,6.1875
Dymarska2025_associations,38,21,10.9375
Dymarska2025_associations,38,22,5.3125
Dymarska2025_associations,38,23,4.7265625
Dymarska2025_associations,38,24,7.1875
Dymarska2025_associations,38,25,7.53125
Dymarska2025_associations,38,26,4.225830078125
Dymarska2025_associations,38,27,4.6669921875
Dymarska2025_associations,38,28,7.179534912109375
Dymarska2025_associations,38,29,1.742156982421875
Dymarska2025_associations,38,30,4.875
Dymarska2025_associations,38,31,5.194580078125
Dymarska2025_associations,38,32,8.70556640625
Dymarska2025_associations,38,33,6.525390625
Dymarska2025_associations,38,34,7.4217529296875
Dymarska2025_associations,38,35,2.1484375
Dymarska2025_associations,38,36,4.5
Dymarska2025_associations,38,37,10.8125
Dymarska2025_associations,38,38,4.5625
Dymarska2025_associations,38,39,3.60205078125
Dymarska2025_associations,38,40,5.68359375
Dymarska2025_associations,38,41,0.86572265625
Dymarska2025_associations,38,42,3.95703125
Dymarska2025_associations,38,43,5.722625732421875
Dymarska2025_associations,38,44,3.204833984375
Dymarska2025_associations,38,45,5.4150390625
Dymarska2025_associations,38,46,3.62841796875
Dymarska2025_associations,38,47,2.81884765625
Dymarska2025_associations,38,48,3.27197265625
Dymarska2025_associations,38,49,4.78125
Dymarska2025_associations,38,50,2.8837890625
Dymarska2025_associations,38,51,5.765625
Dymarska2025_associations,38,52,7.15625
Dymarska2025_associations,38,53,2.9013671875
Dymarska2025_associations,38,54,3.501953125
Dymarska2025_associations,38,55,9.046875
Dymarska2025_associations,38,56,5.57421875
Dymarska2025_associations,38,57,5.0927734375
Dymarska2025_associations,38,58,7.1533203125
Dymarska2025_associations,38,59,6.1632080078125
Dymarska2025_associations,38,60,12.3046875
Dymarska2025_associations,38,61,4.69921875
Dymarska2025_associations,38,62,3.5537109375
Dymarska2025_associations,38,63,7.458984375
Dymarska2025_associations,38,64,4.66796875
Dymarska2025_associations,38,65,6.484375
Dymarska2025_associations,38,66,5.2265625
Dymarska2025_associations,38,67,6.3203125
Dymarska2025_associations,38,68,5.1015625
Dymarska2025_associations,38,69,5.640625
Dymarska2025_associations,38,70,5.703125
Dymarska2025_associations,38,71,2.375
Dymarska2025_associations,38,72,3.4794921875
Dymarska2025_associations,38,73,3.726318359375
Dymarska2025_associations,38,74,3.601531982421875
Dymarska2025_associations,38,75,4.00634765625
Dymarska2025_associations,38,76,3.078094482421875
Dymarska2025_associations,38,77,1.9920654296875
Dymarska2025_associations,38,78,1.6103515625
Dymarska2025_associations,38,79,4.521240234375
Dymarska2025_associations,38,80,3.78515625
Dymarska2025_associations,38,81,4.1552734375
Dymarska2025_associations,38,82,4.71826171875
Dymarska2025_associations,38,83,6.88671875
Dymarska2025_associations,38,84,3.695281982421875
Dymarska2025_associations,38,85,5.5609130859375
Dymarska2025_associations,38,86,1.8828125
Dymarska2025_associations,38,87,3.5780029296875
Dymarska2025_associations,38,88,2.35107421875
Dymarska2025_associations,38,89,4.5
Dymarska2025_associations,38,90,6.2725830078125
Dymarska2025_associations,38,91,2.65625
Dymarska2025_associations,38,92,4.17919921875
Dymarska2025_associations,38,93,7.48828125
Dymarska2025_associations,38,94,2.7529296875
Dymarska2025_associations,38,95,4.25
Dymarska2025_associations,38,96,6.65576171875
Dymarska2025_associations,38,97,7.945068359375
Dymarska2025_associations,38,98,9.91015625
Dymarska2025_associations,38,99,5.7294921875
Dymarska2025_associations,38,100,5.69140625
Dymarska2025_associations,38,101,8.326171875
Dymarska2025_associations,38,102,2.83203125
Dymarska2025_associations,38,103,7.123046875
Dymarska2025_associations,38,104,3.8505859375
Dymarska2025_associations,38,105,5.478515625
Dymarska2025_associations,38,106,7.568328857421875
Dymarska2025_associations,38,107,2.701141357421875
Dymarska2025_associations,38,108,1.773040771484375
Dymarska2025_associations,38,109,2.257568359375
Dymarska2025_associations,38,110,4.419921875
Dymarska2025_associations,38,111,4.09326171875
Dymarska2025_associations,38,112,8.28125
Dymarska2025_associations,38,113,6.578094482421875
Dymarska2025_associations,38,114,2.875
Dymarska2025_associations,38,115,2.89056396484375
Dymarska2025_associations,38,116,7.5625
Dymarska2025_associations,38,117,5.496063232421875
Dymarska2025_associations,38,118,2.35009765625
Dymarska2025_associations,38,119,2.486572265625
Dymarska2025_associations,38,120,3.42138671875
Dymarska2025_associations,38,121,4.95654296875
Dymarska2025_associations,38,122,7.50390625
Dymarska2025_associations,38,123,7.546875
Dymarska2025_associations,38,124,8.546875
Dymarska2025_associations,38,125,1.695281982421875
Dymarska2025_associations,38,126,1.593475341796875
Dymarska2025_associations,38,127,7.609375
Dymarska2025_associations,38,128,6.23388671875
Dymarska2025_associations,38,129,3.53125
Dymarska2025_associations,38,130,7.228515625
Dymarska2025_associations,38,131,4.65966796875
Dymarska2025_associations,38,132,8.4375
Dymarska2025_associations,38,133,5.970703125
Dymarska2025_associations,38,134,12.90625
Dymarska2025_associations,38,135,10.703125
Dymarska2025_associations,38,136,5.3125
Dymarska2025_associations,38,137,5.91015625
Dymarska2025_associations,38,138,4.4169921875
Dymarska2025_associations,38,139,3.2490234375
Dymarska2025_associations,38,140,8.234375
Dymarska2025_associations,38,141,9.0537109375
Dymarska2025_associations,38,142,6.4375
Dymarska2025_associations,38,143,3.539031982421875
Dymarska2025_associations,38,144,5.63671875
Dymarska2025_associations,39,0,14.1796875
Dymarska2025_associations,39,1,4.0618896484375
Dymarska2025_associations,39,2,3.5830078125
Dymarska2025_associations,39,3,5.6875
Dymarska2025_associations,39,4,4.001953125
Dymarska2025_associations,39,5,6.083984375
Dymarska2025_associations,39,6,4.654296875
Dymarska2025_associations,39,7,2.375
Dymarska2025_associations,39,8,2.1875
Dymarska2025_associations,39,9,5.8125
Dymarska2025_associations,39,10,7.1083984375
Dymarska2025_associations,39,11,12.15625
Dymarska2025_associations,39,12,9.1455078125
Dymarska2025_associations,39,13,4.84912109375
Dymarska2025_associations,39,14,4.5625
Dymarska2025_associations,39,15,6.529296875
Dymarska2025_associations,39,16,8.94580078125
Dymarska2025_associations,39,17,6.1405029296875
Dymarska2025_associations,39,18,5.0166015625
Dymarska2025_associations,39,19,4.0625
Dymarska2025_associations,39,20,4.1092529296875
Dymarska2025_associations,39,21,8.132781982421875
Dymarska2025_associations,39,22,5.4609375
Dymarska2025_associations,39,23,10.109375
Dymarska2025_associations,39,24,7.932586669921875
Dymarska2025_associations,39,25,12.15625
Dymarska2025_associations,39,26,7.921875
Dymarska2025_associations,39,27,3.203125
Dymarska2025_associations,39,28,0.501922607421875
Dymarska2025_associations,39,29,4.0234375
Dymarska2025_associations,39,30,7.515625
Dymarska2025_associations,39,31,8.022705078125
Dymarska2025_associations,39,32,6.6815185546875
Dymarska2025_associations,39,33,3.1787109375
Dymarska2025_associations,39,34,5.546875
Dymarska2025_associations,39,35,3.49993896484375
Dymarska2025_associations,39,36,6.78509521484375
Dymarska2025_associations,39,37,16.3828125
Dymarska2025_associations,39,38,4.296875
Dymarska2025_associations,39,39,6.310546875
Dymarska2025_associations,39,40,8.375
Dymarska2025_associations,39,41,6.21875
Dymarska2025_associations,39,42,6.23046875
Dymarska2025_associations,39,43,5.875
Dymarska2025_associations,39,44,4.8280029296875
Dymarska2025_associations,39,45,3.46875
Dymarska2025_associations,39,46,1.023406982421875
Dymarska2025_associations,39,47,2.59375
Dymarska2025_associations,39,48,4.6708984375
Dymarska2025_associations,39,49,4.1982421875
Dymarska2025_associations,39,50,8.1455078125
Dymarska2025_associations,39,51,3.319580078125
Dymarska2025_associations,39,52,3.6748046875
Dymarska2025_associations,39,53,9.1875
Dymarska2025_associations,39,54,9.34375
Dymarska2025_associations,39,55,4.36865234375
Dymarska2025_associations,39,56,5.625
Dymarska2025_associations,39,57,5.65234375
Dymarska2025_associations,39,58,4.3984375
Dymarska2025_associations,39,59,1.491943359375
Dymarska2025_associations,39,60,4.6717529296875
Dymarska2025_associations,39,61,9.328125
Dymarska2025_associations,39,62,2.6990966796875
Dymarska2025_associations,39,63,6.351531982421875
Dymarska2025_associations,39,64,1.234130859375
Dymarska2025_associations,39,65,3.625
Dymarska2025_associations,39,66,6.27197265625
Dymarska2025_associations,39,67,7.757080078125
Dymarska2025_associations,39,68,2.71875
Dymarska2025_associations,39,69,2.7967529296875
Dymarska2025_associations,39,70,4.492034912109375
Dymarska2025_associations,39,71,8.3671875
Dymarska2025_associations,39,72,3.45703125
Dymarska2025_associations,39,73,4.132293701171875
Dymarska2025_associations,39,74,7.17578125
Dymarska2025_associations,39,75,7.609375
Dymarska2025_associations,39,76,1.7578125
Dymarska2025_associations,39,77,4.773406982421875
Dymarska2025_associations,39,78,4.96875
Dymarska2025_associations,39,79,9.28125
Dymarska2025_associations,39,80,4.22265625
Dymarska2025_associations,39,81,5.36572265625
Dymarska2025_associations,39,82,0.953125
Dymarska2025_associations,39,83,3.60205078125
Dymarska2025_associations,39,84,6.75
Dymarska2025_associations,39,85,2.578125
Dymarska2025_associations,39,86,3.812255859375
Dymarska2025_associations,39,87,12.84375
Dymarska2025_associations,39,88,10.373046875
Dymarska2025_associations,39,89,3.7528076171875
Dymarska2025_associations,39,90,8.2650146484375
Dymarska2025_associations,39,91,7.6875
Dymarska2025_associations,39,92,4.966766357421875
Dymarska2025_associations,39,93,2.375
Dymarska2025_associations,39,94,2.724609375
Dymarska2025_associations,39,95,4.0
Dymarska2025_associations,39,96,3.2655029296875
Dymarska2025_associations,39,97,2.0751953125
Dymarska2025_associations,39,98,10.375
Dymarska2025_associations,39,99,4.5224609375
Dymarska2025_associations,39,100,3.908203125
Dymarska2025_associations,39,101,4.12890625
Dymarska2025_associations,39,102,4.30859375
Dymarska2025_associations,39,103,5.9140625
Dymarska2025_associations,39,104,9.38134765625
Dymarska2025_associations,39,105,12.6875
Dymarska2025_associations,39,106,7.23583984375
Dymarska2025_associations,39,107,5.0
Dymarska2025_associations,39,108,5.125
Dymarska2025_associations,39,109,7.013671875
Dymarska2025_associations,39,110,4.6328125
Dymarska2025_associations,39,111,4.515625
Dymarska2025_associations,39,112,5.810546875
Dymarska2025_associations,39,113,8.702392578125
Dymarska2025_associations,39,114,6.2119140625
Dymarska2025_associations,39,115,4.6170654296875
Dymarska2025_associations,39,116,5.3369140625
Dymarska2025_associations,39,117,5.11376953125
Dymarska2025_associations,39,118,4.74609375
Dymarska2025_associations,39,119,7.3125
Dymarska2025_associations,39,120,5.5625
Dymarska2025_associations,39,121,5.50390625
Dymarska2025_associations,39,122,5.796875
Dymarska2025_associations,39,123,5.375
Dymarska2025_associations,39,124,6.171875
Dymarska2025_associations,39,125,8.59375
Dymarska2025_associations,39,126,8.0533447265625
Dymarska2025_associations,39,127,3.513671875
Dymarska2025_associations,39,128,1.78125
Dymarska2025_associations,39,129,1.952392578125
Dymarska2025_associations,39,130,7.8125
Dymarska2025_associations,39,131,3.09375
Dymarska2025_associations,39,132,1.07421875
Dymarska2025_associations,39,133,6.1845703125
Dymarska2025_associations,39,134,6.468505859375
Dymarska2025_associations,39,135,4.34375
Dymarska2025_associations,39,136,8.310546875
Dymarska2025_associations,39,137,5.890625
Dymarska2025_associations,39,138,2.267578125
Dymarska2025_associations,39,139,9.71875
Dymarska2025_associations,39,140,8.873046875
Dymarska2025_associations,39,141,6.9375
Dymarska2025_associations,39,142,2.1875
Dymarska2025_associations,39,143,2.99993896484375
Dymarska2025_associations,39,144,10.08447265625
Dymarska2025_associations,39,145,8.7890625
Dymarska2025_associations,39,146,3.6689453125
Dymarska2025_associations,39,147,8.03076171875
Dymarska2025_associations,39,148,7.5625
Dymarska2025_associations,39,149,5.54931640625
Dymarska2025_associations,39,150,6.578125
Dymarska2025_associations,40,0,7.59375
Dymarska2025_associations,40,1,2.19384765625
Dymarska2025_associations,40,2,4.10546875
Dymarska2025_associations,40,3,3.6728515625
Dymarska2025_associations,40,4,6.75
Dymarska2025_associations,40,5,6.421875
Dymarska2025_associations,40,6,3.109375
Dymarska2025_associations,40,7,7.52001953125
Dymarska2025_associations,40,8,13.36328125
Dymarska2025_associations,40,9,6.234375
Dymarska2025_associations,40,10,5.640625
Dymarska2025_associations,40,11,7.02734375
Dymarska2025_associations,40,12,5.1875
Dymarska2025_associations,40,13,6.0213623046875
Dymarska2025_associations,40,14,9.875
Dymarska2025_associations,40,15,4.6170654296875
Dymarska2025_associations,40,16,5.330535888671875
Dymarska2025_associations,40,17,5.2890625
Dymarska2025_associations,40,18,0.796875
Dymarska2025_associations,40,19,3.69921875
Dymarska2025_associations,40,20,1.7568359375
Dymarska2025_associations,40,21,3.094207763671875
Dymarska2025_associations,40,22,3.72265625
Dymarska2025_associations,40,23,10.616455078125
Dymarska2025_associations,40,24,7.05517578125
Dymarska2025_associations,40,25,4.498504638671875
Dymarska2025_associations,40,26,12.06640625
Dymarska2025_associations,40,27,7.53125
Dymarska2025_associations,40,28,6.5625
Dymarska2025_associations,40,29,4.796875
Dymarska2025_associations,40,30,0.53125
Dymarska2025_associations,40,31,7.75830078125
Dymarska2025_associations,40,32,6.0986328125
Dymarska2025_associations,40,33,5.109375
Dymarska2025_associations,40,34,2.34765625
Dymarska2025_associations,40,35,6.171875
Dymarska2025_associations,40,36,6.80078125
Dymarska2025_associations,40,37,4.288330078125
Dymarska2025_associations,40,38,3.438720703125
Dymarska2025_associations,40,39,8.328125
Dymarska2025_associations,40,40,6.375
Dymarska2025_associations,40,41,8.021484375
Dymarska2025_associations,40,42,5.197723388671875
Dymarska2025_associations,40,43,4.750457763671875
Dymarska2025_associations,40,44,0.87451171875
Dymarska2025_associations,40,45,2.90234375
Dymarska2025_associations,40,46,6.263671875
Dymarska2025_associations,40,47,7.77734375
Dymarska2025_associations,40,48,8.97265625
Dymarska2025_associations,40,49,8.804443359375
Dymarska2025_associations,40,50,4.8583984375
Dymarska2025_associations,40,51,2.927734375
Dymarska2025_associations,40,52,4.3984375
Dymarska2025_associations,40,53,8.08349609375
Dymarska2025_associations,40,54,4.25
Dymarska2025_associations,40,55,4.0625
Dymarska2025_associations,40,56,1.8876953125
Dymarska2025_associations,40,57,4.96826171875
Dymarska2025_associations,40,58,7.428955078125
Dymarska2025_associations,40,59,7.203125
Dymarska2025_associations,40,60,10.6875
Dymarska2025_associations,40,61,5.90625
Dymarska2025_associations,40,62,5.43359375
Dymarska2025_associations,40,63,3.6873779296875
Dymarska2025_associations,40,64,8.39892578125
Dymarska2025_associations,40,65,4.125
Dymarska2025_associations,40,66,5.810546875
Dymarska2025_associations,40,67,3.4970703125
Dymarska2025_associations,40,68,2.96826171875
Dymarska2025_associations,40,69,4.736785888671875
Dymarska2025_associations,40,70,3.08837890625
Dymarska2025_associations,40,71,4.2890625
Dymarska2025_associations,40,72,3.3076171875
Dymarska2025_associations,40,73,5.60302734375
Dymarska2025_associations,40,74,3.892822265625
Dymarska2025_associations,40,75,4.515625
Dymarska2025_associations,40,76,3.049774169921875
Dymarska2025_associations,40,77,6.28125
Dymarska2025_associations,40,78,8.25
Dymarska2025_associations,40,79,6.7001953125
Dymarska2025_associations,40,80,7.991943359375
Dymarska2025_associations,40,81,5.275390625
Dymarska2025_associations,40,82,5.478515625
Dymarska2025_associations,40,83,2.87060546875
Dymarska2025_associations,40,84,8.015625
Dymarska2025_associations,40,85,5.0703125
Dymarska2025_associations,40,86,5.28125
Dymarska2025_associations,40,87,3.34375
Dymarska2025_associations,40,88,4.0166015625
Dymarska2025_associations,40,89,2.16650390625
Dymarska2025_associations,40,90,5.328125
Dymarska2025_associations,40,91,7.710693359375
Dymarska2025_associations,40,92,5.467254638671875
Dymarska2025_associations,40,93,3.810546875
Dymarska2025_associations,40,94,3.6875
Dymarska2025_associations,40,95,0.55078125
Dymarska2025_associations,40,96,3.84375
Dymarska2025_associations,40,97,3.57421875
Dymarska2025_associations,40,98,3.304534912109375
Dymarska2025_associations,40,99,6.875
Dymarska2025_associations,40,100,4.0546875
Dymarska2025_associations,40,101,6.046875
Dymarska2025_associations,40,102,2.84375
Dymarska2025_associations,40,103,4.65234375
Dymarska2025_associations,40,104,2.86328125
Dymarska2025_associations,40,105,5.725830078125
Dymarska2025_associations,40,106,4.875
Dymarska2025_associations,40,107,5.625
Dymarska2025_associations,40,108,3.824188232421875
Dymarska2025_associations,40,109,6.4375
Dymarska2025_associations,40,110,6.748046875
Dymarska2025_associations,40,111,4.109375
Dymarska2025_associations,40,112,3.548828125
Dymarska2025_associations,40,113,5.935546875
Dymarska2025_associations,40,114,9.679443359375
Dymarska2025_associations,40,115,4.13525390625
Dymarska2025_associations,40,116,2.939453125
Dymarska2025_associations,40,117,8.8076171875
Dymarska2025_associations,40,118,5.820281982421875
Dymarska2025_associations,40,119,3.30078125
Dymarska2025_associations,40,120,2.671875
Dymarska2025_associations,40,121,4.9453125
Dymarska2025_associations,40,122,5.5400390625
Dymarska2025_associations,40,123,7.0625
Dymarska2025_associations,40,124,9.1796875
Dymarska2025_associations,40,125,4.7655029296875
Dymarska2025_associations,40,126,4.646484375
Dymarska2025_associations,40,127,5.017578125
Dymarska2025_associations,40,128,3.015625
Dymarska2025_associations,40,129,1.537841796875
Dymarska2025_associations,40,130,1.32470703125
Dymarska2025_associations,40,131,3.8553466796875
Dymarska2025_associations,40,132,5.984375
Dymarska2025_associations,40,133,7.515625
Dymarska2025_associations,40,134,7.15625
Dymarska2025_associations,40,135,3.0595703125
Dymarska2025_associations,40,136,5.46875
Dymarska2025_associations,40,137,8.109375
Dymarska2025_associations,40,138,7.8125
Dymarska2025_associations,40,139,3.1435546875
Dymarska2025_associations,40,140,5.251953125
Dymarska2025_associations,40,141,8.21875
