experiment,participant_id,item_index,nll
guenther2022relational,1,0,3.621063232421875
guenther2022relational,1,1,3.990234375
guenther2022relational,1,2,3.0712890625
guenther2022relational,1,3,2.09375
guenther2022relational,1,4,3.419921875
guenther2022relational,1,5,1.08447265625
guenther2022relational,1,6,3.9998779296875
guenther2022relational,1,7,2.4208984375
guenther2022relational,1,8,4.36767578125
guenther2022relational,1,9,3.341796875
guenther2022relational,1,10,2.63525390625
guenther2022relational,1,11,1.697265625
guenther2022relational,1,12,1.7939453125
guenther2022relational,1,13,2.18017578125
guenther2022relational,1,14,1.702392578125
guenther2022relational,1,15,4.007080078125
guenther2022relational,1,16,3.89501953125
guenther2022relational,1,17,4.86572265625
guenther2022relational,1,18,3.16162109375
guenther2022relational,1,19,3.529296875
guenther2022relational,1,20,2.09814453125
guenther2022relational,1,21,5.671875
guenther2022relational,1,22,4.2900390625
guenther2022relational,1,23,1.99072265625
guenther2022relational,1,24,2.6220703125
guenther2022relational,1,25,4.1689453125
guenther2022relational,1,26,3.66162109375
guenther2022relational,1,27,2.80712890625
guenther2022relational,1,28,1.85107421875
guenther2022relational,1,29,5.234375
guenther2022relational,1,30,2.5595703125
guenther2022relational,1,31,3.28515625
guenther2022relational,1,32,3.544921875
guenther2022relational,1,33,3.17578125
guenther2022relational,1,34,1.80908203125
guenther2022relational,1,35,2.7841796875
guenther2022relational,1,36,2.16796875
guenther2022relational,1,37,2.68017578125
guenther2022relational,1,38,3.359375
guenther2022relational,1,39,2.74951171875
guenther2022relational,1,40,2.24609375
guenther2022relational,1,41,1.9072265625
guenther2022relational,1,42,3.5
guenther2022relational,1,43,3.716796875
guenther2022relational,1,44,2.599609375
guenther2022relational,1,45,3.02392578125
guenther2022relational,1,46,4.1650390625
guenther2022relational,1,47,1.78076171875
guenther2022relational,1,48,2.744140625
guenther2022relational,1,49,2.55517578125
guenther2022relational,1,50,2.6416015625
guenther2022relational,1,51,3.49951171875
guenther2022relational,1,52,2.27734375
guenther2022relational,1,53,3.71142578125
guenther2022relational,1,54,3.1181640625
guenther2022relational,2,0,5.25390625
guenther2022relational,2,1,1.28125
guenther2022relational,2,2,3.97265625
guenther2022relational,2,3,3.6015625
guenther2022relational,2,4,1.421875
guenther2022relational,2,5,4.400390625
guenther2022relational,2,6,2.63037109375
guenther2022relational,2,7,2.0634765625
guenther2022relational,2,8,0.966796875
guenther2022relational,2,9,3.34375
guenther2022relational,2,10,2.8134765625
guenther2022relational,2,11,1.365234375
guenther2022relational,2,12,1.5908203125
guenther2022relational,2,13,2.3046875
guenther2022relational,2,14,4.20751953125
guenther2022relational,2,15,3.5546875
guenther2022relational,2,16,4.8818359375
guenther2022relational,2,17,1.67578125
guenther2022relational,2,18,1.26611328125
guenther2022relational,2,19,3.6328125
guenther2022relational,2,20,3.3671875
guenther2022relational,2,21,3.2109375
guenther2022relational,2,22,3.2890625
guenther2022relational,2,23,4.568359375
guenther2022relational,2,24,1.47119140625
guenther2022relational,2,25,3.6728515625
guenther2022relational,2,26,2.7080078125
guenther2022relational,2,27,2.71875
guenther2022relational,2,28,2.5029296875
guenther2022relational,2,29,2.98046875
guenther2022relational,2,30,2.6640625
guenther2022relational,2,31,1.6220703125
guenther2022relational,2,32,3.84375
guenther2022relational,2,33,3.203125
guenther2022relational,2,34,2.6953125
guenther2022relational,2,35,2.99609375
guenther2022relational,2,36,2.12109375
guenther2022relational,2,37,2.29296875
guenther2022relational,2,38,2.21875
guenther2022relational,2,39,3.966796875
guenther2022relational,2,40,2.9375
guenther2022relational,2,41,2.22509765625
guenther2022relational,2,42,2.974609375
guenther2022relational,2,43,3.125
guenther2022relational,2,44,2.2578125
guenther2022relational,2,45,2.3857421875
guenther2022relational,2,46,2.55078125
guenther2022relational,2,47,3.3095703125
guenther2022relational,2,48,3.80859375
guenther2022relational,2,49,2.369140625
guenther2022relational,2,50,1.6884765625
guenther2022relational,2,51,4.7041015625
guenther2022relational,2,52,3.0849609375
guenther2022relational,2,53,3.6025390625
guenther2022relational,2,54,2.3466796875
guenther2022relational,3,0,2.226531982421875
guenther2022relational,3,1,1.81787109375
guenther2022relational,3,2,6.7587890625
guenther2022relational,3,3,2.828125
guenther2022relational,3,4,3.14501953125
guenther2022relational,3,5,2.84814453125
guenther2022relational,3,6,2.85400390625
guenther2022relational,3,7,3.177734375
guenther2022relational,3,8,4.24267578125
guenther2022relational,3,9,3.0400390625
guenther2022relational,3,10,2.6962890625
guenther2022relational,3,11,2.671875
guenther2022relational,3,12,4.7890625
guenther2022relational,3,13,2.8720703125
guenther2022relational,3,14,2.3916015625
guenther2022relational,3,15,2.6953125
guenther2022relational,3,16,2.21484375
guenther2022relational,3,17,2.716796875
guenther2022relational,3,18,2.8330078125
guenther2022relational,3,19,3.08642578125
guenther2022relational,3,20,3.640625
guenther2022relational,3,21,1.95166015625
guenther2022relational,3,22,1.96533203125
guenther2022relational,3,23,1.8642578125
guenther2022relational,3,24,3.36376953125
guenther2022relational,3,25,1.866943359375
guenther2022relational,3,26,2.453125
guenther2022relational,3,27,1.44775390625
guenther2022relational,3,28,4.1689453125
guenther2022relational,3,29,3.632781982421875
guenther2022relational,3,30,3.3740234375
guenther2022relational,3,31,1.96142578125
guenther2022relational,3,32,1.882080078125
guenther2022relational,3,33,1.62109375
guenther2022relational,3,34,3.30126953125
guenther2022relational,3,35,1.53955078125
guenther2022relational,3,36,1.94189453125
guenther2022relational,3,37,3.7724609375
guenther2022relational,3,38,3.2498779296875
guenther2022relational,3,39,3.02392578125
guenther2022relational,3,40,4.45751953125
guenther2022relational,3,41,2.5166015625
guenther2022relational,3,42,1.85205078125
guenther2022relational,3,43,2.95703125
guenther2022relational,3,44,2.666015625
guenther2022relational,3,45,2.58642578125
guenther2022relational,3,46,5.23876953125
guenther2022relational,3,47,2.498046875
guenther2022relational,3,48,4.30517578125
guenther2022relational,3,49,1.50537109375
guenther2022relational,3,50,3.8280029296875
guenther2022relational,3,51,4.33203125
guenther2022relational,3,52,1.8583984375
guenther2022relational,3,53,3.0126953125
guenther2022relational,3,54,1.38818359375
guenther2022relational,4,0,3.015594482421875
guenther2022relational,4,1,4.30859375
guenther2022relational,4,2,5.1005859375
guenther2022relational,4,3,2.13525390625
guenther2022relational,4,4,0.5194091796875
guenther2022relational,4,5,1.73193359375
guenther2022relational,4,6,2.4814453125
guenther2022relational,4,7,2.054443359375
guenther2022relational,4,8,1.42919921875
guenther2022relational,4,9,1.5623779296875
guenther2022relational,4,10,3.87451171875
guenther2022relational,4,11,4.52001953125
guenther2022relational,4,12,1.5233154296875
guenther2022relational,4,13,1.20849609375
guenther2022relational,4,14,2.9677734375
guenther2022relational,4,15,2.79638671875
guenther2022relational,4,16,2.382781982421875
guenther2022relational,4,17,1.0233154296875
guenther2022relational,4,18,4.7342529296875
guenther2022relational,4,19,3.5467529296875
guenther2022relational,4,20,3.0458984375
guenther2022relational,4,21,3.366943359375
guenther2022relational,4,22,1.6405029296875
guenther2022relational,4,23,0.804443359375
guenther2022relational,4,24,2.788330078125
guenther2022relational,4,25,1.2890625
guenther2022relational,4,26,1.03125
guenther2022relational,4,27,2.304656982421875
guenther2022relational,4,28,2.507568359375
guenther2022relational,4,29,2.030517578125
guenther2022relational,4,30,1.0233154296875
guenther2022relational,4,31,1.19775390625
guenther2022relational,4,32,0.949188232421875
guenther2022relational,4,33,2.664031982421875
guenther2022relational,4,34,1.5233154296875
guenther2022relational,4,35,2.226531982421875
guenther2022relational,4,36,1.1483154296875
guenther2022relational,4,37,2.007781982421875
guenther2022relational,4,38,2.148406982421875
guenther2022relational,4,39,1.820281982421875
guenther2022relational,4,40,2.99951171875
guenther2022relational,4,41,1.2108154296875
guenther2022relational,4,42,4.320281982421875
guenther2022relational,4,43,2.476531982421875
guenther2022relational,4,44,2.148406982421875
guenther2022relational,4,45,2.648193359375
guenther2022relational,4,46,2.7342529296875
guenther2022relational,4,47,1.765594482421875
guenther2022relational,4,48,5.84326171875
guenther2022relational,4,49,4.320281982421875
guenther2022relational,4,50,3.6092529296875
guenther2022relational,4,51,1.0858154296875
guenther2022relational,4,52,2.226531982421875
guenther2022relational,4,53,2.9373779296875
guenther2022relational,4,54,1.609344482421875
guenther2022relational,5,0,3.2109375
guenther2022relational,5,1,1.396484375
guenther2022relational,5,2,3.10400390625
guenther2022relational,5,3,1.5
guenther2022relational,5,4,2.7978515625
guenther2022relational,5,5,2.08251953125
guenther2022relational,5,6,2.72412109375
guenther2022relational,5,7,1.6689453125
guenther2022relational,5,8,2.0068359375
guenther2022relational,5,9,2.890380859375
guenther2022relational,5,10,1.9658203125
guenther2022relational,5,11,3.515625
guenther2022relational,5,12,2.25390625
guenther2022relational,5,13,1.861328125
guenther2022relational,5,14,2.4814453125
guenther2022relational,5,15,1.9609375
guenther2022relational,5,16,2.810546875
guenther2022relational,5,17,3.57421875
guenther2022relational,5,18,2.397705078125
guenther2022relational,5,19,2.2587890625
guenther2022relational,5,20,1.8017578125
guenther2022relational,5,21,1.585693359375
guenther2022relational,5,22,1.70361328125
guenther2022relational,5,23,3.9462890625
guenther2022relational,5,24,2.52197265625
guenther2022relational,5,25,4.0234375
guenther2022relational,5,26,1.95703125
guenther2022relational,5,27,2.4130859375
guenther2022relational,5,28,3.57275390625
guenther2022relational,5,29,5.228515625
guenther2022relational,5,30,2.8193359375
guenther2022relational,5,31,3.4423828125
guenther2022relational,5,32,2.63525390625
guenther2022relational,5,33,1.35400390625
guenther2022relational,5,34,3.10888671875
guenther2022relational,5,35,2.4345703125
guenther2022relational,5,36,1.1708984375
guenther2022relational,5,37,2.648193359375
guenther2022relational,5,38,5.4228515625
guenther2022relational,5,39,5.1904296875
guenther2022relational,5,40,1.53955078125
guenther2022relational,5,41,4.1875
guenther2022relational,5,42,1.404296875
guenther2022relational,5,43,2.451171875
guenther2022relational,5,44,1.4345703125
guenther2022relational,5,45,1.65625
guenther2022relational,5,46,3.25537109375
guenther2022relational,5,47,2.4521484375
guenther2022relational,5,48,2.85546875
guenther2022relational,5,49,2.835693359375
guenther2022relational,5,50,1.2255859375
guenther2022relational,5,51,2.054443359375
guenther2022relational,5,52,1.1483154296875
guenther2022relational,5,53,2.4033203125
guenther2022relational,5,54,1.4111328125
guenther2022relational,6,0,2.644500732421875
guenther2022relational,6,1,3.277313232421875
guenther2022relational,6,2,3.63525390625
guenther2022relational,6,3,5.3671875
guenther2022relational,6,4,4.5234375
guenther2022relational,6,5,3.232421875
guenther2022relational,6,6,2.572265625
guenther2022relational,6,7,3.6982421875
guenther2022relational,6,8,2.38525390625
guenther2022relational,6,9,2.4453125
guenther2022relational,6,10,3.6845703125
guenther2022relational,6,11,2.69921875
guenther2022relational,6,12,2.5859375
guenther2022relational,6,13,2.388671875
guenther2022relational,6,14,2.5703125
guenther2022relational,6,15,3.34765625
guenther2022relational,6,16,3.875
guenther2022relational,6,17,3.3125
guenther2022relational,6,18,2.78076171875
guenther2022relational,6,19,1.92578125
guenther2022relational,6,20,3.46484375
guenther2022relational,6,21,2.59375
guenther2022relational,6,22,2.5087890625
guenther2022relational,6,23,4.6953125
guenther2022relational,6,24,2.7001953125
guenther2022relational,6,25,2.990234375
guenther2022relational,6,26,2.01806640625
guenther2022relational,6,27,2.509765625
guenther2022relational,6,28,1.98046875
guenther2022relational,6,29,4.119140625
guenther2022relational,6,30,1.44140625
guenther2022relational,6,31,3.060546875
guenther2022relational,6,32,3.52587890625
guenther2022relational,6,33,2.3994140625
guenther2022relational,6,34,2.052734375
guenther2022relational,6,35,2.591796875
guenther2022relational,6,36,2.515625
guenther2022relational,6,37,2.7978515625
guenther2022relational,6,38,2.8037109375
guenther2022relational,6,39,1.8330078125
guenther2022relational,6,40,2.1298828125
guenther2022relational,6,41,2.29150390625
guenther2022relational,6,42,2.5087890625
guenther2022relational,6,43,5.08984375
guenther2022relational,6,44,3.16650390625
guenther2022relational,6,45,3.9658203125
guenther2022relational,6,46,2.9130859375
guenther2022relational,6,47,1.56298828125
guenther2022relational,6,48,2.31787109375
guenther2022relational,6,49,3.171875
guenther2022relational,6,50,2.85205078125
guenther2022relational,6,51,3.9296875
guenther2022relational,6,52,4.48828125
guenther2022relational,6,53,3.1796875
guenther2022relational,6,54,1.74267578125
guenther2022relational,7,0,6.117156982421875
guenther2022relational,7,1,4.27392578125
guenther2022relational,7,2,1.552734375
guenther2022relational,7,3,2.52001953125
guenther2022relational,7,4,2.13671875
guenther2022relational,7,5,3.7138671875
guenther2022relational,7,6,2.470703125
guenther2022relational,7,7,2.50390625
guenther2022relational,7,8,1.90625
guenther2022relational,7,9,2.8701171875
guenther2022relational,7,10,2.73876953125
guenther2022relational,7,11,4.15234375
guenther2022relational,7,12,3.34375
guenther2022relational,7,13,3.845703125
guenther2022relational,7,14,4.2705078125
guenther2022relational,7,15,1.294921875
guenther2022relational,7,16,2.47705078125
guenther2022relational,7,17,1.93359375
guenther2022relational,7,18,3.6796875
guenther2022relational,7,19,3.1689453125
guenther2022relational,7,20,2.4296875
guenther2022relational,7,21,0.835205078125
guenther2022relational,7,22,2.65234375
guenther2022relational,7,23,4.3837890625
guenther2022relational,7,24,2.81884765625
guenther2022relational,7,25,2.185546875
guenther2022relational,7,26,2.4453125
guenther2022relational,7,27,3.8193359375
guenther2022relational,7,28,1.63525390625
guenther2022relational,7,29,4.6982421875
guenther2022relational,7,30,3.2412109375
guenther2022relational,7,31,2.70947265625
guenther2022relational,7,32,1.91259765625
guenther2022relational,7,33,3.72265625
guenther2022relational,7,34,1.73388671875
guenther2022relational,7,35,3.07421875
guenther2022relational,7,36,4.93359375
guenther2022relational,7,37,3.5634765625
guenther2022relational,7,38,2.751953125
guenther2022relational,7,39,1.6396484375
guenther2022relational,7,40,1.5400390625
guenther2022relational,7,41,1.56689453125
guenther2022relational,7,42,3.95947265625
guenther2022relational,7,43,2.3916015625
guenther2022relational,7,44,2.5830078125
guenther2022relational,7,45,2.4189453125
guenther2022relational,7,46,2.52001953125
guenther2022relational,7,47,2.197265625
guenther2022relational,7,48,2.060546875
guenther2022relational,7,49,2.6103515625
guenther2022relational,7,50,2.7880859375
guenther2022relational,7,51,4.55078125
guenther2022relational,7,52,1.791015625
guenther2022relational,7,53,1.6982421875
guenther2022relational,7,54,4.2890625
guenther2022relational,8,0,2.609375
guenther2022relational,8,1,3.0419921875
guenther2022relational,8,2,5.171875
guenther2022relational,8,3,2.04052734375
guenther2022relational,8,4,2.7109375
guenther2022relational,8,5,1.70947265625
guenther2022relational,8,6,3.3671875
guenther2022relational,8,7,2.501953125
guenther2022relational,8,8,5.375
guenther2022relational,8,9,3.84521484375
guenther2022relational,8,10,2.029296875
guenther2022relational,8,11,1.4375
guenther2022relational,8,12,3.08642578125
guenther2022relational,8,13,1.427734375
guenther2022relational,8,14,2.224609375
guenther2022relational,8,15,2.96875
guenther2022relational,8,16,2.2978515625
guenther2022relational,8,17,2.8720703125
guenther2022relational,8,18,1.53125
guenther2022relational,8,19,1.5712890625
guenther2022relational,8,20,2.591796875
guenther2022relational,8,21,2.4580078125
guenther2022relational,8,22,1.35595703125
guenther2022relational,8,23,5.16015625
guenther2022relational,8,24,1.93359375
guenther2022relational,8,25,2.1005859375
guenther2022relational,8,26,3.201171875
guenther2022relational,8,27,2.86767578125
guenther2022relational,8,28,3.1572265625
guenther2022relational,8,29,3.18017578125
guenther2022relational,8,30,1.26513671875
guenther2022relational,8,31,3.98583984375
guenther2022relational,8,32,3.5
guenther2022relational,8,33,3.357421875
guenther2022relational,8,34,3.353515625
guenther2022relational,8,35,2.492919921875
guenther2022relational,8,36,2.453125
guenther2022relational,8,37,3.64453125
guenther2022relational,8,38,2.88671875
guenther2022relational,8,39,1.89453125
guenther2022relational,8,40,2.26953125
guenther2022relational,8,41,3.41796875
guenther2022relational,8,42,2.8388671875
guenther2022relational,8,43,2.9658203125
guenther2022relational,8,44,2.478515625
guenther2022relational,8,45,2.02734375
guenther2022relational,8,46,2.3818359375
guenther2022relational,8,47,2.47265625
guenther2022relational,8,48,2.50390625
guenther2022relational,8,49,4.421875
guenther2022relational,8,50,3.13671875
guenther2022relational,8,51,2.380859375
guenther2022relational,8,52,4.54296875
guenther2022relational,8,53,2.34765625
guenther2022relational,8,54,2.8095703125
guenther2022relational,9,0,5.214813232421875
guenther2022relational,9,1,3.67578125
guenther2022relational,9,2,3.705078125
guenther2022relational,9,3,1.734375
guenther2022relational,9,4,3.30859375
guenther2022relational,9,5,4.607421875
guenther2022relational,9,6,3.0634765625
guenther2022relational,9,7,2.123046875
guenther2022relational,9,8,2.9736328125
guenther2022relational,9,9,3.0771484375
guenther2022relational,9,10,4.4794921875
guenther2022relational,9,11,2.47705078125
guenther2022relational,9,12,2.54150390625
guenther2022relational,9,13,2.330078125
guenther2022relational,9,14,2.5311279296875
guenther2022relational,9,15,1.0311279296875
guenther2022relational,9,16,3.17822265625
guenther2022relational,9,17,1.71533203125
guenther2022relational,9,18,2.13671875
guenther2022relational,9,19,1.568359375
guenther2022relational,9,20,2.88037109375
guenther2022relational,9,21,2.0302734375
guenther2022relational,9,22,4.40625
guenther2022relational,9,23,1.897705078125
guenther2022relational,9,24,2.86572265625
guenther2022relational,9,25,4.04150390625
guenther2022relational,9,26,2.99609375
guenther2022relational,9,27,2.6064453125
guenther2022relational,9,28,1.921142578125
guenther2022relational,9,29,3.28125
guenther2022relational,9,30,4.5546875
guenther2022relational,9,31,1.5087890625
guenther2022relational,9,32,1.79150390625
guenther2022relational,9,33,2.79296875
guenther2022relational,9,34,2.6376953125
guenther2022relational,9,35,3.837890625
guenther2022relational,9,36,1.3583984375
guenther2022relational,9,37,1.97119140625
guenther2022relational,9,38,3.234375
guenther2022relational,9,39,1.69921875
guenther2022relational,9,40,2.7568359375
guenther2022relational,9,41,2.52734375
guenther2022relational,9,42,1.1103515625
guenther2022relational,9,43,3.86376953125
guenther2022relational,9,44,1.73095703125
guenther2022relational,9,45,3.3583984375
guenther2022relational,9,46,2.694580078125
guenther2022relational,9,47,2.78662109375
guenther2022relational,9,48,2.13525390625
guenther2022relational,9,49,3.7265625
guenther2022relational,9,50,3.18359375
guenther2022relational,9,51,2.376953125
guenther2022relational,9,52,1.5126953125
guenther2022relational,9,53,3.873046875
guenther2022relational,9,54,3.08642578125
guenther2022relational,10,0,2.914031982421875
guenther2022relational,10,1,3.08984375
guenther2022relational,10,2,3.88134765625
guenther2022relational,10,3,4.06640625
guenther2022relational,10,4,0.65625
guenther2022relational,10,5,3.32421875
guenther2022relational,10,6,1.66162109375
guenther2022relational,10,7,3.5751953125
guenther2022relational,10,8,1.63671875
guenther2022relational,10,9,3.20849609375
guenther2022relational,10,10,1.647705078125
guenther2022relational,10,11,3.75
guenther2022relational,10,12,3.00390625
guenther2022relational,10,13,3.4931640625
guenther2022relational,10,14,1.1982421875
guenther2022relational,10,15,4.998046875
guenther2022relational,10,16,2.4775390625
guenther2022relational,10,17,2.6103515625
guenther2022relational,10,18,2.107421875
guenther2022relational,10,19,2.66455078125
guenther2022relational,10,20,2.67724609375
guenther2022relational,10,21,2.7783203125
guenther2022relational,10,22,2.90234375
guenther2022relational,10,23,2.61767578125
guenther2022relational,10,24,0.800537109375
guenther2022relational,10,25,1.8896484375
guenther2022relational,10,26,3.30517578125
guenther2022relational,10,27,2.3525390625
guenther2022relational,10,28,3.216796875
guenther2022relational,10,29,2.3876953125
guenther2022relational,10,30,3.2724609375
guenther2022relational,10,31,2.9375
guenther2022relational,10,32,3.0234375
guenther2022relational,10,33,3.7958984375
guenther2022relational,10,34,3.24609375
guenther2022relational,10,35,2.7900390625
guenther2022relational,10,36,2.47314453125
guenther2022relational,10,37,4.30322265625
guenther2022relational,10,38,2.7978515625
guenther2022relational,10,39,2.5322265625
guenther2022relational,10,40,2.56201171875
guenther2022relational,10,41,2.96142578125
guenther2022relational,10,42,3.419921875
guenther2022relational,10,43,3.154296875
guenther2022relational,10,44,3.029296875
guenther2022relational,10,45,2.4716796875
guenther2022relational,10,46,2.1689453125
guenther2022relational,10,47,3.4404296875
guenther2022relational,10,48,2.3671875
guenther2022relational,10,49,3.3720703125
guenther2022relational,10,50,3.3310546875
guenther2022relational,10,51,4.3408203125
guenther2022relational,10,52,2.71337890625
guenther2022relational,10,53,4.1162109375
guenther2022relational,10,54,3.12109375
guenther2022relational,11,0,4.234375
guenther2022relational,11,1,3.92578125
guenther2022relational,11,2,4.22265625
guenther2022relational,11,3,2.12109375
guenther2022relational,11,4,3.374969482421875
guenther2022relational,11,5,0.953125
guenther2022relational,11,6,1.65234375
guenther2022relational,11,7,1.7265625
guenther2022relational,11,8,2.4541015625
guenther2022relational,11,9,2.921875
guenther2022relational,11,10,3.41796875
guenther2022relational,11,11,2.9375
guenther2022relational,11,12,1.802734375
guenther2022relational,11,13,1.6611328125
guenther2022relational,11,14,2.4541015625
guenther2022relational,11,15,1.81640625
guenther2022relational,11,16,2.55517578125
guenther2022relational,11,17,2.2763671875
guenther2022relational,11,18,0.792724609375
guenther2022relational,11,19,1.26220703125
guenther2022relational,11,20,2.5908203125
guenther2022relational,11,21,4.2705078125
guenther2022relational,11,22,3.0361328125
guenther2022relational,11,23,2.33984375
guenther2022relational,11,24,2.6337890625
guenther2022relational,11,25,4.6904296875
guenther2022relational,11,26,3.4296875
guenther2022relational,11,27,2.4609375
guenther2022relational,11,28,1.876953125
guenther2022relational,11,29,3.0693359375
guenther2022relational,11,30,6.26025390625
guenther2022relational,11,31,2.5546875
guenther2022relational,11,32,1.94140625
guenther2022relational,11,33,1.8798828125
guenther2022relational,11,34,3.49267578125
guenther2022relational,11,35,2.75537109375
guenther2022relational,11,36,3.44287109375
guenther2022relational,11,37,2.56689453125
guenther2022relational,11,38,2.5166015625
guenther2022relational,11,39,3.132080078125
guenther2022relational,11,40,2.56787109375
guenther2022relational,11,41,4.2265625
guenther2022relational,11,42,2.6513671875
guenther2022relational,11,43,3.517578125
guenther2022relational,11,44,3.388671875
guenther2022relational,11,45,2.25439453125
guenther2022relational,11,46,2.169921875
guenther2022relational,11,47,1.94921875
guenther2022relational,11,48,2.04931640625
guenther2022relational,11,49,2.2314453125
guenther2022relational,11,50,2.09619140625
guenther2022relational,11,51,3.6376953125
guenther2022relational,11,52,3.2431640625
guenther2022relational,11,53,1.9951171875
guenther2022relational,11,54,3.60546875
guenther2022relational,12,0,3.355438232421875
guenther2022relational,12,1,1.65087890625
guenther2022relational,12,2,0.9560546875
guenther2022relational,12,3,2.41162109375
guenther2022relational,12,4,2.16650390625
guenther2022relational,12,5,3.669921875
guenther2022relational,12,6,2.0283203125
guenther2022relational,12,7,5.0068359375
guenther2022relational,12,8,4.70458984375
guenther2022relational,12,9,2.553955078125
guenther2022relational,12,10,1.02783203125
guenther2022relational,12,11,1.51953125
guenther2022relational,12,12,1.85888671875
guenther2022relational,12,13,2.341796875
guenther2022relational,12,14,1.835693359375
guenther2022relational,12,15,2.05517578125
guenther2022relational,12,16,4.1455078125
guenther2022relational,12,17,1.960693359375
guenther2022relational,12,18,6.0458984375
guenther2022relational,12,19,3.5537109375
guenther2022relational,12,20,3.148193359375
guenther2022relational,12,21,3.591796875
guenther2022relational,12,22,2.725830078125
guenther2022relational,12,23,2.195281982421875
guenther2022relational,12,24,4.0467529296875
guenther2022relational,12,25,1.593017578125
guenther2022relational,12,26,1.882080078125
guenther2022relational,12,27,2.5936279296875
guenther2022relational,12,28,2.632781982421875
guenther2022relational,12,29,3.476318359375
guenther2022relational,12,30,1.609130859375
guenther2022relational,12,31,2.648193359375
guenther2022relational,12,32,1.218017578125
guenther2022relational,12,33,3.2186279296875
guenther2022relational,12,34,1.83544921875
guenther2022relational,12,35,1.554443359375
guenther2022relational,12,36,1.6611328125
guenther2022relational,12,37,1.812469482421875
guenther2022relational,12,38,1.648193359375
guenther2022relational,12,39,3.194091796875
guenther2022relational,12,40,2.1083984375
guenther2022relational,12,41,4.34326171875
guenther2022relational,12,42,1.562469482421875
guenther2022relational,12,43,3.413818359375
guenther2022relational,12,44,1.663818359375
guenther2022relational,12,45,1.5623779296875
guenther2022relational,12,46,1.79345703125
guenther2022relational,12,47,3.179656982421875
guenther2022relational,12,48,3.01513671875
guenther2022relational,12,49,7.09375
guenther2022relational,12,50,2.1845703125
guenther2022relational,12,51,1.7255859375
guenther2022relational,12,52,1.945068359375
guenther2022relational,12,53,4.61572265625
guenther2022relational,12,54,1.8748779296875
guenther2022relational,13,0,3.488250732421875
guenther2022relational,13,1,2.77197265625
guenther2022relational,13,2,1.20703125
guenther2022relational,13,3,5.943359375
guenther2022relational,13,4,3.1005859375
guenther2022relational,13,5,2.65625
guenther2022relational,13,6,2.0546875
guenther2022relational,13,7,3.257080078125
guenther2022relational,13,8,3.33447265625
guenther2022relational,13,9,2.55126953125
guenther2022relational,13,10,1.710205078125
guenther2022relational,13,11,2.6962890625
guenther2022relational,13,12,3.35546875
guenther2022relational,13,13,2.40234375
guenther2022relational,13,14,3.44384765625
guenther2022relational,13,15,4.3876953125
guenther2022relational,13,16,1.6435546875
guenther2022relational,13,17,3.0166015625
guenther2022relational,13,18,2.1123046875
guenther2022relational,13,19,2.3525390625
guenther2022relational,13,20,1.6513671875
guenther2022relational,13,21,2.20751953125
guenther2022relational,13,22,2.46484375
guenther2022relational,13,23,4.09765625
guenther2022relational,13,24,2.37109375
guenther2022relational,13,25,3.71142578125
guenther2022relational,13,26,2.8779296875
guenther2022relational,13,27,2.66455078125
guenther2022relational,13,28,4.17626953125
guenther2022relational,13,29,1.7255859375
guenther2022relational,13,30,3.3798828125
guenther2022relational,13,31,2.33447265625
guenther2022relational,13,32,3.6591796875
guenther2022relational,13,33,2.630859375
guenther2022relational,13,34,1.62158203125
guenther2022relational,13,35,2.616943359375
guenther2022relational,13,36,2.0419921875
guenther2022relational,13,37,1.3045654296875
guenther2022relational,13,38,1.33642578125
guenther2022relational,13,39,1.3154296875
guenther2022relational,13,40,1.9521484375
guenther2022relational,13,41,3.42822265625
guenther2022relational,13,42,1.564453125
guenther2022relational,13,43,2.794921875
guenther2022relational,13,44,3.10888671875
guenther2022relational,13,45,2.66162109375
guenther2022relational,13,46,2.132080078125
guenther2022relational,13,47,4.0155029296875
guenther2022relational,13,48,1.84228515625
guenther2022relational,13,49,2.42333984375
guenther2022relational,13,50,1.23876953125
guenther2022relational,13,51,1.30859375
guenther2022relational,13,52,3.601318359375
guenther2022relational,13,53,2.257080078125
guenther2022relational,13,54,2.86376953125
guenther2022relational,14,0,4.617156982421875
guenther2022relational,14,1,1.741943359375
guenther2022relational,14,2,2.8671875
guenther2022relational,14,3,3.8671875
guenther2022relational,14,4,3.255859375
guenther2022relational,14,5,2.35400390625
guenther2022relational,14,6,1.55078125
guenther2022relational,14,7,3.1640625
guenther2022relational,14,8,3.4541015625
guenther2022relational,14,9,2.6484375
guenther2022relational,14,10,2.13671875
guenther2022relational,14,11,3.1845703125
guenther2022relational,14,12,3.234375
guenther2022relational,14,13,2.4228515625
guenther2022relational,14,14,1.685546875
guenther2022relational,14,15,2.91015625
guenther2022relational,14,16,1.87890625
guenther2022relational,14,17,2.5595703125
guenther2022relational,14,18,2.62109375
guenther2022relational,14,19,3.201171875
guenther2022relational,14,20,1.662109375
guenther2022relational,14,21,4.482421875
guenther2022relational,14,22,4.4169921875
guenther2022relational,14,23,2.3173828125
guenther2022relational,14,24,3.6953125
guenther2022relational,14,25,2.01953125
guenther2022relational,14,26,1.45849609375
guenther2022relational,14,27,0.84423828125
guenther2022relational,14,28,2.48828125
guenther2022relational,14,29,1.96142578125
guenther2022relational,14,30,3.9921875
guenther2022relational,14,31,1.0732421875
guenther2022relational,14,32,4.498046875
guenther2022relational,14,33,2.1083984375
guenther2022relational,14,34,2.265625
guenther2022relational,14,35,1.02392578125
guenther2022relational,14,36,5.0546875
guenther2022relational,14,37,2.294921875
guenther2022relational,14,38,3.16162109375
guenther2022relational,14,39,3.82421875
guenther2022relational,14,40,3.564453125
guenther2022relational,14,41,2.08251953125
guenther2022relational,14,42,2.404296875
guenther2022relational,14,43,2.716796875
guenther2022relational,14,44,4.37109375
guenther2022relational,14,45,1.0849609375
guenther2022relational,14,46,2.80126953125
guenther2022relational,14,47,2.4686279296875
guenther2022relational,14,48,1.9306640625
guenther2022relational,14,49,2.600830078125
guenther2022relational,14,50,2.83447265625
guenther2022relational,14,51,1.874755859375
guenther2022relational,14,52,1.16943359375
guenther2022relational,14,53,4.93701171875
guenther2022relational,14,54,3.741943359375
guenther2022relational,15,0,3.757781982421875
guenther2022relational,15,1,2.33984375
guenther2022relational,15,2,3.3740234375
guenther2022relational,15,3,2.74609375
guenther2022relational,15,4,2.9755859375
guenther2022relational,15,5,3.9453125
guenther2022relational,15,6,2.5859375
guenther2022relational,15,7,2.6357421875
guenther2022relational,15,8,2.3515625
guenther2022relational,15,9,2.62890625
guenther2022relational,15,10,2.80859375
guenther2022relational,15,11,4.8203125
guenther2022relational,15,12,3.001953125
guenther2022relational,15,13,2.544921875
guenther2022relational,15,14,2.3857421875
guenther2022relational,15,15,2.59912109375
guenther2022relational,15,16,3.0947265625
guenther2022relational,15,17,3.3291015625
guenther2022relational,15,18,3.6328125
guenther2022relational,15,19,4.4765625
guenther2022relational,15,20,2.66015625
guenther2022relational,15,21,2.2109375
guenther2022relational,15,22,3.685546875
guenther2022relational,15,23,2.732421875
guenther2022relational,15,24,3.5703125
guenther2022relational,15,25,4.80078125
guenther2022relational,15,26,4.1640625
guenther2022relational,15,27,2.9853515625
guenther2022relational,15,28,2.7294921875
guenther2022relational,15,29,3.0703125
guenther2022relational,15,30,2.7607421875
guenther2022relational,15,31,3.30126953125
guenther2022relational,15,32,2.3642578125
guenther2022relational,15,33,3.390625
guenther2022relational,15,34,2.64892578125
guenther2022relational,15,35,2.8046875
guenther2022relational,15,36,3.46875
guenther2022relational,15,37,3.0126953125
guenther2022relational,15,38,2.47265625
guenther2022relational,15,39,2.04931640625
guenther2022relational,15,40,2.72412109375
guenther2022relational,15,41,2.68017578125
guenther2022relational,15,42,4.2265625
guenther2022relational,15,43,3.2578125
guenther2022relational,15,44,2.33642578125
guenther2022relational,15,45,2.78515625
guenther2022relational,15,46,2.787109375
guenther2022relational,15,47,2.89892578125
guenther2022relational,15,48,2.623046875
guenther2022relational,15,49,2.5166015625
guenther2022relational,15,50,2.5283203125
guenther2022relational,15,51,2.83984375
guenther2022relational,15,52,2.509765625
guenther2022relational,15,53,1.85546875
guenther2022relational,15,54,2.53125
guenther2022relational,16,0,3.945281982421875
guenther2022relational,16,1,2.77392578125
guenther2022relational,16,2,3.4189453125
guenther2022relational,16,3,1.31298828125
guenther2022relational,16,4,2.30517578125
guenther2022relational,16,5,3.78662109375
guenther2022relational,16,6,1.218017578125
guenther2022relational,16,7,4.96484375
guenther2022relational,16,8,1.76416015625
guenther2022relational,16,9,5.6455078125
guenther2022relational,16,10,1.1248779296875
guenther2022relational,16,11,1.8896484375
guenther2022relational,16,12,2.77197265625
guenther2022relational,16,13,4.5341796875
guenther2022relational,16,14,3.734375
guenther2022relational,16,15,3.96142578125
guenther2022relational,16,16,1.37744140625
guenther2022relational,16,17,3.71142578125
guenther2022relational,16,18,1.7119140625
guenther2022relational,16,19,2.1796875
guenther2022relational,16,20,2.5751953125
guenther2022relational,16,21,3.1669921875
guenther2022relational,16,22,1.24951171875
guenther2022relational,16,23,2.07275390625
guenther2022relational,16,24,3.7041015625
guenther2022relational,16,25,1.7587890625
guenther2022relational,16,26,2.93017578125
guenther2022relational,16,27,3.5126953125
guenther2022relational,16,28,3.33984375
guenther2022relational,16,29,1.55615234375
guenther2022relational,16,30,2.58642578125
guenther2022relational,16,31,4.72412109375
guenther2022relational,16,32,1.2744140625
guenther2022relational,16,33,2.3984375
guenther2022relational,16,34,5.27734375
guenther2022relational,16,35,1.765625
guenther2022relational,16,36,1.42724609375
guenther2022relational,16,37,1.3115234375
guenther2022relational,16,38,2.7900390625
guenther2022relational,16,39,2.89453125
guenther2022relational,16,40,3.08203125
guenther2022relational,16,41,4.44140625
guenther2022relational,16,42,4.2421875
guenther2022relational,16,43,1.4580078125
guenther2022relational,16,44,3.5400390625
guenther2022relational,16,45,3.6162109375
guenther2022relational,16,46,1.13671875
guenther2022relational,16,47,4.560546875
guenther2022relational,16,48,1.533203125
guenther2022relational,16,49,1.126953125
guenther2022relational,16,50,2.48046875
guenther2022relational,16,51,1.65771484375
guenther2022relational,16,52,3.484375
guenther2022relational,16,53,3.0166015625
guenther2022relational,16,54,3.6103515625
guenther2022relational,17,0,7.46875
guenther2022relational,17,1,3.16015625
guenther2022relational,17,2,1.919921875
guenther2022relational,17,3,2.609375
guenther2022relational,17,4,6.068359375
guenther2022relational,17,5,3.39453125
guenther2022relational,17,6,3.29296875
guenther2022relational,17,7,2.66455078125
guenther2022relational,17,8,4.5234375
guenther2022relational,17,9,2.2421875
guenther2022relational,17,10,2.58203125
guenther2022relational,17,11,4.326171875
guenther2022relational,17,12,2.6494140625
guenther2022relational,17,13,2.2255859375
guenther2022relational,17,14,3.60546875
guenther2022relational,17,15,4.65234375
guenther2022relational,17,16,3.9921875
guenther2022relational,17,17,2.91015625
guenther2022relational,17,18,1.51611328125
guenther2022relational,17,19,3.38671875
guenther2022relational,17,20,2.3388671875
guenther2022relational,17,21,2.076171875
guenther2022relational,17,22,4.169921875
guenther2022relational,17,23,3.22265625
guenther2022relational,17,24,2.203125
guenther2022relational,17,25,3.2626953125
guenther2022relational,17,26,3.58984375
guenther2022relational,17,27,4.6767578125
guenther2022relational,17,28,2.7509765625
guenther2022relational,17,29,3.9765625
guenther2022relational,17,30,2.27734375
guenther2022relational,17,31,3.75
guenther2022relational,17,32,3.291015625
guenther2022relational,17,33,1.669921875
guenther2022relational,17,34,2.2158203125
guenther2022relational,17,35,2.70751953125
guenther2022relational,17,36,2.53515625
guenther2022relational,17,37,3.3203125
guenther2022relational,17,38,2.556640625
guenther2022relational,17,39,1.8447265625
guenther2022relational,17,40,3.42578125
guenther2022relational,17,41,2.65625
guenther2022relational,17,42,3.346435546875
guenther2022relational,17,43,3.22314453125
guenther2022relational,17,44,3.6376953125
guenther2022relational,17,45,2.689453125
guenther2022relational,17,46,3.37890625
guenther2022relational,17,47,2.44921875
guenther2022relational,17,48,3.576171875
guenther2022relational,17,49,3.07421875
guenther2022relational,17,50,2.38671875
guenther2022relational,17,51,3.3232421875
guenther2022relational,17,52,2.4169921875
guenther2022relational,17,53,2.18359375
guenther2022relational,17,54,3.4892578125
guenther2022relational,18,0,3.109375
guenther2022relational,18,1,5.75390625
guenther2022relational,18,2,4.76953125
guenther2022relational,18,3,3.0419921875
guenther2022relational,18,4,2.18359375
guenther2022relational,18,5,1.6279296875
guenther2022relational,18,6,4.8720703125
guenther2022relational,18,7,3.890625
guenther2022relational,18,8,4.224609375
guenther2022relational,18,9,2.2353515625
guenther2022relational,18,10,2.30078125
guenther2022relational,18,11,3.4658203125
guenther2022relational,18,12,4.0419921875
guenther2022relational,18,13,5.421875
guenther2022relational,18,14,3.9765625
guenther2022relational,18,15,2.5029296875
guenther2022relational,18,16,2.318359375
guenther2022relational,18,17,2.5625
guenther2022relational,18,18,2.3916015625
guenther2022relational,18,19,2.568359375
guenther2022relational,18,20,1.96533203125
guenther2022relational,18,21,3.04296875
guenther2022relational,18,22,1.4541015625
guenther2022relational,18,23,2.83984375
guenther2022relational,18,24,3.3447265625
guenther2022relational,18,25,2.1630859375
guenther2022relational,18,26,3.6953125
guenther2022relational,18,27,3.6796875
guenther2022relational,18,28,1.953125
guenther2022relational,18,29,1.92578125
guenther2022relational,18,30,2.3525390625
guenther2022relational,18,31,2.7421875
guenther2022relational,18,32,1.35546875
guenther2022relational,18,33,2.33203125
guenther2022relational,18,34,3.462890625
guenther2022relational,18,35,3.125
guenther2022relational,18,36,1.4306640625
guenther2022relational,18,37,1.681640625
guenther2022relational,18,38,2.40625
guenther2022relational,18,39,1.99609375
guenther2022relational,18,40,1.8515625
guenther2022relational,18,41,3.01171875
guenther2022relational,18,42,1.150390625
guenther2022relational,18,43,3.7109375
guenther2022relational,18,44,3.220703125
guenther2022relational,18,45,2.84375
guenther2022relational,18,46,2.400390625
guenther2022relational,18,47,5.607421875
guenther2022relational,18,48,2.82421875
guenther2022relational,18,49,1.71484375
guenther2022relational,18,50,1.9814453125
guenther2022relational,18,51,1.150390625
guenther2022relational,18,52,2.68359375
guenther2022relational,18,53,1.302734375
guenther2022relational,18,54,3.86767578125
guenther2022relational,19,0,3.874969482421875
guenther2022relational,19,1,2.9462890625
guenther2022relational,19,2,3.29296875
guenther2022relational,19,3,5.404296875
guenther2022relational,19,4,3.16796875
guenther2022relational,19,5,4.39453125
guenther2022relational,19,6,2.875
guenther2022relational,19,7,1.5341796875
guenther2022relational,19,8,3.11328125
guenther2022relational,19,9,2.8125
guenther2022relational,19,10,4.51171875
guenther2022relational,19,11,3.0390625
guenther2022relational,19,12,2.7080078125
guenther2022relational,19,13,4.630859375
guenther2022relational,19,14,1.8525390625
guenther2022relational,19,15,2.669921875
guenther2022relational,19,16,1.61865234375
guenther2022relational,19,17,2.80224609375
guenther2022relational,19,18,1.6689453125
guenther2022relational,19,19,2.8955078125
guenther2022relational,19,20,2.92822265625
guenther2022relational,19,21,2.48046875
guenther2022relational,19,22,1.771484375
guenther2022relational,19,23,2.7666015625
guenther2022relational,19,24,2.94775390625
guenther2022relational,19,25,3.15087890625
guenther2022relational,19,26,2.279296875
guenther2022relational,19,27,2.25537109375
guenther2022relational,19,28,4.82275390625
guenther2022relational,19,29,4.9921875
guenther2022relational,19,30,3.2724609375
guenther2022relational,19,31,2.90234375
guenther2022relational,19,32,4.0078125
guenther2022relational,19,33,3.3408203125
guenther2022relational,19,34,2.99609375
guenther2022relational,19,35,2.87109375
guenther2022relational,19,36,2.428955078125
guenther2022relational,19,37,3.18359375
guenther2022relational,19,38,3.4833984375
guenther2022relational,19,39,1.41015625
guenther2022relational,19,40,1.56201171875
guenther2022relational,19,41,2.0146484375
guenther2022relational,19,42,2.486328125
guenther2022relational,19,43,3.1767578125
guenther2022relational,19,44,3.0283203125
guenther2022relational,19,45,3.5380859375
guenther2022relational,19,46,2.8427734375
guenther2022relational,19,47,1.689453125
guenther2022relational,19,48,4.06787109375
guenther2022relational,19,49,2.022705078125
guenther2022relational,19,50,2.5400390625
guenther2022relational,19,51,1.61328125
guenther2022relational,19,52,1.5576171875
guenther2022relational,19,53,1.45263671875
guenther2022relational,19,54,2.2392578125
guenther2022relational,20,0,5.355438232421875
guenther2022relational,20,1,6.0234375
guenther2022relational,20,2,2.716796875
guenther2022relational,20,3,1.68359375
guenther2022relational,20,4,1.654296875
guenther2022relational,20,5,1.830078125
guenther2022relational,20,6,4.3553466796875
guenther2022relational,20,7,1.8984375
guenther2022relational,20,8,5.6015625
guenther2022relational,20,9,2.9765625
guenther2022relational,20,10,2.625
guenther2022relational,20,11,3.69921875
guenther2022relational,20,12,3.01953125
guenther2022relational,20,13,2.07275390625
guenther2022relational,20,14,2.50390625
guenther2022relational,20,15,1.759765625
guenther2022relational,20,16,1.47900390625
guenther2022relational,20,17,1.71923828125
guenther2022relational,20,18,1.57470703125
guenther2022relational,20,19,1.5341796875
guenther2022relational,20,20,1.53369140625
guenther2022relational,20,21,3.9814453125
guenther2022relational,20,22,3.697265625
guenther2022relational,20,23,3.841796875
guenther2022relational,20,24,5.84375
guenther2022relational,20,25,2.6689453125
guenther2022relational,20,26,4.0390625
guenther2022relational,20,27,2.57275390625
guenther2022relational,20,28,1.26953125
guenther2022relational,20,29,1.49267578125
guenther2022relational,20,30,1.53369140625
guenther2022relational,20,31,1.962890625
guenther2022relational,20,32,1.18994140625
guenther2022relational,20,33,1.33203125
guenther2022relational,20,34,1.65869140625
guenther2022relational,20,35,2.037109375
guenther2022relational,20,36,1.966796875
guenther2022relational,20,37,1.2529296875
guenther2022relational,20,38,1.1943359375
guenther2022relational,20,39,3.79833984375
guenther2022relational,20,40,1.22119140625
guenther2022relational,20,41,4.1796875
guenther2022relational,20,42,6.2109375
guenther2022relational,20,43,1.21044921875
guenther2022relational,20,44,1.8251953125
guenther2022relational,20,45,1.42138671875
guenther2022relational,20,46,2.59765625
guenther2022relational,20,47,1.66796875
guenther2022relational,20,48,4.97412109375
guenther2022relational,20,49,5.03125
guenther2022relational,20,50,3.48046875
guenther2022relational,20,51,3.7353515625
guenther2022relational,20,52,4.1015625
guenther2022relational,20,53,1.28759765625
guenther2022relational,20,54,1.1298828125
guenther2022relational,21,0,6.062469482421875
guenther2022relational,21,1,1.6201171875
guenther2022relational,21,2,3.94921875
guenther2022relational,21,3,3.484375
guenther2022relational,21,4,1.98046875
guenther2022relational,21,5,0.9306640625
guenther2022relational,21,6,2.744140625
guenther2022relational,21,7,0.599609375
guenther2022relational,21,8,2.859375
guenther2022relational,21,9,2.18359375
guenther2022relational,21,10,0.5361328125
guenther2022relational,21,11,1.09326171875
guenther2022relational,21,12,1.30224609375
guenther2022relational,21,13,2.904296875
guenther2022relational,21,14,2.7265625
guenther2022relational,21,15,0.7822265625
guenther2022relational,21,16,2.1484375
guenther2022relational,21,17,2.6796875
guenther2022relational,21,18,3.3515625
guenther2022relational,21,19,1.779296875
guenther2022relational,21,20,1.4970703125
guenther2022relational,21,21,2.91796875
guenther2022relational,21,22,1.11962890625
guenther2022relational,21,23,3.29296875
guenther2022relational,21,24,3.88671875
guenther2022relational,21,25,2.3828125
guenther2022relational,21,26,3.57421875
guenther2022relational,21,27,5.13671875
guenther2022relational,21,28,3.53515625
guenther2022relational,21,29,2.826171875
guenther2022relational,21,30,4.541015625
guenther2022relational,21,31,2.078125
guenther2022relational,21,32,1.359375
guenther2022relational,21,33,2.458984375
guenther2022relational,21,34,1.75390625
guenther2022relational,21,35,2.818359375
guenther2022relational,21,36,2.380859375
guenther2022relational,21,37,1.3232421875
guenther2022relational,21,38,1.580078125
guenther2022relational,21,39,2.443359375
guenther2022relational,21,40,1.6767578125
guenther2022relational,21,41,2.3916015625
guenther2022relational,21,42,1.53125
guenther2022relational,21,43,1.0751953125
guenther2022relational,21,44,2.47265625
guenther2022relational,21,45,2.7578125
guenther2022relational,21,46,3.865234375
guenther2022relational,21,47,2.916015625
guenther2022relational,21,48,2.42578125
guenther2022relational,21,49,2.6064453125
guenther2022relational,21,50,1.37890625
guenther2022relational,21,51,2.380859375
guenther2022relational,21,52,2.578125
guenther2022relational,21,53,3.224609375
guenther2022relational,21,54,2.17578125
guenther2022relational,22,0,3.1015625
guenther2022relational,22,1,2.19189453125
guenther2022relational,22,2,2.0703125
guenther2022relational,22,3,0.63232421875
guenther2022relational,22,4,5.6083984375
guenther2022relational,22,5,4.09912109375
guenther2022relational,22,6,2.4217529296875
guenther2022relational,22,7,2.9998779296875
guenther2022relational,22,8,2.5244140625
guenther2022relational,22,9,4.5234375
guenther2022relational,22,10,3.2060546875
guenther2022relational,22,11,4.84375
guenther2022relational,22,12,2.72265625
guenther2022relational,22,13,1.50048828125
guenther2022relational,22,14,3.84765625
guenther2022relational,22,15,2.431640625
guenther2022relational,22,16,4.609375
guenther2022relational,22,17,2.734375
guenther2022relational,22,18,3.640625
guenther2022relational,22,19,2.47314453125
guenther2022relational,22,20,2.9775390625
guenther2022relational,22,21,3.5517578125
guenther2022relational,22,22,2.1015625
guenther2022relational,22,23,2.859375
guenther2022relational,22,24,3.35546875
guenther2022relational,22,25,3.1689453125
guenther2022relational,22,26,4.30859375
guenther2022relational,22,27,4.060546875
guenther2022relational,22,28,1.8115234375
guenther2022relational,22,29,2.70458984375
guenther2022relational,22,30,4.319580078125
guenther2022relational,22,31,3.662109375
guenther2022relational,22,32,1.36328125
guenther2022relational,22,33,2.482421875
guenther2022relational,22,34,4.328125
guenther2022relational,22,35,1.865234375
guenther2022relational,22,36,1.87890625
guenther2022relational,22,37,2.0048828125
guenther2022relational,22,38,3.74951171875
guenther2022relational,22,39,4.2626953125
guenther2022relational,22,40,3.052734375
guenther2022relational,22,41,3.21484375
guenther2022relational,22,42,1.6455078125
guenther2022relational,22,43,1.9326171875
guenther2022relational,22,44,1.5166015625
guenther2022relational,22,45,2.7080078125
guenther2022relational,22,46,1.994140625
guenther2022relational,22,47,2.0087890625
guenther2022relational,22,48,3.085205078125
guenther2022relational,22,49,1.5791015625
guenther2022relational,22,50,2.5693359375
guenther2022relational,22,51,5.015625
guenther2022relational,22,52,2.7939453125
guenther2022relational,22,53,2.64013671875
guenther2022relational,22,54,3.744140625
guenther2022relational,23,0,5.648406982421875
guenther2022relational,23,1,2.623046875
guenther2022relational,23,2,2.828125
guenther2022relational,23,3,2.2626953125
guenther2022relational,23,4,3.10009765625
guenther2022relational,23,5,2.1064453125
guenther2022relational,23,6,2.82763671875
guenther2022relational,23,7,4.34326171875
guenther2022relational,23,8,3.0458984375
guenther2022relational,23,9,3.712890625
guenther2022relational,23,10,3.9560546875
guenther2022relational,23,11,3.06787109375
guenther2022relational,23,12,2.36572265625
guenther2022relational,23,13,3.0537109375
guenther2022relational,23,14,4.8203125
guenther2022relational,23,15,3.5859375
guenther2022relational,23,16,2.7109375
guenther2022relational,23,17,4.2666015625
guenther2022relational,23,18,2.9794921875
guenther2022relational,23,19,2.6357421875
guenther2022relational,23,20,3.5419921875
guenther2022relational,23,21,3.23046875
guenther2022relational,23,22,2.9765625
guenther2022relational,23,23,3.076171875
guenther2022relational,23,24,3.8798828125
guenther2022relational,23,25,2.509765625
guenther2022relational,23,26,3.322265625
guenther2022relational,23,27,2.4501953125
guenther2022relational,23,28,3.24609375
guenther2022relational,23,29,2.5322265625
guenther2022relational,23,30,2.6103515625
guenther2022relational,23,31,2.78759765625
guenther2022relational,23,32,5.078125
guenther2022relational,23,33,2.8828125
guenther2022relational,23,34,2.8759765625
guenther2022relational,23,35,2.22265625
guenther2022relational,23,36,1.3984375
guenther2022relational,23,37,1.2666015625
guenther2022relational,23,38,2.2470703125
guenther2022relational,23,39,2.982421875
guenther2022relational,23,40,2.3232421875
guenther2022relational,23,41,2.57421875
guenther2022relational,23,42,2.1533203125
guenther2022relational,23,43,2.2724609375
guenther2022relational,23,44,3.0234375
guenther2022relational,23,45,4.484375
guenther2022relational,23,46,2.78515625
guenther2022relational,23,47,2.388671875
guenther2022relational,23,48,2.89697265625
guenther2022relational,23,49,1.8955078125
guenther2022relational,23,50,2.59814453125
guenther2022relational,23,51,2.7734375
guenther2022relational,23,52,2.091796875
guenther2022relational,23,53,3.54150390625
guenther2022relational,23,54,2.810546875
guenther2022relational,24,0,5.101531982421875
guenther2022relational,24,1,2.33251953125
guenther2022relational,24,2,4.1796875
guenther2022relational,24,3,3.0390625
guenther2022relational,24,4,3.9462890625
guenther2022relational,24,5,3.54296875
guenther2022relational,24,6,2.3349609375
guenther2022relational,24,7,3.48828125
guenther2022relational,24,8,2.69140625
guenther2022relational,24,9,2.3603515625
guenther2022relational,24,10,1.83203125
guenther2022relational,24,11,2.2666015625
guenther2022relational,24,12,5.01708984375
guenther2022relational,24,13,4.404296875
guenther2022relational,24,14,4.4150390625
guenther2022relational,24,15,3.7880859375
guenther2022relational,24,16,2.2197265625
guenther2022relational,24,17,1.6328125
guenther2022relational,24,18,2.279296875
guenther2022relational,24,19,3.52734375
guenther2022relational,24,20,3.13671875
guenther2022relational,24,21,0.976318359375
guenther2022relational,24,22,2.46484375
guenther2022relational,24,23,2.99072265625
guenther2022relational,24,24,2.52734375
guenther2022relational,24,25,2.0283203125
guenther2022relational,24,26,2.33984375
guenther2022relational,24,27,2.491943359375
guenther2022relational,24,28,3.86572265625
guenther2022relational,24,29,2.853515625
guenther2022relational,24,30,2.38330078125
guenther2022relational,24,31,4.56201171875
guenther2022relational,24,32,4.84912109375
guenther2022relational,24,33,4.1015625
guenther2022relational,24,34,3.072265625
guenther2022relational,24,35,4.0244140625
guenther2022relational,24,36,2.67822265625
guenther2022relational,24,37,3.41259765625
guenther2022relational,24,38,2.52197265625
guenther2022relational,24,39,2.529296875
guenther2022relational,24,40,3.085693359375
guenther2022relational,24,41,2.232421875
guenther2022relational,24,42,3.71142578125
guenther2022relational,24,43,2.38525390625
guenther2022relational,24,44,3.625
guenther2022relational,24,45,2.3203125
guenther2022relational,24,46,3.21484375
guenther2022relational,24,47,1.59765625
guenther2022relational,24,48,2.7978515625
guenther2022relational,24,49,2.8046875
guenther2022relational,24,50,3.310546875
guenther2022relational,24,51,2.34765625
guenther2022relational,24,52,2.2001953125
guenther2022relational,24,53,3.013671875
guenther2022relational,24,54,2.2900390625
guenther2022relational,25,0,2.988250732421875
guenther2022relational,25,1,5.921875
guenther2022relational,25,2,3.73046875
guenther2022relational,25,3,3.056640625
guenther2022relational,25,4,3.31640625
guenther2022relational,25,5,1.7392578125
guenther2022relational,25,6,3.2578125
guenther2022relational,25,7,2.875
guenther2022relational,25,8,2.42578125
guenther2022relational,25,9,4.7109375
guenther2022relational,25,10,2.73046875
guenther2022relational,25,11,2.80126953125
guenther2022relational,25,12,4.4169921875
guenther2022relational,25,13,3.7919921875
guenther2022relational,25,14,0.98681640625
guenther2022relational,25,15,2.8525390625
guenther2022relational,25,16,3.28515625
guenther2022relational,25,17,3.0166015625
guenther2022relational,25,18,1.3271484375
guenther2022relational,25,19,2.021484375
guenther2022relational,25,20,1.8525390625
guenther2022relational,25,21,2.16796875
guenther2022relational,25,22,5.1650390625
guenther2022relational,25,23,2.916015625
guenther2022relational,25,24,3.220703125
guenther2022relational,25,25,2.853515625
guenther2022relational,25,26,2.5009765625
guenther2022relational,25,27,3.19140625
guenther2022relational,25,28,1.7236328125
guenther2022relational,25,29,3.1982421875
guenther2022relational,25,30,2.68359375
guenther2022relational,25,31,2.55078125
guenther2022relational,25,32,1.5078125
guenther2022relational,25,33,2.4716796875
guenther2022relational,25,34,2.4140625
guenther2022relational,25,35,2.486328125
guenther2022relational,25,36,2.6767578125
guenther2022relational,25,37,2.484375
guenther2022relational,25,38,1.259765625
guenther2022relational,25,39,1.2841796875
guenther2022relational,25,40,3.7109375
guenther2022relational,25,41,1.55078125
guenther2022relational,25,42,1.8642578125
guenther2022relational,25,43,1.05126953125
guenther2022relational,25,44,1.7421875
guenther2022relational,25,45,2.478515625
guenther2022relational,25,46,0.9033203125
guenther2022relational,25,47,1.5029296875
guenther2022relational,25,48,0.77734375
guenther2022relational,25,49,1.37109375
guenther2022relational,25,50,3.615234375
guenther2022relational,25,51,1.52001953125
guenther2022relational,25,52,3.2353515625
guenther2022relational,25,53,2.7509765625
guenther2022relational,25,54,2.47265625
guenther2022relational,26,0,2.30078125
guenther2022relational,26,1,3.666015625
guenther2022relational,26,2,3.273193359375
guenther2022relational,26,3,2.9189453125
guenther2022relational,26,4,2.29150390625
guenther2022relational,26,5,1.6630859375
guenther2022relational,26,6,4.257080078125
guenther2022relational,26,7,3.46484375
guenther2022relational,26,8,4.2080078125
guenther2022relational,26,9,1.171142578125
guenther2022relational,26,10,3.982421875
guenther2022relational,26,11,2.05859375
guenther2022relational,26,12,2.2333984375
guenther2022relational,26,13,2.8466796875
guenther2022relational,26,14,2.6611328125
guenther2022relational,26,15,1.7490234375
guenther2022relational,26,16,3.0467529296875
guenther2022relational,26,17,3.71826171875
guenther2022relational,26,18,1.484344482421875
guenther2022relational,26,19,4.875
guenther2022relational,26,20,4.1630859375
guenther2022relational,26,21,3.5751953125
guenther2022relational,26,22,4.1025390625
guenther2022relational,26,23,2.763671875
guenther2022relational,26,24,1.1416015625
guenther2022relational,26,25,2.88525390625
guenther2022relational,26,26,4.9443359375
guenther2022relational,26,27,3.978515625
guenther2022relational,26,28,1.89599609375
guenther2022relational,26,29,3.1650390625
guenther2022relational,26,30,3.9521484375
guenther2022relational,26,31,2.14453125
guenther2022relational,26,32,1.4451904296875
guenther2022relational,26,33,2.882080078125
guenther2022relational,26,34,2.850830078125
guenther2022relational,26,35,3.991943359375
guenther2022relational,26,36,3.56689453125
guenther2022relational,26,37,3.55126953125
guenther2022relational,26,38,3.1591796875
guenther2022relational,26,39,2.60400390625
guenther2022relational,26,40,3.444580078125
guenther2022relational,26,41,2.569580078125
guenther2022relational,26,42,2.919921875
guenther2022relational,26,43,1.57568359375
guenther2022relational,26,44,2.80126953125
guenther2022relational,26,45,4.6708984375
guenther2022relational,26,46,3.1708984375
guenther2022relational,26,47,2.98876953125
guenther2022relational,26,48,1.9814453125
guenther2022relational,26,49,4.4130859375
guenther2022relational,26,50,3.06201171875
guenther2022relational,26,51,3.6875
guenther2022relational,26,52,1.8095703125
guenther2022relational,26,53,2.632568359375
guenther2022relational,26,54,2.74072265625
guenther2022relational,27,0,6.058563232421875
guenther2022relational,27,1,3.068359375
guenther2022relational,27,2,3.6796875
guenther2022relational,27,3,3.3828125
guenther2022relational,27,4,3.205078125
guenther2022relational,27,5,2.830078125
guenther2022relational,27,6,3.5703125
guenther2022relational,27,7,3.818359375
guenther2022relational,27,8,2.18359375
guenther2022relational,27,9,3.69921875
guenther2022relational,27,10,2.6015625
guenther2022relational,27,11,4.01171875
guenther2022relational,27,12,4.1953125
guenther2022relational,27,13,3.0390625
guenther2022relational,27,14,2.64453125
guenther2022relational,27,15,2.5517578125
guenther2022relational,27,16,1.6259765625
guenther2022relational,27,17,3.828125
guenther2022relational,27,18,3.203125
guenther2022relational,27,19,2.69140625
guenther2022relational,27,20,1.501953125
guenther2022relational,27,21,1.525390625
guenther2022relational,27,22,2.4775390625
guenther2022relational,27,23,2.47265625
guenther2022relational,27,24,2.2900390625
guenther2022relational,27,25,2.00048828125
guenther2022relational,27,26,3.7109375
guenther2022relational,27,27,1.32421875
guenther2022relational,27,28,1.6875
guenther2022relational,27,29,3.833984375
guenther2022relational,27,30,2.87109375
guenther2022relational,27,31,3.375
guenther2022relational,27,32,2.19921875
guenther2022relational,27,33,3.1328125
guenther2022relational,27,34,1.69921875
guenther2022relational,27,35,3.6796875
guenther2022relational,27,36,5.18701171875
guenther2022relational,27,37,1.75390625
guenther2022relational,27,38,4.1875
guenther2022relational,27,39,3.38671875
guenther2022relational,27,40,3.58642578125
guenther2022relational,27,41,2.9921875
guenther2022relational,27,42,3.439453125
guenther2022relational,27,43,3.15234375
guenther2022relational,27,44,2.70703125
guenther2022relational,27,45,2.546875
guenther2022relational,27,46,1.337890625
guenther2022relational,27,47,1.77734375
guenther2022relational,27,48,1.19140625
guenther2022relational,27,49,3.2109375
guenther2022relational,27,50,1.9970703125
guenther2022relational,27,51,3.0390625
guenther2022relational,27,52,1.578125
guenther2022relational,27,53,2.7314453125
guenther2022relational,27,54,1.48046875
guenther2022relational,28,0,4.015625
guenther2022relational,28,1,5.210693359375
guenther2022relational,28,2,2.88330078125
guenther2022relational,28,3,2.69580078125
guenther2022relational,28,4,1.873046875
guenther2022relational,28,5,4.10546875
guenther2022relational,28,6,2.7041015625
guenther2022relational,28,7,2.1982421875
guenther2022relational,28,8,3.41162109375
guenther2022relational,28,9,3.203125
guenther2022relational,28,10,2.3251953125
guenther2022relational,28,11,1.9814453125
guenther2022relational,28,12,2.21875
guenther2022relational,28,13,4.7041015625
guenther2022relational,28,14,2.697265625
guenther2022relational,28,15,1.34423828125
guenther2022relational,28,16,2.650390625
guenther2022relational,28,17,4.703125
guenther2022relational,28,18,3.0908203125
guenther2022relational,28,19,3.2109375
guenther2022relational,28,20,3.1796875
guenther2022relational,28,21,3.359375
guenther2022relational,28,22,4.98828125
guenther2022relational,28,23,3.36328125
guenther2022relational,28,24,2.34326171875
guenther2022relational,28,25,2.73828125
guenther2022relational,28,26,2.83203125
guenther2022relational,28,27,2.765625
guenther2022relational,28,28,3.3203125
guenther2022relational,28,29,2.8984375
guenther2022relational,28,30,2.990234375
guenther2022relational,28,31,3.9775390625
guenther2022relational,28,32,2.5732421875
guenther2022relational,28,33,2.49609375
guenther2022relational,28,34,2.44921875
guenther2022relational,28,35,1.95703125
guenther2022relational,28,36,3.73828125
guenther2022relational,28,37,2.919921875
guenther2022relational,28,38,1.423828125
guenther2022relational,28,39,1.44140625
guenther2022relational,28,40,2.3916015625
guenther2022relational,28,41,2.56640625
guenther2022relational,28,42,3.97265625
guenther2022relational,28,43,2.37890625
guenther2022relational,28,44,3.49609375
guenther2022relational,28,45,2.42578125
guenther2022relational,28,46,5.26171875
guenther2022relational,28,47,2.3720703125
guenther2022relational,28,48,2.787109375
guenther2022relational,28,49,1.94921875
guenther2022relational,28,50,2.4296875
guenther2022relational,28,51,1.673828125
guenther2022relational,28,52,2.8671875
guenther2022relational,28,53,2.66796875
guenther2022relational,28,54,3.62890625
guenther2022relational,29,0,2.480438232421875
guenther2022relational,29,1,3.79296875
guenther2022relational,29,2,2.2578125
guenther2022relational,29,3,2.38671875
guenther2022relational,29,4,2.1923828125
guenther2022relational,29,5,3.28515625
guenther2022relational,29,6,4.248046875
guenther2022relational,29,7,2.8076171875
guenther2022relational,29,8,3.46875
guenther2022relational,29,9,4.3515625
guenther2022relational,29,10,3.0830078125
guenther2022relational,29,11,2.3212890625
guenther2022relational,29,12,2.587890625
guenther2022relational,29,13,2.177734375
guenther2022relational,29,14,3.48046875
guenther2022relational,29,15,1.90625
guenther2022relational,29,16,1.8798828125
guenther2022relational,29,17,3.8828125
guenther2022relational,29,18,1.4990234375
guenther2022relational,29,19,3.4921875
guenther2022relational,29,20,2.697265625
guenther2022relational,29,21,2.1806640625
guenther2022relational,29,22,3.73046875
guenther2022relational,29,23,1.4609375
guenther2022relational,29,24,1.103515625
guenther2022relational,29,25,3.0859375
guenther2022relational,29,26,2.3232421875
guenther2022relational,29,27,2.1181640625
guenther2022relational,29,28,1.6142578125
guenther2022relational,29,29,2.71337890625
guenther2022relational,29,30,3.69921875
guenther2022relational,29,31,2.20703125
guenther2022relational,29,32,2.826171875
guenther2022relational,29,33,2.044921875
guenther2022relational,29,34,4.75390625
guenther2022relational,29,35,6.0703125
guenther2022relational,29,36,1.8408203125
guenther2022relational,29,37,2.58642578125
guenther2022relational,29,38,2.81787109375
guenther2022relational,29,39,2.3203125
guenther2022relational,29,40,2.1884765625
guenther2022relational,29,41,1.65625
guenther2022relational,29,42,1.568359375
guenther2022relational,29,43,2.1484375
guenther2022relational,29,44,3.7109375
guenther2022relational,29,45,3.171875
guenther2022relational,29,46,1.7705078125
guenther2022relational,29,47,2.2919921875
guenther2022relational,29,48,1.5419921875
guenther2022relational,29,49,1.572265625
guenther2022relational,29,50,2.08984375
guenther2022relational,29,51,1.380859375
guenther2022relational,29,52,4.92822265625
guenther2022relational,29,53,0.9373779296875
guenther2022relational,29,54,3.61572265625
guenther2022relational,30,0,4.8984375
guenther2022relational,30,1,3.1561279296875
guenther2022relational,30,2,7.14501953125
guenther2022relational,30,3,2.744140625
guenther2022relational,30,4,2.9033203125
guenther2022relational,30,5,2.2021484375
guenther2022relational,30,6,2.7666015625
guenther2022relational,30,7,2.257080078125
guenther2022relational,30,8,1.3330078125
guenther2022relational,30,9,1.693359375
guenther2022relational,30,10,1.45751953125
guenther2022relational,30,11,1.06103515625
guenther2022relational,30,12,1.80126953125
guenther2022relational,30,13,4.37451171875
guenther2022relational,30,14,1.857421875
guenther2022relational,30,15,1.9375
guenther2022relational,30,16,0.78955078125
guenther2022relational,30,17,1.2646484375
guenther2022relational,30,18,1.171142578125
guenther2022relational,30,19,1.1611328125
guenther2022relational,30,20,1.4521484375
guenther2022relational,30,21,0.820281982421875
guenther2022relational,30,22,0.714599609375
guenther2022relational,30,23,5.998046875
guenther2022relational,30,24,1.218719482421875
guenther2022relational,30,25,1.304443359375
guenther2022relational,30,26,0.9334716796875
guenther2022relational,30,27,0.785125732421875
guenther2022relational,30,28,0.999755859375
guenther2022relational,30,29,4.09326171875
guenther2022relational,30,30,2.56201171875
guenther2022relational,30,31,3.570281982421875
guenther2022relational,30,32,3.97509765625
guenther2022relational,30,33,4.3583984375
guenther2022relational,30,34,1.140594482421875
guenther2022relational,30,35,1.6552734375
guenther2022relational,30,36,3.350830078125
guenther2022relational,30,37,2.1717529296875
guenther2022relational,30,38,4.8359375
guenther2022relational,30,39,1.63330078125
guenther2022relational,30,40,1.5146484375
guenther2022relational,30,41,4.4296875
guenther2022relational,30,42,2.05322265625
guenther2022relational,30,43,1.7861328125
guenther2022relational,30,44,4.6728515625
guenther2022relational,30,45,1.491943359375
guenther2022relational,30,46,1.43408203125
guenther2022relational,30,47,2.98974609375
guenther2022relational,30,48,6.3905029296875
guenther2022relational,30,49,3.5126953125
guenther2022relational,30,50,3.33447265625
guenther2022relational,30,51,4.06201171875
guenther2022relational,30,52,1.43896484375
guenther2022relational,30,53,2.46142578125
guenther2022relational,30,54,2.9033203125
guenther2022relational,31,0,3.9140625
guenther2022relational,31,1,2.1123046875
guenther2022relational,31,2,1.255859375
guenther2022relational,31,3,0.4569091796875
guenther2022relational,31,4,2.01171875
guenther2022relational,31,5,4.0859375
guenther2022relational,31,6,2.59375
guenther2022relational,31,7,1.1240234375
guenther2022relational,31,8,1.67578125
guenther2022relational,31,9,1.99609375
guenther2022relational,31,10,5.2568359375
guenther2022relational,31,11,4.33984375
guenther2022relational,31,12,2.1015625
guenther2022relational,31,13,1.96875
guenther2022relational,31,14,1.7744140625
guenther2022relational,31,15,1.373046875
guenther2022relational,31,16,2.42578125
guenther2022relational,31,17,1.62890625
guenther2022relational,31,18,4.361328125
guenther2022relational,31,19,4.3984375
guenther2022relational,31,20,2.544921875
guenther2022relational,31,21,2.8603515625
guenther2022relational,31,22,2.408203125
guenther2022relational,31,23,4.6220703125
guenther2022relational,31,24,1.181640625
guenther2022relational,31,25,2.77392578125
guenther2022relational,31,26,1.8916015625
guenther2022relational,31,27,2.177734375
guenther2022relational,31,28,4.7978515625
guenther2022relational,31,29,1.085205078125
guenther2022relational,31,30,1.7900390625
guenther2022relational,31,31,4.36572265625
guenther2022relational,31,32,1.7998046875
guenther2022relational,31,33,1.3564453125
guenther2022relational,31,34,1.90234375
guenther2022relational,31,35,2.8046875
guenther2022relational,31,36,2.014892578125
guenther2022relational,31,37,1.7275390625
guenther2022relational,31,38,4.1318359375
guenther2022relational,31,39,4.0068359375
guenther2022relational,31,40,2.009765625
guenther2022relational,31,41,1.1787109375
guenther2022relational,31,42,2.8525390625
guenther2022relational,31,43,3.83203125
guenther2022relational,31,44,2.02001953125
guenther2022relational,31,45,2.99609375
guenther2022relational,31,46,2.7041015625
guenther2022relational,31,47,2.83984375
guenther2022relational,31,48,3.615234375
guenther2022relational,31,49,2.060546875
guenther2022relational,31,50,4.2734375
guenther2022relational,31,51,2.2626953125
guenther2022relational,31,52,2.9541015625
guenther2022relational,31,53,2.15625
guenther2022relational,31,54,2.34912109375
guenther2022relational,32,0,3.515625
guenther2022relational,32,1,5.201171875
guenther2022relational,32,2,4.1953125
guenther2022relational,32,3,1.94140625
guenther2022relational,32,4,3.97265625
guenther2022relational,32,5,1.7216796875
guenther2022relational,32,6,2.689453125
guenther2022relational,32,7,4.76953125
guenther2022relational,32,8,2.4970703125
guenther2022relational,32,9,2.59375
guenther2022relational,32,10,3.7158203125
guenther2022relational,32,11,3.294921875
guenther2022relational,32,12,2.515625
guenther2022relational,32,13,3.259765625
guenther2022relational,32,14,2.0400390625
guenther2022relational,32,15,2.603515625
guenther2022relational,32,16,1.97265625
guenther2022relational,32,17,2.873046875
guenther2022relational,32,18,3.8837890625
guenther2022relational,32,19,2.74609375
guenther2022relational,32,20,1.16796875
guenther2022relational,32,21,1.9150390625
guenther2022relational,32,22,3.8720703125
guenther2022relational,32,23,3.13525390625
guenther2022relational,32,24,2.0595703125
guenther2022relational,32,25,4.2978515625
guenther2022relational,32,26,2.69384765625
guenther2022relational,32,27,3.2568359375
guenther2022relational,32,28,2.9921875
guenther2022relational,32,29,3.1982421875
guenther2022relational,32,30,4.30517578125
guenther2022relational,32,31,0.6834716796875
guenther2022relational,32,32,2.2919921875
guenther2022relational,32,33,2.9833984375
guenther2022relational,32,34,3.20947265625
guenther2022relational,32,35,2.0517578125
guenther2022relational,32,36,1.8037109375
guenther2022relational,32,37,2.21337890625
guenther2022relational,32,38,4.8671875
guenther2022relational,32,39,2.00390625
guenther2022relational,32,40,4.78125
guenther2022relational,32,41,3.23828125
guenther2022relational,32,42,2.048828125
guenther2022relational,32,43,1.56494140625
guenther2022relational,32,44,2.3017578125
guenther2022relational,32,45,4.5283203125
guenther2022relational,32,46,3.6884765625
guenther2022relational,32,47,2.75390625
guenther2022relational,32,48,3.9267578125
guenther2022relational,32,49,4.716796875
guenther2022relational,32,50,3.3505859375
guenther2022relational,32,51,2.7783203125
guenther2022relational,32,52,3.6640625
guenther2022relational,32,53,2.05712890625
guenther2022relational,32,54,2.55712890625
guenther2022relational,33,0,3.757781982421875
guenther2022relational,33,1,0.5615234375
guenther2022relational,33,2,2.929443359375
guenther2022relational,33,3,4.2939453125
guenther2022relational,33,4,2.26025390625
guenther2022relational,33,5,1.56787109375
guenther2022relational,33,6,1.48681640625
guenther2022relational,33,7,2.95751953125
guenther2022relational,33,8,1.50634765625
guenther2022relational,33,9,2.100830078125
guenther2022relational,33,10,4.225830078125
guenther2022relational,33,11,1.79443359375
guenther2022relational,33,12,4.2333984375
guenther2022relational,33,13,2.38330078125
guenther2022relational,33,14,2.445068359375
guenther2022relational,33,15,1.4061279296875
guenther2022relational,33,16,2.053955078125
guenther2022relational,33,17,4.029296875
guenther2022relational,33,18,3.94384765625
guenther2022relational,33,19,2.43701171875
guenther2022relational,33,20,2.350830078125
guenther2022relational,33,21,2.4373779296875
guenther2022relational,33,22,3.866943359375
guenther2022relational,33,23,2.00390625
guenther2022relational,33,24,1.0341796875
guenther2022relational,33,25,1.54541015625
guenther2022relational,33,26,3.65576171875
guenther2022relational,33,27,0.871063232421875
guenther2022relational,33,28,3.326171875
guenther2022relational,33,29,2.52197265625
guenther2022relational,33,30,2.36376953125
guenther2022relational,33,31,3.97509765625
guenther2022relational,33,32,1.8505859375
guenther2022relational,33,33,2.289031982421875
guenther2022relational,33,34,2.62109375
guenther2022relational,33,35,1.9061279296875
guenther2022relational,33,36,1.710906982421875
guenther2022relational,33,37,1.999969482421875
guenther2022relational,33,38,1.64794921875
guenther2022relational,33,39,3.1396484375
guenther2022relational,33,40,2.07763671875
guenther2022relational,33,41,0.558349609375
guenther2022relational,33,42,1.1171875
guenther2022relational,33,43,1.812469482421875
guenther2022relational,33,44,1.453125
guenther2022relational,33,45,1.2264404296875
guenther2022relational,33,46,2.24072265625
guenther2022relational,33,47,1.4764404296875
guenther2022relational,33,48,4.4530029296875
guenther2022relational,33,49,3.78662109375
guenther2022relational,33,50,2.86572265625
guenther2022relational,33,51,1.296844482421875
guenther2022relational,33,52,1.140625
guenther2022relational,33,53,1.968017578125
guenther2022relational,33,54,2.100830078125
guenther2022relational,34,0,2.972625732421875
guenther2022relational,34,1,0.43701171875
guenther2022relational,34,2,0.681640625
guenther2022relational,34,3,7.0439453125
guenther2022relational,34,4,3.748046875
guenther2022relational,34,5,2.913818359375
guenther2022relational,34,6,2.9375
guenther2022relational,34,7,2.56201171875
guenther2022relational,34,8,1.7275390625
guenther2022relational,34,9,1.732421875
guenther2022relational,34,10,1.6806640625
guenther2022relational,34,11,2.18359375
guenther2022relational,34,12,2.43017578125
guenther2022relational,34,13,4.416015625
guenther2022relational,34,14,3.2655029296875
guenther2022relational,34,15,2.3818359375
guenther2022relational,34,16,2.4189453125
guenther2022relational,34,17,2.1259765625
guenther2022relational,34,18,4.9482421875
guenther2022relational,34,19,2.65234375
guenther2022relational,34,20,2.24267578125
guenther2022relational,34,21,1.8564453125
guenther2022relational,34,22,2.67578125
guenther2022relational,34,23,0.8759765625
guenther2022relational,34,24,5.5
guenther2022relational,34,25,1.897705078125
guenther2022relational,34,26,2.15234375
guenther2022relational,34,27,3.2900390625
guenther2022relational,34,28,4.4287109375
guenther2022relational,34,29,1.97705078125
guenther2022relational,34,30,2.39892578125
guenther2022relational,34,31,1.5126953125
guenther2022relational,34,32,3.5595703125
guenther2022relational,34,33,4.06787109375
guenther2022relational,34,34,4.913330078125
guenther2022relational,34,35,1.93603515625
guenther2022relational,34,36,2.460693359375
guenther2022relational,34,37,2.17822265625
guenther2022relational,34,38,1.560546875
guenther2022relational,34,39,1.5927734375
guenther2022relational,34,40,2.3251953125
guenther2022relational,34,41,1.656219482421875
guenther2022relational,34,42,2.005859375
guenther2022relational,34,43,2.736328125
guenther2022relational,34,44,1.57763671875
guenther2022relational,34,45,4.1044921875
guenther2022relational,34,46,3.4345703125
guenther2022relational,34,47,1.830078125
guenther2022relational,34,48,2.7880859375
guenther2022relational,34,49,3.734375
guenther2022relational,34,50,4.359375
guenther2022relational,34,51,2.61767578125
guenther2022relational,34,52,3.6318359375
guenther2022relational,34,53,3.359375
guenther2022relational,34,54,3.8603515625
guenther2022relational,35,0,3.316375732421875
guenther2022relational,35,1,3.4267578125
guenther2022relational,35,2,3.4345703125
guenther2022relational,35,3,1.7734375
guenther2022relational,35,4,3.2275390625
guenther2022relational,35,5,2.6337890625
guenther2022relational,35,6,3.1953125
guenther2022relational,35,7,1.2030029296875
guenther2022relational,35,8,4.345703125
guenther2022relational,35,9,1.4873046875
guenther2022relational,35,10,1.874267578125
guenther2022relational,35,11,1.638671875
guenther2022relational,35,12,4.59326171875
guenther2022relational,35,13,2.4755859375
guenther2022relational,35,14,0.8876953125
guenther2022relational,35,15,2.1865234375
guenther2022relational,35,16,1.53076171875
guenther2022relational,35,17,1.991943359375
guenther2022relational,35,18,4.554443359375
guenther2022relational,35,19,2.8642578125
guenther2022relational,35,20,1.514892578125
guenther2022relational,35,21,1.41259765625
guenther2022relational,35,22,4.3280029296875
guenther2022relational,35,23,2.15576171875
guenther2022relational,35,24,4.248046875
guenther2022relational,35,25,2.4501953125
guenther2022relational,35,26,4.2021484375
guenther2022relational,35,27,2.6240234375
guenther2022relational,35,28,2.701171875
guenther2022relational,35,29,2.8212890625
guenther2022relational,35,30,1.679656982421875
guenther2022relational,35,31,1.41259765625
guenther2022relational,35,32,2.3408203125
guenther2022relational,35,33,2.70849609375
guenther2022relational,35,34,6.296875
guenther2022relational,35,35,1.764892578125
guenther2022relational,35,36,4.7967529296875
guenther2022relational,35,37,2.63134765625
guenther2022relational,35,38,2.44921875
guenther2022relational,35,39,1.6170654296875
guenther2022relational,35,40,2.935546875
guenther2022relational,35,41,1.91845703125
guenther2022relational,35,42,2.7216796875
guenther2022relational,35,43,3.3896484375
guenther2022relational,35,44,2.248046875
guenther2022relational,35,45,2.663330078125
guenther2022relational,35,46,4.08984375
guenther2022relational,35,47,4.529296875
guenther2022relational,35,48,2.14892578125
guenther2022relational,35,49,2.18701171875
guenther2022relational,35,50,3.742156982421875
guenther2022relational,35,51,3.67822265625
guenther2022relational,35,52,3.1405029296875
guenther2022relational,35,53,2.4052734375
guenther2022relational,35,54,2.185546875
guenther2022relational,36,0,4.9375
guenther2022relational,36,1,6.025390625
guenther2022relational,36,2,2.5703125
guenther2022relational,36,3,1.2412109375
guenther2022relational,36,4,2.796875
guenther2022relational,36,5,3.60546875
guenther2022relational,36,6,2.15625
guenther2022relational,36,7,1.09375
guenther2022relational,36,8,2.3837890625
guenther2022relational,36,9,2.79296875
guenther2022relational,36,10,3.4658203125
guenther2022relational,36,11,1.84228515625
guenther2022relational,36,12,5.16015625
guenther2022relational,36,13,2.6220703125
guenther2022relational,36,14,1.8134765625
guenther2022relational,36,15,2.725830078125
guenther2022relational,36,16,1.9072265625
guenther2022relational,36,17,2.61328125
guenther2022relational,36,18,2.107421875
guenther2022relational,36,19,2.18017578125
guenther2022relational,36,20,1.6025390625
guenther2022relational,36,21,2.47021484375
guenther2022relational,36,22,2.22265625
guenther2022relational,36,23,2.10400390625
guenther2022relational,36,24,1.818359375
guenther2022relational,36,25,3.623046875
guenther2022relational,36,26,2.6337890625
guenther2022relational,36,27,2.4814453125
guenther2022relational,36,28,2.8271484375
guenther2022relational,36,29,2.390625
guenther2022relational,36,30,2.4228515625
guenther2022relational,36,31,2.060546875
guenther2022relational,36,32,2.3232421875
guenther2022relational,36,33,2.21484375
guenther2022relational,36,34,2.36328125
guenther2022relational,36,35,3.060546875
guenther2022relational,36,36,2.33447265625
guenther2022relational,36,37,3.3857421875
guenther2022relational,36,38,2.3955078125
guenther2022relational,36,39,4.20751953125
guenther2022relational,36,40,2.52587890625
guenther2022relational,36,41,3.125
guenther2022relational,36,42,2.2568359375
guenther2022relational,36,43,2.869140625
guenther2022relational,36,44,1.95703125
guenther2022relational,36,45,3.820068359375
guenther2022relational,36,46,2.1259765625
guenther2022relational,36,47,2.1494140625
guenther2022relational,36,48,1.98046875
guenther2022relational,36,49,1.51953125
guenther2022relational,36,50,2.7431640625
guenther2022relational,36,51,2.64453125
guenther2022relational,36,52,1.47021484375
guenther2022relational,36,53,2.5380859375
guenther2022relational,36,54,2.4765625
guenther2022relational,37,0,3.718719482421875
guenther2022relational,37,1,4.2578125
guenther2022relational,37,2,3.87890625
guenther2022relational,37,3,2.7421875
guenther2022relational,37,4,2.16650390625
guenther2022relational,37,5,2.2294921875
guenther2022relational,37,6,2.5419921875
guenther2022relational,37,7,3.30126953125
guenther2022relational,37,8,1.77197265625
guenther2022relational,37,9,2.69775390625
guenther2022relational,37,10,2.4462890625
guenther2022relational,37,11,1.77392578125
guenther2022relational,37,12,1.757080078125
guenther2022relational,37,13,2.8203125
guenther2022relational,37,14,1.0439453125
guenther2022relational,37,15,5.1943359375
guenther2022relational,37,16,2.30322265625
guenther2022relational,37,17,4.08642578125
guenther2022relational,37,18,3.8984375
guenther2022relational,37,19,3.7900390625
guenther2022relational,37,20,2.40234375
guenther2022relational,37,21,2.74072265625
guenther2022relational,37,22,2.5751953125
guenther2022relational,37,23,3.8525390625
guenther2022relational,37,24,4.0517578125
guenther2022relational,37,25,2.9169921875
guenther2022relational,37,26,1.78759765625
guenther2022relational,37,27,1.6865234375
guenther2022relational,37,28,3.77587890625
guenther2022relational,37,29,2.498046875
guenther2022relational,37,30,1.8837890625
guenther2022relational,37,31,3.19775390625
guenther2022relational,37,32,2.86474609375
guenther2022relational,37,33,1.187469482421875
guenther2022relational,37,34,2.92626953125
guenther2022relational,37,35,1.9921875
guenther2022relational,37,36,3.171875
guenther2022relational,37,37,2.4189453125
guenther2022relational,37,38,2.35546875
guenther2022relational,37,39,2.6357421875
guenther2022relational,37,40,2.484375
guenther2022relational,37,41,1.970703125
guenther2022relational,37,42,1.74609375
guenther2022relational,37,43,2.4013671875
guenther2022relational,37,44,1.741455078125
guenther2022relational,37,45,2.038330078125
guenther2022relational,37,46,2.76708984375
guenther2022relational,37,47,2.66650390625
guenther2022relational,37,48,2.8486328125
guenther2022relational,37,49,3.17578125
guenther2022relational,37,50,1.5556640625
guenther2022relational,37,51,3.7919921875
guenther2022relational,37,52,4.13525390625
guenther2022relational,37,53,3.2265625
guenther2022relational,37,54,2.9443359375
guenther2022relational,38,0,4.42578125
guenther2022relational,38,1,4.9609375
guenther2022relational,38,2,2.83984375
guenther2022relational,38,3,5.630859375
guenther2022relational,38,4,3.34765625
guenther2022relational,38,5,3.8876953125
guenther2022relational,38,6,3.4970703125
guenther2022relational,38,7,3.7578125
guenther2022relational,38,8,3.1943359375
guenther2022relational,38,9,1.8193359375
guenther2022relational,38,10,2.23876953125
guenther2022relational,38,11,3.072265625
guenther2022relational,38,12,2.90234375
guenther2022relational,38,13,2.9169921875
guenther2022relational,38,14,2.384765625
guenther2022relational,38,15,2.6640625
guenther2022relational,38,16,3.6171875
guenther2022relational,38,17,2.478515625
guenther2022relational,38,18,2.19775390625
guenther2022relational,38,19,3.6845703125
guenther2022relational,38,20,1.091796875
guenther2022relational,38,21,3.0166015625
guenther2022relational,38,22,2.0283203125
guenther2022relational,38,23,3.025390625
guenther2022relational,38,24,2.34326171875
guenther2022relational,38,25,2.96875
guenther2022relational,38,26,2.31787109375
guenther2022relational,38,27,2.3193359375
guenther2022relational,38,28,3.357421875
guenther2022relational,38,29,3.44140625
guenther2022relational,38,30,2.251953125
guenther2022relational,38,31,3.99072265625
guenther2022relational,38,32,2.2587890625
guenther2022relational,38,33,3.03076171875
guenther2022relational,38,34,2.2451171875
guenther2022relational,38,35,3.96142578125
guenther2022relational,38,36,2.38525390625
guenther2022relational,38,37,2.8251953125
guenther2022relational,38,38,2.55517578125
guenther2022relational,38,39,3.45751953125
guenther2022relational,38,40,4.83984375
guenther2022relational,38,41,2.1064453125
guenther2022relational,38,42,2.28662109375
guenther2022relational,38,43,2.04931640625
guenther2022relational,38,44,2.1123046875
guenther2022relational,38,45,2.2353515625
guenther2022relational,38,46,2.0478515625
guenther2022relational,38,47,4.296875
guenther2022relational,38,48,2.703125
guenther2022relational,38,49,1.3056640625
guenther2022relational,38,50,3.1484375
guenther2022relational,38,51,2.44189453125
guenther2022relational,38,52,1.78662109375
guenther2022relational,38,53,2.647705078125
guenther2022relational,38,54,3.74267578125
guenther2022relational,39,0,6.0
guenther2022relational,39,1,2.982421875
guenther2022relational,39,2,1.9609375
guenther2022relational,39,3,3.3251953125
guenther2022relational,39,4,2.13671875
guenther2022relational,39,5,3.1015625
guenther2022relational,39,6,2.4130859375
guenther2022relational,39,7,2.97412109375
guenther2022relational,39,8,0.9803466796875
guenther2022relational,39,9,3.59765625
guenther2022relational,39,10,2.37451171875
guenther2022relational,39,11,1.8310546875
guenther2022relational,39,12,3.71142578125
guenther2022relational,39,13,2.195068359375
guenther2022relational,39,14,3.65625
guenther2022relational,39,15,1.843017578125
guenther2022relational,39,16,2.70947265625
guenther2022relational,39,17,2.810546875
guenther2022relational,39,18,1.529296875
guenther2022relational,39,19,1.4482421875
guenther2022relational,39,20,1.865234375
guenther2022relational,39,21,3.4541015625
guenther2022relational,39,22,2.623046875
guenther2022relational,39,23,2.398193359375
guenther2022relational,39,24,2.2967529296875
guenther2022relational,39,25,2.35888671875
guenther2022relational,39,26,1.9373779296875
guenther2022relational,39,27,3.12451171875
guenther2022relational,39,28,1.93798828125
guenther2022relational,39,29,4.3592529296875
guenther2022relational,39,30,6.0
guenther2022relational,39,31,3.0380859375
guenther2022relational,39,32,3.74267578125
guenther2022relational,39,33,2.45849609375
guenther2022relational,39,34,3.257568359375
guenther2022relational,39,35,1.74951171875
guenther2022relational,39,36,2.194580078125
guenther2022relational,39,37,2.50537109375
guenther2022relational,39,38,2.46826171875
guenther2022relational,39,39,1.41796875
guenther2022relational,39,40,1.80859375
guenther2022relational,39,41,2.0751953125
guenther2022relational,39,42,2.03515625
guenther2022relational,39,43,2.42626953125
guenther2022relational,39,44,2.414031982421875
guenther2022relational,39,45,1.84814453125
guenther2022relational,39,46,2.529296875
guenther2022relational,39,47,2.75537109375
guenther2022relational,39,48,6.1845703125
guenther2022relational,39,49,2.43212890625
guenther2022relational,39,50,2.10400390625
guenther2022relational,39,51,4.3212890625
guenther2022relational,39,52,2.8876953125
guenther2022relational,39,53,1.95263671875
guenther2022relational,39,54,2.320281982421875
guenther2022relational,40,0,3.652313232421875
guenther2022relational,40,1,5.6953125
guenther2022relational,40,2,3.33251953125
guenther2022relational,40,3,3.4599609375
guenther2022relational,40,4,3.40576171875
guenther2022relational,40,5,3.0908203125
guenther2022relational,40,6,2.2744140625
guenther2022relational,40,7,1.4423828125
guenther2022relational,40,8,2.630859375
guenther2022relational,40,9,3.52392578125
guenther2022relational,40,10,3.68017578125
guenther2022relational,40,11,1.615234375
guenther2022relational,40,12,2.632568359375
guenther2022relational,40,13,3.4765625
guenther2022relational,40,14,1.78173828125
guenther2022relational,40,15,4.43359375
guenther2022relational,40,16,1.9755859375
guenther2022relational,40,17,1.689453125
guenther2022relational,40,18,1.88720703125
guenther2022relational,40,19,1.904296875
guenther2022relational,40,20,2.15625
guenther2022relational,40,21,1.986328125
guenther2022relational,40,22,3.0146484375
guenther2022relational,40,23,2.5830078125
guenther2022relational,40,24,2.83251953125
guenther2022relational,40,25,0.839599609375
guenther2022relational,40,26,1.82275390625
guenther2022relational,40,27,1.87353515625
guenther2022relational,40,28,1.8115234375
guenther2022relational,40,29,1.591796875
guenther2022relational,40,30,2.421875
guenther2022relational,40,31,4.3232421875
guenther2022relational,40,32,2.517578125
guenther2022relational,40,33,3.17578125
guenther2022relational,40,34,3.5390625
guenther2022relational,40,35,2.7763671875
guenther2022relational,40,36,1.025390625
guenther2022relational,40,37,1.470703125
guenther2022relational,40,38,2.435546875
guenther2022relational,40,39,2.623046875
guenther2022relational,40,40,4.2734375
guenther2022relational,40,41,2.09326171875
guenther2022relational,40,42,1.89501953125
guenther2022relational,40,43,1.8515625
guenther2022relational,40,44,2.572265625
guenther2022relational,40,45,4.20703125
guenther2022relational,40,46,3.671875
guenther2022relational,40,47,3.421875
guenther2022relational,40,48,2.5107421875
guenther2022relational,40,49,2.615234375
guenther2022relational,40,50,3.2890625
guenther2022relational,40,51,2.6630859375
guenther2022relational,40,52,1.98828125
guenther2022relational,40,53,1.98828125
guenther2022relational,40,54,2.45703125
guenther2022relational,41,0,5.15618896484375
guenther2022relational,41,1,3.49267578125
guenther2022relational,41,2,3.515625
guenther2022relational,41,3,2.460205078125
guenther2022relational,41,4,2.19189453125
guenther2022relational,41,5,7.5
guenther2022relational,41,6,1.896484375
guenther2022relational,41,7,3.2451171875
guenther2022relational,41,8,2.373046875
guenther2022relational,41,9,4.5283203125
guenther2022relational,41,10,2.8505859375
guenther2022relational,41,11,2.48583984375
guenther2022relational,41,12,4.4453125
guenther2022relational,41,13,6.7890625
guenther2022relational,41,14,2.21484375
guenther2022relational,41,15,1.912109375
guenther2022relational,41,16,6.2783203125
guenther2022relational,41,17,2.87109375
guenther2022relational,41,18,4.29150390625
guenther2022relational,41,19,2.5380859375
guenther2022relational,41,20,3.3125
guenther2022relational,41,21,1.291015625
guenther2022relational,41,22,3.3974609375
guenther2022relational,41,23,2.66015625
guenther2022relational,41,24,2.71484375
guenther2022relational,41,25,2.9169921875
guenther2022relational,41,26,2.29833984375
guenther2022relational,41,27,1.3837890625
guenther2022relational,41,28,3.52734375
guenther2022relational,41,29,2.0888671875
guenther2022relational,41,30,2.19921875
guenther2022relational,41,31,0.99462890625
guenther2022relational,41,32,1.8603515625
guenther2022relational,41,33,3.9921875
guenther2022relational,41,34,3.8974609375
guenther2022relational,41,35,2.03076171875
guenther2022relational,41,36,3.4921875
guenther2022relational,41,37,5.08251953125
guenther2022relational,41,38,2.52734375
guenther2022relational,41,39,2.03955078125
guenther2022relational,41,40,4.2421875
guenther2022relational,41,41,2.9072265625
guenther2022relational,41,42,1.9462890625
guenther2022relational,41,43,3.7626953125
guenther2022relational,41,44,1.55078125
guenther2022relational,41,45,2.109375
guenther2022relational,41,46,2.89697265625
guenther2022relational,41,47,4.61083984375
guenther2022relational,41,48,4.054443359375
guenther2022relational,41,49,2.6962890625
guenther2022relational,41,50,1.7001953125
guenther2022relational,41,51,3.93359375
guenther2022relational,41,52,3.72265625
guenther2022relational,41,53,1.7724609375
guenther2022relational,41,54,3.66259765625
guenther2022relational,42,0,2.644500732421875
guenther2022relational,42,1,1.001953125
guenther2022relational,42,2,4.335906982421875
guenther2022relational,42,3,3.33203125
guenther2022relational,42,4,1.640625
guenther2022relational,42,5,1.20703125
guenther2022relational,42,6,4.015625
guenther2022relational,42,7,1.19921875
guenther2022relational,42,8,1.69140625
guenther2022relational,42,9,1.64453125
guenther2022relational,42,10,5.8984375
guenther2022relational,42,11,3.822265625
guenther2022relational,42,12,3.2919921875
guenther2022relational,42,13,3.19140625
guenther2022relational,42,14,2.76953125
guenther2022relational,42,15,1.1767578125
guenther2022relational,42,16,2.2392578125
guenther2022relational,42,17,2.46875
guenther2022relational,42,18,3.021484375
guenther2022relational,42,19,1.6279296875
guenther2022relational,42,20,2.80517578125
guenther2022relational,42,21,3.551727294921875
guenther2022relational,42,22,2.64892578125
guenther2022relational,42,23,2.05615234375
guenther2022relational,42,24,1.93798828125
guenther2022relational,42,25,1.859375
guenther2022relational,42,26,3.3603515625
guenther2022relational,42,27,1.708984375
guenther2022relational,42,28,4.3212890625
guenther2022relational,42,29,3.83984375
guenther2022relational,42,30,2.1337890625
guenther2022relational,42,31,5.163330078125
guenther2022relational,42,32,2.90234375
guenther2022relational,42,33,2.626953125
guenther2022relational,42,34,2.3505859375
guenther2022relational,42,35,2.341796875
guenther2022relational,42,36,3.0634765625
guenther2022relational,42,37,3.13037109375
guenther2022relational,42,38,2.37646484375
guenther2022relational,42,39,2.7158203125
guenther2022relational,42,40,3.99462890625
guenther2022relational,42,41,2.0400390625
guenther2022relational,42,42,2.39501953125
guenther2022relational,42,43,3.294921875
guenther2022relational,42,44,3.3046875
guenther2022relational,42,45,4.5908203125
guenther2022relational,42,46,4.9375
guenther2022relational,42,47,3.8564453125
guenther2022relational,42,48,2.17626953125
guenther2022relational,42,49,4.171875
guenther2022relational,42,50,4.453125
guenther2022relational,42,51,2.83447265625
guenther2022relational,42,52,2.7900390625
guenther2022relational,42,53,3.666015625
guenther2022relational,42,54,2.4892578125
guenther2022relational,43,0,2.648406982421875
guenther2022relational,43,1,5.6220703125
guenther2022relational,43,2,1.54345703125
guenther2022relational,43,3,2.5712890625
guenther2022relational,43,4,3.4248046875
guenther2022relational,43,5,2.538330078125
guenther2022relational,43,6,2.39697265625
guenther2022relational,43,7,2.5
guenther2022relational,43,8,3.908203125
guenther2022relational,43,9,3.212890625
guenther2022relational,43,10,2.0859375
guenther2022relational,43,11,5.1416015625
guenther2022relational,43,12,3.35205078125
guenther2022relational,43,13,2.4443359375
guenther2022relational,43,14,4.45703125
guenther2022relational,43,15,2.46142578125
guenther2022relational,43,16,3.5400390625
guenther2022relational,43,17,3.00390625
guenther2022relational,43,18,2.34765625
guenther2022relational,43,19,2.94140625
guenther2022relational,43,20,3.8515625
guenther2022relational,43,21,2.3603515625
guenther2022relational,43,22,4.955078125
guenther2022relational,43,23,2.365234375
guenther2022relational,43,24,3.3515625
guenther2022relational,43,25,3.880859375
guenther2022relational,43,26,3.39892578125
guenther2022relational,43,27,2.5322265625
guenther2022relational,43,28,3.310546875
guenther2022relational,43,29,2.8916015625
guenther2022relational,43,30,4.2646484375
guenther2022relational,43,31,2.6357421875
guenther2022relational,43,32,2.08251953125
guenther2022relational,43,33,3.27001953125
guenther2022relational,43,34,2.4794921875
guenther2022relational,43,35,2.28125
guenther2022relational,43,36,2.2880859375
guenther2022relational,43,37,2.0498046875
guenther2022relational,43,38,3.3212890625
guenther2022relational,43,39,1.850830078125
guenther2022relational,43,40,3.0322265625
guenther2022relational,43,41,2.35400390625
guenther2022relational,43,42,2.59326171875
guenther2022relational,43,43,4.701171875
guenther2022relational,43,44,2.921875
guenther2022relational,43,45,1.8046875
guenther2022relational,43,46,1.9423828125
guenther2022relational,43,47,2.1689453125
guenther2022relational,43,48,3.15234375
guenther2022relational,43,49,2.052734375
guenther2022relational,43,50,2.89892578125
guenther2022relational,43,51,2.6220703125
guenther2022relational,43,52,2.447265625
guenther2022relational,43,53,2.43359375
guenther2022relational,43,54,2.33984375
guenther2022relational,44,0,2.384765625
guenther2022relational,44,1,6.4169921875
guenther2022relational,44,2,1.9013671875
guenther2022relational,44,3,2.5390625
guenther2022relational,44,4,3.2900390625
guenther2022relational,44,5,3.09765625
guenther2022relational,44,6,2.984375
guenther2022relational,44,7,1.791015625
guenther2022relational,44,8,3.58984375
guenther2022relational,44,9,2.388671875
guenther2022relational,44,10,2.5068359375
guenther2022relational,44,11,3.77197265625
guenther2022relational,44,12,3.59375
guenther2022relational,44,13,2.529296875
guenther2022relational,44,14,1.98828125
guenther2022relational,44,15,1.7958984375
guenther2022relational,44,16,1.5439453125
guenther2022relational,44,17,3.529296875
guenther2022relational,44,18,2.14599609375
guenther2022relational,44,19,3.19287109375
guenther2022relational,44,20,2.9033203125
guenther2022relational,44,21,2.505859375
guenther2022relational,44,22,2.0380859375
guenther2022relational,44,23,4.3251953125
guenther2022relational,44,24,1.6951904296875
guenther2022relational,44,25,1.0537109375
guenther2022relational,44,26,1.740234375
guenther2022relational,44,27,3.4814453125
guenther2022relational,44,28,2.4217529296875
guenther2022relational,44,29,2.554443359375
guenther2022relational,44,30,2.38037109375
guenther2022relational,44,31,2.929443359375
guenther2022relational,44,32,2.74072265625
guenther2022relational,44,33,1.96826171875
guenther2022relational,44,34,2.22900390625
guenther2022relational,44,35,1.63818359375
guenther2022relational,44,36,2.4345703125
guenther2022relational,44,37,2.6873779296875
guenther2022relational,44,38,1.849609375
guenther2022relational,44,39,3.875
guenther2022relational,44,40,2.19287109375
guenther2022relational,44,41,4.1767578125
guenther2022relational,44,42,2.3994140625
guenther2022relational,44,43,2.52734375
guenther2022relational,44,44,1.97314453125
guenther2022relational,44,45,2.00537109375
guenther2022relational,44,46,1.906005859375
guenther2022relational,44,47,3.99072265625
guenther2022relational,44,48,1.7802734375
guenther2022relational,44,49,2.1650390625
guenther2022relational,44,50,1.234344482421875
guenther2022relational,44,51,1.72265625
guenther2022relational,44,52,2.42138671875
guenther2022relational,44,53,1.96728515625
guenther2022relational,44,54,1.60986328125
guenther2022relational,45,0,2.722625732421875
guenther2022relational,45,1,1.0078125
guenther2022relational,45,2,0.37158203125
guenther2022relational,45,3,5.80859375
guenther2022relational,45,4,2.95849609375
guenther2022relational,45,5,1.8564453125
guenther2022relational,45,6,1.32421875
guenther2022relational,45,7,1.353515625
guenther2022relational,45,8,1.92724609375
guenther2022relational,45,9,1.779296875
guenther2022relational,45,10,1.09912109375
guenther2022relational,45,11,1.2666015625
guenther2022relational,45,12,0.69970703125
guenther2022relational,45,13,0.78271484375
guenther2022relational,45,14,1.312255859375
guenther2022relational,45,15,1.796142578125
guenther2022relational,45,16,0.34228515625
guenther2022relational,45,17,3.359375
guenther2022relational,45,18,0.72900390625
guenther2022relational,45,19,0.79296875
guenther2022relational,45,20,1.9521484375
guenther2022relational,45,21,0.928955078125
guenther2022relational,45,22,4.5467529296875
guenther2022relational,45,23,1.001953125
guenther2022relational,45,24,5.98876953125
guenther2022relational,45,25,3.20947265625
guenther2022relational,45,26,3.835693359375
guenther2022relational,45,27,2.179443359375
guenther2022relational,45,28,3.65576171875
guenther2022relational,45,29,0.81884765625
guenther2022relational,45,30,0.8037109375
guenther2022relational,45,31,1.6951904296875
guenther2022relational,45,32,0.714111328125
guenther2022relational,45,33,0.75341796875
guenther2022relational,45,34,1.011474609375
guenther2022relational,45,35,3.7021484375
guenther2022relational,45,36,0.71826171875
guenther2022relational,45,37,3.9189453125
guenther2022relational,45,38,1.2021484375
guenther2022relational,45,39,0.82861328125
guenther2022relational,45,40,0.6092529296875
guenther2022relational,45,41,0.5869140625
guenther2022relational,45,42,2.5458984375
guenther2022relational,45,43,0.7353515625
guenther2022relational,45,44,4.1796875
guenther2022relational,45,45,3.1025390625
guenther2022relational,45,46,1.398193359375
guenther2022relational,45,47,4.100830078125
guenther2022relational,45,48,3.6708984375
guenther2022relational,45,49,0.93408203125
guenther2022relational,45,50,4.91650390625
guenther2022relational,45,51,5.273193359375
guenther2022relational,45,52,3.9208984375
guenther2022relational,45,53,2.928955078125
guenther2022relational,45,54,0.8583984375
guenther2022relational,46,0,6.117156982421875
guenther2022relational,46,1,0.8828125
guenther2022relational,46,2,5.80859375
guenther2022relational,46,3,2.5419921875
guenther2022relational,46,4,1.939453125
guenther2022relational,46,5,2.804443359375
guenther2022relational,46,6,1.14599609375
guenther2022relational,46,7,1.59912109375
guenther2022relational,46,8,6.875
guenther2022relational,46,9,2.64453125
guenther2022relational,46,10,4.9794921875
guenther2022relational,46,11,1.7568359375
guenther2022relational,46,12,1.4814453125
guenther2022relational,46,13,3.5078125
guenther2022relational,46,14,3.48388671875
guenther2022relational,46,15,3.40625
guenther2022relational,46,16,2.8828125
guenther2022relational,46,17,2.705078125
guenther2022relational,46,18,3.25390625
guenther2022relational,46,19,3.23046875
guenther2022relational,46,20,2.630859375
guenther2022relational,46,21,2.40234375
guenther2022relational,46,22,4.28515625
guenther2022relational,46,23,2.625
guenther2022relational,46,24,2.39453125
guenther2022relational,46,25,1.92578125
guenther2022relational,46,26,1.5654296875
guenther2022relational,46,27,6.3515625
guenther2022relational,46,28,1.5634765625
guenther2022relational,46,29,3.0712890625
guenther2022relational,46,30,2.4775390625
guenther2022relational,46,31,3.046875
guenther2022relational,46,32,3.7158203125
guenther2022relational,46,33,3.02734375
guenther2022relational,46,34,1.4462890625
guenther2022relational,46,35,1.984375
guenther2022relational,46,36,3.05859375
guenther2022relational,46,37,4.994140625
guenther2022relational,46,38,2.390625
guenther2022relational,46,39,1.880859375
guenther2022relational,46,40,1.2490234375
guenther2022relational,46,41,3.408203125
guenther2022relational,46,42,1.412109375
guenther2022relational,46,43,1.1220703125
guenther2022relational,46,44,1.490234375
guenther2022relational,46,45,2.0078125
guenther2022relational,46,46,3.5634765625
guenther2022relational,46,47,3.65234375
guenther2022relational,46,48,2.748046875
guenther2022relational,46,49,2.943359375
guenther2022relational,46,50,4.1318359375
guenther2022relational,46,51,3.0380859375
guenther2022relational,46,52,2.3330078125
guenther2022relational,46,53,2.17578125
guenther2022relational,46,54,3.912109375
guenther2022relational,47,0,3.4765625
guenther2022relational,47,1,5.13037109375
guenther2022relational,47,2,4.2216796875
guenther2022relational,47,3,2.5703125
guenther2022relational,47,4,5.44921875
guenther2022relational,47,5,2.576171875
guenther2022relational,47,6,3.466796875
guenther2022relational,47,7,2.828125
guenther2022relational,47,8,1.74609375
guenther2022relational,47,9,3.7041015625
guenther2022relational,47,10,3.5
guenther2022relational,47,11,1.4765625
guenther2022relational,47,12,2.494140625
guenther2022relational,47,13,1.80859375
guenther2022relational,47,14,2.45703125
guenther2022relational,47,15,3.0546875
guenther2022relational,47,16,1.98828125
guenther2022relational,47,17,3.1640625
guenther2022relational,47,18,2.05859375
guenther2022relational,47,19,4.21826171875
guenther2022relational,47,20,1.6298828125
guenther2022relational,47,21,4.1669921875
guenther2022relational,47,22,3.6142578125
guenther2022relational,47,23,2.904296875
guenther2022relational,47,24,2.296875
guenther2022relational,47,25,2.3203125
guenther2022relational,47,26,1.4248046875
guenther2022relational,47,27,3.3828125
guenther2022relational,47,28,1.218017578125
guenther2022relational,47,29,1.58203125
guenther2022relational,47,30,4.33642578125
guenther2022relational,47,31,3.4794921875
guenther2022relational,47,32,1.69140625
guenther2022relational,47,33,3.9326171875
guenther2022relational,47,34,1.53173828125
guenther2022relational,47,35,2.98876953125
guenther2022relational,47,36,4.08251953125
guenther2022relational,47,37,1.95751953125
guenther2022relational,47,38,1.4736328125
guenther2022relational,47,39,3.2421875
guenther2022relational,47,40,3.56787109375
guenther2022relational,47,41,1.3115234375
guenther2022relational,47,42,3.2333984375
guenther2022relational,47,43,1.74267578125
guenther2022relational,47,44,3.3466796875
guenther2022relational,47,45,2.24072265625
guenther2022relational,47,46,2.52392578125
guenther2022relational,47,47,4.01953125
guenther2022relational,47,48,2.34765625
guenther2022relational,47,49,5.18359375
guenther2022relational,47,50,1.9228515625
guenther2022relational,47,51,3.26171875
guenther2022relational,47,52,3.43359375
guenther2022relational,47,53,2.8857421875
guenther2022relational,47,54,4.126953125
guenther2022relational,48,0,5.6171875
guenther2022relational,48,1,2.1220703125
guenther2022relational,48,2,2.841796875
guenther2022relational,48,3,3.05126953125
guenther2022relational,48,4,3.30078125
guenther2022relational,48,5,2.025390625
guenther2022relational,48,6,2.966796875
guenther2022relational,48,7,2.5087890625
guenther2022relational,48,8,4.3505859375
guenther2022relational,48,9,2.3271484375
guenther2022relational,48,10,2.7548828125
guenther2022relational,48,11,3.546875
guenther2022relational,48,12,3.859375
guenther2022relational,48,13,1.9677734375
guenther2022relational,48,14,2.32275390625
guenther2022relational,48,15,2.11328125
guenther2022relational,48,16,3.0
guenther2022relational,48,17,3.1845703125
guenther2022relational,48,18,1.986328125
guenther2022relational,48,19,3.484375
guenther2022relational,48,20,3.97265625
guenther2022relational,48,21,2.169921875
guenther2022relational,48,22,2.5732421875
guenther2022relational,48,23,1.900390625
guenther2022relational,48,24,2.4453125
guenther2022relational,48,25,2.546875
guenther2022relational,48,26,2.63671875
guenther2022relational,48,27,2.49267578125
guenther2022relational,48,28,3.7197265625
guenther2022relational,48,29,3.4853515625
guenther2022relational,48,30,2.109375
guenther2022relational,48,31,2.720703125
guenther2022relational,48,32,1.736328125
guenther2022relational,48,33,1.92236328125
guenther2022relational,48,34,1.6953125
guenther2022relational,48,35,2.26171875
guenther2022relational,48,36,1.01611328125
guenther2022relational,48,37,1.345703125
guenther2022relational,48,38,3.33984375
guenther2022relational,48,39,2.017578125
guenther2022relational,48,40,1.6826171875
guenther2022relational,48,41,2.178955078125
guenther2022relational,48,42,1.5048828125
guenther2022relational,48,43,1.521484375
guenther2022relational,48,44,2.95703125
guenther2022relational,48,45,3.01953125
guenther2022relational,48,46,2.30859375
guenther2022relational,48,47,1.283203125
guenther2022relational,48,48,2.3291015625
guenther2022relational,48,49,1.2646484375
guenther2022relational,48,50,3.06201171875
guenther2022relational,48,51,1.5311279296875
guenther2022relational,48,52,2.66015625
guenther2022relational,48,53,1.283203125
guenther2022relational,48,54,3.654296875
guenther2022relational,49,0,3.158172607421875
guenther2022relational,49,1,2.2939453125
guenther2022relational,49,2,3.1650390625
guenther2022relational,49,3,4.203125
guenther2022relational,49,4,2.857421875
guenther2022relational,49,5,3.40576171875
guenther2022relational,49,6,4.0087890625
guenther2022relational,49,7,3.0107421875
guenther2022relational,49,8,1.039031982421875
guenther2022relational,49,9,3.69140625
guenther2022relational,49,10,2.27392578125
guenther2022relational,49,11,2.11767578125
guenther2022relational,49,12,2.197265625
guenther2022relational,49,13,4.16650390625
guenther2022relational,49,14,1.4228515625
guenther2022relational,49,15,2.09375
guenther2022relational,49,16,3.7861328125
guenther2022relational,49,17,4.4501953125
guenther2022relational,49,18,2.2119140625
guenther2022relational,49,19,3.3779296875
guenther2022relational,49,20,1.8193359375
guenther2022relational,49,21,3.4873046875
guenther2022relational,49,22,2.3662109375
guenther2022relational,49,23,3.41650390625
guenther2022relational,49,24,2.85400390625
guenther2022relational,49,25,2.35009765625
guenther2022relational,49,26,2.388671875
guenther2022relational,49,27,3.8592529296875
guenther2022relational,49,28,3.085693359375
guenther2022relational,49,29,3.5517578125
guenther2022relational,49,30,2.30224609375
guenther2022relational,49,31,4.3671875
guenther2022relational,49,32,2.52392578125
guenther2022relational,49,33,2.1962890625
guenther2022relational,49,34,4.5419921875
guenther2022relational,49,35,2.397705078125
guenther2022relational,49,36,2.47509765625
guenther2022relational,49,37,3.2265625
guenther2022relational,49,38,2.97900390625
guenther2022relational,49,39,2.0048828125
guenther2022relational,49,40,2.1943359375
guenther2022relational,49,41,3.341796875
guenther2022relational,49,42,2.09521484375
guenther2022relational,49,43,2.1787109375
guenther2022relational,49,44,1.830078125
guenther2022relational,49,45,1.6904296875
guenther2022relational,49,46,2.73046875
guenther2022relational,49,47,3.1561279296875
guenther2022relational,49,48,2.4775390625
guenther2022relational,49,49,4.630859375
guenther2022relational,49,50,1.98095703125
guenther2022relational,49,51,1.89111328125
guenther2022relational,49,52,1.9970703125
guenther2022relational,49,53,2.9686279296875
guenther2022relational,49,54,2.07421875
guenther2022relational,50,0,5.367156982421875
guenther2022relational,50,1,2.109375
guenther2022relational,50,2,4.46875
guenther2022relational,50,3,1.33984375
guenther2022relational,50,4,2.6796875
guenther2022relational,50,5,2.0205078125
guenther2022relational,50,6,2.9482421875
guenther2022relational,50,7,2.58203125
guenther2022relational,50,8,5.21875
guenther2022relational,50,9,2.9140625
guenther2022relational,50,10,1.10546875
guenther2022relational,50,11,3.50390625
guenther2022relational,50,12,2.1875
guenther2022relational,50,13,2.193359375
guenther2022relational,50,14,4.0625
guenther2022relational,50,15,3.060546875
guenther2022relational,50,16,1.8046875
guenther2022relational,50,17,1.7314453125
guenther2022relational,50,18,3.7421875
guenther2022relational,50,19,2.439453125
guenther2022relational,50,20,5.026611328125
guenther2022relational,50,21,1.026611328125
guenther2022relational,50,22,2.359375
guenther2022relational,50,23,1.89453125
guenther2022relational,50,24,4.0234375
guenther2022relational,50,25,2.80078125
guenther2022relational,50,26,1.8359375
guenther2022relational,50,27,4.08203125
guenther2022relational,50,28,1.958984375
guenther2022relational,50,29,1.712890625
guenther2022relational,50,30,2.65625
guenther2022relational,50,31,5.79296875
guenther2022relational,50,32,3.775390625
guenther2022relational,50,33,4.48828125
guenther2022relational,50,34,3.8046875
guenther2022relational,50,35,2.61083984375
guenther2022relational,50,36,4.248046875
guenther2022relational,50,37,4.4140625
guenther2022relational,50,38,2.568359375
guenther2022relational,50,39,2.21875
guenther2022relational,50,40,1.279296875
guenther2022relational,50,41,3.796875
guenther2022relational,50,42,3.8984375
guenther2022relational,50,43,3.31640625
guenther2022relational,50,44,1.8916015625
guenther2022relational,50,45,3.4501953125
guenther2022relational,50,46,3.51953125
guenther2022relational,50,47,3.197265625
guenther2022relational,50,48,4.0634765625
guenther2022relational,50,49,3.62890625
guenther2022relational,50,50,2.763671875
guenther2022relational,50,51,2.9228515625
guenther2022relational,50,52,2.1064453125
guenther2022relational,50,53,2.8544921875
guenther2022relational,50,54,2.091796875
guenther2022relational,51,0,3.7734375
guenther2022relational,51,1,1.6005859375
guenther2022relational,51,2,3.62451171875
guenther2022relational,51,3,2.038330078125
guenther2022relational,51,4,5.3720703125
guenther2022relational,51,5,2.4208984375
guenther2022relational,51,6,2.022705078125
guenther2022relational,51,7,2.06689453125
guenther2022relational,51,8,2.32275390625
guenther2022relational,51,9,2.23388671875
guenther2022relational,51,10,2.697265625
guenther2022relational,51,11,3.22900390625
guenther2022relational,51,12,2.3564453125
guenther2022relational,51,13,2.38330078125
guenther2022relational,51,14,2.7705078125
guenther2022relational,51,15,2.20751953125
guenther2022relational,51,16,2.6717529296875
guenther2022relational,51,17,2.56640625
guenther2022relational,51,18,2.123046875
guenther2022relational,51,19,2.4130859375
guenther2022relational,51,20,2.01611328125
guenther2022relational,51,21,2.41162109375
guenther2022relational,51,22,1.67919921875
guenther2022relational,51,23,2.3564453125
guenther2022relational,51,24,3.53125
guenther2022relational,51,25,2.509765625
guenther2022relational,51,26,5.1015625
guenther2022relational,51,27,1.91015625
guenther2022relational,51,28,2.95947265625
guenther2022relational,51,29,2.3984375
guenther2022relational,51,30,2.373046875
guenther2022relational,51,31,2.0244140625
guenther2022relational,51,32,6.08447265625
guenther2022relational,51,33,4.0791015625
guenther2022relational,51,34,2.20947265625
guenther2022relational,51,35,3.63134765625
guenther2022relational,51,36,2.24951171875
guenther2022relational,51,37,4.498046875
guenther2022relational,51,38,1.97607421875
guenther2022relational,51,39,2.5537109375
guenther2022relational,51,40,4.87109375
guenther2022relational,51,41,3.2470703125
guenther2022relational,51,42,4.3720703125
guenther2022relational,51,43,4.453125
guenther2022relational,51,44,1.98828125
guenther2022relational,51,45,3.3515625
guenther2022relational,51,46,3.7626953125
guenther2022relational,51,47,4.912109375
guenther2022relational,51,48,3.1630859375
guenther2022relational,51,49,3.0205078125
guenther2022relational,51,50,3.6220703125
guenther2022relational,51,51,1.888671875
guenther2022relational,51,52,2.31396484375
guenther2022relational,51,53,2.3232421875
guenther2022relational,51,54,4.087890625
guenther2022relational,52,0,2.226531982421875
guenther2022relational,52,1,2.734375
guenther2022relational,52,2,3.5859375
guenther2022relational,52,3,1.272705078125
guenther2022relational,52,4,3.80859375
guenther2022relational,52,5,1.39794921875
guenther2022relational,52,6,1.88916015625
guenther2022relational,52,7,3.9794921875
guenther2022relational,52,8,1.95703125
guenther2022relational,52,9,2.15234375
guenther2022relational,52,10,2.29150390625
guenther2022relational,52,11,3.4892578125
guenther2022relational,52,12,2.43359375
guenther2022relational,52,13,1.8408203125
guenther2022relational,52,14,1.6845703125
guenther2022relational,52,15,2.3466796875
guenther2022relational,52,16,1.9697265625
guenther2022relational,52,17,1.47314453125
guenther2022relational,52,18,2.46484375
guenther2022relational,52,19,3.2342529296875
guenther2022relational,52,20,2.960906982421875
guenther2022relational,52,21,1.71728515625
guenther2022relational,52,22,3.60009765625
guenther2022relational,52,23,3.794921875
guenther2022relational,52,24,1.921630859375
guenther2022relational,52,25,2.4970703125
guenther2022relational,52,26,2.49951171875
guenther2022relational,52,27,1.3720703125
guenther2022relational,52,28,2.92822265625
guenther2022relational,52,29,4.1875
guenther2022relational,52,30,1.96044921875
guenther2022relational,52,31,3.00537109375
guenther2022relational,52,32,2.04443359375
guenther2022relational,52,33,1.4111328125
guenther2022relational,52,34,2.341796875
guenther2022relational,52,35,1.593017578125
guenther2022relational,52,36,4.100830078125
guenther2022relational,52,37,3.569580078125
guenther2022relational,52,38,1.85107421875
guenther2022relational,52,39,1.78515625
guenther2022relational,52,40,1.8983154296875
guenther2022relational,52,41,4.8671875
guenther2022relational,52,42,3.46484375
guenther2022relational,52,43,1.94921875
guenther2022relational,52,44,2.25390625
guenther2022relational,52,45,2.962890625
guenther2022relational,52,46,1.849609375
guenther2022relational,52,47,2.9267578125
guenther2022relational,52,48,1.9970703125
guenther2022relational,52,49,2.1142578125
guenther2022relational,52,50,2.3525390625
guenther2022relational,52,51,1.427734375
guenther2022relational,52,52,3.59326171875
guenther2022relational,52,53,2.517578125
guenther2022relational,52,54,1.7021484375
guenther2022relational,53,0,3.453125
guenther2022relational,53,1,3.025390625
guenther2022relational,53,2,2.9501953125
guenther2022relational,53,3,3.625
guenther2022relational,53,4,0.814453125
guenther2022relational,53,5,4.1533203125
guenther2022relational,53,6,2.2470703125
guenther2022relational,53,7,3.0703125
guenther2022relational,53,8,2.93017578125
guenther2022relational,53,9,1.83203125
guenther2022relational,53,10,2.01953125
guenther2022relational,53,11,3.0234375
guenther2022relational,53,12,2.41015625
guenther2022relational,53,13,2.2607421875
guenther2022relational,53,14,3.0
guenther2022relational,53,15,3.31640625
guenther2022relational,53,16,2.900390625
guenther2022relational,53,17,2.861328125
guenther2022relational,53,18,3.537109375
guenther2022relational,53,19,3.3984375
guenther2022relational,53,20,2.544921875
guenther2022relational,53,21,2.6650390625
guenther2022relational,53,22,2.12109375
guenther2022relational,53,23,2.8359375
guenther2022relational,53,24,2.5263671875
guenther2022relational,53,25,1.9228515625
guenther2022relational,53,26,2.958984375
guenther2022relational,53,27,1.7314453125
guenther2022relational,53,28,2.4169921875
guenther2022relational,53,29,1.421875
guenther2022relational,53,30,2.8896484375
guenther2022relational,53,31,2.0791015625
guenther2022relational,53,32,4.18359375
guenther2022relational,53,33,2.7578125
guenther2022relational,53,34,3.8525390625
guenther2022relational,53,35,2.80078125
guenther2022relational,53,36,1.830078125
guenther2022relational,53,37,1.600830078125
guenther2022relational,53,38,2.353515625
guenther2022relational,53,39,2.74462890625
guenther2022relational,53,40,1.67822265625
guenther2022relational,53,41,3.82421875
guenther2022relational,53,42,1.67431640625
guenther2022relational,53,43,3.283203125
guenther2022relational,53,44,3.640625
guenther2022relational,53,45,1.4072265625
guenther2022relational,53,46,1.42333984375
guenther2022relational,53,47,2.353515625
guenther2022relational,53,48,1.5234375
guenther2022relational,53,49,1.1181640625
guenther2022relational,53,50,2.380859375
guenther2022relational,53,51,3.484375
guenther2022relational,53,52,3.265625
guenther2022relational,53,53,2.494140625
guenther2022relational,53,54,2.1689453125
guenther2022relational,54,0,2.671844482421875
guenther2022relational,54,1,4.10546875
guenther2022relational,54,2,2.978515625
guenther2022relational,54,3,3.541015625
guenther2022relational,54,4,2.5126953125
guenther2022relational,54,5,2.4765625
guenther2022relational,54,6,4.6044921875
guenther2022relational,54,7,2.4287109375
guenther2022relational,54,8,4.9842529296875
guenther2022relational,54,9,2.6064453125
guenther2022relational,54,10,2.435546875
guenther2022relational,54,11,2.04296875
guenther2022relational,54,12,3.0751953125
guenther2022relational,54,13,1.20703125
guenther2022relational,54,14,3.3203125
guenther2022relational,54,15,2.0595703125
guenther2022relational,54,16,2.0439453125
guenther2022relational,54,17,1.6689453125
guenther2022relational,54,18,1.9033203125
guenther2022relational,54,19,3.9599609375
guenther2022relational,54,20,1.91259765625
guenther2022relational,54,21,1.11767578125
guenther2022relational,54,22,3.47509765625
guenther2022relational,54,23,2.53662109375
guenther2022relational,54,24,1.632080078125
guenther2022relational,54,25,4.609375
guenther2022relational,54,26,2.212890625
guenther2022relational,54,27,5.9453125
guenther2022relational,54,28,4.6220703125
guenther2022relational,54,29,3.3671875
guenther2022relational,54,30,1.8271484375
guenther2022relational,54,31,2.9921875
guenther2022relational,54,32,2.0078125
guenther2022relational,54,33,1.55078125
guenther2022relational,54,34,2.06298828125
guenther2022relational,54,35,1.59375
guenther2022relational,54,36,1.7763671875
guenther2022relational,54,37,1.1552734375
guenther2022relational,54,38,1.4208984375
guenther2022relational,54,39,2.46337890625
guenther2022relational,54,40,4.369140625
guenther2022relational,54,41,1.611328125
guenther2022relational,54,42,3.86328125
guenther2022relational,54,43,2.91015625
guenther2022relational,54,44,1.171875
guenther2022relational,54,45,1.125
guenther2022relational,54,46,1.61474609375
guenther2022relational,54,47,0.952880859375
guenther2022relational,54,48,3.3828125
guenther2022relational,54,49,2.6376953125
guenther2022relational,54,50,3.7939453125
guenther2022relational,54,51,1.26025390625
guenther2022relational,54,52,1.33447265625
guenther2022relational,54,53,2.8330078125
guenther2022relational,54,54,2.47265625
guenther2022relational,55,0,5.609375
guenther2022relational,55,1,3.466796875
guenther2022relational,55,2,3.216796875
guenther2022relational,55,3,1.56640625
guenther2022relational,55,4,2.857421875
guenther2022relational,55,5,1.71484375
guenther2022relational,55,6,1.273193359375
guenther2022relational,55,7,1.9912109375
guenther2022relational,55,8,6.078125
guenther2022relational,55,9,5.0625
guenther2022relational,55,10,3.1953125
guenther2022relational,55,11,4.01171875
guenther2022relational,55,12,2.1953125
guenther2022relational,55,13,2.421875
guenther2022relational,55,14,3.0283203125
guenther2022relational,55,15,1.201171875
guenther2022relational,55,16,2.1640625
guenther2022relational,55,17,2.7470703125
guenther2022relational,55,18,1.6259765625
guenther2022relational,55,19,1.392578125
guenther2022relational,55,20,1.9990234375
guenther2022relational,55,21,5.38037109375
guenther2022relational,55,22,2.30859375
guenther2022relational,55,23,2.94921875
guenther2022relational,55,24,1.4189453125
guenther2022relational,55,25,1.73828125
guenther2022relational,55,26,4.17578125
guenther2022relational,55,27,1.6884765625
guenther2022relational,55,28,2.73583984375
guenther2022relational,55,29,1.28125
guenther2022relational,55,30,2.828125
guenther2022relational,55,31,1.07080078125
guenther2022relational,55,32,2.68017578125
guenther2022relational,55,33,2.509765625
guenther2022relational,55,34,2.052734375
guenther2022relational,55,35,2.2041015625
guenther2022relational,55,36,2.1337890625
guenther2022relational,55,37,6.07421875
guenther2022relational,55,38,2.66455078125
guenther2022relational,55,39,2.357421875
guenther2022relational,55,40,1.7578125
guenther2022relational,55,41,1.31640625
guenther2022relational,55,42,2.0556640625
guenther2022relational,55,43,1.5244140625
guenther2022relational,55,44,2.24609375
guenther2022relational,55,45,1.2900390625
guenther2022relational,55,46,1.9345703125
guenther2022relational,55,47,4.05078125
guenther2022relational,55,48,2.4892578125
guenther2022relational,55,49,1.8828125
guenther2022relational,55,50,1.953125
guenther2022relational,55,51,1.1943359375
guenther2022relational,55,52,3.0908203125
guenther2022relational,55,53,1.55859375
guenther2022relational,55,54,1.171875
guenther2022relational,56,0,2.843719482421875
guenther2022relational,56,1,0.50341796875
guenther2022relational,56,2,5.74267578125
guenther2022relational,56,3,2.81201171875
guenther2022relational,56,4,1.7783203125
guenther2022relational,56,5,0.854736328125
guenther2022relational,56,6,3.9217529296875
guenther2022relational,56,7,4.835693359375
guenther2022relational,56,8,4.25
guenther2022relational,56,9,4.2255859375
guenther2022relational,56,10,0.5936279296875
guenther2022relational,56,11,4.3466796875
guenther2022relational,56,12,2.296875
guenther2022relational,56,13,1.6611328125
guenther2022relational,56,14,1.92578125
guenther2022relational,56,15,1.1787109375
guenther2022relational,56,16,3.1328125
guenther2022relational,56,17,3.0859375
guenther2022relational,56,18,2.619140625
guenther2022relational,56,19,3.462890625
guenther2022relational,56,20,4.08203125
guenther2022relational,56,21,3.662109375
guenther2022relational,56,22,4.3916015625
guenther2022relational,56,23,3.513671875
guenther2022relational,56,24,2.77001953125
guenther2022relational,56,25,1.91064453125
guenther2022relational,56,26,3.89453125
guenther2022relational,56,27,2.73583984375
guenther2022relational,56,28,4.06201171875
guenther2022relational,56,29,1.587890625
guenther2022relational,56,30,2.11962890625
guenther2022relational,56,31,2.92822265625
guenther2022relational,56,32,1.828125
guenther2022relational,56,33,3.0029296875
guenther2022relational,56,34,2.48876953125
guenther2022relational,56,35,2.7919921875
guenther2022relational,56,36,2.5107421875
guenther2022relational,56,37,4.23876953125
guenther2022relational,56,38,4.97900390625
guenther2022relational,56,39,2.0780029296875
guenther2022relational,56,40,2.2998046875
guenther2022relational,56,41,1.55908203125
guenther2022relational,56,42,2.5546875
guenther2022relational,56,43,1.97998046875
guenther2022relational,56,44,3.11572265625
guenther2022relational,56,45,3.537109375
guenther2022relational,56,46,3.25537109375
guenther2022relational,56,47,2.2880859375
guenther2022relational,56,48,2.9658203125
guenther2022relational,56,49,4.90234375
guenther2022relational,56,50,2.835693359375
guenther2022relational,56,51,1.6533203125
guenther2022relational,56,52,1.87109375
guenther2022relational,56,53,2.4842529296875
guenther2022relational,56,54,2.0673828125
guenther2022relational,57,0,2.703094482421875
guenther2022relational,57,1,4.0439453125
guenther2022relational,57,2,3.37890625
guenther2022relational,57,3,2.96484375
guenther2022relational,57,4,3.93017578125
guenther2022relational,57,5,2.31787109375
guenther2022relational,57,6,2.9189453125
guenther2022relational,57,7,3.61376953125
guenther2022relational,57,8,2.1689453125
guenther2022relational,57,9,3.43359375
guenther2022relational,57,10,3.3974609375
guenther2022relational,57,11,2.72412109375
guenther2022relational,57,12,2.93017578125
guenther2022relational,57,13,4.33984375
guenther2022relational,57,14,2.96826171875
guenther2022relational,57,15,2.741943359375
guenther2022relational,57,16,2.22705078125
guenther2022relational,57,17,2.685546875
guenther2022relational,57,18,1.87255859375
guenther2022relational,57,19,2.7373046875
guenther2022relational,57,20,1.216796875
guenther2022relational,57,21,2.4423828125
guenther2022relational,57,22,1.686767578125
guenther2022relational,57,23,2.7333984375
guenther2022relational,57,24,1.773406982421875
guenther2022relational,57,25,2.37451171875
guenther2022relational,57,26,2.0155029296875
guenther2022relational,57,27,3.41259765625
guenther2022relational,57,28,2.3583984375
guenther2022relational,57,29,1.62353515625
guenther2022relational,57,30,1.99169921875
guenther2022relational,57,31,2.7967529296875
guenther2022relational,57,32,5.460693359375
guenther2022relational,57,33,2.71826171875
guenther2022relational,57,34,3.35888671875
guenther2022relational,57,35,1.843719482421875
guenther2022relational,57,36,2.460693359375
guenther2022relational,57,37,1.73388671875
guenther2022relational,57,38,2.663818359375
guenther2022relational,57,39,2.0467529296875
guenther2022relational,57,40,2.7342529296875
guenther2022relational,57,41,1.804443359375
guenther2022relational,57,42,2.132781982421875
guenther2022relational,57,43,2.8125
guenther2022relational,57,44,2.875
guenther2022relational,57,45,1.640594482421875
guenther2022relational,57,46,2.914031982421875
guenther2022relational,57,47,1.73388671875
guenther2022relational,57,48,1.617156982421875
guenther2022relational,57,49,1.72705078125
guenther2022relational,57,50,6.2109375
guenther2022relational,57,51,3.25
guenther2022relational,57,52,3.2001953125
guenther2022relational,57,53,2.726318359375
guenther2022relational,57,54,6.31640625
guenther2022relational,58,0,2.72265625
guenther2022relational,58,1,5.853515625
guenther2022relational,58,2,4.0703125
guenther2022relational,58,3,3.203125
guenther2022relational,58,4,2.73828125
guenther2022relational,58,5,3.033203125
guenther2022relational,58,6,2.6220703125
guenther2022relational,58,7,2.8359375
guenther2022relational,58,8,1.708984375
guenther2022relational,58,9,5.755859375
guenther2022relational,58,10,2.466796875
guenther2022relational,58,11,2.0361328125
guenther2022relational,58,12,1.91064453125
guenther2022relational,58,13,2.2978515625
guenther2022relational,58,14,3.9658203125
guenther2022relational,58,15,1.49462890625
guenther2022relational,58,16,3.42822265625
guenther2022relational,58,17,3.7626953125
guenther2022relational,58,18,3.1337890625
guenther2022relational,58,19,4.09765625
guenther2022relational,58,20,2.31787109375
guenther2022relational,58,21,3.04638671875
guenther2022relational,58,22,2.2314453125
guenther2022relational,58,23,2.1787109375
guenther2022relational,58,24,2.0576171875
guenther2022relational,58,25,3.52392578125
guenther2022relational,58,26,2.4530029296875
guenther2022relational,58,27,3.194580078125
guenther2022relational,58,28,2.6220703125
guenther2022relational,58,29,1.67724609375
guenther2022relational,58,30,1.9814453125
guenther2022relational,58,31,2.16650390625
guenther2022relational,58,32,4.2265625
guenther2022relational,58,33,1.8154296875
guenther2022relational,58,34,2.8515625
guenther2022relational,58,35,2.7578125
guenther2022relational,58,36,3.9970703125
guenther2022relational,58,37,2.0185546875
guenther2022relational,58,38,2.1376953125
guenther2022relational,58,39,1.59619140625
guenther2022relational,58,40,2.77001953125
guenther2022relational,58,41,2.72705078125
guenther2022relational,58,42,3.6650390625
guenther2022relational,58,43,3.3876953125
guenther2022relational,58,44,1.0029296875
guenther2022relational,58,45,2.60400390625
guenther2022relational,58,46,2.08447265625
guenther2022relational,58,47,3.2041015625
guenther2022relational,58,48,3.475830078125
guenther2022relational,58,49,1.9033203125
guenther2022relational,58,50,2.3720703125
guenther2022relational,58,51,1.203094482421875
guenther2022relational,58,52,3.1767578125
guenther2022relational,58,53,1.70751953125
guenther2022relational,58,54,2.919921875
guenther2022relational,59,0,3.3515625
guenther2022relational,59,1,1.234375
guenther2022relational,59,2,3.80078125
guenther2022relational,59,3,2.44921875
guenther2022relational,59,4,4.9609375
guenther2022relational,59,5,2.0732421875
guenther2022relational,59,6,2.50390625
guenther2022relational,59,7,2.6953125
guenther2022relational,59,8,4.08203125
guenther2022relational,59,9,3.0693359375
guenther2022relational,59,10,2.5283203125
guenther2022relational,59,11,2.697265625
guenther2022relational,59,12,1.5458984375
guenther2022relational,59,13,4.0029296875
guenther2022relational,59,14,4.0478515625
guenther2022relational,59,15,2.77734375
guenther2022relational,59,16,3.1044921875
guenther2022relational,59,17,4.662109375
guenther2022relational,59,18,1.7939453125
guenther2022relational,59,19,2.421875
guenther2022relational,59,20,2.76171875
guenther2022relational,59,21,2.73046875
guenther2022relational,59,22,3.138671875
guenther2022relational,59,23,2.36474609375
guenther2022relational,59,24,2.6962890625
guenther2022relational,59,25,4.194580078125
guenther2022relational,59,26,1.811767578125
guenther2022relational,59,27,1.44482421875
guenther2022relational,59,28,3.47900390625
guenther2022relational,59,29,2.6337890625
guenther2022relational,59,30,3.00439453125
guenther2022relational,59,31,2.3905029296875
guenther2022relational,59,32,2.23876953125
guenther2022relational,59,33,1.414031982421875
guenther2022relational,59,34,4.31201171875
guenther2022relational,59,35,3.80126953125
guenther2022relational,59,36,5.296875
guenther2022relational,59,37,3.158203125
guenther2022relational,59,38,3.3037109375
guenther2022relational,59,39,2.70947265625
guenther2022relational,59,40,2.17822265625
guenther2022relational,59,41,3.05712890625
guenther2022relational,59,42,2.26171875
guenther2022relational,59,43,2.3740234375
guenther2022relational,59,44,2.12451171875
guenther2022relational,59,45,3.466796875
guenther2022relational,59,46,4.2568359375
guenther2022relational,59,47,1.62109375
guenther2022relational,59,48,1.78662109375
guenther2022relational,59,49,3.9530029296875
guenther2022relational,59,50,3.00634765625
guenther2022relational,59,51,1.9111328125
guenther2022relational,59,52,1.36328125
guenther2022relational,59,53,3.72412109375
guenther2022relational,59,54,2.08251953125
guenther2022relational,60,0,2.64453125
guenther2022relational,60,1,4.21142578125
guenther2022relational,60,2,5.9228515625
guenther2022relational,60,3,2.4521484375
guenther2022relational,60,4,4.02734375
guenther2022relational,60,5,2.6064453125
guenther2022relational,60,6,2.080078125
guenther2022relational,60,7,2.77197265625
guenther2022relational,60,8,3.47900390625
guenther2022relational,60,9,2.88671875
guenther2022relational,60,10,5.3828125
guenther2022relational,60,11,3.4150390625
guenther2022relational,60,12,2.5400390625
guenther2022relational,60,13,1.8662109375
guenther2022relational,60,14,1.124755859375
guenther2022relational,60,15,1.8017578125
guenther2022relational,60,16,2.4267578125
guenther2022relational,60,17,1.741943359375
guenther2022relational,60,18,3.3330078125
guenther2022relational,60,19,2.73828125
guenther2022relational,60,20,4.66650390625
guenther2022relational,60,21,1.9619140625
guenther2022relational,60,22,3.96875
guenther2022relational,60,23,3.95263671875
guenther2022relational,60,24,5.3125
guenther2022relational,60,25,1.5498046875
guenther2022relational,60,26,2.4375
guenther2022relational,60,27,2.73046875
guenther2022relational,60,28,2.7890625
guenther2022relational,60,29,3.0126953125
guenther2022relational,60,30,1.8154296875
guenther2022relational,60,31,4.0341796875
guenther2022relational,60,32,2.3759765625
guenther2022relational,60,33,3.4306640625
guenther2022relational,60,34,2.177734375
guenther2022relational,60,35,1.5751953125
guenther2022relational,60,36,1.7255859375
guenther2022relational,60,37,2.07421875
guenther2022relational,60,38,2.8828125
guenther2022relational,60,39,2.0869140625
guenther2022relational,60,40,2.89501953125
guenther2022relational,60,41,2.8359375
guenther2022relational,60,42,3.39697265625
guenther2022relational,60,43,3.882080078125
guenther2022relational,60,44,4.1064453125
guenther2022relational,60,45,1.7548828125
guenther2022relational,60,46,2.6220703125
guenther2022relational,60,47,1.7626953125
guenther2022relational,60,48,1.69775390625
guenther2022relational,60,49,1.1103515625
guenther2022relational,60,50,3.53125
guenther2022relational,60,51,2.7158203125
guenther2022relational,60,52,1.9091796875
guenther2022relational,60,53,3.671875
guenther2022relational,60,54,1.87890625
guenther2022relational,61,0,7.382781982421875
guenther2022relational,61,1,2.31201171875
guenther2022relational,61,2,3.9541015625
guenther2022relational,61,3,3.8466796875
guenther2022relational,61,4,3.29833984375
guenther2022relational,61,5,3.091796875
guenther2022relational,61,6,2.2587890625
guenther2022relational,61,7,2.10400390625
guenther2022relational,61,8,1.89501953125
guenther2022relational,61,9,1.779296875
guenther2022relational,61,10,1.7255859375
guenther2022relational,61,11,3.5780029296875
guenther2022relational,61,12,2.54150390625
guenther2022relational,61,13,2.70751953125
guenther2022relational,61,14,3.42822265625
guenther2022relational,61,15,2.9217529296875
guenther2022relational,61,16,2.1376953125
guenther2022relational,61,17,1.74951171875
guenther2022relational,61,18,2.85888671875
guenther2022relational,61,19,2.9521484375
guenther2022relational,61,20,1.0576171875
guenther2022relational,61,21,2.335693359375
guenther2022relational,61,22,1.34619140625
guenther2022relational,61,23,2.366943359375
guenther2022relational,61,24,1.1483154296875
guenther2022relational,61,25,3.30126953125
guenther2022relational,61,26,1.6259765625
guenther2022relational,61,27,2.4462890625
guenther2022relational,61,28,3.27197265625
guenther2022relational,61,29,2.6064453125
guenther2022relational,61,30,4.882781982421875
guenther2022relational,61,31,2.24072265625
guenther2022relational,61,32,2.373046875
guenther2022relational,61,33,2.18359375
guenther2022relational,61,34,2.319580078125
guenther2022relational,61,35,2.866943359375
guenther2022relational,61,36,1.710693359375
guenther2022relational,61,37,2.148193359375
guenther2022relational,61,38,1.94970703125
guenther2022relational,61,39,4.257080078125
guenther2022relational,61,40,2.523193359375
guenther2022relational,61,41,1.538330078125
guenther2022relational,61,42,1.265380859375
guenther2022relational,61,43,2.835693359375
guenther2022relational,61,44,2.320281982421875
guenther2022relational,61,45,2.030517578125
guenther2022relational,61,46,1.8330078125
guenther2022relational,61,47,2.850830078125
guenther2022relational,61,48,4.335693359375
guenther2022relational,61,49,6.859375
guenther2022relational,61,50,4.0751953125
guenther2022relational,61,51,4.921875
guenther2022relational,61,52,2.0771484375
guenther2022relational,61,53,1.7412109375
guenther2022relational,61,54,2.6083984375
guenther2022relational,62,0,2.703094482421875
guenther2022relational,62,1,2.33203125
guenther2022relational,62,2,4.58984375
guenther2022relational,62,3,5.3515625
guenther2022relational,62,4,3.294921875
guenther2022relational,62,5,2.36083984375
guenther2022relational,62,6,3.810546875
guenther2022relational,62,7,3.943359375
guenther2022relational,62,8,3.16015625
guenther2022relational,62,9,2.4609375
guenther2022relational,62,10,2.36767578125
guenther2022relational,62,11,2.8759765625
guenther2022relational,62,12,2.13525390625
guenther2022relational,62,13,2.326171875
guenther2022relational,62,14,2.3837890625
guenther2022relational,62,15,2.2275390625
guenther2022relational,62,16,4.2255859375
guenther2022relational,62,17,3.89501953125
guenther2022relational,62,18,2.91650390625
guenther2022relational,62,19,1.85009765625
guenther2022relational,62,20,3.47705078125
guenther2022relational,62,21,1.5380859375
guenther2022relational,62,22,2.12109375
guenther2022relational,62,23,3.1064453125
guenther2022relational,62,24,4.828125
guenther2022relational,62,25,2.63525390625
guenther2022relational,62,26,2.5947265625
guenther2022relational,62,27,2.6533203125
guenther2022relational,62,28,1.2705078125
guenther2022relational,62,29,2.28759765625
guenther2022relational,62,30,2.0380859375
guenther2022relational,62,31,2.3037109375
guenther2022relational,62,32,4.671875
guenther2022relational,62,33,2.158203125
guenther2022relational,62,34,2.6044921875
guenther2022relational,62,35,3.8037109375
guenther2022relational,62,36,2.3603515625
guenther2022relational,62,37,1.9951171875
guenther2022relational,62,38,1.51318359375
guenther2022relational,62,39,2.1123046875
guenther2022relational,62,40,3.248046875
guenther2022relational,62,41,2.2294921875
guenther2022relational,62,42,5.046875
guenther2022relational,62,43,1.560546875
guenther2022relational,62,44,1.880859375
guenther2022relational,62,45,2.7783203125
guenther2022relational,62,46,2.498046875
guenther2022relational,62,47,2.1708984375
guenther2022relational,62,48,2.03369140625
guenther2022relational,62,49,2.9609375
guenther2022relational,62,50,1.96044921875
guenther2022relational,62,51,2.62451171875
guenther2022relational,62,52,1.65380859375
guenther2022relational,62,53,1.998046875
guenther2022relational,62,54,3.132080078125
guenther2022relational,63,0,4.796875
guenther2022relational,63,1,3.5400390625
guenther2022relational,63,2,1.100830078125
guenther2022relational,63,3,3.404296875
guenther2022relational,63,4,1.07080078125
guenther2022relational,63,5,0.89306640625
guenther2022relational,63,6,0.80810546875
guenther2022relational,63,7,5.600830078125
guenther2022relational,63,8,3.882080078125
guenther2022relational,63,9,1.281005859375
guenther2022relational,63,10,2.265625
guenther2022relational,63,11,0.9139404296875
guenther2022relational,63,12,6.0625
guenther2022relational,63,13,3.9814453125
guenther2022relational,63,14,3.96484375
guenther2022relational,63,15,3.15234375
guenther2022relational,63,16,3.05224609375
guenther2022relational,63,17,1.3115234375
guenther2022relational,63,18,3.8330078125
guenther2022relational,63,19,4.21875
guenther2022relational,63,20,2.647705078125
guenther2022relational,63,21,1.4658203125
guenther2022relational,63,22,1.07080078125
guenther2022relational,63,23,0.9482421875
guenther2022relational,63,24,6.2568359375
guenther2022relational,63,25,1.4267578125
guenther2022relational,63,26,3.86474609375
guenther2022relational,63,27,1.054443359375
guenther2022relational,63,28,3.318359375
guenther2022relational,63,29,2.69775390625
guenther2022relational,63,30,3.11328125
guenther2022relational,63,31,2.44384765625
guenther2022relational,63,32,1.115234375
guenther2022relational,63,33,1.1220703125
guenther2022relational,63,34,5.04150390625
guenther2022relational,63,35,1.2392578125
guenther2022relational,63,36,3.93359375
guenther2022relational,63,37,3.50537109375
guenther2022relational,63,38,0.9599609375
guenther2022relational,63,39,4.7470703125
guenther2022relational,63,40,1.1533203125
guenther2022relational,63,41,3.61572265625
guenther2022relational,63,42,3.8759765625
guenther2022relational,63,43,0.7783203125
guenther2022relational,63,44,1.94384765625
guenther2022relational,63,45,2.1064453125
guenther2022relational,63,46,1.1962890625
guenther2022relational,63,47,2.2177734375
guenther2022relational,63,48,2.11083984375
guenther2022relational,63,49,5.99072265625
guenther2022relational,63,50,1.0283203125
guenther2022relational,63,51,3.13525390625
guenther2022relational,63,52,3.5078125
guenther2022relational,63,53,1.185546875
guenther2022relational,63,54,4.83984375
guenther2022relational,64,0,5.414031982421875
guenther2022relational,64,1,4.21484375
guenther2022relational,64,2,2.83984375
guenther2022relational,64,3,4.8671875
guenther2022relational,64,4,1.9296875
guenther2022relational,64,5,2.873046875
guenther2022relational,64,6,2.6875
guenther2022relational,64,7,3.21484375
guenther2022relational,64,8,3.1640625
guenther2022relational,64,9,3.22265625
guenther2022relational,64,10,2.52001953125
guenther2022relational,64,11,2.5205078125
guenther2022relational,64,12,2.27734375
guenther2022relational,64,13,2.470703125
guenther2022relational,64,14,3.9814453125
guenther2022relational,64,15,3.07763671875
guenther2022relational,64,16,2.4296875
guenther2022relational,64,17,2.4072265625
guenther2022relational,64,18,3.236328125
guenther2022relational,64,19,5.341796875
guenther2022relational,64,20,2.3984375
guenther2022relational,64,21,2.6025390625
guenther2022relational,64,22,3.259765625
guenther2022relational,64,23,3.833984375
guenther2022relational,64,24,2.28662109375
guenther2022relational,64,25,2.3408203125
guenther2022relational,64,26,1.3681640625
guenther2022relational,64,27,3.001953125
guenther2022relational,64,28,2.9189453125
guenther2022relational,64,29,1.28076171875
guenther2022relational,64,30,4.350830078125
guenther2022relational,64,31,3.8193359375
guenther2022relational,64,32,2.484375
guenther2022relational,64,33,2.66162109375
guenther2022relational,64,34,2.3486328125
guenther2022relational,64,35,3.4599609375
guenther2022relational,64,36,2.525390625
guenther2022relational,64,37,3.34375
guenther2022relational,64,38,2.6318359375
guenther2022relational,64,39,3.72021484375
guenther2022relational,64,40,4.103515625
guenther2022relational,64,41,4.27734375
guenther2022relational,64,42,3.24609375
guenther2022relational,64,43,1.564453125
guenther2022relational,64,44,3.5009765625
guenther2022relational,64,45,3.2255859375
guenther2022relational,64,46,2.210205078125
guenther2022relational,64,47,2.9970703125
guenther2022relational,64,48,3.1328125
guenther2022relational,64,49,2.28662109375
guenther2022relational,64,50,3.05859375
guenther2022relational,64,51,3.99951171875
guenther2022relational,64,52,3.616943359375
guenther2022relational,64,53,4.7265625
guenther2022relational,64,54,3.44140625
guenther2022relational,65,0,4.359375
guenther2022relational,65,1,4.419921875
guenther2022relational,65,2,3.57421875
guenther2022relational,65,3,1.82080078125
guenther2022relational,65,4,1.3564453125
guenther2022relational,65,5,1.03759765625
guenther2022relational,65,6,4.054443359375
guenther2022relational,65,7,3.8359375
guenther2022relational,65,8,3.8720703125
guenther2022relational,65,9,4.0703125
guenther2022relational,65,10,1.5244140625
guenther2022relational,65,11,2.37451171875
guenther2022relational,65,12,1.9052734375
guenther2022relational,65,13,3.6455078125
guenther2022relational,65,14,1.83984375
guenther2022relational,65,15,1.2802734375
guenther2022relational,65,16,3.33984375
guenther2022relational,65,17,1.5751953125
guenther2022relational,65,18,1.50244140625
guenther2022relational,65,19,4.14208984375
guenther2022relational,65,20,1.210205078125
guenther2022relational,65,21,2.560546875
guenther2022relational,65,22,2.109375
guenther2022relational,65,23,1.09912109375
guenther2022relational,65,24,4.30322265625
guenther2022relational,65,25,2.350830078125
guenther2022relational,65,26,1.2958984375
guenther2022relational,65,27,3.18212890625
guenther2022relational,65,28,3.63134765625
guenther2022relational,65,29,1.67041015625
guenther2022relational,65,30,1.19921875
guenther2022relational,65,31,2.61328125
guenther2022relational,65,32,2.366943359375
guenther2022relational,65,33,5.80322265625
guenther2022relational,65,34,1.7576904296875
guenther2022relational,65,35,3.7811279296875
guenther2022relational,65,36,1.38525390625
guenther2022relational,65,37,2.663330078125
guenther2022relational,65,38,3.28076171875
guenther2022relational,65,39,1.68212890625
guenther2022relational,65,40,1.3994140625
guenther2022relational,65,41,4.335693359375
guenther2022relational,65,42,1.20849609375
guenther2022relational,65,43,1.27978515625
guenther2022relational,65,44,1.085205078125
guenther2022relational,65,45,3.091796875
guenther2022relational,65,46,1.0947265625
guenther2022relational,65,47,2.7967529296875
guenther2022relational,65,48,2.726531982421875
guenther2022relational,65,49,0.958984375
guenther2022relational,65,50,0.878173828125
guenther2022relational,65,51,0.995849609375
guenther2022relational,65,52,2.725830078125
guenther2022relational,65,53,3.539031982421875
guenther2022relational,65,54,2.30322265625
guenther2022relational,66,0,6.0703125
guenther2022relational,66,1,2.912109375
guenther2022relational,66,2,1.1953125
guenther2022relational,66,3,2.59375
guenther2022relational,66,4,2.6328125
guenther2022relational,66,5,3.05078125
guenther2022relational,66,6,3.8125
guenther2022relational,66,7,2.5390625
guenther2022relational,66,8,3.39453125
guenther2022relational,66,9,5.2578125
guenther2022relational,66,10,3.5546875
guenther2022relational,66,11,1.6826171875
guenther2022relational,66,12,2.572265625
guenther2022relational,66,13,2.86767578125
guenther2022relational,66,14,2.765625
guenther2022relational,66,15,3.36767578125
guenther2022relational,66,16,1.916015625
guenther2022relational,66,17,1.2314453125
guenther2022relational,66,18,0.92919921875
guenther2022relational,66,19,3.876953125
guenther2022relational,66,20,5.01025390625
guenther2022relational,66,21,1.81640625
guenther2022relational,66,22,1.64453125
guenther2022relational,66,23,3.3388671875
guenther2022relational,66,24,3.12109375
guenther2022relational,66,25,2.96484375
guenther2022relational,66,26,1.623046875
guenther2022relational,66,27,2.83984375
guenther2022relational,66,28,2.234375
guenther2022relational,66,29,1.31494140625
guenther2022relational,66,30,4.24609375
guenther2022relational,66,31,1.396484375
guenther2022relational,66,32,2.4716796875
guenther2022relational,66,33,1.07763671875
guenther2022relational,66,34,2.330078125
guenther2022relational,66,35,4.59375
guenther2022relational,66,36,2.1806640625
guenther2022relational,66,37,0.7529296875
guenther2022relational,66,38,1.2861328125
guenther2022relational,66,39,2.3359375
guenther2022relational,66,40,3.6025390625
guenther2022relational,66,41,4.41650390625
guenther2022relational,66,42,1.015625
guenther2022relational,66,43,3.51953125
guenther2022relational,66,44,3.16796875
guenther2022relational,66,45,2.9716796875
guenther2022relational,66,46,2.9833984375
guenther2022relational,66,47,3.21826171875
guenther2022relational,66,48,1.2080078125
guenther2022relational,66,49,3.341796875
guenther2022relational,66,50,3.35205078125
guenther2022relational,66,51,3.77197265625
guenther2022relational,66,52,1.3681640625
guenther2022relational,66,53,2.560546875
guenther2022relational,66,54,2.28662109375
guenther2022relational,67,0,4.3046875
guenther2022relational,67,1,2.11376953125
guenther2022relational,67,2,1.99658203125
guenther2022relational,67,3,5.171875
guenther2022relational,67,4,1.59375
guenther2022relational,67,5,5.3046875
guenther2022relational,67,6,4.58984375
guenther2022relational,67,7,2.91015625
guenther2022relational,67,8,4.337890625
guenther2022relational,67,9,4.44140625
guenther2022relational,67,10,4.234375
guenther2022relational,67,11,4.1796875
guenther2022relational,67,12,2.921875
guenther2022relational,67,13,3.4609375
guenther2022relational,67,14,3.08203125
guenther2022relational,67,15,2.703125
guenther2022relational,67,16,2.43359375
guenther2022relational,67,17,2.3291015625
guenther2022relational,67,18,1.353515625
guenther2022relational,67,19,3.607421875
guenther2022relational,67,20,1.826171875
guenther2022relational,67,21,2.140625
guenther2022relational,67,22,4.6044921875
guenther2022relational,67,23,2.53564453125
guenther2022relational,67,24,2.384765625
guenther2022relational,67,25,4.119140625
guenther2022relational,67,26,2.7880859375
guenther2022relational,67,27,2.4111328125
guenther2022relational,67,28,2.0048828125
guenther2022relational,67,29,2.5849609375
guenther2022relational,67,30,2.4892578125
guenther2022relational,67,31,4.27001953125
guenther2022relational,67,32,2.5107421875
guenther2022relational,67,33,2.22900390625
guenther2022relational,67,34,3.288330078125
guenther2022relational,67,35,1.95947265625
guenther2022relational,67,36,2.241943359375
guenther2022relational,67,37,3.4189453125
guenther2022relational,67,38,3.22265625
guenther2022relational,67,39,2.841796875
guenther2022relational,67,40,3.15625
guenther2022relational,67,41,1.6943359375
guenther2022relational,67,42,2.921875
guenther2022relational,67,43,1.74267578125
guenther2022relational,67,44,1.8837890625
guenther2022relational,67,45,2.162109375
guenther2022relational,67,46,3.46337890625
guenther2022relational,67,47,1.783203125
guenther2022relational,67,48,3.2275390625
guenther2022relational,67,49,4.4169921875
guenther2022relational,67,50,2.913330078125
guenther2022relational,67,51,1.7412109375
guenther2022relational,67,52,2.33984375
guenther2022relational,67,53,2.123046875
guenther2022relational,67,54,2.00390625
guenther2022relational,68,0,2.0859375
guenther2022relational,68,1,4.015625
guenther2022relational,68,2,1.603515625
guenther2022relational,68,3,2.46484375
guenther2022relational,68,4,1.91796875
guenther2022relational,68,5,3.5234375
guenther2022relational,68,6,3.6826171875
guenther2022relational,68,7,4.24072265625
guenther2022relational,68,8,2.447265625
guenther2022relational,68,9,3.5166015625
guenther2022relational,68,10,3.1171875
guenther2022relational,68,11,3.4921875
guenther2022relational,68,12,2.833984375
guenther2022relational,68,13,1.904296875
guenther2022relational,68,14,2.982421875
guenther2022relational,68,15,1.98974609375
guenther2022relational,68,16,2.2216796875
guenther2022relational,68,17,0.8232421875
guenther2022relational,68,18,2.791015625
guenther2022relational,68,19,2.44140625
guenther2022relational,68,20,3.388671875
guenther2022relational,68,21,2.3955078125
guenther2022relational,68,22,2.4140625
guenther2022relational,68,23,4.595703125
guenther2022relational,68,24,2.658203125
guenther2022relational,68,25,1.7158203125
guenther2022relational,68,26,1.9169921875
guenther2022relational,68,27,2.1171875
guenther2022relational,68,28,2.125
guenther2022relational,68,29,2.419921875
guenther2022relational,68,30,3.08642578125
guenther2022relational,68,31,4.31201171875
guenther2022relational,68,32,2.1220703125
guenther2022relational,68,33,1.02734375
guenther2022relational,68,34,2.02734375
guenther2022relational,68,35,2.0947265625
guenther2022relational,68,36,1.8642578125
guenther2022relational,68,37,3.42626953125
guenther2022relational,68,38,1.302734375
guenther2022relational,68,39,4.3916015625
guenther2022relational,68,40,1.56689453125
guenther2022relational,68,41,2.810546875
guenther2022relational,68,42,3.4345703125
guenther2022relational,68,43,2.33984375
guenther2022relational,68,44,2.850830078125
guenther2022relational,68,45,3.7001953125
guenther2022relational,68,46,1.49462890625
guenther2022relational,68,47,1.60791015625
guenther2022relational,68,48,2.19775390625
guenther2022relational,68,49,3.220703125
guenther2022relational,68,50,1.5068359375
guenther2022relational,68,51,1.5419921875
guenther2022relational,68,52,2.29150390625
guenther2022relational,68,53,1.2373046875
guenther2022relational,68,54,1.80859375
guenther2022relational,69,0,4.0703125
guenther2022relational,69,1,5.51953125
guenther2022relational,69,2,2.998046875
guenther2022relational,69,3,3.63671875
guenther2022relational,69,4,3.96875
guenther2022relational,69,5,4.515625
guenther2022relational,69,6,3.7421875
guenther2022relational,69,7,1.1767578125
guenther2022relational,69,8,1.6181640625
guenther2022relational,69,9,3.3095703125
guenther2022relational,69,10,1.9189453125
guenther2022relational,69,11,2.0966796875
guenther2022relational,69,12,2.2939453125
guenther2022relational,69,13,2.29638671875
guenther2022relational,69,14,1.890625
guenther2022relational,69,15,4.529296875
guenther2022relational,69,16,1.634765625
guenther2022relational,69,17,3.89892578125
guenther2022relational,69,18,3.232421875
guenther2022relational,69,19,3.4609375
guenther2022relational,69,20,3.24951171875
guenther2022relational,69,21,2.94921875
guenther2022relational,69,22,3.3544921875
guenther2022relational,69,23,4.03125
guenther2022relational,69,24,1.494140625
guenther2022relational,69,25,3.263671875
guenther2022relational,69,26,3.45703125
guenther2022relational,69,27,2.638671875
guenther2022relational,69,28,5.048828125
guenther2022relational,69,29,2.056640625
guenther2022relational,69,30,3.390625
guenther2022relational,69,31,3.1162109375
guenther2022relational,69,32,4.5546875
guenther2022relational,69,33,2.1953125
guenther2022relational,69,34,2.716796875
guenther2022relational,69,35,3.04638671875
guenther2022relational,69,36,3.14453125
guenther2022relational,69,37,3.1484375
guenther2022relational,69,38,3.21484375
guenther2022relational,69,39,3.1796875
guenther2022relational,69,40,2.904296875
guenther2022relational,69,41,2.6357421875
guenther2022relational,69,42,4.2041015625
guenther2022relational,69,43,3.611328125
guenther2022relational,69,44,3.275390625
guenther2022relational,69,45,4.60986328125
guenther2022relational,69,46,2.734375
guenther2022relational,69,47,4.212890625
guenther2022relational,69,48,2.3828125
guenther2022relational,69,49,3.05078125
guenther2022relational,69,50,3.984375
guenther2022relational,69,51,2.8857421875
guenther2022relational,69,52,3.232421875
guenther2022relational,69,53,2.9404296875
guenther2022relational,69,54,2.71875
guenther2022relational,70,0,6.046844482421875
guenther2022relational,70,1,5.376953125
guenther2022relational,70,2,1.8720703125
guenther2022relational,70,3,0.98046875
guenther2022relational,70,4,3.92333984375
guenther2022relational,70,5,1.2998046875
guenther2022relational,70,6,4.4853515625
guenther2022relational,70,7,3.71826171875
guenther2022relational,70,8,2.5546875
guenther2022relational,70,9,2.72412109375
guenther2022relational,70,10,3.03076171875
guenther2022relational,70,11,2.0048828125
guenther2022relational,70,12,1.76171875
guenther2022relational,70,13,1.47412109375
guenther2022relational,70,14,3.2080078125
guenther2022relational,70,15,1.93701171875
guenther2022relational,70,16,3.3828125
guenther2022relational,70,17,2.68359375
guenther2022relational,70,18,3.1943359375
guenther2022relational,70,19,3.33642578125
guenther2022relational,70,20,3.2109375
guenther2022relational,70,21,2.6337890625
guenther2022relational,70,22,2.5
guenther2022relational,70,23,2.001953125
guenther2022relational,70,24,5.279296875
guenther2022relational,70,25,3.2421875
guenther2022relational,70,26,2.59765625
guenther2022relational,70,27,2.25390625
guenther2022relational,70,28,2.505859375
guenther2022relational,70,29,3.640625
guenther2022relational,70,30,1.8564453125
guenther2022relational,70,31,1.2314453125
guenther2022relational,70,32,2.80078125
guenther2022relational,70,33,2.07421875
guenther2022relational,70,34,2.205078125
guenther2022relational,70,35,3.4853515625
guenther2022relational,70,36,2.4453125
guenther2022relational,70,37,4.1328125
guenther2022relational,70,38,4.3359375
guenther2022relational,70,39,2.22412109375
guenther2022relational,70,40,4.318359375
guenther2022relational,70,41,3.140625
guenther2022relational,70,42,1.591796875
guenther2022relational,70,43,2.3701171875
guenther2022relational,70,44,2.8671875
guenther2022relational,70,45,4.61767578125
guenther2022relational,70,46,2.30859375
guenther2022relational,70,47,3.40625
guenther2022relational,70,48,2.103515625
guenther2022relational,70,49,2.384765625
guenther2022relational,70,50,3.0712890625
guenther2022relational,70,51,3.44140625
guenther2022relational,70,52,2.275390625
guenther2022relational,70,53,2.0634765625
guenther2022relational,70,54,2.0048828125
guenther2022relational,71,0,4.968719482421875
guenther2022relational,71,1,2.69775390625
guenther2022relational,71,2,2.6875
guenther2022relational,71,3,1.892578125
guenther2022relational,71,4,1.13671875
guenther2022relational,71,5,1.0615234375
guenther2022relational,71,6,0.86328125
guenther2022relational,71,7,4.9658203125
guenther2022relational,71,8,1.38330078125
guenther2022relational,71,9,2.36328125
guenther2022relational,71,10,1.37890625
guenther2022relational,71,11,5.13671875
guenther2022relational,71,12,1.35986328125
guenther2022relational,71,13,4.66796875
guenther2022relational,71,14,3.83203125
guenther2022relational,71,15,2.0556640625
guenther2022relational,71,16,2.3046875
guenther2022relational,71,17,1.23828125
guenther2022relational,71,18,2.03125
guenther2022relational,71,19,2.13671875
guenther2022relational,71,20,1.474609375
guenther2022relational,71,21,0.85546875
guenther2022relational,71,22,1.05859375
guenther2022relational,71,23,0.66845703125
guenther2022relational,71,24,2.9169921875
guenther2022relational,71,25,4.2197265625
guenther2022relational,71,26,5.533203125
guenther2022relational,71,27,1.08056640625
guenther2022relational,71,28,4.4775390625
guenther2022relational,71,29,2.7392578125
guenther2022relational,71,30,2.5869140625
guenther2022relational,71,31,1.07666015625
guenther2022relational,71,32,3.453125
guenther2022relational,71,33,3.8759765625
guenther2022relational,71,34,2.68359375
guenther2022relational,71,35,4.755859375
guenther2022relational,71,36,1.3330078125
guenther2022relational,71,37,2.8544921875
guenther2022relational,71,38,1.3359375
guenther2022relational,71,39,3.775390625
guenther2022relational,71,40,2.9453125
guenther2022relational,71,41,2.37939453125
guenther2022relational,71,42,1.1787109375
guenther2022relational,71,43,4.107421875
guenther2022relational,71,44,1.07080078125
guenther2022relational,71,45,0.984130859375
guenther2022relational,71,46,2.36083984375
guenther2022relational,71,47,1.1923828125
guenther2022relational,71,48,1.10107421875
guenther2022relational,71,49,4.634765625
guenther2022relational,71,50,1.0
guenther2022relational,71,51,3.45703125
guenther2022relational,71,52,3.43017578125
guenther2022relational,71,53,2.8310546875
guenther2022relational,71,54,1.349609375
guenther2022relational,72,0,2.843719482421875
guenther2022relational,72,1,3.619140625
guenther2022relational,72,2,2.2158203125
guenther2022relational,72,3,1.9765625
guenther2022relational,72,4,3.99072265625
guenther2022relational,72,5,3.72412109375
guenther2022relational,72,6,0.722625732421875
guenther2022relational,72,7,1.10107421875
guenther2022relational,72,8,2.4217529296875
guenther2022relational,72,9,1.6170654296875
guenther2022relational,72,10,3.58251953125
guenther2022relational,72,11,1.8826904296875
guenther2022relational,72,12,4.9921875
guenther2022relational,72,13,3.2421875
guenther2022relational,72,14,0.810546875
guenther2022relational,72,15,1.73046875
guenther2022relational,72,16,2.822265625
guenther2022relational,72,17,3.3359375
guenther2022relational,72,18,3.44775390625
guenther2022relational,72,19,1.640625
guenther2022relational,72,20,3.4765625
guenther2022relational,72,21,1.9619140625
guenther2022relational,72,22,2.10888671875
guenther2022relational,72,23,1.6416015625
guenther2022relational,72,24,2.833984375
guenther2022relational,72,25,2.859375
guenther2022relational,72,26,3.4814453125
guenther2022relational,72,27,2.1123046875
guenther2022relational,72,28,3.318359375
guenther2022relational,72,29,5.056396484375
guenther2022relational,72,30,2.27734375
guenther2022relational,72,31,5.91015625
guenther2022relational,72,32,4.326171875
guenther2022relational,72,33,2.7265625
guenther2022relational,72,34,2.12451171875
guenther2022relational,72,35,3.3408203125
guenther2022relational,72,36,3.3515625
guenther2022relational,72,37,2.375
guenther2022relational,72,38,1.943359375
guenther2022relational,72,39,2.5341796875
guenther2022relational,72,40,1.6494140625
guenther2022relational,72,41,3.4453125
guenther2022relational,72,42,3.1328125
guenther2022relational,72,43,2.525390625
guenther2022relational,72,44,1.701171875
guenther2022relational,72,45,2.0166015625
guenther2022relational,72,46,1.994140625
guenther2022relational,72,47,3.390625
guenther2022relational,72,48,3.4462890625
guenther2022relational,72,49,2.2705078125
guenther2022relational,72,50,2.48828125
guenther2022relational,72,51,4.65625
guenther2022relational,72,52,3.00390625
guenther2022relational,72,53,1.6689453125
guenther2022relational,72,54,2.9375
guenther2022relational,73,0,2.433563232421875
guenther2022relational,73,1,4.7353515625
guenther2022relational,73,2,1.93359375
guenther2022relational,73,3,3.34765625
guenther2022relational,73,4,2.98828125
guenther2022relational,73,5,2.14453125
guenther2022relational,73,6,1.576171875
guenther2022relational,73,7,1.58984375
guenther2022relational,73,8,1.93359375
guenther2022relational,73,9,2.97265625
guenther2022relational,73,10,1.353515625
guenther2022relational,73,11,1.6171875
guenther2022relational,73,12,1.20703125
guenther2022relational,73,13,1.8359375
guenther2022relational,73,14,1.00390625
guenther2022relational,73,15,3.7900390625
guenther2022relational,73,16,4.1328125
guenther2022relational,73,17,1.25
guenther2022relational,73,18,2.599609375
guenther2022relational,73,19,2.177734375
guenther2022relational,73,20,1.7509765625
guenther2022relational,73,21,5.783203125
guenther2022relational,73,22,0.97216796875
guenther2022relational,73,23,3.66015625
guenther2022relational,73,24,2.904296875
guenther2022relational,73,25,3.7265625
guenther2022relational,73,26,1.9853515625
guenther2022relational,73,27,4.9130859375
guenther2022relational,73,28,5.100830078125
guenther2022relational,73,29,3.55712890625
guenther2022relational,73,30,2.86328125
guenther2022relational,73,31,4.072265625
guenther2022relational,73,32,2.52392578125
guenther2022relational,73,33,3.35400390625
guenther2022relational,73,34,3.335205078125
guenther2022relational,73,35,1.1689453125
guenther2022relational,73,36,1.52587890625
guenther2022relational,73,37,2.083984375
guenther2022relational,73,38,2.585693359375
guenther2022relational,73,39,1.302734375
guenther2022relational,73,40,2.66650390625
guenther2022relational,73,41,2.21142578125
guenther2022relational,73,42,3.20458984375
guenther2022relational,73,43,1.03759765625
guenther2022relational,73,44,1.5947265625
guenther2022relational,73,45,3.279296875
guenther2022relational,73,46,2.444580078125
guenther2022relational,73,47,2.15625
guenther2022relational,73,48,2.42822265625
guenther2022relational,73,49,2.25439453125
guenther2022relational,73,50,1.349609375
guenther2022relational,73,51,2.28662109375
guenther2022relational,73,52,1.63134765625
guenther2022relational,73,53,2.648193359375
guenther2022relational,73,54,2.914031982421875
guenther2022relational,74,0,3.0078125
guenther2022relational,74,1,2.94287109375
guenther2022relational,74,2,3.1953125
guenther2022relational,74,3,1.546875
guenther2022relational,74,4,4.921875
guenther2022relational,74,5,3.0546875
guenther2022relational,74,6,2.279296875
guenther2022relational,74,7,2.046875
guenther2022relational,74,8,2.1171875
guenther2022relational,74,9,3.5703125
guenther2022relational,74,10,1.8515625
guenther2022relational,74,11,4.0
guenther2022relational,74,12,2.833984375
guenther2022relational,74,13,2.763671875
guenther2022relational,74,14,4.556640625
guenther2022relational,74,15,3.64453125
guenther2022relational,74,16,1.068359375
guenther2022relational,74,17,2.1640625
guenther2022relational,74,18,3.19140625
guenther2022relational,74,19,3.865234375
guenther2022relational,74,20,3.50390625
guenther2022relational,74,21,2.78515625
guenther2022relational,74,22,2.1962890625
guenther2022relational,74,23,1.345703125
guenther2022relational,74,24,4.0390625
guenther2022relational,74,25,3.9736328125
guenther2022relational,74,26,1.16064453125
guenther2022relational,74,27,1.58984375
guenther2022relational,74,28,2.0205078125
guenther2022relational,74,29,4.005859375
guenther2022relational,74,30,2.69140625
guenther2022relational,74,31,1.982421875
guenther2022relational,74,32,3.15625
guenther2022relational,74,33,3.189453125
guenther2022relational,74,34,2.7421875
guenther2022relational,74,35,4.392578125
guenther2022relational,74,36,3.07275390625
guenther2022relational,74,37,2.236328125
guenther2022relational,74,38,3.1416015625
guenther2022relational,74,39,4.298828125
guenther2022relational,74,40,3.302734375
guenther2022relational,74,41,3.2001953125
guenther2022relational,74,42,1.8740234375
guenther2022relational,74,43,2.89453125
guenther2022relational,74,44,2.6064453125
guenther2022relational,74,45,2.5712890625
guenther2022relational,74,46,3.8349609375
guenther2022relational,74,47,1.8662109375
guenther2022relational,74,48,1.6376953125
guenther2022relational,74,49,1.27587890625
guenther2022relational,74,50,3.6357421875
guenther2022relational,74,51,1.9892578125
guenther2022relational,74,52,2.6044921875
guenther2022relational,74,53,3.5
guenther2022relational,74,54,1.81201171875
guenther2022relational,75,0,2.480438232421875
guenther2022relational,75,1,4.5380859375
guenther2022relational,75,2,2.2724609375
guenther2022relational,75,3,5.15625
guenther2022relational,75,4,3.544921875
guenther2022relational,75,5,2.416015625
guenther2022relational,75,6,2.58203125
guenther2022relational,75,7,4.419921875
guenther2022relational,75,8,3.4541015625
guenther2022relational,75,9,2.1953125
guenther2022relational,75,10,1.7421875
guenther2022relational,75,11,2.6953125
guenther2022relational,75,12,2.36328125
guenther2022relational,75,13,1.759765625
guenther2022relational,75,14,1.28515625
guenther2022relational,75,15,3.388671875
guenther2022relational,75,16,1.6025390625
guenther2022relational,75,17,1.2255859375
guenther2022relational,75,18,4.01953125
guenther2022relational,75,19,1.609375
guenther2022relational,75,20,1.98046875
guenther2022relational,75,21,4.3515625
guenther2022relational,75,22,2.259765625
guenther2022relational,75,23,6.091796875
guenther2022relational,75,24,1.18359375
guenther2022relational,75,25,2.357421875
guenther2022relational,75,26,1.98046875
guenther2022relational,75,27,4.60546875
guenther2022relational,75,28,3.5048828125
guenther2022relational,75,29,2.55517578125
guenther2022relational,75,30,3.447265625
guenther2022relational,75,31,1.7060546875
guenther2022relational,75,32,2.9462890625
guenther2022relational,75,33,2.37109375
guenther2022relational,75,34,2.689453125
guenther2022relational,75,35,1.7197265625
guenther2022relational,75,36,1.5185546875
guenther2022relational,75,37,2.580078125
guenther2022relational,75,38,2.7392578125
guenther2022relational,75,39,1.2421875
guenther2022relational,75,40,2.857421875
guenther2022relational,75,41,4.283203125
guenther2022relational,75,42,3.3212890625
guenther2022relational,75,43,3.3291015625
guenther2022relational,75,44,0.72314453125
guenther2022relational,75,45,1.8642578125
guenther2022relational,75,46,2.9482421875
guenther2022relational,75,47,1.673828125
guenther2022relational,75,48,5.19921875
guenther2022relational,75,49,6.0703125
guenther2022relational,75,50,2.4599609375
guenther2022relational,75,51,1.9140625
guenther2022relational,75,52,1.77734375
guenther2022relational,75,53,1.98828125
guenther2022relational,75,54,3.830078125
guenther2022relational,76,0,5.40625
guenther2022relational,76,1,2.46875
guenther2022relational,76,2,3.123046875
guenther2022relational,76,3,1.40625
guenther2022relational,76,4,3.5107421875
guenther2022relational,76,5,2.0107421875
guenther2022relational,76,6,2.162109375
guenther2022relational,76,7,3.96875
guenther2022relational,76,8,3.2705078125
guenther2022relational,76,9,3.988037109375
guenther2022relational,76,10,2.85400390625
guenther2022relational,76,11,3.21484375
guenther2022relational,76,12,2.7783203125
guenther2022relational,76,13,3.068359375
guenther2022relational,76,14,2.67578125
guenther2022relational,76,15,3.0546875
guenther2022relational,76,16,5.337890625
guenther2022relational,76,17,1.578125
guenther2022relational,76,18,4.21484375
guenther2022relational,76,19,4.9501953125
guenther2022relational,76,20,2.5302734375
guenther2022relational,76,21,2.8017578125
guenther2022relational,76,22,3.8095703125
guenther2022relational,76,23,3.6875
guenther2022relational,76,24,2.1875
guenther2022relational,76,25,2.919921875
guenther2022relational,76,26,2.939453125
guenther2022relational,76,27,2.53515625
guenther2022relational,76,28,2.55078125
guenther2022relational,76,29,2.5439453125
guenther2022relational,76,30,2.8828125
guenther2022relational,76,31,2.404296875
guenther2022relational,76,32,2.8359375
guenther2022relational,76,33,1.96484375
guenther2022relational,76,34,2.6484375
guenther2022relational,76,35,1.9853515625
guenther2022relational,76,36,3.810546875
guenther2022relational,76,37,3.478515625
guenther2022relational,76,38,3.560546875
guenther2022relational,76,39,1.7744140625
guenther2022relational,76,40,4.8984375
guenther2022relational,76,41,3.4140625
guenther2022relational,76,42,3.388671875
guenther2022relational,76,43,2.36083984375
guenther2022relational,76,44,2.935546875
guenther2022relational,76,45,2.595703125
guenther2022relational,76,46,2.2265625
guenther2022relational,76,47,2.2626953125
guenther2022relational,76,48,2.24609375
guenther2022relational,76,49,4.646484375
guenther2022relational,76,50,2.4140625
guenther2022relational,76,51,3.546875
guenther2022relational,76,52,2.62890625
guenther2022relational,76,53,1.056640625
guenther2022relational,76,54,2.35546875
guenther2022relational,77,0,2.796844482421875
guenther2022relational,77,1,3.0546875
guenther2022relational,77,2,5.3251953125
guenther2022relational,77,3,2.69140625
guenther2022relational,77,4,3.681640625
guenther2022relational,77,5,4.04296875
guenther2022relational,77,6,2.6318359375
guenther2022relational,77,7,2.0791015625
guenther2022relational,77,8,2.73828125
guenther2022relational,77,9,1.892578125
guenther2022relational,77,10,1.9306640625
guenther2022relational,77,11,2.1396484375
guenther2022relational,77,12,3.2890625
guenther2022relational,77,13,1.486328125
guenther2022relational,77,14,1.46875
guenther2022relational,77,15,2.068359375
guenther2022relational,77,16,2.92626953125
guenther2022relational,77,17,3.66796875
guenther2022relational,77,18,2.7783203125
guenther2022relational,77,19,3.935546875
guenther2022relational,77,20,0.84326171875
guenther2022relational,77,21,1.405517578125
guenther2022relational,77,22,1.623046875
guenther2022relational,77,23,1.6044921875
guenther2022relational,77,24,4.0576171875
guenther2022relational,77,25,2.9140625
guenther2022relational,77,26,3.8125
guenther2022relational,77,27,3.22265625
guenther2022relational,77,28,2.61376953125
guenther2022relational,77,29,1.29736328125
guenther2022relational,77,30,2.7705078125
guenther2022relational,77,31,1.458984375
guenther2022relational,77,32,1.43359375
guenther2022relational,77,33,3.4716796875
guenther2022relational,77,34,1.28125
guenther2022relational,77,35,1.6806640625
guenther2022relational,77,36,1.32080078125
guenther2022relational,77,37,1.291015625
guenther2022relational,77,38,2.24462890625
guenther2022relational,77,39,2.8564453125
guenther2022relational,77,40,2.6171875
guenther2022relational,77,41,3.2978515625
guenther2022relational,77,42,4.83251953125
guenther2022relational,77,43,1.4052734375
guenther2022relational,77,44,3.28515625
guenther2022relational,77,45,1.5673828125
guenther2022relational,77,46,1.884765625
guenther2022relational,77,47,0.8447265625
guenther2022relational,77,48,2.8154296875
guenther2022relational,77,49,1.6796875
guenther2022relational,77,50,3.0458984375
guenther2022relational,77,51,2.92578125
guenther2022relational,77,52,2.16796875
guenther2022relational,77,53,2.30517578125
guenther2022relational,77,54,1.2255859375
guenther2022relational,78,0,4.69140625
guenther2022relational,78,1,1.10107421875
guenther2022relational,78,2,8.6015625
guenther2022relational,78,3,1.78125
guenther2022relational,78,4,1.57421875
guenther2022relational,78,5,1.5625
guenther2022relational,78,6,1.3515625
guenther2022relational,78,7,1.41796875
guenther2022relational,78,8,0.79296875
guenther2022relational,78,9,1.013671875
guenther2022relational,78,10,0.978515625
guenther2022relational,78,11,1.0234375
guenther2022relational,78,12,0.8994140625
guenther2022relational,78,13,0.8671875
guenther2022relational,78,14,0.8447265625
guenther2022relational,78,15,0.4462890625
guenther2022relational,78,16,1.16650390625
guenther2022relational,78,17,0.3642578125
guenther2022relational,78,18,1.1650390625
guenther2022relational,78,19,1.0703125
guenther2022relational,78,20,0.6650390625
guenther2022relational,78,21,1.4794921875
guenther2022relational,78,22,0.92236328125
guenther2022relational,78,23,0.826171875
guenther2022relational,78,24,1.09814453125
guenther2022relational,78,25,0.64501953125
guenther2022relational,78,26,3.347625732421875
guenther2022relational,78,27,0.8515625
guenther2022relational,78,28,1.572265625
guenther2022relational,78,29,0.6259765625
guenther2022relational,78,30,1.0166015625
guenther2022relational,78,31,1.162109375
guenther2022relational,78,32,0.9912109375
guenther2022relational,78,33,1.2578125
guenther2022relational,78,34,1.22314453125
guenther2022relational,78,35,1.10205078125
guenther2022relational,78,36,0.921875
guenther2022relational,78,37,0.8408203125
guenther2022relational,78,38,0.42138671875
guenther2022relational,78,39,0.8408203125
guenther2022relational,78,40,1.08447265625
guenther2022relational,78,41,1.53125
guenther2022relational,78,42,0.64501953125
guenther2022relational,78,43,0.9990234375
guenther2022relational,78,44,0.60400390625
guenther2022relational,78,45,10.421875
guenther2022relational,78,46,5.359344482421875
guenther2022relational,78,47,3.0703125
guenther2022relational,78,48,3.212890625
guenther2022relational,78,49,2.5625
guenther2022relational,78,50,4.7890625
guenther2022relational,78,51,2.5703125
guenther2022relational,78,52,7.03125
guenther2022relational,78,53,2.544921875
guenther2022relational,78,54,2.85546875
guenther2022relational,79,0,4.9140625
guenther2022relational,79,1,5.951171875
guenther2022relational,79,2,3.10205078125
guenther2022relational,79,3,3.27734375
guenther2022relational,79,4,1.9453125
guenther2022relational,79,5,4.046875
guenther2022relational,79,6,2.07421875
guenther2022relational,79,7,1.8046875
guenther2022relational,79,8,3.224609375
guenther2022relational,79,9,1.32080078125
guenther2022relational,79,10,1.37548828125
guenther2022relational,79,11,2.8447265625
guenther2022relational,79,12,2.6728515625
guenther2022relational,79,13,1.46484375
guenther2022relational,79,14,3.3359375
guenther2022relational,79,15,1.2314453125
guenther2022relational,79,16,4.1787109375
guenther2022relational,79,17,4.42626953125
guenther2022relational,79,18,1.451171875
guenther2022relational,79,19,2.9541015625
guenther2022relational,79,20,4.0732421875
guenther2022relational,79,21,1.265625
guenther2022relational,79,22,3.333984375
guenther2022relational,79,23,3.4970703125
guenther2022relational,79,24,1.01513671875
guenther2022relational,79,25,4.078125
guenther2022relational,79,26,3.283203125
guenther2022relational,79,27,4.4609375
guenther2022relational,79,28,5.47265625
guenther2022relational,79,29,3.05517578125
guenther2022relational,79,30,3.0126953125
guenther2022relational,79,31,2.47900390625
guenther2022relational,79,32,2.5791015625
guenther2022relational,79,33,2.6064453125
guenther2022relational,79,34,3.2666015625
guenther2022relational,79,35,2.0458984375
guenther2022relational,79,36,3.0390625
guenther2022relational,79,37,3.4296875
guenther2022relational,79,38,3.5400390625
guenther2022relational,79,39,2.01953125
guenther2022relational,79,40,3.4609375
guenther2022relational,79,41,3.07421875
guenther2022relational,79,42,2.6640625
guenther2022relational,79,43,4.341796875
guenther2022relational,79,44,3.609375
guenther2022relational,79,45,1.634765625
guenther2022relational,79,46,1.765625
guenther2022relational,79,47,3.0
guenther2022relational,79,48,3.265625
guenther2022relational,79,49,4.0947265625
guenther2022relational,79,50,1.327392578125
guenther2022relational,79,51,2.9296875
guenther2022relational,79,52,1.4892578125
guenther2022relational,79,53,1.6943359375
guenther2022relational,79,54,2.9580078125
guenther2022relational,80,0,3.6796875
guenther2022relational,80,1,5.796875
guenther2022relational,80,2,3.439453125
guenther2022relational,80,3,3.98046875
guenther2022relational,80,4,4.01171875
guenther2022relational,80,5,2.998046875
guenther2022relational,80,6,3.9541015625
guenther2022relational,80,7,3.05078125
guenther2022relational,80,8,2.6669921875
guenther2022relational,80,9,2.2041015625
guenther2022relational,80,10,4.1171875
guenther2022relational,80,11,2.6962890625
guenther2022relational,80,12,2.07421875
guenther2022relational,80,13,2.666015625
guenther2022relational,80,14,2.109375
guenther2022relational,80,15,2.09765625
guenther2022relational,80,16,3.517578125
guenther2022relational,80,17,1.966796875
guenther2022relational,80,18,2.0322265625
guenther2022relational,80,19,2.3291015625
guenther2022relational,80,20,3.580078125
guenther2022relational,80,21,2.2783203125
guenther2022relational,80,22,2.181640625
guenther2022relational,80,23,1.92919921875
guenther2022relational,80,24,1.98828125
guenther2022relational,80,25,2.32421875
guenther2022relational,80,26,3.0751953125
guenther2022relational,80,27,1.6416015625
guenther2022relational,80,28,1.8203125
guenther2022relational,80,29,3.2158203125
guenther2022relational,80,30,3.736328125
guenther2022relational,80,31,1.7001953125
guenther2022relational,80,32,2.66162109375
guenther2022relational,80,33,2.24951171875
guenther2022relational,80,34,1.1376953125
guenther2022relational,80,35,2.912109375
guenther2022relational,80,36,3.193359375
guenther2022relational,80,37,1.76953125
guenther2022relational,80,38,3.1220703125
guenther2022relational,80,39,1.46875
guenther2022relational,80,40,1.2822265625
guenther2022relational,80,41,1.208984375
guenther2022relational,80,42,1.158203125
guenther2022relational,80,43,2.7294921875
guenther2022relational,80,44,2.751953125
guenther2022relational,80,45,0.9990234375
guenther2022relational,80,46,2.5517578125
guenther2022relational,80,47,3.4189453125
guenther2022relational,80,48,0.8759765625
guenther2022relational,80,49,1.98583984375
guenther2022relational,80,50,1.09765625
guenther2022relational,80,51,2.9501953125
guenther2022relational,80,52,0.8466796875
guenther2022relational,80,53,2.2568359375
guenther2022relational,80,54,0.85595703125
guenther2022relational,81,0,5.671875
guenther2022relational,81,1,3.9453125
guenther2022relational,81,2,2.484375
guenther2022relational,81,3,4.8095703125
guenther2022relational,81,4,2.09765625
guenther2022relational,81,5,3.2578125
guenther2022relational,81,6,3.57421875
guenther2022relational,81,7,2.62890625
guenther2022relational,81,8,2.880859375
guenther2022relational,81,9,5.30078125
guenther2022relational,81,10,3.3232421875
guenther2022relational,81,11,3.6953125
guenther2022relational,81,12,1.5390625
guenther2022relational,81,13,3.0888671875
guenther2022relational,81,14,1.3515625
guenther2022relational,81,15,2.65234375
guenther2022relational,81,16,3.994140625
guenther2022relational,81,17,2.8642578125
guenther2022relational,81,18,3.609375
guenther2022relational,81,19,2.0078125
guenther2022relational,81,20,2.09375
guenther2022relational,81,21,2.80078125
guenther2022relational,81,22,2.59375
guenther2022relational,81,23,1.11376953125
guenther2022relational,81,24,3.99609375
guenther2022relational,81,25,2.736328125
guenther2022relational,81,26,2.296875
guenther2022relational,81,27,1.453125
guenther2022relational,81,28,3.193359375
guenther2022relational,81,29,2.326171875
guenther2022relational,81,30,2.52734375
guenther2022relational,81,31,4.98046875
guenther2022relational,81,32,2.08251953125
guenther2022relational,81,33,2.7275390625
guenther2022relational,81,34,2.2734375
guenther2022relational,81,35,3.4228515625
guenther2022relational,81,36,2.3837890625
guenther2022relational,81,37,2.8330078125
guenther2022relational,81,38,2.39892578125
guenther2022relational,81,39,2.4404296875
guenther2022relational,81,40,4.3544921875
guenther2022relational,81,41,2.14501953125
guenther2022relational,81,42,1.7392578125
guenther2022relational,81,43,4.1318359375
guenther2022relational,81,44,3.74609375
guenther2022relational,81,45,3.60546875
guenther2022relational,81,46,2.0380859375
guenther2022relational,81,47,4.341796875
guenther2022relational,81,48,3.279296875
guenther2022relational,81,49,1.828125
guenther2022relational,81,50,4.130859375
guenther2022relational,81,51,2.08984375
guenther2022relational,81,52,4.5078125
guenther2022relational,81,53,2.0185546875
guenther2022relational,81,54,3.4345703125
guenther2022relational,82,0,6.046844482421875
guenther2022relational,82,1,0.962890625
guenther2022relational,82,2,3.21875
guenther2022relational,82,3,2.25
guenther2022relational,82,4,3.43359375
guenther2022relational,82,5,3.669921875
guenther2022relational,82,6,4.63671875
guenther2022relational,82,7,2.1494140625
guenther2022relational,82,8,2.283203125
guenther2022relational,82,9,2.09375
guenther2022relational,82,10,1.6748046875
guenther2022relational,82,11,2.9326171875
guenther2022relational,82,12,2.7890625
guenther2022relational,82,13,2.2978515625
guenther2022relational,82,14,3.1884765625
guenther2022relational,82,15,1.083984375
guenther2022relational,82,16,1.23974609375
guenther2022relational,82,17,1.1728515625
guenther2022relational,82,18,1.7568359375
guenther2022relational,82,19,4.67333984375
guenther2022relational,82,20,2.1943359375
guenther2022relational,82,21,2.171875
guenther2022relational,82,22,2.5517578125
guenther2022relational,82,23,1.822265625
guenther2022relational,82,24,1.330078125
guenther2022relational,82,25,1.772705078125
guenther2022relational,82,26,3.1328125
guenther2022relational,82,27,2.3828125
guenther2022relational,82,28,4.40625
guenther2022relational,82,29,1.7509765625
guenther2022relational,82,30,2.810546875
guenther2022relational,82,31,1.483642578125
guenther2022relational,82,32,1.97412109375
guenther2022relational,82,33,1.3876953125
guenther2022relational,82,34,2.13671875
guenther2022relational,82,35,2.2783203125
guenther2022relational,82,36,2.7919921875
guenther2022relational,82,37,3.23876953125
guenther2022relational,82,38,3.701171875
guenther2022relational,82,39,2.509765625
guenther2022relational,82,40,1.97265625
guenther2022relational,82,41,3.87890625
guenther2022relational,82,42,1.38671875
guenther2022relational,82,43,2.19287109375
guenther2022relational,82,44,2.6396484375
guenther2022relational,82,45,2.2880859375
guenther2022relational,82,46,3.060546875
guenther2022relational,82,47,2.69921875
guenther2022relational,82,48,3.216796875
guenther2022relational,82,49,2.542236328125
guenther2022relational,82,50,1.392578125
guenther2022relational,82,51,2.5361328125
guenther2022relational,82,52,3.44921875
guenther2022relational,82,53,2.591796875
guenther2022relational,82,54,2.1650390625
guenther2022relational,83,0,6.39453125
guenther2022relational,83,1,3.05126953125
guenther2022relational,83,2,3.654296875
guenther2022relational,83,3,3.07421875
guenther2022relational,83,4,4.1982421875
guenther2022relational,83,5,3.5400390625
guenther2022relational,83,6,2.1162109375
guenther2022relational,83,7,3.7958984375
guenther2022relational,83,8,1.882080078125
guenther2022relational,83,9,2.7705078125
guenther2022relational,83,10,3.3349609375
guenther2022relational,83,11,0.890594482421875
guenther2022relational,83,12,2.73388671875
guenther2022relational,83,13,2.00732421875
guenther2022relational,83,14,2.1572265625
guenther2022relational,83,15,2.0146484375
guenther2022relational,83,16,5.625
guenther2022relational,83,17,2.38037109375
guenther2022relational,83,18,2.404296875
guenther2022relational,83,19,3.2734375
guenther2022relational,83,20,3.12109375
guenther2022relational,83,21,2.00390625
guenther2022relational,83,22,1.95703125
guenther2022relational,83,23,2.58251953125
guenther2022relational,83,24,3.0478515625
guenther2022relational,83,25,2.2509765625
guenther2022relational,83,26,3.7890625
guenther2022relational,83,27,5.384765625
guenther2022relational,83,28,3.4130859375
guenther2022relational,83,29,2.2890625
guenther2022relational,83,30,4.326171875
guenther2022relational,83,31,3.91015625
guenther2022relational,83,32,2.216796875
guenther2022relational,83,33,2.8857421875
guenther2022relational,83,34,3.26513671875
guenther2022relational,83,35,3.19921875
guenther2022relational,83,36,2.7158203125
guenther2022relational,83,37,2.1015625
guenther2022relational,83,38,3.01025390625
guenther2022relational,83,39,2.86328125
guenther2022relational,83,40,2.8291015625
guenther2022relational,83,41,2.4228515625
guenther2022relational,83,42,2.9345703125
guenther2022relational,83,43,2.08203125
guenther2022relational,83,44,2.76171875
guenther2022relational,83,45,2.0439453125
guenther2022relational,83,46,2.30517578125
guenther2022relational,83,47,2.76708984375
guenther2022relational,83,48,2.4130859375
guenther2022relational,83,49,3.59765625
guenther2022relational,83,50,2.3095703125
guenther2022relational,83,51,2.66015625
guenther2022relational,83,52,2.28662109375
guenther2022relational,83,53,2.1064453125
guenther2022relational,83,54,2.240234375
guenther2022relational,84,0,4.406219482421875
guenther2022relational,84,1,5.28515625
guenther2022relational,84,2,1.73095703125
guenther2022relational,84,3,3.08349609375
guenther2022relational,84,4,4.5068359375
guenther2022relational,84,5,2.18701171875
guenther2022relational,84,6,2.913330078125
guenther2022relational,84,7,2.703125
guenther2022relational,84,8,3.4853515625
guenther2022relational,84,9,1.585205078125
guenther2022relational,84,10,5.0390625
guenther2022relational,84,11,1.029296875
guenther2022relational,84,12,4.8818359375
guenther2022relational,84,13,2.1689453125
guenther2022relational,84,14,3.029296875
guenther2022relational,84,15,4.84765625
guenther2022relational,84,16,1.65625
guenther2022relational,84,17,4.904296875
guenther2022relational,84,18,2.123046875
guenther2022relational,84,19,2.67333984375
guenther2022relational,84,20,2.24609375
guenther2022relational,84,21,3.095703125
guenther2022relational,84,22,2.3974609375
guenther2022relational,84,23,2.275390625
guenther2022relational,84,24,2.17578125
guenther2022relational,84,25,2.001953125
guenther2022relational,84,26,1.7431640625
guenther2022relational,84,27,2.056640625
guenther2022relational,84,28,1.9921875
guenther2022relational,84,29,1.5087890625
guenther2022relational,84,30,4.4091796875
guenther2022relational,84,31,2.8095703125
guenther2022relational,84,32,2.98876953125
guenther2022relational,84,33,3.68359375
guenther2022relational,84,34,3.4755859375
guenther2022relational,84,35,2.328125
guenther2022relational,84,36,4.796875
guenther2022relational,84,37,1.685546875
guenther2022relational,84,38,3.640625
guenther2022relational,84,39,2.078125
guenther2022relational,84,40,3.2890625
guenther2022relational,84,41,1.65234375
guenther2022relational,84,42,2.35546875
guenther2022relational,84,43,3.6005859375
guenther2022relational,84,44,2.16455078125
guenther2022relational,84,45,2.66650390625
guenther2022relational,84,46,0.995849609375
guenther2022relational,84,47,2.0517578125
guenther2022relational,84,48,2.7568359375
guenther2022relational,84,49,1.95947265625
guenther2022relational,84,50,3.2412109375
guenther2022relational,84,51,5.0166015625
guenther2022relational,84,52,2.96337890625
guenther2022relational,84,53,2.89453125
guenther2022relational,84,54,3.162109375
guenther2022relational,85,0,3.7578125
guenther2022relational,85,1,2.88134765625
guenther2022relational,85,2,4.7705078125
guenther2022relational,85,3,2.7666015625
guenther2022relational,85,4,2.8125
guenther2022relational,85,5,2.94775390625
guenther2022relational,85,6,1.65673828125
guenther2022relational,85,7,4.1005859375
guenther2022relational,85,8,3.4755859375
guenther2022relational,85,9,3.89892578125
guenther2022relational,85,10,2.6728515625
guenther2022relational,85,11,2.18359375
guenther2022relational,85,12,4.11328125
guenther2022relational,85,13,3.1171875
guenther2022relational,85,14,0.855224609375
guenther2022relational,85,15,3.2001953125
guenther2022relational,85,16,4.0390625
guenther2022relational,85,17,2.05712890625
guenther2022relational,85,18,5.662109375
guenther2022relational,85,19,2.64453125
guenther2022relational,85,20,2.2822265625
guenther2022relational,85,21,3.1015625
guenther2022relational,85,22,3.2890625
guenther2022relational,85,23,4.09765625
guenther2022relational,85,24,1.9296875
guenther2022relational,85,25,2.984375
guenther2022relational,85,26,2.20703125
guenther2022relational,85,27,1.6220703125
guenther2022relational,85,28,2.373046875
guenther2022relational,85,29,3.45751953125
guenther2022relational,85,30,2.9599609375
guenther2022relational,85,31,2.9482421875
guenther2022relational,85,32,2.7421875
guenther2022relational,85,33,2.392578125
guenther2022relational,85,34,3.21484375
guenther2022relational,85,35,3.7138671875
guenther2022relational,85,36,3.2509765625
guenther2022relational,85,37,3.046875
guenther2022relational,85,38,3.453125
guenther2022relational,85,39,2.8974609375
guenther2022relational,85,40,2.7294921875
guenther2022relational,85,41,3.0888671875
guenther2022relational,85,42,2.591796875
guenther2022relational,85,43,3.671875
guenther2022relational,85,44,2.82080078125
guenther2022relational,85,45,3.52001953125
guenther2022relational,85,46,3.2578125
guenther2022relational,85,47,1.5419921875
guenther2022relational,85,48,2.1591796875
guenther2022relational,85,49,1.9208984375
guenther2022relational,85,50,2.30322265625
guenther2022relational,85,51,3.32275390625
guenther2022relational,85,52,4.125
guenther2022relational,85,53,1.93359375
guenther2022relational,85,54,3.3017578125
guenther2022relational,86,0,4.9296875
guenther2022relational,86,1,2.841796875
guenther2022relational,86,2,1.9775390625
guenther2022relational,86,3,4.29296875
guenther2022relational,86,4,3.17578125
guenther2022relational,86,5,3.75390625
guenther2022relational,86,6,1.74951171875
guenther2022relational,86,7,3.8193359375
guenther2022relational,86,8,3.45458984375
guenther2022relational,86,9,2.16650390625
guenther2022relational,86,10,2.8330078125
guenther2022relational,86,11,1.27734375
guenther2022relational,86,12,3.1015625
guenther2022relational,86,13,2.1962890625
guenther2022relational,86,14,3.2021484375
guenther2022relational,86,15,2.689453125
guenther2022relational,86,16,2.15771484375
guenther2022relational,86,17,1.9287109375
guenther2022relational,86,18,3.36328125
guenther2022relational,86,19,2.037109375
guenther2022relational,86,20,2.4775390625
guenther2022relational,86,21,2.6845703125
guenther2022relational,86,22,2.39501953125
guenther2022relational,86,23,1.83837890625
guenther2022relational,86,24,3.585693359375
guenther2022relational,86,25,1.882080078125
guenther2022relational,86,26,2.90234375
guenther2022relational,86,27,1.0389404296875
guenther2022relational,86,28,2.616455078125
guenther2022relational,86,29,1.64599609375
guenther2022relational,86,30,2.1708984375
guenther2022relational,86,31,2.1717529296875
guenther2022relational,86,32,1.7392578125
guenther2022relational,86,33,4.4501953125
guenther2022relational,86,34,2.90234375
guenther2022relational,86,35,4.8642578125
guenther2022relational,86,36,2.23876953125
guenther2022relational,86,37,2.866943359375
guenther2022relational,86,38,1.7412109375
guenther2022relational,86,39,5.069580078125
guenther2022relational,86,40,4.289031982421875
guenther2022relational,86,41,2.38330078125
guenther2022relational,86,42,2.491455078125
guenther2022relational,86,43,1.79443359375
guenther2022relational,86,44,2.74951171875
guenther2022relational,86,45,3.716796875
guenther2022relational,86,46,1.9295654296875
guenther2022relational,86,47,3.8037109375
guenther2022relational,86,48,2.116455078125
guenther2022relational,86,49,1.663330078125
guenther2022relational,86,50,2.2655029296875
guenther2022relational,86,51,2.439453125
guenther2022relational,86,52,1.694580078125
guenther2022relational,86,53,4.17822265625
guenther2022relational,86,54,2.1337890625
guenther2022relational,87,0,3.6953125
guenther2022relational,87,1,2.882080078125
guenther2022relational,87,2,1.7451171875
guenther2022relational,87,3,3.24951171875
guenther2022relational,87,4,2.7939453125
guenther2022relational,87,5,1.92578125
guenther2022relational,87,6,5.28125
guenther2022relational,87,7,1.87890625
guenther2022relational,87,8,2.65234375
guenther2022relational,87,9,2.8291015625
guenther2022relational,87,10,2.1591796875
guenther2022relational,87,11,3.58447265625
guenther2022relational,87,12,3.5234375
guenther2022relational,87,13,2.44775390625
guenther2022relational,87,14,2.4814453125
guenther2022relational,87,15,1.341796875
guenther2022relational,87,16,2.01953125
guenther2022relational,87,17,3.1025390625
guenther2022relational,87,18,3.4443359375
guenther2022relational,87,19,2.4150390625
guenther2022relational,87,20,2.5390625
guenther2022relational,87,21,1.6455078125
guenther2022relational,87,22,1.38916015625
guenther2022relational,87,23,4.7880859375
guenther2022relational,87,24,2.80859375
guenther2022relational,87,25,2.625
guenther2022relational,87,26,2.25390625
guenther2022relational,87,27,1.75634765625
guenther2022relational,87,28,3.4755859375
guenther2022relational,87,29,2.029296875
guenther2022relational,87,30,1.7158203125
guenther2022relational,87,31,1.71875
guenther2022relational,87,32,3.4580078125
guenther2022relational,87,33,1.5517578125
guenther2022relational,87,34,2.33251953125
guenther2022relational,87,35,3.30859375
guenther2022relational,87,36,2.273193359375
guenther2022relational,87,37,2.038330078125
guenther2022relational,87,38,2.6396484375
guenther2022relational,87,39,1.75390625
guenther2022relational,87,40,2.569580078125
guenther2022relational,87,41,1.685546875
guenther2022relational,87,42,1.71630859375
guenther2022relational,87,43,2.9580078125
guenther2022relational,87,44,2.80126953125
guenther2022relational,87,45,3.765625
guenther2022relational,87,46,1.6572265625
guenther2022relational,87,47,1.8095703125
guenther2022relational,87,48,1.44921875
guenther2022relational,87,49,1.24169921875
guenther2022relational,87,50,2.991943359375
guenther2022relational,87,51,2.24609375
guenther2022relational,87,52,1.1923828125
guenther2022relational,87,53,1.8037109375
guenther2022relational,87,54,4.171875
guenther2022relational,88,0,2.78515625
guenther2022relational,88,1,3.6640625
guenther2022relational,88,2,3.46484375
guenther2022relational,88,3,2.23046875
guenther2022relational,88,4,2.04296875
guenther2022relational,88,5,2.787109375
guenther2022relational,88,6,1.599609375
guenther2022relational,88,7,2.75390625
guenther2022relational,88,8,1.267578125
guenther2022relational,88,9,3.7109375
guenther2022relational,88,10,3.6455078125
guenther2022relational,88,11,2.3720703125
guenther2022relational,88,12,2.4775390625
guenther2022relational,88,13,2.49609375
guenther2022relational,88,14,4.265625
guenther2022relational,88,15,2.4453125
guenther2022relational,88,16,2.482421875
guenther2022relational,88,17,2.3203125
guenther2022relational,88,18,1.458984375
guenther2022relational,88,19,1.474609375
guenther2022relational,88,20,2.125
guenther2022relational,88,21,3.2734375
guenther2022relational,88,22,5.5390625
guenther2022relational,88,23,2.40625
guenther2022relational,88,24,2.896484375
guenther2022relational,88,25,1.7646484375
guenther2022relational,88,26,1.568359375
guenther2022relational,88,27,3.8017578125
guenther2022relational,88,28,5.3193359375
guenther2022relational,88,29,1.517578125
guenther2022relational,88,30,3.703125
guenther2022relational,88,31,1.4423828125
guenther2022relational,88,32,3.2001953125
guenther2022relational,88,33,1.4375
guenther2022relational,88,34,2.0390625
guenther2022relational,88,35,2.314453125
guenther2022relational,88,36,3.3505859375
guenther2022relational,88,37,3.1796875
guenther2022relational,88,38,4.0908203125
guenther2022relational,88,39,1.44140625
guenther2022relational,88,40,1.04052734375
guenther2022relational,88,41,0.89306640625
guenther2022relational,88,42,2.8818359375
guenther2022relational,88,43,2.982421875
guenther2022relational,88,44,2.9365234375
guenther2022relational,88,45,1.962890625
guenther2022relational,88,46,1.552734375
guenther2022relational,88,47,2.6689453125
guenther2022relational,88,48,2.975830078125
guenther2022relational,88,49,3.197265625
guenther2022relational,88,50,1.64453125
guenther2022relational,88,51,1.79541015625
guenther2022relational,88,52,1.9296875
guenther2022relational,88,53,1.302734375
guenther2022relational,88,54,0.88525390625
guenther2022relational,89,0,4.6171875
guenther2022relational,89,1,4.5400390625
guenther2022relational,89,2,2.826171875
guenther2022relational,89,3,3.39501953125
guenther2022relational,89,4,2.81640625
guenther2022relational,89,5,2.1796875
guenther2022relational,89,6,4.072265625
guenther2022relational,89,7,1.7197265625
guenther2022relational,89,8,0.9482421875
guenther2022relational,89,9,3.4169921875
guenther2022relational,89,10,4.287109375
guenther2022relational,89,11,3.5478515625
guenther2022relational,89,12,3.453125
guenther2022relational,89,13,3.05078125
guenther2022relational,89,14,2.9755859375
guenther2022relational,89,15,2.853515625
guenther2022relational,89,16,2.59912109375
guenther2022relational,89,17,3.044921875
guenther2022relational,89,18,2.0751953125
guenther2022relational,89,19,2.974609375
guenther2022relational,89,20,3.3359375
guenther2022relational,89,21,2.72900390625
guenther2022relational,89,22,4.05322265625
guenther2022relational,89,23,2.5244140625
guenther2022relational,89,24,3.2890625
guenther2022relational,89,25,1.79296875
guenther2022relational,89,26,1.3212890625
guenther2022relational,89,27,3.30078125
guenther2022relational,89,28,3.1767578125
guenther2022relational,89,29,2.765625
guenther2022relational,89,30,1.89306640625
guenther2022relational,89,31,1.79638671875
guenther2022relational,89,32,4.21826171875
guenther2022relational,89,33,1.61328125
guenther2022relational,89,34,4.11767578125
guenther2022relational,89,35,1.9892578125
guenther2022relational,89,36,4.34765625
guenther2022relational,89,37,2.568359375
guenther2022relational,89,38,2.67578125
guenther2022relational,89,39,2.4072265625
guenther2022relational,89,40,2.6220703125
guenther2022relational,89,41,2.6845703125
guenther2022relational,89,42,3.251953125
guenther2022relational,89,43,1.4443359375
guenther2022relational,89,44,3.2041015625
guenther2022relational,89,45,2.34912109375
guenther2022relational,89,46,2.68310546875
guenther2022relational,89,47,3.42822265625
guenther2022relational,89,48,2.53125
guenther2022relational,89,49,3.2783203125
guenther2022relational,89,50,3.0859375
guenther2022relational,89,51,0.9775390625
guenther2022relational,89,52,1.5029296875
guenther2022relational,89,53,2.8798828125
guenther2022relational,89,54,3.46875
guenther2022relational,90,0,4.3359375
guenther2022relational,90,1,1.96875
guenther2022relational,90,2,1.083984375
guenther2022relational,90,3,3.994140625
guenther2022relational,90,4,4.89453125
guenther2022relational,90,5,3.9775390625
guenther2022relational,90,6,2.23828125
guenther2022relational,90,7,1.939453125
guenther2022relational,90,8,2.7978515625
guenther2022relational,90,9,3.04150390625
guenther2022relational,90,10,4.51953125
guenther2022relational,90,11,2.24609375
guenther2022relational,90,12,2.7314453125
guenther2022relational,90,13,2.48974609375
guenther2022relational,90,14,2.1806640625
guenther2022relational,90,15,4.970703125
guenther2022relational,90,16,2.1123046875
guenther2022relational,90,17,3.18359375
guenther2022relational,90,18,2.28564453125
guenther2022relational,90,19,3.11767578125
guenther2022relational,90,20,3.216796875
guenther2022relational,90,21,2.41162109375
guenther2022relational,90,22,3.75634765625
guenther2022relational,90,23,2.757080078125
guenther2022relational,90,24,1.44921875
guenther2022relational,90,25,1.73828125
guenther2022relational,90,26,3.86083984375
guenther2022relational,90,27,1.55908203125
guenther2022relational,90,28,4.4794921875
guenther2022relational,90,29,1.6123046875
guenther2022relational,90,30,1.5233154296875
guenther2022relational,90,31,2.1873779296875
guenther2022relational,90,32,3.0439453125
guenther2022relational,90,33,3.560546875
guenther2022relational,90,34,2.06787109375
guenther2022relational,90,35,4.92822265625
guenther2022relational,90,36,6.5625
guenther2022relational,90,37,1.3603515625
guenther2022relational,90,38,1.35595703125
guenther2022relational,90,39,3.21826171875
guenther2022relational,90,40,2.5771484375
guenther2022relational,90,41,1.23046875
guenther2022relational,90,42,2.47021484375
guenther2022relational,90,43,1.1943359375
guenther2022relational,90,44,1.5078125
guenther2022relational,90,45,2.43359375
guenther2022relational,90,46,2.55126953125
guenther2022relational,90,47,4.0234375
guenther2022relational,90,48,2.100830078125
guenther2022relational,90,49,4.36767578125
guenther2022relational,90,50,2.78515625
guenther2022relational,90,51,2.068359375
guenther2022relational,90,52,2.0155029296875
guenther2022relational,90,53,3.681640625
guenther2022relational,90,54,4.546875
guenther2022relational,91,0,2.208984375
guenther2022relational,91,1,5.208984375
guenther2022relational,91,2,3.22265625
guenther2022relational,91,3,2.45703125
guenther2022relational,91,4,2.326171875
guenther2022relational,91,5,1.982421875
guenther2022relational,91,6,3.08837890625
guenther2022relational,91,7,3.5576171875
guenther2022relational,91,8,2.24609375
guenther2022relational,91,9,3.2294921875
guenther2022relational,91,10,3.88037109375
guenther2022relational,91,11,3.017578125
guenther2022relational,91,12,2.40234375
guenther2022relational,91,13,3.53515625
guenther2022relational,91,14,2.16015625
guenther2022relational,91,15,2.56689453125
guenther2022relational,91,16,1.693359375
guenther2022relational,91,17,3.33447265625
guenther2022relational,91,18,3.6259765625
guenther2022relational,91,19,2.10546875
guenther2022relational,91,20,5.419921875
guenther2022relational,91,21,2.197265625
guenther2022relational,91,22,4.1015625
guenther2022relational,91,23,4.671875
guenther2022relational,91,24,2.328125
guenther2022relational,91,25,2.8515625
guenther2022relational,91,26,2.23828125
guenther2022relational,91,27,2.0595703125
guenther2022relational,91,28,3.546875
guenther2022relational,91,29,1.257080078125
guenther2022relational,91,30,2.5009765625
guenther2022relational,91,31,4.2314453125
guenther2022relational,91,32,1.1083984375
guenther2022relational,91,33,3.46484375
guenther2022relational,91,34,1.6767578125
guenther2022relational,91,35,1.43798828125
guenther2022relational,91,36,2.5703125
guenther2022relational,91,37,2.05859375
guenther2022relational,91,38,5.0595703125
guenther2022relational,91,39,2.1533203125
guenther2022relational,91,40,2.9345703125
guenther2022relational,91,41,1.5771484375
guenther2022relational,91,42,3.388671875
guenther2022relational,91,43,1.5283203125
guenther2022relational,91,44,2.8984375
guenther2022relational,91,45,2.138671875
guenther2022relational,91,46,4.1962890625
guenther2022relational,91,47,2.75830078125
guenther2022relational,91,48,3.3046875
guenther2022relational,91,49,3.3291015625
guenther2022relational,91,50,3.388671875
guenther2022relational,91,51,2.9892578125
guenther2022relational,91,52,5.14892578125
guenther2022relational,91,53,4.4609375
guenther2022relational,91,54,2.9775390625
guenther2022relational,92,0,3.0703125
guenther2022relational,92,1,4.05078125
guenther2022relational,92,2,3.59375
guenther2022relational,92,3,3.26953125
guenther2022relational,92,4,2.9189453125
guenther2022relational,92,5,0.990234375
guenther2022relational,92,6,2.5126953125
guenther2022relational,92,7,1.921875
guenther2022relational,92,8,2.8203125
guenther2022relational,92,9,1.6318359375
guenther2022relational,92,10,2.07421875
guenther2022relational,92,11,2.197265625
guenther2022relational,92,12,5.0791015625
guenther2022relational,92,13,2.61328125
guenther2022relational,92,14,3.095703125
guenther2022relational,92,15,4.34375
guenther2022relational,92,16,2.71484375
guenther2022relational,92,17,2.4580078125
guenther2022relational,92,18,1.2734375
guenther2022relational,92,19,2.2138671875
guenther2022relational,92,20,2.625
guenther2022relational,92,21,2.26953125
guenther2022relational,92,22,2.953125
guenther2022relational,92,23,1.9013671875
guenther2022relational,92,24,2.4609375
guenther2022relational,92,25,2.53955078125
guenther2022relational,92,26,2.24267578125
guenther2022relational,92,27,1.7685546875
guenther2022relational,92,28,3.341796875
guenther2022relational,92,29,2.2890625
guenther2022relational,92,30,1.6484375
guenther2022relational,92,31,2.44287109375
guenther2022relational,92,32,5.3046875
guenther2022relational,92,33,2.279296875
guenther2022relational,92,34,2.66015625
guenther2022relational,92,35,4.296875
guenther2022relational,92,36,1.99267578125
guenther2022relational,92,37,2.2734375
guenther2022relational,92,38,3.0283203125
guenther2022relational,92,39,2.98828125
guenther2022relational,92,40,2.3046875
guenther2022relational,92,41,2.4853515625
guenther2022relational,92,42,2.8681640625
guenther2022relational,92,43,5.1728515625
guenther2022relational,92,44,1.1005859375
guenther2022relational,92,45,4.482421875
guenther2022relational,92,46,1.7529296875
guenther2022relational,92,47,2.18017578125
guenther2022relational,92,48,1.58837890625
guenther2022relational,92,49,1.7509765625
guenther2022relational,92,50,4.8525390625
guenther2022relational,92,51,1.39013671875
guenther2022relational,92,52,1.43115234375
guenther2022relational,92,53,3.21484375
guenther2022relational,92,54,3.86767578125
guenther2022relational,93,0,4.0859375
guenther2022relational,93,1,4.3505859375
guenther2022relational,93,2,2.7666015625
guenther2022relational,93,3,2.97900390625
guenther2022relational,93,4,1.6318359375
guenther2022relational,93,5,2.4716796875
guenther2022relational,93,6,3.86767578125
guenther2022relational,93,7,2.7880859375
guenther2022relational,93,8,2.7900390625
guenther2022relational,93,9,6.0625
guenther2022relational,93,10,2.55859375
guenther2022relational,93,11,1.64697265625
guenther2022relational,93,12,2.796875
guenther2022relational,93,13,2.6630859375
guenther2022relational,93,14,2.3349609375
guenther2022relational,93,15,2.55224609375
guenther2022relational,93,16,4.7587890625
guenther2022relational,93,17,1.577880859375
guenther2022relational,93,18,1.3837890625
guenther2022relational,93,19,2.015625
guenther2022relational,93,20,2.2666015625
guenther2022relational,93,21,2.4189453125
guenther2022relational,93,22,1.61181640625
guenther2022relational,93,23,2.3408203125
guenther2022relational,93,24,1.65869140625
guenther2022relational,93,25,1.90234375
guenther2022relational,93,26,6.71484375
guenther2022relational,93,27,2.03076171875
guenther2022relational,93,28,2.6953125
guenther2022relational,93,29,2.3916015625
guenther2022relational,93,30,3.18017578125
guenther2022relational,93,31,2.185546875
guenther2022relational,93,32,1.874267578125
guenther2022relational,93,33,2.320068359375
guenther2022relational,93,34,3.67822265625
guenther2022relational,93,35,2.3896484375
guenther2022relational,93,36,3.8592529296875
guenther2022relational,93,37,3.4140625
guenther2022relational,93,38,2.1484375
guenther2022relational,93,39,3.904296875
guenther2022relational,93,40,3.984375
guenther2022relational,93,41,3.9443359375
guenther2022relational,93,42,2.5751953125
guenther2022relational,93,43,2.54296875
guenther2022relational,93,44,2.623046875
guenther2022relational,93,45,3.4267578125
guenther2022relational,93,46,5.748046875
guenther2022relational,93,47,3.17626953125
guenther2022relational,93,48,3.2646484375
guenther2022relational,93,49,2.772705078125
guenther2022relational,93,50,3.9580078125
guenther2022relational,93,51,1.7880859375
guenther2022relational,93,52,1.6513671875
guenther2022relational,93,53,2.0283203125
guenther2022relational,93,54,2.5146484375
guenther2022relational,94,0,2.976531982421875
guenther2022relational,94,1,4.1171875
guenther2022relational,94,2,3.13671875
guenther2022relational,94,3,1.63671875
guenther2022relational,94,4,0.513671875
guenther2022relational,94,5,0.9970703125
guenther2022relational,94,6,0.8291015625
guenther2022relational,94,7,2.3720703125
guenther2022relational,94,8,0.673828125
guenther2022relational,94,9,3.498046875
guenther2022relational,94,10,0.460205078125
guenther2022relational,94,11,4.22900390625
guenther2022relational,94,12,3.12890625
guenther2022relational,94,13,1.43701171875
guenther2022relational,94,14,1.48388671875
guenther2022relational,94,15,3.02587890625
guenther2022relational,94,16,3.5009765625
guenther2022relational,94,17,5.1982421875
guenther2022relational,94,18,1.1611328125
guenther2022relational,94,19,3.0361328125
guenther2022relational,94,20,2.640625
guenther2022relational,94,21,1.2587890625
guenther2022relational,94,22,1.12255859375
guenther2022relational,94,23,3.93359375
guenther2022relational,94,24,2.9013671875
guenther2022relational,94,25,2.6982421875
guenther2022relational,94,26,4.91650390625
guenther2022relational,94,27,1.21875
guenther2022relational,94,28,3.70263671875
guenther2022relational,94,29,3.443359375
guenther2022relational,94,30,3.11572265625
guenther2022relational,94,31,1.84765625
guenther2022relational,94,32,2.96142578125
guenther2022relational,94,33,1.2041015625
guenther2022relational,94,34,3.1640625
guenther2022relational,94,35,1.11181640625
guenther2022relational,94,36,0.9920654296875
guenther2022relational,94,37,5.8818359375
guenther2022relational,94,38,1.201171875
guenther2022relational,94,39,3.31640625
guenther2022relational,94,40,1.23876953125
guenther2022relational,94,41,4.27734375
guenther2022relational,94,42,2.96337890625
guenther2022relational,94,43,1.4345703125
guenther2022relational,94,44,1.4580078125
guenther2022relational,94,45,0.976318359375
guenther2022relational,94,46,2.100830078125
guenther2022relational,94,47,2.72412109375
guenther2022relational,94,48,2.507080078125
guenther2022relational,94,49,2.7333984375
guenther2022relational,94,50,2.9755859375
guenther2022relational,94,51,4.310546875
guenther2022relational,94,52,2.857421875
guenther2022relational,94,53,2.015380859375
guenther2022relational,94,54,3.89697265625
guenther2022relational,95,0,2.824188232421875
guenther2022relational,95,1,2.36083984375
guenther2022relational,95,2,3.75390625
guenther2022relational,95,3,1.779296875
guenther2022relational,95,4,5.1630859375
guenther2022relational,95,5,1.859375
guenther2022relational,95,6,4.234375
guenther2022relational,95,7,2.0703125
guenther2022relational,95,8,1.31787109375
guenther2022relational,95,9,4.412109375
guenther2022relational,95,10,2.2001953125
guenther2022relational,95,11,4.69775390625
guenther2022relational,95,12,3.7119140625
guenther2022relational,95,13,2.04296875
guenther2022relational,95,14,1.048828125
guenther2022relational,95,15,3.27734375
guenther2022relational,95,16,2.7421875
guenther2022relational,95,17,3.27392578125
guenther2022relational,95,18,1.80322265625
guenther2022relational,95,19,1.55419921875
guenther2022relational,95,20,1.7822265625
guenther2022relational,95,21,3.1484375
guenther2022relational,95,22,1.6015625
guenther2022relational,95,23,2.75390625
guenther2022relational,95,24,1.6337890625
guenther2022relational,95,25,3.0859375
guenther2022relational,95,26,2.861328125
guenther2022relational,95,27,2.6875
guenther2022relational,95,28,3.958984375
guenther2022relational,95,29,2.3603515625
guenther2022relational,95,30,1.5380859375
guenther2022relational,95,31,2.2421875
guenther2022relational,95,32,1.37890625
guenther2022relational,95,33,1.1484375
guenther2022relational,95,34,1.458984375
guenther2022relational,95,35,3.4345703125
guenther2022relational,95,36,1.4609375
guenther2022relational,95,37,2.6416015625
guenther2022relational,95,38,2.3359375
guenther2022relational,95,39,2.130859375
guenther2022relational,95,40,1.1376953125
guenther2022relational,95,41,1.75
guenther2022relational,95,42,2.61328125
guenther2022relational,95,43,2.00390625
guenther2022relational,95,44,2.19287109375
guenther2022relational,95,45,2.08349609375
guenther2022relational,95,46,1.850830078125
guenther2022relational,95,47,1.396484375
guenther2022relational,95,48,1.44140625
guenther2022relational,95,49,1.2265625
guenther2022relational,95,50,3.205078125
guenther2022relational,95,51,1.73046875
guenther2022relational,95,52,2.150390625
guenther2022relational,95,53,1.59228515625
guenther2022relational,95,54,3.162109375
guenther2022relational,96,0,3.046875
guenther2022relational,96,1,7.46875
guenther2022relational,96,2,0.454345703125
guenther2022relational,96,3,3.2041015625
guenther2022relational,96,4,1.2783203125
guenther2022relational,96,5,4.73876953125
guenther2022relational,96,6,2.28759765625
guenther2022relational,96,7,3.15576171875
guenther2022relational,96,8,2.64208984375
guenther2022relational,96,9,1.79443359375
guenther2022relational,96,10,2.46484375
guenther2022relational,96,11,2.63671875
guenther2022relational,96,12,3.50537109375
guenther2022relational,96,13,2.42822265625
guenther2022relational,96,14,4.3837890625
guenther2022relational,96,15,3.8984375
guenther2022relational,96,16,2.61767578125
guenther2022relational,96,17,2.7294921875
guenther2022relational,96,18,3.53125
guenther2022relational,96,19,3.3994140625
guenther2022relational,96,20,3.1708984375
guenther2022relational,96,21,4.3095703125
guenther2022relational,96,22,2.5908203125
guenther2022relational,96,23,2.12890625
guenther2022relational,96,24,4.81787109375
guenther2022relational,96,25,3.32275390625
guenther2022relational,96,26,3.5380859375
guenther2022relational,96,27,2.982421875
guenther2022relational,96,28,2.310546875
guenther2022relational,96,29,2.4833984375
guenther2022relational,96,30,2.7294921875
guenther2022relational,96,31,1.7197265625
guenther2022relational,96,32,3.21484375
guenther2022relational,96,33,2.80517578125
guenther2022relational,96,34,3.0068359375
guenther2022relational,96,35,4.1640625
guenther2022relational,96,36,2.5712890625
guenther2022relational,96,37,2.86572265625
guenther2022relational,96,38,2.87890625
guenther2022relational,96,39,3.9443359375
guenther2022relational,96,40,3.828125
guenther2022relational,96,41,3.0390625
guenther2022relational,96,42,1.65625
guenther2022relational,96,43,2.1650390625
guenther2022relational,96,44,4.89501953125
guenther2022relational,96,45,1.923828125
guenther2022relational,96,46,2.6484375
guenther2022relational,96,47,2.58837890625
guenther2022relational,96,48,2.08447265625
guenther2022relational,96,49,2.30517578125
guenther2022relational,96,50,2.0166015625
guenther2022relational,96,51,4.43359375
guenther2022relational,96,52,4.75390625
guenther2022relational,96,53,3.185546875
guenther2022relational,96,54,2.6630859375
guenther2022relational,97,0,4.9296875
guenther2022relational,97,1,3.056640625
guenther2022relational,97,2,4.9462890625
guenther2022relational,97,3,3.9482421875
guenther2022relational,97,4,1.8095703125
guenther2022relational,97,5,3.00537109375
guenther2022relational,97,6,2.390625
guenther2022relational,97,7,2.06298828125
guenther2022relational,97,8,1.84326171875
guenther2022relational,97,9,1.5830078125
guenther2022relational,97,10,3.07421875
guenther2022relational,97,11,2.3720703125
guenther2022relational,97,12,2.49267578125
guenther2022relational,97,13,2.451171875
guenther2022relational,97,14,1.8173828125
guenther2022relational,97,15,1.62890625
guenther2022relational,97,16,5.3330078125
guenther2022relational,97,17,1.94921875
guenther2022relational,97,18,3.5126953125
guenther2022relational,97,19,1.195068359375
guenther2022relational,97,20,2.21142578125
guenther2022relational,97,21,3.1240234375
guenther2022relational,97,22,3.33447265625
guenther2022relational,97,23,1.55615234375
guenther2022relational,97,24,2.263671875
guenther2022relational,97,25,1.3544921875
guenther2022relational,97,26,1.897705078125
guenther2022relational,97,27,3.09912109375
guenther2022relational,97,28,3.0467529296875
guenther2022relational,97,29,2.0478515625
guenther2022relational,97,30,1.93017578125
guenther2022relational,97,31,2.67626953125
guenther2022relational,97,32,2.944580078125
guenther2022relational,97,33,1.73486328125
guenther2022relational,97,34,2.060546875
guenther2022relational,97,35,2.991943359375
guenther2022relational,97,36,1.99609375
guenther2022relational,97,37,1.6142578125
guenther2022relational,97,38,2.226531982421875
guenther2022relational,97,39,3.9530029296875
guenther2022relational,97,40,3.072265625
guenther2022relational,97,41,2.57275390625
guenther2022relational,97,42,3.93017578125
guenther2022relational,97,43,3.523193359375
guenther2022relational,97,44,1.6533203125
guenther2022relational,97,45,1.46826171875
guenther2022relational,97,46,3.64501953125
guenther2022relational,97,47,3.4228515625
guenther2022relational,97,48,2.27197265625
guenther2022relational,97,49,2.18701171875
guenther2022relational,97,50,4.48876953125
guenther2022relational,97,51,2.173828125
guenther2022relational,97,52,2.685546875
guenther2022relational,97,53,2.63525390625
guenther2022relational,97,54,1.30322265625
guenther2022relational,98,0,4.007781982421875
guenther2022relational,98,1,3.517578125
guenther2022relational,98,2,2.22265625
guenther2022relational,98,3,2.2421875
guenther2022relational,98,4,1.46484375
guenther2022relational,98,5,1.48046875
guenther2022relational,98,6,3.07421875
guenther2022relational,98,7,1.087890625
guenther2022relational,98,8,1.390625
guenther2022relational,98,9,2.9482421875
guenther2022relational,98,10,2.7900390625
guenther2022relational,98,11,3.185546875
guenther2022relational,98,12,2.5908203125
guenther2022relational,98,13,2.47412109375
guenther2022relational,98,14,2.48828125
guenther2022relational,98,15,2.46142578125
guenther2022relational,98,16,0.445068359375
guenther2022relational,98,17,1.8017578125
guenther2022relational,98,18,2.0888671875
guenther2022relational,98,19,3.26953125
guenther2022relational,98,20,2.8046875
guenther2022relational,98,21,2.0146484375
guenther2022relational,98,22,2.2333984375
guenther2022relational,98,23,3.185546875
guenther2022relational,98,24,1.764892578125
guenther2022relational,98,25,1.96875
guenther2022relational,98,26,1.50732421875
guenther2022relational,98,27,1.5439453125
guenther2022relational,98,28,2.21826171875
guenther2022relational,98,29,1.5595703125
guenther2022relational,98,30,2.9833984375
guenther2022relational,98,31,5.4091796875
guenther2022relational,98,32,3.2666015625
guenther2022relational,98,33,2.3583984375
guenther2022relational,98,34,3.67822265625
guenther2022relational,98,35,5.57275390625
guenther2022relational,98,36,1.70849609375
guenther2022relational,98,37,2.225830078125
guenther2022relational,98,38,2.460693359375
guenther2022relational,98,39,2.95947265625
guenther2022relational,98,40,3.68212890625
guenther2022relational,98,41,2.7099609375
guenther2022relational,98,42,2.19775390625
guenther2022relational,98,43,2.052734375
guenther2022relational,98,44,5.3125
guenther2022relational,98,45,2.25537109375
guenther2022relational,98,46,1.76708984375
guenther2022relational,98,47,3.171875
guenther2022relational,98,48,2.0439453125
guenther2022relational,98,49,1.77734375
guenther2022relational,98,50,1.912109375
guenther2022relational,98,51,4.45751953125
guenther2022relational,98,52,1.7705078125
guenther2022relational,98,53,3.60400390625
guenther2022relational,98,54,2.03955078125
guenther2022relational,99,0,2.09765625
guenther2022relational,99,1,4.3359375
guenther2022relational,99,2,2.3828125
guenther2022relational,99,3,3.6357421875
guenther2022relational,99,4,2.828125
guenther2022relational,99,5,3.41015625
guenther2022relational,99,6,2.83837890625
guenther2022relational,99,7,2.6875
guenther2022relational,99,8,2.8359375
guenther2022relational,99,9,1.9541015625
guenther2022relational,99,10,1.7392578125
guenther2022relational,99,11,0.933349609375
guenther2022relational,99,12,1.63232421875
guenther2022relational,99,13,3.3984375
guenther2022relational,99,14,3.01953125
guenther2022relational,99,15,2.396484375
guenther2022relational,99,16,1.93359375
guenther2022relational,99,17,2.70703125
guenther2022relational,99,18,2.0
guenther2022relational,99,19,2.5224609375
guenther2022relational,99,20,2.6826171875
guenther2022relational,99,21,1.833984375
guenther2022relational,99,22,2.8984375
guenther2022relational,99,23,1.30859375
guenther2022relational,99,24,2.453125
guenther2022relational,99,25,4.6650390625
guenther2022relational,99,26,2.296875
guenther2022relational,99,27,4.6328125
guenther2022relational,99,28,2.83984375
guenther2022relational,99,29,2.25390625
guenther2022relational,99,30,3.15234375
guenther2022relational,99,31,2.1962890625
guenther2022relational,99,32,2.70703125
guenther2022relational,99,33,3.802734375
guenther2022relational,99,34,2.7783203125
guenther2022relational,99,35,3.380859375
guenther2022relational,99,36,1.6611328125
guenther2022relational,99,37,2.439453125
guenther2022relational,99,38,2.4541015625
guenther2022relational,99,39,2.41650390625
guenther2022relational,99,40,3.1337890625
guenther2022relational,99,41,2.08642578125
guenther2022relational,99,42,1.9892578125
guenther2022relational,99,43,3.326171875
guenther2022relational,99,44,5.64501953125
guenther2022relational,99,45,2.873046875
guenther2022relational,99,46,4.6083984375
guenther2022relational,99,47,3.36376953125
guenther2022relational,99,48,0.9853515625
guenther2022relational,99,49,3.4794921875
guenther2022relational,99,50,1.9228515625
guenther2022relational,99,51,2.0751953125
guenther2022relational,99,52,2.07421875
guenther2022relational,99,53,2.3017578125
guenther2022relational,99,54,1.874755859375
guenther2022relational,100,0,2.6796875
guenther2022relational,100,1,0.427734375
guenther2022relational,100,2,0.419921875
guenther2022relational,100,3,10.69287109375
guenther2022relational,100,4,2.2685546875
guenther2022relational,100,5,2.069580078125
guenther2022relational,100,6,2.3173828125
guenther2022relational,100,7,2.2001953125
guenther2022relational,100,8,2.42822265625
guenther2022relational,100,9,4.6630859375
guenther2022relational,100,10,3.130859375
guenther2022relational,100,11,2.658203125
guenther2022relational,100,12,1.537109375
guenther2022relational,100,13,4.171875
guenther2022relational,100,14,4.8232421875
guenther2022relational,100,15,3.56640625
guenther2022relational,100,16,2.58984375
guenther2022relational,100,17,3.9765625
guenther2022relational,100,18,3.494140625
guenther2022relational,100,19,1.248046875
guenther2022relational,100,20,2.5546875
guenther2022relational,100,21,3.6494140625
guenther2022relational,100,22,3.57421875
guenther2022relational,100,23,2.1328125
guenther2022relational,100,24,2.25390625
guenther2022relational,100,25,2.7626953125
guenther2022relational,100,26,3.375
guenther2022relational,100,27,4.4765625
guenther2022relational,100,28,2.3232421875
guenther2022relational,100,29,0.909423828125
guenther2022relational,100,30,2.076171875
guenther2022relational,100,31,2.5888671875
guenther2022relational,100,32,2.373046875
guenther2022relational,100,33,1.7626953125
guenther2022relational,100,34,2.9443359375
guenther2022relational,100,35,2.5732421875
guenther2022relational,100,36,2.62890625
guenther2022relational,100,37,3.28125
guenther2022relational,100,38,3.8291015625
guenther2022relational,100,39,2.6337890625
guenther2022relational,100,40,3.056640625
guenther2022relational,100,41,2.23583984375
guenther2022relational,100,42,1.75830078125
guenther2022relational,100,43,1.9052734375
guenther2022relational,100,44,1.9453125
guenther2022relational,100,45,2.107421875
guenther2022relational,100,46,2.3291015625
guenther2022relational,100,47,3.7294921875
guenther2022relational,100,48,2.9560546875
guenther2022relational,100,49,2.48876953125
guenther2022relational,100,50,2.7626953125
guenther2022relational,100,51,4.8876953125
guenther2022relational,100,52,2.998046875
guenther2022relational,100,53,1.63134765625
guenther2022relational,100,54,1.42626953125
guenther2022relational,101,0,2.4765625
guenther2022relational,101,1,3.166015625
guenther2022relational,101,2,5.58203125
guenther2022relational,101,3,2.02880859375
guenther2022relational,101,4,3.607421875
guenther2022relational,101,5,3.02734375
guenther2022relational,101,6,2.8515625
guenther2022relational,101,7,3.7080078125
guenther2022relational,101,8,2.6025390625
guenther2022relational,101,9,3.916015625
guenther2022relational,101,10,3.4530029296875
guenther2022relational,101,11,2.810546875
guenther2022relational,101,12,2.9892578125
guenther2022relational,101,13,1.6962890625
guenther2022relational,101,14,1.2177734375
guenther2022relational,101,15,3.8828125
guenther2022relational,101,16,2.81689453125
guenther2022relational,101,17,2.4814453125
guenther2022relational,101,18,2.095703125
guenther2022relational,101,19,1.98193359375
guenther2022relational,101,20,3.998046875
guenther2022relational,101,21,2.55517578125
guenther2022relational,101,22,2.57421875
guenther2022relational,101,23,3.2353515625
guenther2022relational,101,24,3.58984375
guenther2022relational,101,25,1.4609375
guenther2022relational,101,26,2.4033203125
guenther2022relational,101,27,3.408203125
guenther2022relational,101,28,2.29150390625
guenther2022relational,101,29,2.318359375
guenther2022relational,101,30,2.2626953125
guenther2022relational,101,31,3.95751953125
guenther2022relational,101,32,2.84765625
guenther2022relational,101,33,3.041015625
guenther2022relational,101,34,1.9853515625
guenther2022relational,101,35,4.73876953125
guenther2022relational,101,36,1.9345703125
guenther2022relational,101,37,2.67578125
guenther2022relational,101,38,1.8564453125
guenther2022relational,101,39,1.6181640625
guenther2022relational,101,40,1.8984375
guenther2022relational,101,41,4.02197265625
guenther2022relational,101,42,3.5947265625
guenther2022relational,101,43,2.8046875
guenther2022relational,101,44,2.50390625
guenther2022relational,101,45,2.591796875
guenther2022relational,101,46,2.5625
guenther2022relational,101,47,2.1484375
guenther2022relational,101,48,2.7783203125
guenther2022relational,101,49,3.2939453125
guenther2022relational,101,50,4.32421875
guenther2022relational,101,51,2.41796875
guenther2022relational,101,52,2.91015625
guenther2022relational,101,53,1.751953125
guenther2022relational,101,54,1.5673828125
guenther2022relational,102,0,3.789031982421875
guenther2022relational,102,1,4.005859375
guenther2022relational,102,2,3.78515625
guenther2022relational,102,3,1.452392578125
guenther2022relational,102,4,3.0467529296875
guenther2022relational,102,5,3.069580078125
guenther2022relational,102,6,1.8173828125
guenther2022relational,102,7,1.687255859375
guenther2022relational,102,8,3.0467529296875
guenther2022relational,102,9,2.99072265625
guenther2022relational,102,10,2.80859375
guenther2022relational,102,11,2.42626953125
guenther2022relational,102,12,3.8984375
guenther2022relational,102,13,2.4892578125
guenther2022relational,102,14,4.2607421875
guenther2022relational,102,15,2.0205078125
guenther2022relational,102,16,2.2255859375
guenther2022relational,102,17,4.3203125
guenther2022relational,102,18,2.4150390625
guenther2022relational,102,19,4.38671875
guenther2022relational,102,20,3.4169921875
guenther2022relational,102,21,3.103515625
guenther2022relational,102,22,3.779296875
guenther2022relational,102,23,1.94921875
guenther2022relational,102,24,2.125
guenther2022relational,102,25,2.40234375
guenther2022relational,102,26,1.734375
guenther2022relational,102,27,2.7587890625
guenther2022relational,102,28,2.53515625
guenther2022relational,102,29,4.0517578125
guenther2022relational,102,30,2.694580078125
guenther2022relational,102,31,2.43359375
guenther2022relational,102,32,2.975830078125
guenther2022relational,102,33,1.81201171875
guenther2022relational,102,34,2.576171875
guenther2022relational,102,35,1.73095703125
guenther2022relational,102,36,2.39453125
guenther2022relational,102,37,2.6416015625
guenther2022relational,102,38,4.36572265625
guenther2022relational,102,39,1.343719482421875
guenther2022relational,102,40,1.80126953125
guenther2022relational,102,41,3.373046875
guenther2022relational,102,42,3.0126953125
guenther2022relational,102,43,2.5780029296875
guenther2022relational,102,44,1.9873046875
guenther2022relational,102,45,4.02734375
guenther2022relational,102,46,0.9736328125
guenther2022relational,102,47,4.57958984375
guenther2022relational,102,48,1.53125
guenther2022relational,102,49,2.607421875
guenther2022relational,102,50,3.64501953125
guenther2022relational,102,51,2.5595703125
guenther2022relational,102,52,1.7607421875
guenther2022relational,102,53,2.173828125
guenther2022relational,102,54,2.5380859375
guenther2022relational,103,0,2.843719482421875
guenther2022relational,103,1,4.4375
guenther2022relational,103,2,2.10546875
guenther2022relational,103,3,6.226318359375
guenther2022relational,103,4,1.9345703125
guenther2022relational,103,5,4.2041015625
guenther2022relational,103,6,2.841796875
guenther2022relational,103,7,1.6025390625
guenther2022relational,103,8,1.6826171875
guenther2022relational,103,9,4.71484375
guenther2022relational,103,10,5.1533203125
guenther2022relational,103,11,1.86328125
guenther2022relational,103,12,1.82275390625
guenther2022relational,103,13,4.15234375
guenther2022relational,103,14,3.08837890625
guenther2022relational,103,15,1.6376953125
guenther2022relational,103,16,2.9443359375
guenther2022relational,103,17,3.90625
guenther2022relational,103,18,3.0693359375
guenther2022relational,103,19,3.6064453125
guenther2022relational,103,20,1.970703125
guenther2022relational,103,21,2.6064453125
guenther2022relational,103,22,2.07275390625
guenther2022relational,103,23,2.26025390625
guenther2022relational,103,24,1.1259765625
guenther2022relational,103,25,2.654296875
guenther2022relational,103,26,1.36474609375
guenther2022relational,103,27,1.39453125
guenther2022relational,103,28,2.4658203125
guenther2022relational,103,29,1.7498779296875
guenther2022relational,103,30,4.296875
guenther2022relational,103,31,4.1455078125
guenther2022relational,103,32,1.5009765625
guenther2022relational,103,33,1.3358154296875
guenther2022relational,103,34,1.31005859375
guenther2022relational,103,35,2.61083984375
guenther2022relational,103,36,1.36328125
guenther2022relational,103,37,3.1845703125
guenther2022relational,103,38,1.4033203125
guenther2022relational,103,39,3.52197265625
guenther2022relational,103,40,3.523193359375
guenther2022relational,103,41,1.304443359375
guenther2022relational,103,42,3.62451171875
guenther2022relational,103,43,2.14501953125
guenther2022relational,103,44,3.757568359375
guenther2022relational,103,45,1.58251953125
guenther2022relational,103,46,4.40625
guenther2022relational,103,47,5.02392578125
guenther2022relational,103,48,1.5009765625
guenther2022relational,103,49,4.5390625
guenther2022relational,103,50,1.46240234375
guenther2022relational,103,51,2.716796875
guenther2022relational,103,52,3.119140625
guenther2022relational,103,53,4.416015625
guenther2022relational,103,54,4.1337890625
guenther2022relational,104,0,5.656219482421875
guenther2022relational,104,1,1.30859375
guenther2022relational,104,2,2.625
guenther2022relational,104,3,3.2763671875
guenther2022relational,104,4,2.349609375
guenther2022relational,104,5,1.826171875
guenther2022relational,104,6,1.6357421875
guenther2022relational,104,7,4.8515625
guenther2022relational,104,8,2.302734375
guenther2022relational,104,9,2.0322265625
guenther2022relational,104,10,3.46875
guenther2022relational,104,11,1.8447265625
guenther2022relational,104,12,2.0625
guenther2022relational,104,13,1.380859375
guenther2022relational,104,14,2.2109375
guenther2022relational,104,15,1.328125
guenther2022relational,104,16,2.3671875
guenther2022relational,104,17,2.06640625
guenther2022relational,104,18,2.537109375
guenther2022relational,104,19,2.462890625
guenther2022relational,104,20,5.0419921875
guenther2022relational,104,21,2.1025390625
guenther2022relational,104,22,3.2705078125
guenther2022relational,104,23,1.30908203125
guenther2022relational,104,24,4.8330078125
guenther2022relational,104,25,4.44921875
guenther2022relational,104,26,3.46484375
guenther2022relational,104,27,2.640625
guenther2022relational,104,28,1.71240234375
guenther2022relational,104,29,4.373046875
guenther2022relational,104,30,1.9228515625
guenther2022relational,104,31,2.5478515625
guenther2022relational,104,32,1.7578125
guenther2022relational,104,33,2.21484375
guenther2022relational,104,34,4.578125
guenther2022relational,104,35,2.9228515625
guenther2022relational,104,36,3.978515625
guenther2022relational,104,37,3.525390625
guenther2022relational,104,38,7.375
guenther2022relational,104,39,2.0625
guenther2022relational,104,40,2.611328125
guenther2022relational,104,41,2.037109375
guenther2022relational,104,42,3.5634765625
guenther2022relational,104,43,3.7392578125
guenther2022relational,104,44,2.00927734375
guenther2022relational,104,45,1.84375
guenther2022relational,104,46,2.9482421875
guenther2022relational,104,47,2.94189453125
guenther2022relational,104,48,1.912109375
guenther2022relational,104,49,3.201171875
guenther2022relational,104,50,2.048828125
guenther2022relational,104,51,2.43359375
guenther2022relational,104,52,2.96142578125
guenther2022relational,104,53,1.84814453125
guenther2022relational,104,54,3.279296875
guenther2022relational,105,0,2.69140625
guenther2022relational,105,1,3.623046875
guenther2022relational,105,2,1.57421875
guenther2022relational,105,3,4.39453125
guenther2022relational,105,4,3.4111328125
guenther2022relational,105,5,1.53125
guenther2022relational,105,6,5.74609375
guenther2022relational,105,7,2.369140625
guenther2022relational,105,8,2.7734375
guenther2022relational,105,9,1.6875
guenther2022relational,105,10,1.8994140625
guenther2022relational,105,11,2.55078125
guenther2022relational,105,12,2.9228515625
guenther2022relational,105,13,2.09375
guenther2022relational,105,14,4.6669921875
guenther2022relational,105,15,1.619140625
guenther2022relational,105,16,3.9345703125
guenther2022relational,105,17,2.78515625
guenther2022relational,105,18,3.193359375
guenther2022relational,105,19,2.349609375
guenther2022relational,105,20,2.4853515625
guenther2022relational,105,21,3.224609375
guenther2022relational,105,22,2.51171875
guenther2022relational,105,23,4.0703125
guenther2022relational,105,24,1.794921875
guenther2022relational,105,25,2.431640625
guenther2022relational,105,26,1.83984375
guenther2022relational,105,27,1.3388671875
guenther2022relational,105,28,1.45703125
guenther2022relational,105,29,2.62109375
guenther2022relational,105,30,2.57275390625
guenther2022relational,105,31,1.99609375
guenther2022relational,105,32,4.1533203125
guenther2022relational,105,33,3.6943359375
guenther2022relational,105,34,2.4189453125
guenther2022relational,105,35,1.85888671875
guenther2022relational,105,36,1.6923828125
guenther2022relational,105,37,2.087890625
guenther2022relational,105,38,2.412109375
guenther2022relational,105,39,2.7294921875
guenther2022relational,105,40,2.193359375
guenther2022relational,105,41,1.48388671875
guenther2022relational,105,42,2.5166015625
guenther2022relational,105,43,2.8876953125
guenther2022relational,105,44,2.484375
guenther2022relational,105,45,2.2470703125
guenther2022relational,105,46,2.76171875
guenther2022relational,105,47,1.73681640625
guenther2022relational,105,48,1.4248046875
guenther2022relational,105,49,1.9521484375
guenther2022relational,105,50,2.0283203125
guenther2022relational,105,51,3.20947265625
guenther2022relational,105,52,1.1611328125
guenther2022relational,105,53,1.3701171875
guenther2022relational,105,54,1.3818359375
guenther2022relational,106,0,3.42578125
guenther2022relational,106,1,4.30078125
guenther2022relational,106,2,2.888671875
guenther2022relational,106,3,1.8251953125
guenther2022relational,106,4,1.78125
guenther2022relational,106,5,2.0390625
guenther2022relational,106,6,1.75390625
guenther2022relational,106,7,1.84375
guenther2022relational,106,8,4.34375
guenther2022relational,106,9,4.607421875
guenther2022relational,106,10,3.146484375
guenther2022relational,106,11,3.884765625
guenther2022relational,106,12,1.3671875
guenther2022relational,106,13,1.603515625
guenther2022relational,106,14,1.76171875
guenther2022relational,106,15,2.119140625
guenther2022relational,106,16,3.1416015625
guenther2022relational,106,17,2.5107421875
guenther2022relational,106,18,2.02734375
guenther2022relational,106,19,3.462890625
guenther2022relational,106,20,2.2353515625
guenther2022relational,106,21,4.77734375
guenther2022relational,106,22,3.6640625
guenther2022relational,106,23,5.12890625
guenther2022relational,106,24,2.203125
guenther2022relational,106,25,1.5029296875
guenther2022relational,106,26,4.04296875
guenther2022relational,106,27,2.5390625
guenther2022relational,106,28,2.37109375
guenther2022relational,106,29,1.89453125
guenther2022relational,106,30,3.75390625
guenther2022relational,106,31,3.796875
guenther2022relational,106,32,3.390625
guenther2022relational,106,33,3.9541015625
guenther2022relational,106,34,2.9375
guenther2022relational,106,35,1.86328125
guenther2022relational,106,36,1.9853515625
guenther2022relational,106,37,5.7578125
guenther2022relational,106,38,3.720703125
guenther2022relational,106,39,1.4755859375
guenther2022relational,106,40,1.52734375
guenther2022relational,106,41,0.99853515625
guenther2022relational,106,42,1.40380859375
guenther2022relational,106,43,3.09765625
guenther2022relational,106,44,3.20703125
guenther2022relational,106,45,3.9287109375
guenther2022relational,106,46,2.421875
guenther2022relational,106,47,1.9423828125
guenther2022relational,106,48,2.29150390625
guenther2022relational,106,49,2.5283203125
guenther2022relational,106,50,2.0185546875
guenther2022relational,106,51,1.7197265625
guenther2022relational,106,52,2.54150390625
guenther2022relational,106,53,1.7578125
guenther2022relational,106,54,1.3798828125
guenther2022relational,107,0,5.3046875
guenther2022relational,107,1,2.49267578125
guenther2022relational,107,2,3.509765625
guenther2022relational,107,3,1.572265625
guenther2022relational,107,4,1.9853515625
guenther2022relational,107,5,3.7841796875
guenther2022relational,107,6,3.5634765625
guenther2022relational,107,7,3.7509765625
guenther2022relational,107,8,1.4814453125
guenther2022relational,107,9,2.0478515625
guenther2022relational,107,10,1.6103515625
guenther2022relational,107,11,2.43017578125
guenther2022relational,107,12,1.73876953125
guenther2022relational,107,13,1.304443359375
guenther2022relational,107,14,2.65576171875
guenther2022relational,107,15,2.819580078125
guenther2022relational,107,16,2.78076171875
guenther2022relational,107,17,2.51025390625
guenther2022relational,107,18,1.576171875
guenther2022relational,107,19,2.7919921875
guenther2022relational,107,20,2.2529296875
guenther2022relational,107,21,6.0703125
guenther2022relational,107,22,4.953125
guenther2022relational,107,23,1.037109375
guenther2022relational,107,24,1.7431640625
guenther2022relational,107,25,4.55517578125
guenther2022relational,107,26,3.8671875
guenther2022relational,107,27,4.25341796875
guenther2022relational,107,28,4.078125
guenther2022relational,107,29,3.234375
guenther2022relational,107,30,3.7109375
guenther2022relational,107,31,3.2734375
guenther2022relational,107,32,3.8408203125
guenther2022relational,107,33,2.3564453125
guenther2022relational,107,34,2.271484375
guenther2022relational,107,35,1.76171875
guenther2022relational,107,36,3.9296875
guenther2022relational,107,37,2.6357421875
guenther2022relational,107,38,3.06640625
guenther2022relational,107,39,4.384765625
guenther2022relational,107,40,2.17626953125
guenther2022relational,107,41,4.140625
guenther2022relational,107,42,4.21484375
guenther2022relational,107,43,1.6181640625
guenther2022relational,107,44,4.34765625
guenther2022relational,107,45,3.1201171875
guenther2022relational,107,46,2.169921875
guenther2022relational,107,47,3.55126953125
guenther2022relational,107,48,1.8203125
guenther2022relational,107,49,2.9580078125
guenther2022relational,107,50,1.5908203125
guenther2022relational,107,51,1.8564453125
guenther2022relational,107,52,1.62646484375
guenther2022relational,107,53,4.6044921875
guenther2022relational,107,54,1.6103515625
guenther2022relational,108,0,6.734344482421875
guenther2022relational,108,1,4.404296875
guenther2022relational,108,2,2.31640625
guenther2022relational,108,3,1.935546875
guenther2022relational,108,4,3.96875
guenther2022relational,108,5,1.59521484375
guenther2022relational,108,6,3.46875
guenther2022relational,108,7,2.640625
guenther2022relational,108,8,3.3720703125
guenther2022relational,108,9,2.8916015625
guenther2022relational,108,10,1.9921875
guenther2022relational,108,11,1.21875
guenther2022relational,108,12,1.61328125
guenther2022relational,108,13,2.80859375
guenther2022relational,108,14,2.181640625
guenther2022relational,108,15,2.76171875
guenther2022relational,108,16,2.24267578125
guenther2022relational,108,17,2.6767578125
guenther2022relational,108,18,1.64453125
guenther2022relational,108,19,1.44189453125
guenther2022relational,108,20,1.5888671875
guenther2022relational,108,21,2.601318359375
guenther2022relational,108,22,1.21923828125
guenther2022relational,108,23,4.3671875
guenther2022relational,108,24,1.2587890625
guenther2022relational,108,25,3.859375
guenther2022relational,108,26,2.08984375
guenther2022relational,108,27,3.12890625
guenther2022relational,108,28,2.564453125
guenther2022relational,108,29,2.5068359375
guenther2022relational,108,30,2.58203125
guenther2022relational,108,31,2.8515625
guenther2022relational,108,32,5.2607421875
guenther2022relational,108,33,2.845703125
guenther2022relational,108,34,3.1376953125
guenther2022relational,108,35,1.72265625
guenther2022relational,108,36,3.71875
guenther2022relational,108,37,2.8203125
guenther2022relational,108,38,2.29296875
guenther2022relational,108,39,2.9638671875
guenther2022relational,108,40,2.69775390625
guenther2022relational,108,41,2.533203125
guenther2022relational,108,42,2.5673828125
guenther2022relational,108,43,3.2470703125
guenther2022relational,108,44,2.2080078125
guenther2022relational,108,45,3.33203125
guenther2022relational,108,46,2.5703125
guenther2022relational,108,47,3.640625
guenther2022relational,108,48,2.23828125
guenther2022relational,108,49,1.376953125
guenther2022relational,108,50,5.31640625
guenther2022relational,108,51,2.490234375
guenther2022relational,108,52,4.5390625
guenther2022relational,108,53,2.27001953125
guenther2022relational,108,54,1.916015625
guenther2022relational,109,0,3.8515625
guenther2022relational,109,1,2.4189453125
guenther2022relational,109,2,4.51025390625
guenther2022relational,109,3,2.64697265625
guenther2022relational,109,4,3.328125
guenther2022relational,109,5,2.3828125
guenther2022relational,109,6,4.7880859375
guenther2022relational,109,7,1.35546875
guenther2022relational,109,8,3.41796875
guenther2022relational,109,9,1.3828125
guenther2022relational,109,10,1.46875
guenther2022relational,109,11,3.3232421875
guenther2022relational,109,12,3.103515625
guenther2022relational,109,13,2.5390625
guenther2022relational,109,14,3.482421875
guenther2022relational,109,15,3.9638671875
guenther2022relational,109,16,3.8837890625
guenther2022relational,109,17,2.25537109375
guenther2022relational,109,18,2.9345703125
guenther2022relational,109,19,3.5859375
guenther2022relational,109,20,2.181640625
guenther2022relational,109,21,2.5859375
guenther2022relational,109,22,4.390625
guenther2022relational,109,23,2.890625
guenther2022relational,109,24,3.626953125
guenther2022relational,109,25,4.12890625
guenther2022relational,109,26,2.58203125
guenther2022relational,109,27,3.2109375
guenther2022relational,109,28,3.57421875
guenther2022relational,109,29,1.439453125
guenther2022relational,109,30,3.8134765625
guenther2022relational,109,31,2.17578125
guenther2022relational,109,32,1.4541015625
guenther2022relational,109,33,2.3564453125
guenther2022relational,109,34,3.712890625
guenther2022relational,109,35,3.31640625
guenther2022relational,109,36,2.7080078125
guenther2022relational,109,37,5.6328125
guenther2022relational,109,38,2.0771484375
guenther2022relational,109,39,2.71484375
guenther2022relational,109,40,1.919921875
guenther2022relational,109,41,3.0595703125
guenther2022relational,109,42,3.2734375
guenther2022relational,109,43,2.671875
guenther2022relational,109,44,3.7353515625
guenther2022relational,109,45,2.9697265625
guenther2022relational,109,46,1.833984375
guenther2022relational,109,47,2.7890625
guenther2022relational,109,48,2.9345703125
guenther2022relational,109,49,3.0205078125
guenther2022relational,109,50,2.875
guenther2022relational,109,51,3.419921875
guenther2022relational,109,52,3.5673828125
guenther2022relational,109,53,1.7119140625
guenther2022relational,109,54,4.513671875
guenther2022relational,110,0,4.5859375
guenther2022relational,110,1,4.0859375
guenther2022relational,110,2,5.15234375
guenther2022relational,110,3,2.08251953125
guenther2022relational,110,4,3.69775390625
guenther2022relational,110,5,3.685546875
guenther2022relational,110,6,3.203125
guenther2022relational,110,7,2.1640625
guenther2022relational,110,8,2.9765625
guenther2022relational,110,9,2.9970703125
guenther2022relational,110,10,3.4609375
guenther2022relational,110,11,2.7822265625
guenther2022relational,110,12,1.0703125
guenther2022relational,110,13,3.0791015625
guenther2022relational,110,14,2.9130859375
guenther2022relational,110,15,1.953125
guenther2022relational,110,16,1.7421875
guenther2022relational,110,17,3.359375
guenther2022relational,110,18,3.15576171875
guenther2022relational,110,19,3.349609375
guenther2022relational,110,20,2.21142578125
guenther2022relational,110,21,2.3603515625
guenther2022relational,110,22,2.6025390625
guenther2022relational,110,23,3.04296875
guenther2022relational,110,24,2.02783203125
guenther2022relational,110,25,2.7919921875
guenther2022relational,110,26,2.48974609375
guenther2022relational,110,27,2.0458984375
guenther2022relational,110,28,1.38232421875
guenther2022relational,110,29,2.31640625
guenther2022relational,110,30,2.0283203125
guenther2022relational,110,31,2.728515625
guenther2022relational,110,32,2.6513671875
guenther2022relational,110,33,2.18359375
guenther2022relational,110,34,4.75
guenther2022relational,110,35,3.3330078125
guenther2022relational,110,36,4.4501953125
guenther2022relational,110,37,2.470703125
guenther2022relational,110,38,2.40234375
guenther2022relational,110,39,2.7880859375
guenther2022relational,110,40,2.32421875
guenther2022relational,110,41,1.48046875
guenther2022relational,110,42,2.2392578125
guenther2022relational,110,43,3.12890625
guenther2022relational,110,44,2.77734375
guenther2022relational,110,45,3.41796875
guenther2022relational,110,46,4.1708984375
guenther2022relational,110,47,2.0009765625
guenther2022relational,110,48,2.61328125
guenther2022relational,110,49,2.48046875
guenther2022relational,110,50,3.6640625
guenther2022relational,110,51,2.0439453125
guenther2022relational,110,52,2.025390625
guenther2022relational,110,53,3.7890625
guenther2022relational,110,54,2.90234375
guenther2022relational,111,0,3.37890625
guenther2022relational,111,1,3.0302734375
guenther2022relational,111,2,2.37109375
guenther2022relational,111,3,4.5078125
guenther2022relational,111,4,3.388671875
guenther2022relational,111,5,3.7470703125
guenther2022relational,111,6,3.814453125
guenther2022relational,111,7,2.9140625
guenther2022relational,111,8,3.02001953125
guenther2022relational,111,9,3.51171875
guenther2022relational,111,10,3.4619140625
guenther2022relational,111,11,1.3203125
guenther2022relational,111,12,1.88525390625
guenther2022relational,111,13,3.51025390625
guenther2022relational,111,14,2.4921875
guenther2022relational,111,15,2.1181640625
guenther2022relational,111,16,1.8720703125
guenther2022relational,111,17,2.0908203125
guenther2022relational,111,18,2.21142578125
guenther2022relational,111,19,1.7978515625
guenther2022relational,111,20,2.78515625
guenther2022relational,111,21,3.1376953125
guenther2022relational,111,22,2.2158203125
guenther2022relational,111,23,5.416015625
guenther2022relational,111,24,2.9189453125
guenther2022relational,111,25,1.849609375
guenther2022relational,111,26,3.2568359375
guenther2022relational,111,27,3.03125
guenther2022relational,111,28,3.3447265625
guenther2022relational,111,29,2.7421875
guenther2022relational,111,30,2.0595703125
guenther2022relational,111,31,2.35205078125
guenther2022relational,111,32,3.8857421875
guenther2022relational,111,33,2.37890625
guenther2022relational,111,34,3.861328125
guenther2022relational,111,35,1.97509765625
guenther2022relational,111,36,2.79150390625
guenther2022relational,111,37,2.13134765625
guenther2022relational,111,38,2.716796875
guenther2022relational,111,39,1.50048828125
guenther2022relational,111,40,1.79345703125
guenther2022relational,111,41,5.5126953125
guenther2022relational,111,42,2.8017578125
guenther2022relational,111,43,4.00439453125
guenther2022relational,111,44,1.5283203125
guenther2022relational,111,45,2.64892578125
guenther2022relational,111,46,2.9375
guenther2022relational,111,47,2.201171875
guenther2022relational,111,48,2.4033203125
guenther2022relational,111,49,1.63916015625
guenther2022relational,111,50,1.9892578125
guenther2022relational,111,51,7.171875
guenther2022relational,111,52,2.1494140625
guenther2022relational,111,53,1.88671875
guenther2022relational,111,54,1.6962890625
guenther2022relational,112,0,5.6875
guenther2022relational,112,1,4.765625
guenther2022relational,112,2,4.2900390625
guenther2022relational,112,3,3.41455078125
guenther2022relational,112,4,3.663330078125
guenther2022relational,112,5,1.99169921875
guenther2022relational,112,6,1.7958984375
guenther2022relational,112,7,4.015625
guenther2022relational,112,8,3.1220703125
guenther2022relational,112,9,3.294921875
guenther2022relational,112,10,1.92626953125
guenther2022relational,112,11,2.296875
guenther2022relational,112,12,3.6962890625
guenther2022relational,112,13,3.318359375
guenther2022relational,112,14,2.975830078125
guenther2022relational,112,15,3.51953125
guenther2022relational,112,16,2.3984375
guenther2022relational,112,17,3.353515625
guenther2022relational,112,18,2.35205078125
guenther2022relational,112,19,2.9560546875
guenther2022relational,112,20,3.20458984375
guenther2022relational,112,21,2.904296875
guenther2022relational,112,22,3.7783203125
guenther2022relational,112,23,1.1416015625
guenther2022relational,112,24,4.14697265625
guenther2022relational,112,25,4.154296875
guenther2022relational,112,26,2.0166015625
guenther2022relational,112,27,2.68017578125
guenther2022relational,112,28,2.42822265625
guenther2022relational,112,29,2.56201171875
guenther2022relational,112,30,3.0439453125
guenther2022relational,112,31,2.8896484375
guenther2022relational,112,32,1.6639404296875
guenther2022relational,112,33,1.7958984375
guenther2022relational,112,34,1.4599609375
guenther2022relational,112,35,1.71728515625
guenther2022relational,112,36,1.49462890625
guenther2022relational,112,37,2.9189453125
guenther2022relational,112,38,3.148193359375
guenther2022relational,112,39,2.022705078125
guenther2022relational,112,40,1.8037109375
guenther2022relational,112,41,4.5166015625
guenther2022relational,112,42,3.3280029296875
guenther2022relational,112,43,4.28125
guenther2022relational,112,44,3.33251953125
guenther2022relational,112,45,2.6220703125
guenther2022relational,112,46,2.9404296875
guenther2022relational,112,47,2.154296875
guenther2022relational,112,48,1.349609375
guenther2022relational,112,49,1.2733154296875
guenther2022relational,112,50,4.01025390625
guenther2022relational,112,51,1.648193359375
guenther2022relational,112,52,3.25830078125
guenther2022relational,112,53,1.904296875
guenther2022relational,112,54,2.960205078125
guenther2022relational,113,0,4.117156982421875
guenther2022relational,113,1,0.760986328125
guenther2022relational,113,2,3.48388671875
guenther2022relational,113,3,4.69775390625
guenther2022relational,113,4,5.0439453125
guenther2022relational,113,5,2.8896484375
guenther2022relational,113,6,3.52734375
guenther2022relational,113,7,4.39892578125
guenther2022relational,113,8,2.9580078125
guenther2022relational,113,9,4.578125
guenther2022relational,113,10,1.8330078125
guenther2022relational,113,11,1.9892578125
guenther2022relational,113,12,1.6796875
guenther2022relational,113,13,3.02001953125
guenther2022relational,113,14,2.73583984375
guenther2022relational,113,15,3.9580078125
guenther2022relational,113,16,2.421875
guenther2022relational,113,17,3.2197265625
guenther2022relational,113,18,1.50439453125
guenther2022relational,113,19,0.8748779296875
guenther2022relational,113,20,2.86376953125
guenther2022relational,113,21,2.02294921875
guenther2022relational,113,22,2.7744140625
guenther2022relational,113,23,3.04833984375
guenther2022relational,113,24,3.10888671875
guenther2022relational,113,25,2.30859375
guenther2022relational,113,26,1.87744140625
guenther2022relational,113,27,1.6962890625
guenther2022relational,113,28,1.811767578125
guenther2022relational,113,29,2.16259765625
guenther2022relational,113,30,5.828125
guenther2022relational,113,31,5.78125
guenther2022relational,113,32,5.25390625
guenther2022relational,113,33,1.9716796875
guenther2022relational,113,34,3.6220703125
guenther2022relational,113,35,3.294921875
guenther2022relational,113,36,4.296875
guenther2022relational,113,37,4.37890625
guenther2022relational,113,38,3.3095703125
guenther2022relational,113,39,2.80126953125
guenther2022relational,113,40,3.4033203125
guenther2022relational,113,41,3.2578125
guenther2022relational,113,42,3.30322265625
guenther2022relational,113,43,2.5400390625
guenther2022relational,113,44,1.3720703125
guenther2022relational,113,45,2.70751953125
guenther2022relational,113,46,4.765625
guenther2022relational,113,47,2.6416015625
guenther2022relational,113,48,2.97705078125
guenther2022relational,113,49,4.0234375
guenther2022relational,113,50,2.46826171875
guenther2022relational,113,51,2.2080078125
guenther2022relational,113,52,1.62890625
guenther2022relational,113,53,1.522705078125
guenther2022relational,113,54,2.279296875
guenther2022relational,114,0,4.31640625
guenther2022relational,114,1,2.796875
guenther2022relational,114,2,0.8173828125
guenther2022relational,114,3,5.4921875
guenther2022relational,114,4,3.710693359375
guenther2022relational,114,5,2.93359375
guenther2022relational,114,6,3.3359375
guenther2022relational,114,7,3.81640625
guenther2022relational,114,8,3.287109375
guenther2022relational,114,9,1.83642578125
guenther2022relational,114,10,1.375
guenther2022relational,114,11,2.130859375
guenther2022relational,114,12,4.45751953125
guenther2022relational,114,13,3.4765625
guenther2022relational,114,14,2.14453125
guenther2022relational,114,15,1.931640625
guenther2022relational,114,16,3.23828125
guenther2022relational,114,17,2.150390625
guenther2022relational,114,18,2.091796875
guenther2022relational,114,19,0.916015625
guenther2022relational,114,20,3.31396484375
guenther2022relational,114,21,1.5
guenther2022relational,114,22,2.69287109375
guenther2022relational,114,23,2.07421875
guenther2022relational,114,24,3.19775390625
guenther2022relational,114,25,2.9697265625
guenther2022relational,114,26,1.943359375
guenther2022relational,114,27,1.77734375
guenther2022relational,114,28,2.34375
guenther2022relational,114,29,2.76953125
guenther2022relational,114,30,2.859375
guenther2022relational,114,31,3.77734375
guenther2022relational,114,32,2.0908203125
guenther2022relational,114,33,3.01171875
guenther2022relational,114,34,2.40625
guenther2022relational,114,35,1.8955078125
guenther2022relational,114,36,2.447265625
guenther2022relational,114,37,5.7255859375
guenther2022relational,114,38,3.640625
guenther2022relational,114,39,1.53125
guenther2022relational,114,40,2.13525390625
guenther2022relational,114,41,2.072265625
guenther2022relational,114,42,3.882568359375
guenther2022relational,114,43,1.5791015625
guenther2022relational,114,44,5.3544921875
guenther2022relational,114,45,2.4228515625
guenther2022relational,114,46,3.18212890625
guenther2022relational,114,47,3.890625
guenther2022relational,114,48,2.6318359375
guenther2022relational,114,49,1.5283203125
guenther2022relational,114,50,2.6875
guenther2022relational,114,51,3.06640625
guenther2022relational,114,52,2.58984375
guenther2022relational,114,53,3.33642578125
guenther2022relational,114,54,3.5849609375
guenther2022relational,115,0,5.078094482421875
guenther2022relational,115,1,3.89697265625
guenther2022relational,115,2,2.3095703125
guenther2022relational,115,3,2.748046875
guenther2022relational,115,4,1.7373046875
guenther2022relational,115,5,1.6142578125
guenther2022relational,115,6,1.5341796875
guenther2022relational,115,7,2.0244140625
guenther2022relational,115,8,3.03076171875
guenther2022relational,115,9,2.30517578125
guenther2022relational,115,10,1.3662109375
guenther2022relational,115,11,3.982421875
guenther2022relational,115,12,3.84912109375
guenther2022relational,115,13,2.7578125
guenther2022relational,115,14,3.5205078125
guenther2022relational,115,15,3.08251953125
guenther2022relational,115,16,2.46484375
guenther2022relational,115,17,2.71875
guenther2022relational,115,18,1.751953125
guenther2022relational,115,19,1.89892578125
guenther2022relational,115,20,2.46826171875
guenther2022relational,115,21,2.3720703125
guenther2022relational,115,22,2.48876953125
guenther2022relational,115,23,1.32470703125
guenther2022relational,115,24,3.8436279296875
guenther2022relational,115,25,2.07275390625
guenther2022relational,115,26,1.88916015625
guenther2022relational,115,27,1.85986328125
guenther2022relational,115,28,1.787109375
guenther2022relational,115,29,2.3905029296875
guenther2022relational,115,30,1.36376953125
guenther2022relational,115,31,2.935546875
guenther2022relational,115,32,2.445068359375
guenther2022relational,115,33,3.398193359375
guenther2022relational,115,34,1.296630859375
guenther2022relational,115,35,2.576171875
guenther2022relational,115,36,1.3037109375
guenther2022relational,115,37,5.0859375
guenther2022relational,115,38,2.02099609375
guenther2022relational,115,39,4.72900390625
guenther2022relational,115,40,4.15625
guenther2022relational,115,41,3.623046875
guenther2022relational,115,42,5.595703125
guenther2022relational,115,43,4.27001953125
guenther2022relational,115,44,2.5439453125
guenther2022relational,115,45,2.748046875
guenther2022relational,115,46,2.36572265625
guenther2022relational,115,47,2.58251953125
guenther2022relational,115,48,2.076171875
guenther2022relational,115,49,4.0155029296875
guenther2022relational,115,50,2.350830078125
guenther2022relational,115,51,2.22412109375
guenther2022relational,115,52,2.3564453125
guenther2022relational,115,53,1.27587890625
guenther2022relational,115,54,3.8876953125
guenther2022relational,116,0,3.8515625
guenther2022relational,116,1,3.09912109375
guenther2022relational,116,2,3.908203125
guenther2022relational,116,3,2.7705078125
guenther2022relational,116,4,3.478515625
guenther2022relational,116,5,2.69921875
guenther2022relational,116,6,2.9541015625
guenther2022relational,116,7,1.78955078125
guenther2022relational,116,8,1.50927734375
guenther2022relational,116,9,1.43359375
guenther2022relational,116,10,3.3583984375
guenther2022relational,116,11,5.6220703125
guenther2022relational,116,12,3.3984375
guenther2022relational,116,13,1.2255859375
guenther2022relational,116,14,3.8251953125
guenther2022relational,116,15,3.97705078125
guenther2022relational,116,16,1.5029296875
guenther2022relational,116,17,3.0078125
guenther2022relational,116,18,2.015625
guenther2022relational,116,19,1.5703125
guenther2022relational,116,20,3.90234375
guenther2022relational,116,21,2.630859375
guenther2022relational,116,22,4.345703125
guenther2022relational,116,23,3.93359375
guenther2022relational,116,24,3.1669921875
guenther2022relational,116,25,1.4375
guenther2022relational,116,26,2.7578125
guenther2022relational,116,27,2.421875
guenther2022relational,116,28,1.4296875
guenther2022relational,116,29,3.77734375
guenther2022relational,116,30,3.1357421875
guenther2022relational,116,31,4.64453125
guenther2022relational,116,32,1.033203125
guenther2022relational,116,33,2.55224609375
guenther2022relational,116,34,2.71826171875
guenther2022relational,116,35,2.146484375
guenther2022relational,116,36,1.75732421875
guenther2022relational,116,37,3.46484375
guenther2022relational,116,38,1.744140625
guenther2022relational,116,39,2.8017578125
guenther2022relational,116,40,4.822265625
guenther2022relational,116,41,3.1845703125
guenther2022relational,116,42,2.4970703125
guenther2022relational,116,43,4.80126953125
guenther2022relational,116,44,1.57421875
guenther2022relational,116,45,2.3408203125
guenther2022relational,116,46,2.3876953125
guenther2022relational,116,47,1.57861328125
guenther2022relational,116,48,1.9931640625
guenther2022relational,116,49,2.9140625
guenther2022relational,116,50,1.1630859375
guenther2022relational,116,51,1.3525390625
guenther2022relational,116,52,3.888671875
guenther2022relational,116,53,3.007080078125
guenther2022relational,116,54,4.819580078125
guenther2022relational,117,0,4.859375
guenther2022relational,117,1,3.44140625
guenther2022relational,117,2,1.7216796875
guenther2022relational,117,3,0.211883544921875
guenther2022relational,117,4,4.63037109375
guenther2022relational,117,5,4.00830078125
guenther2022relational,117,6,3.044921875
guenther2022relational,117,7,2.06884765625
guenther2022relational,117,8,2.04296875
guenther2022relational,117,9,4.45751953125
guenther2022relational,117,10,2.64501953125
guenther2022relational,117,11,3.17626953125
guenther2022relational,117,12,3.5556640625
guenther2022relational,117,13,2.663330078125
guenther2022relational,117,14,2.71826171875
guenther2022relational,117,15,4.05224609375
guenther2022relational,117,16,3.444580078125
guenther2022relational,117,17,2.95947265625
guenther2022relational,117,18,2.32080078125
guenther2022relational,117,19,2.716796875
guenther2022relational,117,20,2.397705078125
guenther2022relational,117,21,2.2314453125
guenther2022relational,117,22,2.26513671875
guenther2022relational,117,23,2.070068359375
guenther2022relational,117,24,2.42822265625
guenther2022relational,117,25,0.921142578125
guenther2022relational,117,26,3.2811279296875
guenther2022relational,117,27,2.326171875
guenther2022relational,117,28,3.8905029296875
guenther2022relational,117,29,1.585693359375
guenther2022relational,117,30,1.898193359375
guenther2022relational,117,31,5.070281982421875
guenther2022relational,117,32,2.0467529296875
guenther2022relational,117,33,1.944580078125
guenther2022relational,117,34,1.9365234375
guenther2022relational,117,35,4.351531982421875
guenther2022relational,117,36,3.20263671875
guenther2022relational,117,37,3.21826171875
guenther2022relational,117,38,1.804656982421875
guenther2022relational,117,39,2.085693359375
guenther2022relational,117,40,3.179443359375
guenther2022relational,117,41,2.015380859375
guenther2022relational,117,42,1.6014404296875
guenther2022relational,117,43,2.320281982421875
guenther2022relational,117,44,3.28125
guenther2022relational,117,45,5.1083984375
guenther2022relational,117,46,3.0155029296875
guenther2022relational,117,47,3.9375
guenther2022relational,117,48,2.89697265625
guenther2022relational,117,49,2.28759765625
guenther2022relational,117,50,3.1717529296875
guenther2022relational,117,51,2.53125
guenther2022relational,117,52,2.070281982421875
guenther2022relational,117,53,2.351531982421875
guenther2022relational,117,54,2.4217529296875
guenther2022relational,118,0,4.99609375
guenther2022relational,118,1,3.16015625
guenther2022relational,118,2,1.9658203125
guenther2022relational,118,3,3.9755859375
guenther2022relational,118,4,2.80517578125
guenther2022relational,118,5,0.601531982421875
guenther2022relational,118,6,2.64599609375
guenther2022relational,118,7,1.37255859375
guenther2022relational,118,8,2.20947265625
guenther2022relational,118,9,2.6396484375
guenther2022relational,118,10,3.523193359375
guenther2022relational,118,11,2.194580078125
guenther2022relational,118,12,4.3905029296875
guenther2022relational,118,13,2.638671875
guenther2022relational,118,14,1.76513671875
guenther2022relational,118,15,2.3720703125
guenther2022relational,118,16,4.20751953125
guenther2022relational,118,17,2.710693359375
guenther2022relational,118,18,3.8905029296875
guenther2022relational,118,19,3.076171875
guenther2022relational,118,20,3.882080078125
guenther2022relational,118,21,2.945281982421875
guenther2022relational,118,22,2.600830078125
guenther2022relational,118,23,2.45751953125
guenther2022relational,118,24,3.460693359375
guenther2022relational,118,25,2.49951171875
guenther2022relational,118,26,1.4139404296875
guenther2022relational,118,27,2.257781982421875
guenther2022relational,118,28,3.726531982421875
guenther2022relational,118,29,2.382781982421875
guenther2022relational,118,30,2.3280029296875
guenther2022relational,118,31,2.179443359375
guenther2022relational,118,32,1.960693359375
guenther2022relational,118,33,1.779296875
guenther2022relational,118,34,5.65625
guenther2022relational,118,35,2.591796875
guenther2022relational,118,36,2.55859375
guenther2022relational,118,37,2.2685546875
guenther2022relational,118,38,3.19287109375
guenther2022relational,118,39,3.10888671875
guenther2022relational,118,40,2.4521484375
guenther2022relational,118,41,2.95751953125
guenther2022relational,118,42,1.646484375
guenther2022relational,118,43,3.779296875
guenther2022relational,118,44,2.444580078125
guenther2022relational,118,45,3.98876953125
guenther2022relational,118,46,2.2030029296875
guenther2022relational,118,47,3.03662109375
guenther2022relational,118,48,3.866943359375
guenther2022relational,118,49,2.435546875
guenther2022relational,118,50,3.70263671875
guenther2022relational,118,51,2.8876953125
guenther2022relational,118,52,2.804443359375
guenther2022relational,118,53,2.904296875
guenther2022relational,118,54,2.7392578125
guenther2022relational,119,0,5.203094482421875
guenther2022relational,119,1,6.9375
guenther2022relational,119,2,2.59765625
guenther2022relational,119,3,3.31201171875
guenther2022relational,119,4,2.373046875
guenther2022relational,119,5,2.975830078125
guenther2022relational,119,6,1.794921875
guenther2022relational,119,7,1.2666015625
guenther2022relational,119,8,1.2197265625
guenther2022relational,119,9,2.685546875
guenther2022relational,119,10,1.273193359375
guenther2022relational,119,11,0.951171875
guenther2022relational,119,12,2.93017578125
guenther2022relational,119,13,1.41162109375
guenther2022relational,119,14,2.87451171875
guenther2022relational,119,15,2.3310546875
guenther2022relational,119,16,1.09765625
guenther2022relational,119,17,2.5467529296875
guenther2022relational,119,18,3.248046875
guenther2022relational,119,19,1.21142578125
guenther2022relational,119,20,2.8408203125
guenther2022relational,119,21,2.78662109375
guenther2022relational,119,22,2.569580078125
guenther2022relational,119,23,0.984344482421875
guenther2022relational,119,24,2.6142578125
guenther2022relational,119,25,4.328125
guenther2022relational,119,26,2.8505859375
guenther2022relational,119,27,2.3251953125
guenther2022relational,119,28,4.1025390625
guenther2022relational,119,29,2.59814453125
guenther2022relational,119,30,2.06640625
guenther2022relational,119,31,4.773193359375
guenther2022relational,119,32,3.9814453125
guenther2022relational,119,33,1.3349609375
guenther2022relational,119,34,2.1591796875
guenther2022relational,119,35,2.6064453125
guenther2022relational,119,36,5.2333984375
guenther2022relational,119,37,2.632568359375
guenther2022relational,119,38,2.3818359375
guenther2022relational,119,39,4.5732421875
guenther2022relational,119,40,4.1884765625
guenther2022relational,119,41,1.56982421875
guenther2022relational,119,42,2.341796875
guenther2022relational,119,43,1.7802734375
guenther2022relational,119,44,1.546142578125
guenther2022relational,119,45,3.9755859375
guenther2022relational,119,46,2.101531982421875
guenther2022relational,119,47,2.3271484375
guenther2022relational,119,48,2.04541015625
guenther2022relational,119,49,1.866943359375
guenther2022relational,119,50,3.819580078125
guenther2022relational,119,51,1.164031982421875
guenther2022relational,119,52,3.10009765625
guenther2022relational,119,53,1.2958984375
guenther2022relational,119,54,2.05517578125
guenther2022relational,120,0,2.576171875
guenther2022relational,120,1,5.2353515625
guenther2022relational,120,2,2.8720703125
guenther2022relational,120,3,2.4462890625
guenther2022relational,120,4,1.42041015625
guenther2022relational,120,5,4.0234375
guenther2022relational,120,6,5.7001953125
guenther2022relational,120,7,3.3212890625
guenther2022relational,120,8,2.6396484375
guenther2022relational,120,9,4.1416015625
guenther2022relational,120,10,3.01953125
guenther2022relational,120,11,3.669921875
guenther2022relational,120,12,3.72412109375
guenther2022relational,120,13,2.7958984375
guenther2022relational,120,14,2.0048828125
guenther2022relational,120,15,2.67626953125
guenther2022relational,120,16,2.302734375
guenther2022relational,120,17,1.9287109375
guenther2022relational,120,18,4.154296875
guenther2022relational,120,19,2.7548828125
guenther2022relational,120,20,2.162109375
guenther2022relational,120,21,2.3544921875
guenther2022relational,120,22,2.38037109375
guenther2022relational,120,23,2.17822265625
guenther2022relational,120,24,1.8037109375
guenther2022relational,120,25,2.38525390625
guenther2022relational,120,26,3.66455078125
guenther2022relational,120,27,3.2626953125
guenther2022relational,120,28,2.47900390625
guenther2022relational,120,29,2.2900390625
guenther2022relational,120,30,3.359375
guenther2022relational,120,31,2.52734375
guenther2022relational,120,32,2.560546875
guenther2022relational,120,33,3.30517578125
guenther2022relational,120,34,2.7373046875
guenther2022relational,120,35,1.84423828125
guenther2022relational,120,36,3.3544921875
guenther2022relational,120,37,2.24267578125
guenther2022relational,120,38,2.310546875
guenther2022relational,120,39,4.3095703125
guenther2022relational,120,40,2.388671875
guenther2022relational,120,41,6.078125
guenther2022relational,120,42,3.725830078125
guenther2022relational,120,43,1.267578125
guenther2022relational,120,44,1.87744140625
guenther2022relational,120,45,4.61328125
guenther2022relational,120,46,3.591796875
guenther2022relational,120,47,6.13525390625
guenther2022relational,120,48,2.95947265625
guenther2022relational,120,49,3.33642578125
guenther2022relational,120,50,3.4443359375
guenther2022relational,120,51,2.96142578125
guenther2022relational,120,52,4.7890625
guenther2022relational,120,53,2.7080078125
guenther2022relational,120,54,2.92626953125
guenther2022relational,121,0,3.4375
guenther2022relational,121,1,4.48046875
guenther2022relational,121,2,0.9189453125
guenther2022relational,121,3,2.8671875
guenther2022relational,121,4,2.46484375
guenther2022relational,121,5,2.8544921875
guenther2022relational,121,6,1.646484375
guenther2022relational,121,7,1.84765625
guenther2022relational,121,8,2.43017578125
guenther2022relational,121,9,5.01025390625
guenther2022relational,121,10,2.43359375
guenther2022relational,121,11,3.884765625
guenther2022relational,121,12,4.5908203125
guenther2022relational,121,13,1.79736328125
guenther2022relational,121,14,3.884765625
guenther2022relational,121,15,3.306640625
guenther2022relational,121,16,4.294921875
guenther2022relational,121,17,0.7147216796875
guenther2022relational,121,18,1.6728515625
guenther2022relational,121,19,2.2587890625
guenther2022relational,121,20,1.83056640625
guenther2022relational,121,21,2.19140625
guenther2022relational,121,22,2.64501953125
guenther2022relational,121,23,3.2607421875
guenther2022relational,121,24,3.5712890625
guenther2022relational,121,25,2.0478515625
guenther2022relational,121,26,1.90234375
guenther2022relational,121,27,4.1328125
guenther2022relational,121,28,1.830078125
guenther2022relational,121,29,2.083984375
guenther2022relational,121,30,2.634765625
guenther2022relational,121,31,4.2890625
guenther2022relational,121,32,2.6279296875
guenther2022relational,121,33,2.853515625
guenther2022relational,121,34,2.0048828125
guenther2022relational,121,35,2.66015625
guenther2022relational,121,36,3.3837890625
guenther2022relational,121,37,2.55517578125
guenther2022relational,121,38,2.076171875
guenther2022relational,121,39,2.0947265625
guenther2022relational,121,40,2.8359375
guenther2022relational,121,41,2.314453125
guenther2022relational,121,42,2.671875
guenther2022relational,121,43,3.17724609375
guenther2022relational,121,44,5.193359375
guenther2022relational,121,45,1.974609375
guenther2022relational,121,46,2.0888671875
guenther2022relational,121,47,3.7705078125
guenther2022relational,121,48,2.80859375
guenther2022relational,121,49,1.6123046875
guenther2022relational,121,50,2.31787109375
guenther2022relational,121,51,2.37890625
guenther2022relational,121,52,2.4658203125
guenther2022relational,121,53,4.0234375
guenther2022relational,121,54,1.7060546875
guenther2022relational,122,0,6.085906982421875
guenther2022relational,122,1,3.185546875
guenther2022relational,122,2,3.31640625
guenther2022relational,122,3,3.47900390625
guenther2022relational,122,4,2.27734375
guenther2022relational,122,5,1.8408203125
guenther2022relational,122,6,2.35400390625
guenther2022relational,122,7,1.89111328125
guenther2022relational,122,8,1.85595703125
guenther2022relational,122,9,4.6083984375
guenther2022relational,122,10,3.2030029296875
guenther2022relational,122,11,3.59326171875
guenther2022relational,122,12,1.71142578125
guenther2022relational,122,13,3.02734375
guenther2022relational,122,14,3.210693359375
guenther2022relational,122,15,2.76025390625
guenther2022relational,122,16,3.36572265625
guenther2022relational,122,17,2.998046875
guenther2022relational,122,18,2.248046875
guenther2022relational,122,19,2.435546875
guenther2022relational,122,20,5.1875
guenther2022relational,122,21,4.375
guenther2022relational,122,22,4.09912109375
guenther2022relational,122,23,2.2939453125
guenther2022relational,122,24,2.6953125
guenther2022relational,122,25,2.3359375
guenther2022relational,122,26,3.203125
guenther2022relational,122,27,2.35546875
guenther2022relational,122,28,2.943359375
guenther2022relational,122,29,1.56640625
guenther2022relational,122,30,1.2802734375
guenther2022relational,122,31,3.8515625
guenther2022relational,122,32,2.2890625
guenther2022relational,122,33,2.3857421875
guenther2022relational,122,34,2.6484375
guenther2022relational,122,35,3.19921875
guenther2022relational,122,36,3.857421875
guenther2022relational,122,37,3.4140625
guenther2022relational,122,38,3.8828125
guenther2022relational,122,39,1.6005859375
guenther2022relational,122,40,3.1953125
guenther2022relational,122,41,3.3671875
guenther2022relational,122,42,2.5478515625
guenther2022relational,122,43,2.734375
guenther2022relational,122,44,3.30859375
guenther2022relational,122,45,2.03955078125
guenther2022relational,122,46,2.76708984375
guenther2022relational,122,47,1.3056640625
guenther2022relational,122,48,2.22265625
guenther2022relational,122,49,3.796875
guenther2022relational,122,50,4.046875
guenther2022relational,122,51,5.12890625
guenther2022relational,122,52,4.126953125
guenther2022relational,122,53,3.05517578125
guenther2022relational,122,54,3.234375
guenther2022relational,123,0,3.999969482421875
guenther2022relational,123,1,2.779296875
guenther2022relational,123,2,5.43359375
guenther2022relational,123,3,3.5517578125
guenther2022relational,123,4,3.14501953125
guenther2022relational,123,5,2.216796875
guenther2022relational,123,6,3.44384765625
guenther2022relational,123,7,2.1943359375
guenther2022relational,123,8,2.0400390625
guenther2022relational,123,9,1.95751953125
guenther2022relational,123,10,3.841796875
guenther2022relational,123,11,2.2099609375
guenther2022relational,123,12,2.10009765625
guenther2022relational,123,13,4.59375
guenther2022relational,123,14,1.865234375
guenther2022relational,123,15,2.9970703125
guenther2022relational,123,16,1.921875
guenther2022relational,123,17,5.3955078125
guenther2022relational,123,18,3.35400390625
guenther2022relational,123,19,5.078125
guenther2022relational,123,20,3.36767578125
guenther2022relational,123,21,2.0400390625
guenther2022relational,123,22,4.1455078125
guenther2022relational,123,23,2.6640625
guenther2022relational,123,24,1.9970703125
guenther2022relational,123,25,3.3564453125
guenther2022relational,123,26,1.6142578125
guenther2022relational,123,27,1.562255859375
guenther2022relational,123,28,2.31884765625
guenther2022relational,123,29,1.85693359375
guenther2022relational,123,30,3.08447265625
guenther2022relational,123,31,2.45947265625
guenther2022relational,123,32,3.013671875
guenther2022relational,123,33,1.83837890625
guenther2022relational,123,34,2.33447265625
guenther2022relational,123,35,2.5185546875
guenther2022relational,123,36,2.53564453125
guenther2022relational,123,37,3.18701171875
guenther2022relational,123,38,1.5233154296875
guenther2022relational,123,39,5.0341796875
guenther2022relational,123,40,4.375
guenther2022relational,123,41,2.78759765625
guenther2022relational,123,42,5.9453125
guenther2022relational,123,43,2.248046875
guenther2022relational,123,44,3.85400390625
guenther2022relational,123,45,2.38671875
guenther2022relational,123,46,4.1015625
guenther2022relational,123,47,3.2890625
guenther2022relational,123,48,2.7880859375
guenther2022relational,123,49,1.6640625
guenther2022relational,123,50,1.6484375
guenther2022relational,123,51,4.3125
guenther2022relational,123,52,3.265625
guenther2022relational,123,53,2.1962890625
guenther2022relational,123,54,2.603515625
guenther2022relational,124,0,4.232421875
guenther2022relational,124,1,0.71484375
guenther2022relational,124,2,3.904296875
guenther2022relational,124,3,2.85205078125
guenther2022relational,124,4,3.916015625
guenther2022relational,124,5,3.21826171875
guenther2022relational,124,6,0.7459716796875
guenther2022relational,124,7,2.0517578125
guenther2022relational,124,8,3.89892578125
guenther2022relational,124,9,1.87548828125
guenther2022relational,124,10,4.6044921875
guenther2022relational,124,11,3.24951171875
guenther2022relational,124,12,3.29150390625
guenther2022relational,124,13,1.7568359375
guenther2022relational,124,14,3.241455078125
guenther2022relational,124,15,1.3876953125
guenther2022relational,124,16,3.9248046875
guenther2022relational,124,17,0.77197265625
guenther2022relational,124,18,2.9530029296875
guenther2022relational,124,19,5.0390625
guenther2022relational,124,20,2.5439453125
guenther2022relational,124,21,1.24755859375
guenther2022relational,124,22,2.81201171875
guenther2022relational,124,23,2.19921875
guenther2022relational,124,24,3.2080078125
guenther2022relational,124,25,2.90625
guenther2022relational,124,26,4.30322265625
guenther2022relational,124,27,1.90283203125
guenther2022relational,124,28,1.44921875
guenther2022relational,124,29,2.513671875
guenther2022relational,124,30,1.783203125
guenther2022relational,124,31,3.154296875
guenther2022relational,124,32,1.249267578125
guenther2022relational,124,33,1.16455078125
guenther2022relational,124,34,1.0166015625
guenther2022relational,124,35,2.86572265625
guenther2022relational,124,36,2.476318359375
guenther2022relational,124,37,0.9990234375
guenther2022relational,124,38,3.039031982421875
guenther2022relational,124,39,3.3592529296875
guenther2022relational,124,40,2.6943359375
guenther2022relational,124,41,1.23388671875
guenther2022relational,124,42,2.71337890625
guenther2022relational,124,43,1.13916015625
guenther2022relational,124,44,4.281219482421875
guenther2022relational,124,45,2.47265625
guenther2022relational,124,46,1.00732421875
guenther2022relational,124,47,2.34912109375
guenther2022relational,124,48,3.2021484375
guenther2022relational,124,49,3.373046875
guenther2022relational,124,50,3.0311279296875
guenther2022relational,124,51,2.02978515625
guenther2022relational,124,52,1.139892578125
guenther2022relational,124,53,2.17626953125
guenther2022relational,124,54,2.19384765625
guenther2022relational,125,0,2.156219482421875
guenther2022relational,125,1,1.47265625
guenther2022relational,125,2,5.7646484375
guenther2022relational,125,3,2.03125
guenther2022relational,125,4,1.515625
guenther2022relational,125,5,5.52001953125
guenther2022relational,125,6,4.296875
guenther2022relational,125,7,3.49267578125
guenther2022relational,125,8,1.580078125
guenther2022relational,125,9,2.453125
guenther2022relational,125,10,2.8173828125
guenther2022relational,125,11,3.0234375
guenther2022relational,125,12,2.48876953125
guenther2022relational,125,13,3.2890625
guenther2022relational,125,14,2.220703125
guenther2022relational,125,15,4.291015625
guenther2022relational,125,16,2.8203125
guenther2022relational,125,17,3.21875
guenther2022relational,125,18,4.13671875
guenther2022relational,125,19,2.3291015625
guenther2022relational,125,20,2.97265625
guenther2022relational,125,21,4.01953125
guenther2022relational,125,22,1.9638671875
guenther2022relational,125,23,3.4765625
guenther2022relational,125,24,1.7607421875
guenther2022relational,125,25,1.7607421875
guenther2022relational,125,26,2.7265625
guenther2022relational,125,27,2.47265625
guenther2022relational,125,28,1.96484375
guenther2022relational,125,29,3.2353515625
guenther2022relational,125,30,2.55126953125
guenther2022relational,125,31,2.279296875
guenther2022relational,125,32,1.76220703125
guenther2022relational,125,33,3.1015625
guenther2022relational,125,34,2.33984375
guenther2022relational,125,35,1.8330078125
guenther2022relational,125,36,2.484375
guenther2022relational,125,37,1.5302734375
guenther2022relational,125,38,1.05419921875
guenther2022relational,125,39,1.263671875
guenther2022relational,125,40,4.7890625
guenther2022relational,125,41,2.6357421875
guenther2022relational,125,42,1.58984375
guenther2022relational,125,43,2.79150390625
guenther2022relational,125,44,2.1357421875
guenther2022relational,125,45,2.3447265625
guenther2022relational,125,46,4.125
guenther2022relational,125,47,2.201171875
guenther2022relational,125,48,1.66015625
guenther2022relational,125,49,1.257080078125
guenther2022relational,125,50,2.76953125
guenther2022relational,125,51,2.66015625
guenther2022relational,125,52,4.1640625
guenther2022relational,125,53,4.0693359375
guenther2022relational,125,54,1.142578125
guenther2022relational,126,0,3.921875
guenther2022relational,126,1,2.8291015625
guenther2022relational,126,2,5.1875
guenther2022relational,126,3,3.033203125
guenther2022relational,126,4,2.841796875
guenther2022relational,126,5,2.69921875
guenther2022relational,126,6,4.44921875
guenther2022relational,126,7,4.26025390625
guenther2022relational,126,8,3.68359375
guenther2022relational,126,9,3.2578125
guenther2022relational,126,10,3.015625
guenther2022relational,126,11,2.662109375
guenther2022relational,126,12,2.38671875
guenther2022relational,126,13,1.4765625
guenther2022relational,126,14,3.10546875
guenther2022relational,126,15,2.462890625
guenther2022relational,126,16,2.93359375
guenther2022relational,126,17,3.55078125
guenther2022relational,126,18,1.9931640625
guenther2022relational,126,19,3.8232421875
guenther2022relational,126,20,3.337890625
guenther2022relational,126,21,1.9296875
guenther2022relational,126,22,3.4453125
guenther2022relational,126,23,2.1953125
guenther2022relational,126,24,3.5546875
guenther2022relational,126,25,4.7470703125
guenther2022relational,126,26,3.63525390625
guenther2022relational,126,27,3.197265625
guenther2022relational,126,28,1.68359375
guenther2022relational,126,29,3.380859375
guenther2022relational,126,30,3.771484375
guenther2022relational,126,31,2.1494140625
guenther2022relational,126,32,3.4970703125
guenther2022relational,126,33,1.89697265625
guenther2022relational,126,34,1.716796875
guenther2022relational,126,35,3.64892578125
guenther2022relational,126,36,3.17626953125
guenther2022relational,126,37,3.4130859375
guenther2022relational,126,38,4.30078125
guenther2022relational,126,39,3.013671875
guenther2022relational,126,40,1.8994140625
guenther2022relational,126,41,3.4443359375
guenther2022relational,126,42,1.5986328125
guenther2022relational,126,43,4.5078125
guenther2022relational,126,44,1.966796875
guenther2022relational,126,45,3.0947265625
guenther2022relational,126,46,1.7255859375
guenther2022relational,126,47,5.5751953125
guenther2022relational,126,48,2.5322265625
guenther2022relational,126,49,4.4970703125
guenther2022relational,126,50,1.8408203125
guenther2022relational,126,51,2.921875
guenther2022relational,126,52,1.76171875
guenther2022relational,126,53,2.73046875
guenther2022relational,126,54,2.6787109375
guenther2022relational,127,0,4.8359375
guenther2022relational,127,1,0.595703125
guenther2022relational,127,2,1.2255859375
guenther2022relational,127,3,4.77197265625
guenther2022relational,127,4,2.77001953125
guenther2022relational,127,5,1.60595703125
guenther2022relational,127,6,3.2890625
guenther2022relational,127,7,3.99462890625
guenther2022relational,127,8,2.5322265625
guenther2022relational,127,9,3.73876953125
guenther2022relational,127,10,2.0009765625
guenther2022relational,127,11,3.48876953125
guenther2022relational,127,12,2.255859375
guenther2022relational,127,13,5.75537109375
guenther2022relational,127,14,2.751953125
guenther2022relational,127,15,2.2490234375
guenther2022relational,127,16,4.96875
guenther2022relational,127,17,2.638671875
guenther2022relational,127,18,4.84375
guenther2022relational,127,19,3.2353515625
guenther2022relational,127,20,1.677734375
guenther2022relational,127,21,3.6640625
guenther2022relational,127,22,3.6953125
guenther2022relational,127,23,3.33203125
guenther2022relational,127,24,2.05712890625
guenther2022relational,127,25,4.3720703125
guenther2022relational,127,26,2.07275390625
guenther2022relational,127,27,2.1591796875
guenther2022relational,127,28,2.960205078125
guenther2022relational,127,29,4.8662109375
guenther2022relational,127,30,2.3955078125
guenther2022relational,127,31,4.05078125
guenther2022relational,127,32,1.529296875
guenther2022relational,127,33,2.1181640625
guenther2022relational,127,34,2.439453125
guenther2022relational,127,35,1.912109375
guenther2022relational,127,36,1.71875
guenther2022relational,127,37,1.3037109375
guenther2022relational,127,38,1.95458984375
guenther2022relational,127,39,1.1748046875
guenther2022relational,127,40,2.9326171875
guenther2022relational,127,41,1.515625
guenther2022relational,127,42,3.6015625
guenther2022relational,127,43,2.724609375
guenther2022relational,127,44,3.9755859375
guenther2022relational,127,45,2.1484375
guenther2022relational,127,46,2.7451171875
guenther2022relational,127,47,3.033203125
guenther2022relational,127,48,1.810546875
guenther2022relational,127,49,5.884765625
guenther2022relational,127,50,1.791015625
guenther2022relational,127,51,2.7890625
guenther2022relational,127,52,4.1669921875
guenther2022relational,127,53,1.4326171875
guenther2022relational,127,54,4.1015625
guenther2022relational,128,0,2.65625
guenther2022relational,128,1,1.794921875
guenther2022relational,128,2,5.05078125
guenther2022relational,128,3,2.220703125
guenther2022relational,128,4,1.39013671875
guenther2022relational,128,5,3.91796875
guenther2022relational,128,6,4.7734375
guenther2022relational,128,7,3.66796875
guenther2022relational,128,8,2.4482421875
guenther2022relational,128,9,2.0009765625
guenther2022relational,128,10,4.4267578125
guenther2022relational,128,11,1.76171875
guenther2022relational,128,12,2.37890625
guenther2022relational,128,13,1.390625
guenther2022relational,128,14,3.01171875
guenther2022relational,128,15,1.2548828125
guenther2022relational,128,16,3.3125
guenther2022relational,128,17,3.9765625
guenther2022relational,128,18,1.509765625
guenther2022relational,128,19,3.162109375
guenther2022relational,128,20,2.193359375
guenther2022relational,128,21,1.365234375
guenther2022relational,128,22,4.619140625
guenther2022relational,128,23,4.609375
guenther2022relational,128,24,2.703125
guenther2022relational,128,25,2.16650390625
guenther2022relational,128,26,2.857421875
guenther2022relational,128,27,4.69140625
guenther2022relational,128,28,3.22265625
guenther2022relational,128,29,2.45458984375
guenther2022relational,128,30,2.4375
guenther2022relational,128,31,6.08203125
guenther2022relational,128,32,1.61328125
guenther2022relational,128,33,2.59375
guenther2022relational,128,34,3.1044921875
guenther2022relational,128,35,2.828125
guenther2022relational,128,36,2.134765625
guenther2022relational,128,37,3.4130859375
guenther2022relational,128,38,2.9150390625
guenther2022relational,128,39,3.0
guenther2022relational,128,40,2.5068359375
guenther2022relational,128,41,2.7109375
guenther2022relational,128,42,3.63671875
guenther2022relational,128,43,7.1171875
guenther2022relational,128,44,2.515625
guenther2022relational,128,45,2.2158203125
guenther2022relational,128,46,3.3291015625
guenther2022relational,128,47,3.62890625
guenther2022relational,128,48,2.03515625
guenther2022relational,128,49,4.4482421875
guenther2022relational,128,50,2.1171875
guenther2022relational,128,51,2.7470703125
guenther2022relational,128,52,1.388671875
guenther2022relational,128,53,1.7587890625
guenther2022relational,128,54,1.9462890625
guenther2022relational,129,0,2.734375
guenther2022relational,129,1,5.021484375
guenther2022relational,129,2,1.2294921875
guenther2022relational,129,3,0.85791015625
guenther2022relational,129,4,2.40576171875
guenther2022relational,129,5,1.280517578125
guenther2022relational,129,6,2.72412109375
guenther2022relational,129,7,1.656005859375
guenther2022relational,129,8,4.4208984375
guenther2022relational,129,9,2.17626953125
guenther2022relational,129,10,1.13916015625
guenther2022relational,129,11,1.17919921875
guenther2022relational,129,12,2.24072265625
guenther2022relational,129,13,2.0467529296875
guenther2022relational,129,14,3.414031982421875
guenther2022relational,129,15,1.27294921875
guenther2022relational,129,16,5.20947265625
guenther2022relational,129,17,4.085693359375
guenther2022relational,129,18,3.413818359375
guenther2022relational,129,19,2.779296875
guenther2022relational,129,20,2.4833984375
guenther2022relational,129,21,3.7655029296875
guenther2022relational,129,22,5.390625
guenther2022relational,129,23,1.562469482421875
guenther2022relational,129,24,1.7646484375
guenther2022relational,129,25,2.398193359375
guenther2022relational,129,26,3.9052734375
guenther2022relational,129,27,1.333984375
guenther2022relational,129,28,0.9775390625
guenther2022relational,129,29,2.47705078125
guenther2022relational,129,30,2.8748779296875
guenther2022relational,129,31,1.45263671875
guenther2022relational,129,32,1.304656982421875
guenther2022relational,129,33,3.515625
guenther2022relational,129,34,2.7890625
guenther2022relational,129,35,1.0537109375
guenther2022relational,129,36,5.8046875
guenther2022relational,129,37,1.5234375
guenther2022relational,129,38,2.509765625
guenther2022relational,129,39,2.025390625
guenther2022relational,129,40,4.67578125
guenther2022relational,129,41,4.12890625
guenther2022relational,129,42,4.5400390625
guenther2022relational,129,43,2.74462890625
guenther2022relational,129,44,2.296875
guenther2022relational,129,45,3.7294921875
guenther2022relational,129,46,1.4638671875
guenther2022relational,129,47,2.5625
guenther2022relational,129,48,2.50537109375
guenther2022relational,129,49,1.20361328125
guenther2022relational,129,50,2.3203125
guenther2022relational,129,51,1.59765625
guenther2022relational,129,52,3.6220703125
guenther2022relational,129,53,1.62890625
guenther2022relational,129,54,2.2626953125
guenther2022relational,130,0,3.296844482421875
guenther2022relational,130,1,3.91796875
guenther2022relational,130,2,3.0859375
guenther2022relational,130,3,1.12109375
guenther2022relational,130,4,3.9970703125
guenther2022relational,130,5,3.42578125
guenther2022relational,130,6,3.533203125
guenther2022relational,130,7,2.46484375
guenther2022relational,130,8,3.16015625
guenther2022relational,130,9,3.475830078125
guenther2022relational,130,10,5.08984375
guenther2022relational,130,11,2.33984375
guenther2022relational,130,12,2.5068359375
guenther2022relational,130,13,2.23388671875
guenther2022relational,130,14,3.13037109375
guenther2022relational,130,15,2.73974609375
guenther2022relational,130,16,2.32080078125
guenther2022relational,130,17,2.8017578125
guenther2022relational,130,18,2.19287109375
guenther2022relational,130,19,2.26171875
guenther2022relational,130,20,2.05126953125
guenther2022relational,130,21,2.037109375
guenther2022relational,130,22,1.859130859375
guenther2022relational,130,23,1.92431640625
guenther2022relational,130,24,4.413330078125
guenther2022relational,130,25,2.616943359375
guenther2022relational,130,26,1.124969482421875
guenther2022relational,130,27,2.428955078125
guenther2022relational,130,28,2.404296875
guenther2022relational,130,29,1.617156982421875
guenther2022relational,130,30,1.898193359375
guenther2022relational,130,31,1.4764404296875
guenther2022relational,130,32,2.085906982421875
guenther2022relational,130,33,1.90576171875
guenther2022relational,130,34,2.726531982421875
guenther2022relational,130,35,3.335693359375
guenther2022relational,130,36,2.335693359375
guenther2022relational,130,37,2.226531982421875
guenther2022relational,130,38,1.3670654296875
guenther2022relational,130,39,3.507080078125
guenther2022relational,130,40,1.68408203125
guenther2022relational,130,41,1.4686279296875
guenther2022relational,130,42,1.273193359375
guenther2022relational,130,43,2.866943359375
guenther2022relational,130,44,1.56689453125
guenther2022relational,130,45,3.695281982421875
guenther2022relational,130,46,2.350830078125
guenther2022relational,130,47,1.84765625
guenther2022relational,130,48,2.1405029296875
guenther2022relational,130,49,2.49951171875
guenther2022relational,130,50,2.554443359375
guenther2022relational,130,51,1.6015625
guenther2022relational,130,52,5.491943359375
guenther2022relational,130,53,1.781219482421875
guenther2022relational,130,54,2.820281982421875
guenther2022relational,131,0,3.488250732421875
guenther2022relational,131,1,2.40576171875
guenther2022relational,131,2,2.5439453125
guenther2022relational,131,3,1.7734375
guenther2022relational,131,4,4.31787109375
guenther2022relational,131,5,1.61376953125
guenther2022relational,131,6,1.95361328125
guenther2022relational,131,7,2.572265625
guenther2022relational,131,8,1.51611328125
guenther2022relational,131,9,1.1025390625
guenther2022relational,131,10,1.11767578125
guenther2022relational,131,11,3.3251953125
guenther2022relational,131,12,1.2958984375
guenther2022relational,131,13,1.02880859375
guenther2022relational,131,14,1.366455078125
guenther2022relational,131,15,1.2861328125
guenther2022relational,131,16,3.2333984375
guenther2022relational,131,17,1.3123779296875
guenther2022relational,131,18,5.576171875
guenther2022relational,131,19,3.41162109375
guenther2022relational,131,20,2.40234375
guenther2022relational,131,21,1.718017578125
guenther2022relational,131,22,2.23876953125
guenther2022relational,131,23,2.5936279296875
guenther2022relational,131,24,2.83447265625
guenther2022relational,131,25,3.00537109375
guenther2022relational,131,26,1.2880859375
guenther2022relational,131,27,2.2900390625
guenther2022relational,131,28,2.350830078125
guenther2022relational,131,29,3.1806640625
guenther2022relational,131,30,2.5439453125
guenther2022relational,131,31,1.2576904296875
guenther2022relational,131,32,1.562469482421875
guenther2022relational,131,33,3.92724609375
guenther2022relational,131,34,2.74951171875
guenther2022relational,131,35,2.7490234375
guenther2022relational,131,36,1.952392578125
guenther2022relational,131,37,2.4842529296875
guenther2022relational,131,38,2.09912109375
guenther2022relational,131,39,1.94482421875
guenther2022relational,131,40,2.148193359375
guenther2022relational,131,41,1.51416015625
guenther2022relational,131,42,2.1717529296875
guenther2022relational,131,43,1.1639404296875
guenther2022relational,131,44,3.2958984375
guenther2022relational,131,45,1.4443359375
guenther2022relational,131,46,2.179443359375
guenther2022relational,131,47,2.4775390625
guenther2022relational,131,48,1.671630859375
guenther2022relational,131,49,1.65087890625
guenther2022relational,131,50,1.4111328125
guenther2022relational,131,51,2.1708984375
guenther2022relational,131,52,5.5751953125
guenther2022relational,131,53,1.132080078125
guenther2022relational,131,54,1.960693359375
guenther2022relational,132,0,4.9921875
guenther2022relational,132,1,4.89501953125
guenther2022relational,132,2,3.74462890625
guenther2022relational,132,3,3.794921875
guenther2022relational,132,4,2.66650390625
guenther2022relational,132,5,1.83984375
guenther2022relational,132,6,2.77587890625
guenther2022relational,132,7,2.4609375
guenther2022relational,132,8,1.47900390625
guenther2022relational,132,9,1.1572265625
guenther2022relational,132,10,3.31201171875
guenther2022relational,132,11,2.8203125
guenther2022relational,132,12,4.5419921875
guenther2022relational,132,13,3.19775390625
guenther2022relational,132,14,3.65234375
guenther2022relational,132,15,2.373046875
guenther2022relational,132,16,3.033203125
guenther2022relational,132,17,4.255859375
guenther2022relational,132,18,2.35546875
guenther2022relational,132,19,2.232421875
guenther2022relational,132,20,1.609375
guenther2022relational,132,21,1.6015625
guenther2022relational,132,22,3.400390625
guenther2022relational,132,23,2.3505859375
guenther2022relational,132,24,2.24267578125
guenther2022relational,132,25,1.78515625
guenther2022relational,132,26,1.849609375
guenther2022relational,132,27,2.9033203125
guenther2022relational,132,28,1.5107421875
guenther2022relational,132,29,2.76953125
guenther2022relational,132,30,3.20703125
guenther2022relational,132,31,3.595703125
guenther2022relational,132,32,0.6826171875
guenther2022relational,132,33,1.75390625
guenther2022relational,132,34,3.2919921875
guenther2022relational,132,35,2.654296875
guenther2022relational,132,36,3.25390625
guenther2022relational,132,37,3.0703125
guenther2022relational,132,38,2.7587890625
guenther2022relational,132,39,3.6953125
guenther2022relational,132,40,1.908203125
guenther2022relational,132,41,2.44140625
guenther2022relational,132,42,2.0390625
guenther2022relational,132,43,3.005859375
guenther2022relational,132,44,3.876953125
guenther2022relational,132,45,1.150390625
guenther2022relational,132,46,1.69140625
guenther2022relational,132,47,1.75390625
guenther2022relational,132,48,3.5595703125
guenther2022relational,132,49,1.625
guenther2022relational,132,50,1.126953125
guenther2022relational,132,51,1.66845703125
guenther2022relational,132,52,3.646484375
guenther2022relational,132,53,3.30078125
guenther2022relational,132,54,3.8408203125
guenther2022relational,133,0,3.796875
guenther2022relational,133,1,3.4296875
guenther2022relational,133,2,1.70703125
guenther2022relational,133,3,3.123046875
guenther2022relational,133,4,6.859375
guenther2022relational,133,5,3.400390625
guenther2022relational,133,6,1.7216796875
guenther2022relational,133,7,3.5234375
guenther2022relational,133,8,1.626953125
guenther2022relational,133,9,1.1484375
guenther2022relational,133,10,0.9091796875
guenther2022relational,133,11,2.0595703125
guenther2022relational,133,12,2.5166015625
guenther2022relational,133,13,1.2353515625
guenther2022relational,133,14,1.4931640625
guenther2022relational,133,15,1.6640625
guenther2022relational,133,16,1.37109375
guenther2022relational,133,17,4.16162109375
guenther2022relational,133,18,4.8525390625
guenther2022relational,133,19,3.34765625
guenther2022relational,133,20,1.3564453125
guenther2022relational,133,21,3.3828125
guenther2022relational,133,22,1.4228515625
guenther2022relational,133,23,2.76513671875
guenther2022relational,133,24,1.48486328125
guenther2022relational,133,25,1.4677734375
guenther2022relational,133,26,1.19921875
guenther2022relational,133,27,1.1513671875
guenther2022relational,133,28,0.6943359375
guenther2022relational,133,29,1.2509765625
guenther2022relational,133,30,2.376953125
guenther2022relational,133,31,4.2578125
guenther2022relational,133,32,6.982421875
guenther2022relational,133,33,2.59375
guenther2022relational,133,34,1.677734375
guenther2022relational,133,35,5.263671875
guenther2022relational,133,36,3.7421875
guenther2022relational,133,37,2.79296875
guenther2022relational,133,38,3.171875
guenther2022relational,133,39,1.1015625
guenther2022relational,133,40,3.03515625
guenther2022relational,133,41,5.41015625
guenther2022relational,133,42,2.0615234375
guenther2022relational,133,43,3.6318359375
guenther2022relational,133,44,4.140625
guenther2022relational,133,45,3.9462890625
guenther2022relational,133,46,3.3916015625
guenther2022relational,133,47,5.17333984375
guenther2022relational,133,48,2.80078125
guenther2022relational,133,49,1.6923828125
guenther2022relational,133,50,3.1474609375
guenther2022relational,133,51,2.517578125
guenther2022relational,133,52,2.25439453125
guenther2022relational,133,53,4.67822265625
guenther2022relational,133,54,1.4423828125
guenther2022relational,134,0,3.316375732421875
guenther2022relational,134,1,1.513671875
guenther2022relational,134,2,3.3994140625
guenther2022relational,134,3,2.7880859375
guenther2022relational,134,4,3.30126953125
guenther2022relational,134,5,3.8798828125
guenther2022relational,134,6,3.86376953125
guenther2022relational,134,7,2.228515625
guenther2022relational,134,8,3.8525390625
guenther2022relational,134,9,3.6865234375
guenther2022relational,134,10,3.3515625
guenther2022relational,134,11,1.8798828125
guenther2022relational,134,12,2.68359375
guenther2022relational,134,13,2.4775390625
guenther2022relational,134,14,2.1435546875
guenther2022relational,134,15,4.431640625
guenther2022relational,134,16,1.6904296875
guenther2022relational,134,17,1.8486328125
guenther2022relational,134,18,1.2138671875
guenther2022relational,134,19,2.27392578125
guenther2022relational,134,20,2.4423828125
guenther2022relational,134,21,3.94287109375
guenther2022relational,134,22,4.30322265625
guenther2022relational,134,23,2.89453125
guenther2022relational,134,24,3.52392578125
guenther2022relational,134,25,2.6630859375
guenther2022relational,134,26,1.873046875
guenther2022relational,134,27,3.6484375
guenther2022relational,134,28,1.6689453125
guenther2022relational,134,29,2.8232421875
guenther2022relational,134,30,3.935546875
guenther2022relational,134,31,3.03076171875
guenther2022relational,134,32,2.55859375
guenther2022relational,134,33,2.72412109375
guenther2022relational,134,34,1.4560546875
guenther2022relational,134,35,2.8291015625
guenther2022relational,134,36,3.078125
guenther2022relational,134,37,3.39892578125
guenther2022relational,134,38,4.0732421875
guenther2022relational,134,39,3.3505859375
guenther2022relational,134,40,1.599609375
guenther2022relational,134,41,3.9130859375
guenther2022relational,134,42,3.6416015625
guenther2022relational,134,43,1.5673828125
guenther2022relational,134,44,3.0458984375
guenther2022relational,134,45,1.7900390625
guenther2022relational,134,46,4.2958984375
guenther2022relational,134,47,2.6875
guenther2022relational,134,48,4.248046875
guenther2022relational,134,49,2.85888671875
guenther2022relational,134,50,1.4794921875
guenther2022relational,134,51,2.5390625
guenther2022relational,134,52,3.788330078125
guenther2022relational,134,53,2.5380859375
guenther2022relational,134,54,1.26806640625
guenther2022relational,135,0,4.351531982421875
guenther2022relational,135,1,2.3359375
guenther2022relational,135,2,3.52197265625
guenther2022relational,135,3,3.4609375
guenther2022relational,135,4,3.6533203125
guenther2022relational,135,5,3.3359375
guenther2022relational,135,6,1.1962890625
guenther2022relational,135,7,3.3203125
guenther2022relational,135,8,3.98876953125
guenther2022relational,135,9,2.1064453125
guenther2022relational,135,10,3.484375
guenther2022relational,135,11,2.140625
guenther2022relational,135,12,2.634765625
guenther2022relational,135,13,2.8671875
guenther2022relational,135,14,2.158203125
guenther2022relational,135,15,2.73828125
guenther2022relational,135,16,0.7763671875
guenther2022relational,135,17,3.474609375
guenther2022relational,135,18,2.248046875
guenther2022relational,135,19,2.30859375
guenther2022relational,135,20,1.8193359375
guenther2022relational,135,21,2.041015625
guenther2022relational,135,22,1.943359375
guenther2022relational,135,23,2.419921875
guenther2022relational,135,24,2.009765625
guenther2022relational,135,25,2.2587890625
guenther2022relational,135,26,2.09765625
guenther2022relational,135,27,5.6669921875
guenther2022relational,135,28,2.634765625
guenther2022relational,135,29,2.27001953125
guenther2022relational,135,30,1.83984375
guenther2022relational,135,31,3.341796875
guenther2022relational,135,32,2.205078125
guenther2022relational,135,33,1.61328125
guenther2022relational,135,34,3.16455078125
guenther2022relational,135,35,3.8544921875
guenther2022relational,135,36,3.544921875
guenther2022relational,135,37,1.92626953125
guenther2022relational,135,38,2.66064453125
guenther2022relational,135,39,3.179443359375
guenther2022relational,135,40,3.585693359375
guenther2022relational,135,41,2.4658203125
guenther2022relational,135,42,3.39697265625
guenther2022relational,135,43,2.48876953125
guenther2022relational,135,44,4.40576171875
guenther2022relational,135,45,1.5341796875
guenther2022relational,135,46,4.1405029296875
guenther2022relational,135,47,4.1171875
guenther2022relational,135,48,2.13525390625
guenther2022relational,135,49,1.330078125
guenther2022relational,135,50,3.07421875
guenther2022relational,135,51,1.853515625
guenther2022relational,135,52,1.6064453125
guenther2022relational,135,53,5.6064453125
guenther2022relational,135,54,3.850830078125
guenther2022relational,136,0,4.863250732421875
guenther2022relational,136,1,2.7529296875
guenther2022relational,136,2,3.069580078125
guenther2022relational,136,3,1.8828125
guenther2022relational,136,4,2.982421875
guenther2022relational,136,5,6.2734375
guenther2022relational,136,6,4.626953125
guenther2022relational,136,7,3.37109375
guenther2022relational,136,8,1.951171875
guenther2022relational,136,9,2.732421875
guenther2022relational,136,10,2.1416015625
guenther2022relational,136,11,2.5908203125
guenther2022relational,136,12,3.8046875
guenther2022relational,136,13,2.8837890625
guenther2022relational,136,14,2.517578125
guenther2022relational,136,15,2.1962890625
guenther2022relational,136,16,2.552734375
guenther2022relational,136,17,2.63330078125
guenther2022relational,136,18,1.365234375
guenther2022relational,136,19,3.27734375
guenther2022relational,136,20,2.3095703125
guenther2022relational,136,21,3.7734375
guenther2022relational,136,22,4.693359375
guenther2022relational,136,23,3.623046875
guenther2022relational,136,24,2.4970703125
guenther2022relational,136,25,2.763671875
guenther2022relational,136,26,4.0078125
guenther2022relational,136,27,2.2353515625
guenther2022relational,136,28,3.7001953125
guenther2022relational,136,29,3.8134765625
guenther2022relational,136,30,2.154296875
guenther2022relational,136,31,2.431640625
guenther2022relational,136,32,2.48583984375
guenther2022relational,136,33,4.37109375
guenther2022relational,136,34,0.8251953125
guenther2022relational,136,35,3.21875
guenther2022relational,136,36,3.966796875
guenther2022relational,136,37,3.33203125
guenther2022relational,136,38,2.20703125
guenther2022relational,136,39,1.9189453125
guenther2022relational,136,40,2.7607421875
guenther2022relational,136,41,2.3515625
guenther2022relational,136,42,2.85546875
guenther2022relational,136,43,2.44921875
guenther2022relational,136,44,2.81201171875
guenther2022relational,136,45,2.681640625
guenther2022relational,136,46,2.783203125
guenther2022relational,136,47,2.416015625
guenther2022relational,136,48,2.373046875
guenther2022relational,136,49,0.56982421875
guenther2022relational,136,50,3.8828125
guenther2022relational,136,51,1.44140625
guenther2022relational,136,52,2.31640625
guenther2022relational,136,53,3.1171875
guenther2022relational,136,54,4.103515625
guenther2022relational,137,0,3.906219482421875
guenther2022relational,137,1,5.4482421875
guenther2022relational,137,2,3.671875
guenther2022relational,137,3,4.90625
guenther2022relational,137,4,2.21484375
guenther2022relational,137,5,3.35546875
guenther2022relational,137,6,2.60205078125
guenther2022relational,137,7,3.369140625
guenther2022relational,137,8,2.998046875
guenther2022relational,137,9,1.904296875
guenther2022relational,137,10,2.7578125
guenther2022relational,137,11,3.04296875
guenther2022relational,137,12,3.810546875
guenther2022relational,137,13,1.240234375
guenther2022relational,137,14,2.828125
guenther2022relational,137,15,2.8828125
guenther2022relational,137,16,2.3232421875
guenther2022relational,137,17,2.607421875
guenther2022relational,137,18,1.85546875
guenther2022relational,137,19,1.984375
guenther2022relational,137,20,4.7890625
guenther2022relational,137,21,4.0546875
guenther2022relational,137,22,3.2734375
guenther2022relational,137,23,4.583984375
guenther2022relational,137,24,1.43115234375
guenther2022relational,137,25,1.87158203125
guenther2022relational,137,26,5.4228515625
guenther2022relational,137,27,1.7880859375
guenther2022relational,137,28,3.0546875
guenther2022relational,137,29,2.390625
guenther2022relational,137,30,2.900390625
guenther2022relational,137,31,3.787109375
guenther2022relational,137,32,3.40625
guenther2022relational,137,33,3.240234375
guenther2022relational,137,34,1.4267578125
guenther2022relational,137,35,1.91552734375
guenther2022relational,137,36,4.78662109375
guenther2022relational,137,37,2.90234375
guenther2022relational,137,38,2.630859375
guenther2022relational,137,39,2.5078125
guenther2022relational,137,40,2.0390625
guenther2022relational,137,41,3.552734375
guenther2022relational,137,42,2.7666015625
guenther2022relational,137,43,1.62109375
guenther2022relational,137,44,3.17578125
guenther2022relational,137,45,3.4951171875
guenther2022relational,137,46,3.7734375
guenther2022relational,137,47,5.537109375
guenther2022relational,137,48,2.7900390625
guenther2022relational,137,49,3.5244140625
guenther2022relational,137,50,1.7607421875
guenther2022relational,137,51,4.23828125
guenther2022relational,137,52,3.6416015625
guenther2022relational,137,53,1.8388671875
guenther2022relational,137,54,3.51953125
guenther2022relational,138,0,4.765594482421875
guenther2022relational,138,1,2.966796875
guenther2022relational,138,2,1.45068359375
guenther2022relational,138,3,1.6328125
guenther2022relational,138,4,4.6015625
guenther2022relational,138,5,4.8818359375
guenther2022relational,138,6,3.197265625
guenther2022relational,138,7,4.1171875
guenther2022relational,138,8,1.5947265625
guenther2022relational,138,9,0.745361328125
guenther2022relational,138,10,2.4287109375
guenther2022relational,138,11,2.849609375
guenther2022relational,138,12,0.734375
guenther2022relational,138,13,2.4658203125
guenther2022relational,138,14,1.55859375
guenther2022relational,138,15,2.12109375
guenther2022relational,138,16,2.1630859375
guenther2022relational,138,17,2.654296875
guenther2022relational,138,18,2.3525390625
guenther2022relational,138,19,3.62890625
guenther2022relational,138,20,1.9609375
guenther2022relational,138,21,4.41650390625
guenther2022relational,138,22,3.9794921875
guenther2022relational,138,23,2.72705078125
guenther2022relational,138,24,4.6982421875
guenther2022relational,138,25,3.5751953125
guenther2022relational,138,26,3.310546875
guenther2022relational,138,27,3.826171875
guenther2022relational,138,28,2.4267578125
guenther2022relational,138,29,4.689453125
guenther2022relational,138,30,2.8232421875
guenther2022relational,138,31,1.9697265625
guenther2022relational,138,32,2.45751953125
guenther2022relational,138,33,2.42578125
guenther2022relational,138,34,3.216796875
guenther2022relational,138,35,2.3134765625
guenther2022relational,138,36,2.50390625
guenther2022relational,138,37,3.4853515625
guenther2022relational,138,38,3.413330078125
guenther2022relational,138,39,3.5419921875
guenther2022relational,138,40,3.01025390625
guenther2022relational,138,41,2.6005859375
guenther2022relational,138,42,3.16796875
guenther2022relational,138,43,2.2626953125
guenther2022relational,138,44,3.2939453125
guenther2022relational,138,45,2.791015625
guenther2022relational,138,46,2.9365234375
guenther2022relational,138,47,2.373046875
guenther2022relational,138,48,3.326171875
guenther2022relational,138,49,3.30322265625
guenther2022relational,138,50,2.3486328125
guenther2022relational,138,51,2.5771484375
guenther2022relational,138,52,2.257080078125
guenther2022relational,138,53,2.28564453125
guenther2022relational,138,54,3.1884765625
guenther2022relational,139,0,3.52734375
guenther2022relational,139,1,5.0625
guenther2022relational,139,2,4.2734375
guenther2022relational,139,3,2.787109375
guenther2022relational,139,4,5.0
guenther2022relational,139,5,2.078125
guenther2022relational,139,6,3.0703125
guenther2022relational,139,7,3.12109375
guenther2022relational,139,8,2.216796875
guenther2022relational,139,9,1.607421875
guenther2022relational,139,10,3.0341796875
guenther2022relational,139,11,2.094482421875
guenther2022relational,139,12,3.65625
guenther2022relational,139,13,2.8291015625
guenther2022relational,139,14,2.42578125
guenther2022relational,139,15,4.2470703125
guenther2022relational,139,16,2.37109375
guenther2022relational,139,17,3.251953125
guenther2022relational,139,18,2.9140625
guenther2022relational,139,19,5.611328125
guenther2022relational,139,20,3.9140625
guenther2022relational,139,21,2.8818359375
guenther2022relational,139,22,2.8193359375
guenther2022relational,139,23,1.75390625
guenther2022relational,139,24,3.20703125
guenther2022relational,139,25,3.9921875
guenther2022relational,139,26,2.998046875
guenther2022relational,139,27,2.9013671875
guenther2022relational,139,28,2.498046875
guenther2022relational,139,29,2.35546875
guenther2022relational,139,30,1.80078125
guenther2022relational,139,31,3.8984375
guenther2022relational,139,32,4.08203125
guenther2022relational,139,33,2.5478515625
guenther2022relational,139,34,2.8046875
guenther2022relational,139,35,3.19287109375
guenther2022relational,139,36,1.541015625
guenther2022relational,139,37,1.62109375
guenther2022relational,139,38,3.150390625
guenther2022relational,139,39,4.091796875
guenther2022relational,139,40,3.0859375
guenther2022relational,139,41,3.341796875
guenther2022relational,139,42,1.11181640625
guenther2022relational,139,43,3.2421875
guenther2022relational,139,44,3.83984375
guenther2022relational,139,45,2.15625
guenther2022relational,139,46,2.09375
guenther2022relational,139,47,1.318359375
guenther2022relational,139,48,3.234375
guenther2022relational,139,49,2.375
guenther2022relational,139,50,1.263671875
guenther2022relational,139,51,3.39453125
guenther2022relational,139,52,3.94921875
guenther2022relational,139,53,2.279296875
guenther2022relational,139,54,4.998046875
guenther2022relational,140,0,3.140625
guenther2022relational,140,1,0.8701171875
guenther2022relational,140,2,6.4521484375
guenther2022relational,140,3,4.1044921875
guenther2022relational,140,4,2.9931640625
guenther2022relational,140,5,2.841796875
guenther2022relational,140,6,2.1455078125
guenther2022relational,140,7,2.25537109375
guenther2022relational,140,8,2.39697265625
guenther2022relational,140,9,3.58251953125
guenther2022relational,140,10,2.4462890625
guenther2022relational,140,11,2.2001953125
guenther2022relational,140,12,1.8983154296875
guenther2022relational,140,13,2.52001953125
guenther2022relational,140,14,3.5283203125
guenther2022relational,140,15,4.42822265625
guenther2022relational,140,16,2.663330078125
guenther2022relational,140,17,6.4375
guenther2022relational,140,18,2.82275390625
guenther2022relational,140,19,1.9814453125
guenther2022relational,140,20,1.91845703125
guenther2022relational,140,21,1.3115234375
guenther2022relational,140,22,2.6494140625
guenther2022relational,140,23,2.58447265625
guenther2022relational,140,24,2.96484375
guenther2022relational,140,25,1.999267578125
guenther2022relational,140,26,3.0166015625
guenther2022relational,140,27,2.92626953125
guenther2022relational,140,28,3.64697265625
guenther2022relational,140,29,3.873046875
guenther2022relational,140,30,3.8212890625
guenther2022relational,140,31,2.65234375
guenther2022relational,140,32,1.81201171875
guenther2022relational,140,33,1.1717529296875
guenther2022relational,140,34,2.74267578125
guenther2022relational,140,35,4.234375
guenther2022relational,140,36,2.5771484375
guenther2022relational,140,37,2.74609375
guenther2022relational,140,38,2.75390625
guenther2022relational,140,39,2.6240234375
guenther2022relational,140,40,3.2412109375
guenther2022relational,140,41,3.279296875
guenther2022relational,140,42,2.76171875
guenther2022relational,140,43,2.4228515625
guenther2022relational,140,44,4.17626953125
guenther2022relational,140,45,2.43212890625
guenther2022relational,140,46,2.0673828125
guenther2022relational,140,47,2.3525390625
guenther2022relational,140,48,2.435546875
guenther2022relational,140,49,4.2890625
guenther2022relational,140,50,4.9794921875
guenther2022relational,140,51,2.6484375
guenther2022relational,140,52,2.84814453125
guenther2022relational,140,53,1.99951171875
guenther2022relational,140,54,4.09326171875
guenther2022relational,141,0,4.546875
guenther2022relational,141,1,3.93359375
guenther2022relational,141,2,3.732421875
guenther2022relational,141,3,0.956787109375
guenther2022relational,141,4,3.148193359375
guenther2022relational,141,5,4.734375
guenther2022relational,141,6,3.1015625
guenther2022relational,141,7,4.537109375
guenther2022relational,141,8,3.97265625
guenther2022relational,141,9,4.947265625
guenther2022relational,141,10,2.78515625
guenther2022relational,141,11,3.619140625
guenther2022relational,141,12,2.3984375
guenther2022relational,141,13,2.88525390625
guenther2022relational,141,14,2.9921875
guenther2022relational,141,15,2.484375
guenther2022relational,141,16,1.900390625
guenther2022relational,141,17,2.93359375
guenther2022relational,141,18,3.708984375
guenther2022relational,141,19,2.84375
guenther2022relational,141,20,2.34375
guenther2022relational,141,21,2.333984375
guenther2022relational,141,22,3.79296875
guenther2022relational,141,23,2.3125
guenther2022relational,141,24,2.19921875
guenther2022relational,141,25,2.533203125
guenther2022relational,141,26,2.27734375
guenther2022relational,141,27,3.869140625
guenther2022relational,141,28,2.05078125
guenther2022relational,141,29,3.1357421875
guenther2022relational,141,30,2.251953125
guenther2022relational,141,31,2.9951171875
guenther2022relational,141,32,3.6953125
guenther2022relational,141,33,2.21484375
guenther2022relational,141,34,2.6572265625
guenther2022relational,141,35,4.2978515625
guenther2022relational,141,36,2.39453125
guenther2022relational,141,37,1.8173828125
guenther2022relational,141,38,1.67578125
guenther2022relational,141,39,2.90234375
guenther2022relational,141,40,2.037109375
guenther2022relational,141,41,1.353515625
guenther2022relational,141,42,3.53515625
guenther2022relational,141,43,2.6953125
guenther2022relational,141,44,3.91796875
guenther2022relational,141,45,1.42578125
guenther2022relational,141,46,2.9443359375
guenther2022relational,141,47,2.171875
guenther2022relational,141,48,3.25390625
guenther2022relational,141,49,5.0390625
guenther2022relational,141,50,3.267578125
guenther2022relational,141,51,2.08984375
guenther2022relational,141,52,1.7353515625
guenther2022relational,141,53,5.24267578125
guenther2022relational,141,54,2.455078125
guenther2022relational,142,0,3.3671875
guenther2022relational,142,1,2.87890625
guenther2022relational,142,2,3.07421875
guenther2022relational,142,3,1.56005859375
guenther2022relational,142,4,1.9130859375
guenther2022relational,142,5,3.2216796875
guenther2022relational,142,6,4.0244140625
guenther2022relational,142,7,1.17431640625
guenther2022relational,142,8,1.9111328125
guenther2022relational,142,9,1.6767578125
guenther2022relational,142,10,2.2431640625
guenther2022relational,142,11,3.232421875
guenther2022relational,142,12,4.9375
guenther2022relational,142,13,3.7392578125
guenther2022relational,142,14,1.458984375
guenther2022relational,142,15,3.8203125
guenther2022relational,142,16,2.2607421875
guenther2022relational,142,17,2.95947265625
guenther2022relational,142,18,2.89697265625
guenther2022relational,142,19,2.30859375
guenther2022relational,142,20,3.947265625
guenther2022relational,142,21,4.35400390625
guenther2022relational,142,22,2.685546875
guenther2022relational,142,23,3.0908203125
guenther2022relational,142,24,1.638671875
guenther2022relational,142,25,4.201171875
guenther2022relational,142,26,2.458984375
guenther2022relational,142,27,1.84423828125
guenther2022relational,142,28,3.7978515625
guenther2022relational,142,29,2.78125
guenther2022relational,142,30,3.78662109375
guenther2022relational,142,31,2.5732421875
guenther2022relational,142,32,2.251953125
guenther2022relational,142,33,1.9013671875
guenther2022relational,142,34,2.3251953125
guenther2022relational,142,35,4.369140625
guenther2022relational,142,36,2.306640625
guenther2022relational,142,37,1.912109375
guenther2022relational,142,38,2.6279296875
guenther2022relational,142,39,3.31787109375
guenther2022relational,142,40,1.59375
guenther2022relational,142,41,3.4443359375
guenther2022relational,142,42,3.029296875
guenther2022relational,142,43,2.5419921875
guenther2022relational,142,44,2.6796875
guenther2022relational,142,45,3.8671875
guenther2022relational,142,46,2.83251953125
guenther2022relational,142,47,1.343505859375
guenther2022relational,142,48,2.6953125
guenther2022relational,142,49,3.33642578125
guenther2022relational,142,50,2.3447265625
guenther2022relational,142,51,3.00390625
guenther2022relational,142,52,2.912109375
guenther2022relational,142,53,2.3564453125
guenther2022relational,142,54,3.0205078125
guenther2022relational,143,0,2.89453125
guenther2022relational,143,1,5.19140625
guenther2022relational,143,2,2.08984375
guenther2022relational,143,3,4.775390625
guenther2022relational,143,4,1.203125
guenther2022relational,143,5,6.078125
guenther2022relational,143,6,2.25390625
guenther2022relational,143,7,2.1611328125
guenther2022relational,143,8,4.2109375
guenther2022relational,143,9,3.16015625
guenther2022relational,143,10,1.474609375
guenther2022relational,143,11,1.3046875
guenther2022relational,143,12,1.9140625
guenther2022relational,143,13,1.609375
guenther2022relational,143,14,1.693359375
guenther2022relational,143,15,3.853515625
guenther2022relational,143,16,3.9453125
guenther2022relational,143,17,3.5009765625
guenther2022relational,143,18,2.42626953125
guenther2022relational,143,19,2.08203125
guenther2022relational,143,20,1.4052734375
guenther2022relational,143,21,2.509765625
guenther2022relational,143,22,3.3828125
guenther2022relational,143,23,5.140625
guenther2022relational,143,24,1.83837890625
guenther2022relational,143,25,2.1484375
guenther2022relational,143,26,1.4267578125
guenther2022relational,143,27,2.677734375
guenther2022relational,143,28,4.1162109375
guenther2022relational,143,29,1.78125
guenther2022relational,143,30,1.68359375
guenther2022relational,143,31,4.0830078125
guenther2022relational,143,32,2.12109375
guenther2022relational,143,33,2.6953125
guenther2022relational,143,34,6.84375
guenther2022relational,143,35,3.388671875
guenther2022relational,143,36,1.810546875
guenther2022relational,143,37,1.857421875
guenther2022relational,143,38,3.515625
guenther2022relational,143,39,2.314453125
guenther2022relational,143,40,2.0625
guenther2022relational,143,41,3.9228515625
guenther2022relational,143,42,2.328125
guenther2022relational,143,43,2.0048828125
guenther2022relational,143,44,3.705078125
guenther2022relational,143,45,3.1015625
guenther2022relational,143,46,2.68359375
guenther2022relational,143,47,3.814453125
guenther2022relational,143,48,2.953125
guenther2022relational,143,49,5.8125
guenther2022relational,143,50,4.15234375
guenther2022relational,143,51,2.62109375
guenther2022relational,143,52,3.13671875
guenther2022relational,143,53,1.615234375
guenther2022relational,143,54,1.1982421875
guenther2022relational,144,0,7.382781982421875
guenther2022relational,144,1,6.203125
guenther2022relational,144,2,2.4228515625
guenther2022relational,144,3,2.55517578125
guenther2022relational,144,4,2.5048828125
guenther2022relational,144,5,4.14697265625
guenther2022relational,144,6,2.0361328125
guenther2022relational,144,7,1.83203125
guenther2022relational,144,8,1.60791015625
guenther2022relational,144,9,2.9217529296875
guenther2022relational,144,10,1.662109375
guenther2022relational,144,11,3.25537109375
guenther2022relational,144,12,1.570068359375
guenther2022relational,144,13,1.272705078125
guenther2022relational,144,14,1.4920654296875
guenther2022relational,144,15,4.93359375
guenther2022relational,144,16,3.54150390625
guenther2022relational,144,17,3.28662109375
guenther2022relational,144,18,2.3592529296875
guenther2022relational,144,19,2.82275390625
guenther2022relational,144,20,2.7744140625
guenther2022relational,144,21,1.7119140625
guenther2022relational,144,22,1.1982421875
guenther2022relational,144,23,2.39697265625
guenther2022relational,144,24,5.77392578125
guenther2022relational,144,25,1.677734375
guenther2022relational,144,26,4.4658203125
guenther2022relational,144,27,1.47607421875
guenther2022relational,144,28,2.8818359375
guenther2022relational,144,29,2.783203125
guenther2022relational,144,30,3.866943359375
guenther2022relational,144,31,1.396484375
guenther2022relational,144,32,1.507568359375
guenther2022relational,144,33,1.421142578125
guenther2022relational,144,34,1.2783203125
guenther2022relational,144,35,2.185546875
guenther2022relational,144,36,5.11572265625
guenther2022relational,144,37,3.429443359375
guenther2022relational,144,38,3.398193359375
guenther2022relational,144,39,5.453125
guenther2022relational,144,40,3.529296875
guenther2022relational,144,41,1.48388671875
guenther2022relational,144,42,1.32568359375
guenther2022relational,144,43,2.991943359375
guenther2022relational,144,44,2.18359375
guenther2022relational,144,45,3.537109375
guenther2022relational,144,46,3.45751953125
guenther2022relational,144,47,2.24951171875
guenther2022relational,144,48,3.29150390625
guenther2022relational,144,49,2.52734375
guenther2022relational,144,50,0.80517578125
guenther2022relational,144,51,1.55908203125
guenther2022relational,144,52,2.77734375
guenther2022relational,144,53,1.757080078125
guenther2022relational,144,54,3.8818359375
guenther2022relational,145,0,3.5037841796875
guenther2022relational,145,1,1.009765625
guenther2022relational,145,2,4.345703125
guenther2022relational,145,3,1.5
guenther2022relational,145,4,4.52197265625
guenther2022relational,145,5,4.044921875
guenther2022relational,145,6,2.585205078125
guenther2022relational,145,7,2.3388671875
guenther2022relational,145,8,2.04736328125
guenther2022relational,145,9,1.95751953125
guenther2022relational,145,10,4.7392578125
guenther2022relational,145,11,1.9052734375
guenther2022relational,145,12,3.38525390625
guenther2022relational,145,13,1.64453125
guenther2022relational,145,14,2.6474609375
guenther2022relational,145,15,0.8857421875
guenther2022relational,145,16,1.69775390625
guenther2022relational,145,17,1.68603515625
guenther2022relational,145,18,2.77197265625
guenther2022relational,145,19,3.61767578125
guenther2022relational,145,20,2.85205078125
guenther2022relational,145,21,1.529296875
guenther2022relational,145,22,1.63037109375
guenther2022relational,145,23,2.0322265625
guenther2022relational,145,24,2.4530029296875
guenther2022relational,145,25,1.72607421875
guenther2022relational,145,26,1.3896484375
guenther2022relational,145,27,3.4404296875
guenther2022relational,145,28,3.87109375
guenther2022relational,145,29,4.873046875
guenther2022relational,145,30,1.42919921875
guenther2022relational,145,31,1.257568359375
guenther2022relational,145,32,2.7030029296875
guenther2022relational,145,33,3.1943359375
guenther2022relational,145,34,5.625
guenther2022relational,145,35,1.529296875
guenther2022relational,145,36,3.7342529296875
guenther2022relational,145,37,1.43359375
guenther2022relational,145,38,1.42431640625
guenther2022relational,145,39,1.31298828125
guenther2022relational,145,40,1.2158203125
guenther2022relational,145,41,1.124267578125
guenther2022relational,145,42,2.5467529296875
guenther2022relational,145,43,2.22509765625
guenther2022relational,145,44,3.9217529296875
guenther2022relational,145,45,1.1708984375
guenther2022relational,145,46,1.92822265625
guenther2022relational,145,47,3.3123779296875
guenther2022relational,145,48,1.4608154296875
guenther2022relational,145,49,2.04345703125
guenther2022relational,145,50,3.83984375
guenther2022relational,145,51,0.9931640625
guenther2022relational,145,52,3.42626953125
guenther2022relational,145,53,1.281219482421875
guenther2022relational,145,54,3.2342529296875
guenther2022relational,146,0,4.2109375
guenther2022relational,146,1,0.6953125
guenther2022relational,146,2,1.6025390625
guenther2022relational,146,3,2.98828125
guenther2022relational,146,4,1.23974609375
guenther2022relational,146,5,7.43359375
guenther2022relational,146,6,2.16015625
guenther2022relational,146,7,3.39892578125
guenther2022relational,146,8,1.986328125
guenther2022relational,146,9,1.7939453125
guenther2022relational,146,10,1.9189453125
guenther2022relational,146,11,2.3212890625
guenther2022relational,146,12,2.2568359375
guenther2022relational,146,13,1.00830078125
guenther2022relational,146,14,1.81787109375
guenther2022relational,146,15,1.107421875
guenther2022relational,146,16,4.796875
guenther2022relational,146,17,2.05859375
guenther2022relational,146,18,1.6396484375
guenther2022relational,146,19,5.0830078125
guenther2022relational,146,20,2.4873046875
guenther2022relational,146,21,2.78125
guenther2022relational,146,22,2.1630859375
guenther2022relational,146,23,1.2490234375
guenther2022relational,146,24,2.59765625
guenther2022relational,146,25,4.6533203125
guenther2022relational,146,26,1.73046875
guenther2022relational,146,27,5.796875
guenther2022relational,146,28,3.15625
guenther2022relational,146,29,1.5673828125
guenther2022relational,146,30,2.0546875
guenther2022relational,146,31,1.26220703125
guenther2022relational,146,32,5.0966796875
guenther2022relational,146,33,2.1611328125
guenther2022relational,146,34,6.13671875
guenther2022relational,146,35,3.06640625
guenther2022relational,146,36,3.007080078125
guenther2022relational,146,37,3.78759765625
guenther2022relational,146,38,2.79150390625
guenther2022relational,146,39,4.546875
guenther2022relational,146,40,2.587890625
guenther2022relational,146,41,2.46484375
guenther2022relational,146,42,4.1943359375
guenther2022relational,146,43,3.125
guenther2022relational,146,44,2.3720703125
guenther2022relational,146,45,3.90625
guenther2022relational,146,46,2.529296875
guenther2022relational,146,47,4.2421875
guenther2022relational,146,48,1.7265625
guenther2022relational,146,49,2.412109375
guenther2022relational,146,50,1.155517578125
guenther2022relational,146,51,2.005859375
guenther2022relational,146,52,2.0087890625
guenther2022relational,146,53,5.4443359375
guenther2022relational,146,54,2.59765625
guenther2022relational,147,0,3.789031982421875
guenther2022relational,147,1,2.1826171875
guenther2022relational,147,2,4.328125
guenther2022relational,147,3,4.1630859375
guenther2022relational,147,4,2.61376953125
guenther2022relational,147,5,3.3544921875
guenther2022relational,147,6,1.1015625
guenther2022relational,147,7,2.65576171875
guenther2022relational,147,8,3.3125
guenther2022relational,147,9,3.59375
guenther2022relational,147,10,2.6357421875
guenther2022relational,147,11,2.6171875
guenther2022relational,147,12,4.63671875
guenther2022relational,147,13,4.0107421875
guenther2022relational,147,14,1.3447265625
guenther2022relational,147,15,2.228515625
guenther2022relational,147,16,3.0517578125
guenther2022relational,147,17,2.6337890625
guenther2022relational,147,18,3.6416015625
guenther2022relational,147,19,1.943359375
guenther2022relational,147,20,3.30517578125
guenther2022relational,147,21,3.484375
guenther2022relational,147,22,1.8671875
guenther2022relational,147,23,4.447265625
guenther2022relational,147,24,2.28515625
guenther2022relational,147,25,3.279296875
guenther2022relational,147,26,2.9794921875
guenther2022relational,147,27,3.30517578125
guenther2022relational,147,28,4.7919921875
guenther2022relational,147,29,3.302734375
guenther2022relational,147,30,3.158203125
guenther2022relational,147,31,2.3837890625
guenther2022relational,147,32,1.94140625
guenther2022relational,147,33,3.0595703125
guenther2022relational,147,34,3.34521484375
guenther2022relational,147,35,2.453125
guenther2022relational,147,36,1.943359375
guenther2022relational,147,37,3.58984375
guenther2022relational,147,38,1.724609375
guenther2022relational,147,39,2.994140625
guenther2022relational,147,40,2.638671875
guenther2022relational,147,41,2.3515625
guenther2022relational,147,42,3.24267578125
guenther2022relational,147,43,3.546875
guenther2022relational,147,44,4.279296875
guenther2022relational,147,45,1.79296875
guenther2022relational,147,46,3.310546875
guenther2022relational,147,47,2.03515625
guenther2022relational,147,48,4.2421875
guenther2022relational,147,49,3.70703125
guenther2022relational,147,50,3.265625
guenther2022relational,147,51,3.150390625
guenther2022relational,147,52,3.900390625
guenther2022relational,147,53,1.75244140625
guenther2022relational,147,54,3.19140625
guenther2022relational,148,0,4.34375
guenther2022relational,148,1,2.52734375
guenther2022relational,148,2,0.6884765625
guenther2022relational,148,3,4.3720703125
guenther2022relational,148,4,2.53125
guenther2022relational,148,5,1.52880859375
guenther2022relational,148,6,1.779296875
guenther2022relational,148,7,2.1201171875
guenther2022relational,148,8,4.60400390625
guenther2022relational,148,9,1.107421875
guenther2022relational,148,10,2.89892578125
guenther2022relational,148,11,2.58251953125
guenther2022relational,148,12,1.6142578125
guenther2022relational,148,13,2.22900390625
guenther2022relational,148,14,1.7314453125
guenther2022relational,148,15,2.741943359375
guenther2022relational,148,16,3.8427734375
guenther2022relational,148,17,5.4375
guenther2022relational,148,18,4.54150390625
guenther2022relational,148,19,4.4853515625
guenther2022relational,148,20,3.18359375
guenther2022relational,148,21,3.2626953125
guenther2022relational,148,22,2.7587890625
guenther2022relational,148,23,3.0556640625
guenther2022relational,148,24,1.9677734375
guenther2022relational,148,25,2.3193359375
guenther2022relational,148,26,2.943359375
guenther2022relational,148,27,2.4453125
guenther2022relational,148,28,4.5791015625
guenther2022relational,148,29,3.09765625
guenther2022relational,148,30,1.710693359375
guenther2022relational,148,31,4.02001953125
guenther2022relational,148,32,6.640625
guenther2022relational,148,33,2.1806640625
guenther2022relational,148,34,2.375
guenther2022relational,148,35,1.4228515625
guenther2022relational,148,36,1.5224609375
guenther2022relational,148,37,1.93212890625
guenther2022relational,148,38,2.56201171875
guenther2022relational,148,39,2.0615234375
guenther2022relational,148,40,1.87109375
guenther2022relational,148,41,2.3876953125
guenther2022relational,148,42,3.1728515625
guenther2022relational,148,43,1.437255859375
guenther2022relational,148,44,1.9990234375
guenther2022relational,148,45,2.3017578125
guenther2022relational,148,46,2.037109375
guenther2022relational,148,47,3.4842529296875
guenther2022relational,148,48,2.2568359375
guenther2022relational,148,49,4.373046875
guenther2022relational,148,50,6.5205078125
guenther2022relational,148,51,3.5078125
guenther2022relational,148,52,4.830078125
guenther2022relational,148,53,4.1533203125
guenther2022relational,148,54,3.68212890625
guenther2022relational,149,0,4.765625
guenther2022relational,149,1,6.09375
guenther2022relational,149,2,2.4765625
guenther2022relational,149,3,1.75390625
guenther2022relational,149,4,3.90234375
guenther2022relational,149,5,2.619140625
guenther2022relational,149,6,2.6015625
guenther2022relational,149,7,2.5400390625
guenther2022relational,149,8,1.984375
guenther2022relational,149,9,4.48828125
guenther2022relational,149,10,4.3359375
guenther2022relational,149,11,2.263671875
guenther2022relational,149,12,2.6640625
guenther2022relational,149,13,3.4541015625
guenther2022relational,149,14,2.9765625
guenther2022relational,149,15,3.45703125
guenther2022relational,149,16,3.544921875
guenther2022relational,149,17,2.66015625
guenther2022relational,149,18,2.22265625
guenther2022relational,149,19,2.6669921875
guenther2022relational,149,20,2.6796875
guenther2022relational,149,21,2.2734375
guenther2022relational,149,22,2.4453125
guenther2022relational,149,23,2.4296875
guenther2022relational,149,24,3.818359375
guenther2022relational,149,25,3.00390625
guenther2022relational,149,26,3.140625
guenther2022relational,149,27,2.4296875
guenther2022relational,149,28,3.291015625
guenther2022relational,149,29,1.59375
guenther2022relational,149,30,3.779296875
guenther2022relational,149,31,1.818359375
guenther2022relational,149,32,4.138671875
guenther2022relational,149,33,2.6357421875
guenther2022relational,149,34,3.24609375
guenther2022relational,149,35,1.943359375
guenther2022relational,149,36,1.4990234375
guenther2022relational,149,37,2.1767578125
guenther2022relational,149,38,3.765625
guenther2022relational,149,39,3.912109375
guenther2022relational,149,40,2.447265625
guenther2022relational,149,41,2.8203125
guenther2022relational,149,42,3.099609375
guenther2022relational,149,43,3.0400390625
guenther2022relational,149,44,2.85546875
guenther2022relational,149,45,2.6005859375
guenther2022relational,149,46,3.1015625
guenther2022relational,149,47,1.05615234375
guenther2022relational,149,48,3.16015625
guenther2022relational,149,49,4.89453125
guenther2022relational,149,50,3.796875
guenther2022relational,149,51,4.23828125
guenther2022relational,149,52,2.0908203125
guenther2022relational,149,53,2.7294921875
guenther2022relational,149,54,2.59375
guenther2022relational,150,0,4.734344482421875
guenther2022relational,150,1,2.9658203125
guenther2022relational,150,2,3.91015625
guenther2022relational,150,3,3.75
guenther2022relational,150,4,1.423828125
guenther2022relational,150,5,3.9453125
guenther2022relational,150,6,4.18359375
guenther2022relational,150,7,3.40234375
guenther2022relational,150,8,2.578125
guenther2022relational,150,9,2.5576171875
guenther2022relational,150,10,2.1640625
guenther2022relational,150,11,2.048828125
guenther2022relational,150,12,1.44140625
guenther2022relational,150,13,2.53515625
guenther2022relational,150,14,2.5390625
guenther2022relational,150,15,1.61767578125
guenther2022relational,150,16,2.486328125
guenther2022relational,150,17,3.638671875
guenther2022relational,150,18,1.57421875
guenther2022relational,150,19,4.62109375
guenther2022relational,150,20,1.55859375
guenther2022relational,150,21,1.580078125
guenther2022relational,150,22,4.130859375
guenther2022relational,150,23,3.5595703125
guenther2022relational,150,24,3.1640625
guenther2022relational,150,25,2.560546875
guenther2022relational,150,26,2.62890625
guenther2022relational,150,27,1.78125
guenther2022relational,150,28,2.767578125
guenther2022relational,150,29,1.6201171875
guenther2022relational,150,30,1.4951171875
guenther2022relational,150,31,4.453125
guenther2022relational,150,32,2.0078125
guenther2022relational,150,33,2.787109375
guenther2022relational,150,34,3.24609375
guenther2022relational,150,35,1.4892578125
guenther2022relational,150,36,3.7978515625
guenther2022relational,150,37,3.51171875
guenther2022relational,150,38,3.0830078125
guenther2022relational,150,39,1.861328125
guenther2022relational,150,40,1.6572265625
guenther2022relational,150,41,2.546875
guenther2022relational,150,42,2.3193359375
guenther2022relational,150,43,2.376953125
guenther2022relational,150,44,2.61767578125
guenther2022relational,150,45,2.5419921875
guenther2022relational,150,46,2.4736328125
guenther2022relational,150,47,3.4375
guenther2022relational,150,48,3.32421875
guenther2022relational,150,49,2.9482421875
guenther2022relational,150,50,5.3828125
guenther2022relational,150,51,1.54296875
guenther2022relational,150,52,4.83984375
guenther2022relational,150,53,3.337890625
guenther2022relational,150,54,3.2421875
guenther2022relational,151,0,2.65625
guenther2022relational,151,1,1.015625
guenther2022relational,151,2,0.970703125
guenther2022relational,151,3,3.328125
guenther2022relational,151,4,5.04296875
guenther2022relational,151,5,0.84765625
guenther2022relational,151,6,1.8046875
guenther2022relational,151,7,1.4072265625
guenther2022relational,151,8,1.4755859375
guenther2022relational,151,9,3.77734375
guenther2022relational,151,10,4.1767578125
guenther2022relational,151,11,3.69775390625
guenther2022relational,151,12,1.9560546875
guenther2022relational,151,13,2.4345703125
guenther2022relational,151,14,1.9775390625
guenther2022relational,151,15,3.76953125
guenther2022relational,151,16,1.8525390625
guenther2022relational,151,17,1.3271484375
guenther2022relational,151,18,3.0595703125
guenther2022relational,151,19,1.61328125
guenther2022relational,151,20,1.38671875
guenther2022relational,151,21,3.3818359375
guenther2022relational,151,22,2.904296875
guenther2022relational,151,23,2.814453125
guenther2022relational,151,24,3.310546875
guenther2022relational,151,25,2.62890625
guenther2022relational,151,26,2.33642578125
guenther2022relational,151,27,2.4765625
guenther2022relational,151,28,1.08837890625
guenther2022relational,151,29,4.6318359375
guenther2022relational,151,30,1.06884765625
guenther2022relational,151,31,3.71826171875
guenther2022relational,151,32,2.1630859375
guenther2022relational,151,33,0.83447265625
guenther2022relational,151,34,1.445068359375
guenther2022relational,151,35,1.0380859375
guenther2022relational,151,36,1.132568359375
guenther2022relational,151,37,1.97119140625
guenther2022relational,151,38,1.63134765625
guenther2022relational,151,39,4.69775390625
guenther2022relational,151,40,2.429443359375
guenther2022relational,151,41,2.52734375
guenther2022relational,151,42,2.80322265625
guenther2022relational,151,43,2.0458984375
guenther2022relational,151,44,1.5076904296875
guenther2022relational,151,45,5.06640625
guenther2022relational,151,46,2.30517578125
guenther2022relational,151,47,3.14501953125
guenther2022relational,151,48,1.72119140625
guenther2022relational,151,49,4.375
guenther2022relational,151,50,3.0322265625
guenther2022relational,151,51,3.873046875
guenther2022relational,151,52,1.5048828125
guenther2022relational,151,53,1.15478515625
guenther2022relational,151,54,2.7666015625
guenther2022relational,152,0,6.261688232421875
guenther2022relational,152,1,4.810546875
guenther2022relational,152,2,2.9189453125
guenther2022relational,152,3,2.9375
guenther2022relational,152,4,2.90234375
guenther2022relational,152,5,3.0009765625
guenther2022relational,152,6,3.173828125
guenther2022relational,152,7,1.99609375
guenther2022relational,152,8,2.5
guenther2022relational,152,9,1.998046875
guenther2022relational,152,10,3.99609375
guenther2022relational,152,11,1.84765625
guenther2022relational,152,12,1.63916015625
guenther2022relational,152,13,2.12109375
guenther2022relational,152,14,3.47265625
guenther2022relational,152,15,1.30322265625
guenther2022relational,152,16,1.77734375
guenther2022relational,152,17,2.6513671875
guenther2022relational,152,18,3.37890625
guenther2022relational,152,19,2.30859375
guenther2022relational,152,20,3.75390625
guenther2022relational,152,21,1.89453125
guenther2022relational,152,22,1.876953125
guenther2022relational,152,23,3.3671875
guenther2022relational,152,24,2.61328125
guenther2022relational,152,25,3.9755859375
guenther2022relational,152,26,2.205078125
guenther2022relational,152,27,2.4951171875
guenther2022relational,152,28,2.0634765625
guenther2022relational,152,29,2.994140625
guenther2022relational,152,30,2.91015625
guenther2022relational,152,31,2.5595703125
guenther2022relational,152,32,5.13671875
guenther2022relational,152,33,5.86328125
guenther2022relational,152,34,4.13671875
guenther2022relational,152,35,2.9609375
guenther2022relational,152,36,1.66015625
guenther2022relational,152,37,2.36328125
guenther2022relational,152,38,3.4384765625
guenther2022relational,152,39,2.7109375
guenther2022relational,152,40,5.0166015625
guenther2022relational,152,41,4.62890625
guenther2022relational,152,42,3.6328125
guenther2022relational,152,43,3.11767578125
guenther2022relational,152,44,2.71484375
guenther2022relational,152,45,4.7607421875
guenther2022relational,152,46,3.484375
guenther2022relational,152,47,3.7578125
guenther2022relational,152,48,2.958984375
guenther2022relational,152,49,3.28515625
guenther2022relational,152,50,2.3212890625
guenther2022relational,152,51,1.443359375
guenther2022relational,152,52,3.41015625
guenther2022relational,152,53,2.0859375
guenther2022relational,152,54,2.08203125
guenther2022relational,153,0,5.45703125
guenther2022relational,153,1,4.46484375
guenther2022relational,153,2,2.7587890625
guenther2022relational,153,3,3.0107421875
guenther2022relational,153,4,2.3125
guenther2022relational,153,5,1.19580078125
guenther2022relational,153,6,1.741943359375
guenther2022relational,153,7,3.36376953125
guenther2022relational,153,8,2.944580078125
guenther2022relational,153,9,5.390625
guenther2022relational,153,10,3.99609375
guenther2022relational,153,11,3.2109375
guenther2022relational,153,12,1.70166015625
guenther2022relational,153,13,2.53076171875
guenther2022relational,153,14,3.9462890625
guenther2022relational,153,15,2.16064453125
guenther2022relational,153,16,3.58251953125
guenther2022relational,153,17,1.6474609375
guenther2022relational,153,18,3.14892578125
guenther2022relational,153,19,2.97900390625
guenther2022relational,153,20,1.55224609375
guenther2022relational,153,21,2.913330078125
guenther2022relational,153,22,2.74951171875
guenther2022relational,153,23,2.60888671875
guenther2022relational,153,24,2.67822265625
guenther2022relational,153,25,1.7783203125
guenther2022relational,153,26,4.36572265625
guenther2022relational,153,27,4.623046875
guenther2022relational,153,28,1.505859375
guenther2022relational,153,29,3.02197265625
guenther2022relational,153,30,0.9970703125
guenther2022relational,153,31,2.984375
guenther2022relational,153,32,1.51318359375
guenther2022relational,153,33,3.0625
guenther2022relational,153,34,2.32421875
guenther2022relational,153,35,4.3525390625
guenther2022relational,153,36,0.827880859375
guenther2022relational,153,37,3.36328125
guenther2022relational,153,38,4.5126953125
guenther2022relational,153,39,1.9091796875
guenther2022relational,153,40,1.8798828125
guenther2022relational,153,41,3.369140625
guenther2022relational,153,42,3.9609375
guenther2022relational,153,43,2.82421875
guenther2022relational,153,44,1.63330078125
guenther2022relational,153,45,3.4501953125
guenther2022relational,153,46,1.850830078125
guenther2022relational,153,47,3.2001953125
guenther2022relational,153,48,1.6865234375
guenther2022relational,153,49,1.9580078125
guenther2022relational,153,50,2.93017578125
guenther2022relational,153,51,2.74267578125
guenther2022relational,153,52,4.7900390625
guenther2022relational,153,53,2.96142578125
guenther2022relational,153,54,3.11376953125
guenther2022relational,154,0,5.4375
guenther2022relational,154,1,2.03125
guenther2022relational,154,2,2.600830078125
guenther2022relational,154,3,4.2109375
guenther2022relational,154,4,2.1171875
guenther2022relational,154,5,3.2900390625
guenther2022relational,154,6,1.257080078125
guenther2022relational,154,7,2.7119140625
guenther2022relational,154,8,2.794921875
guenther2022relational,154,9,3.001953125
guenther2022relational,154,10,1.6416015625
guenther2022relational,154,11,2.48046875
guenther2022relational,154,12,3.83984375
guenther2022relational,154,13,2.4189453125
guenther2022relational,154,14,4.9267578125
guenther2022relational,154,15,2.2744140625
guenther2022relational,154,16,1.3603515625
guenther2022relational,154,17,4.069580078125
guenther2022relational,154,18,2.70703125
guenther2022relational,154,19,2.61328125
guenther2022relational,154,20,3.169921875
guenther2022relational,154,21,1.04296875
guenther2022relational,154,22,3.56640625
guenther2022relational,154,23,2.189453125
guenther2022relational,154,24,3.3515625
guenther2022relational,154,25,1.796875
guenther2022relational,154,26,2.705078125
guenther2022relational,154,27,1.9765625
guenther2022relational,154,28,1.283203125
guenther2022relational,154,29,2.3349609375
guenther2022relational,154,30,2.939453125
guenther2022relational,154,31,1.546875
guenther2022relational,154,32,2.654296875
guenther2022relational,154,33,2.9853515625
guenther2022relational,154,34,5.828125
guenther2022relational,154,35,2.484375
guenther2022relational,154,36,2.123046875
guenther2022relational,154,37,1.6796875
guenther2022relational,154,38,1.2060546875
guenther2022relational,154,39,3.330078125
guenther2022relational,154,40,2.841796875
guenther2022relational,154,41,3.6484375
guenther2022relational,154,42,3.16015625
guenther2022relational,154,43,2.6796875
guenther2022relational,154,44,1.458984375
guenther2022relational,154,45,2.4931640625
guenther2022relational,154,46,2.9765625
guenther2022relational,154,47,2.333984375
guenther2022relational,154,48,3.287109375
guenther2022relational,154,49,2.946044921875
guenther2022relational,154,50,3.29296875
guenther2022relational,154,51,2.6103515625
guenther2022relational,154,52,1.970703125
guenther2022relational,154,53,3.5458984375
guenther2022relational,154,54,3.2099609375
guenther2022relational,155,0,3.42578125
guenther2022relational,155,1,3.453125
guenther2022relational,155,2,4.29296875
guenther2022relational,155,3,1.8349609375
guenther2022relational,155,4,5.22265625
guenther2022relational,155,5,2.4189453125
guenther2022relational,155,6,4.296875
guenther2022relational,155,7,3.37890625
guenther2022relational,155,8,4.0205078125
guenther2022relational,155,9,2.9765625
guenther2022relational,155,10,3.546875
guenther2022relational,155,11,2.6845703125
guenther2022relational,155,12,4.439453125
guenther2022relational,155,13,2.8779296875
guenther2022relational,155,14,2.3369140625
guenther2022relational,155,15,1.90869140625
guenther2022relational,155,16,1.2685546875
guenther2022relational,155,17,1.882080078125
guenther2022relational,155,18,3.11328125
guenther2022relational,155,19,2.603515625
guenther2022relational,155,20,2.16796875
guenther2022relational,155,21,3.9794921875
guenther2022relational,155,22,3.6787109375
guenther2022relational,155,23,1.72314453125
guenther2022relational,155,24,3.4033203125
guenther2022relational,155,25,2.36083984375
guenther2022relational,155,26,2.15234375
guenther2022relational,155,27,1.61181640625
guenther2022relational,155,28,5.5625
guenther2022relational,155,29,1.96484375
guenther2022relational,155,30,3.2587890625
guenther2022relational,155,31,2.9267578125
guenther2022relational,155,32,3.390625
guenther2022relational,155,33,1.822265625
guenther2022relational,155,34,2.9453125
guenther2022relational,155,35,4.3251953125
guenther2022relational,155,36,3.0126953125
guenther2022relational,155,37,2.52734375
guenther2022relational,155,38,2.52001953125
guenther2022relational,155,39,1.93359375
guenther2022relational,155,40,3.859375
guenther2022relational,155,41,3.8046875
guenther2022relational,155,42,2.404296875
guenther2022relational,155,43,3.1220703125
guenther2022relational,155,44,2.09912109375
guenther2022relational,155,45,1.413818359375
guenther2022relational,155,46,1.4384765625
guenther2022relational,155,47,2.576171875
guenther2022relational,155,48,1.9599609375
guenther2022relational,155,49,2.33984375
guenther2022relational,155,50,4.443359375
guenther2022relational,155,51,1.7646484375
guenther2022relational,155,52,2.95849609375
guenther2022relational,155,53,1.79296875
guenther2022relational,155,54,3.94140625
guenther2022relational,156,0,3.421875
guenther2022relational,156,1,3.36572265625
guenther2022relational,156,2,3.12451171875
guenther2022relational,156,3,3.819580078125
guenther2022relational,156,4,1.60107421875
guenther2022relational,156,5,3.30126953125
guenther2022relational,156,6,2.9267578125
guenther2022relational,156,7,1.97705078125
guenther2022relational,156,8,2.33984375
guenther2022relational,156,9,2.647705078125
guenther2022relational,156,10,4.72412109375
guenther2022relational,156,11,3.15576171875
guenther2022relational,156,12,1.6220703125
guenther2022relational,156,13,4.75
guenther2022relational,156,14,2.33251953125
guenther2022relational,156,15,2.1396484375
guenther2022relational,156,16,2.9580078125
guenther2022relational,156,17,1.90234375
guenther2022relational,156,18,1.999267578125
guenther2022relational,156,19,2.59326171875
guenther2022relational,156,20,4.0546875
guenther2022relational,156,21,1.1513671875
guenther2022relational,156,22,2.125
guenther2022relational,156,23,6.27734375
guenther2022relational,156,24,2.3251953125
guenther2022relational,156,25,1.9189453125
guenther2022relational,156,26,1.5146484375
guenther2022relational,156,27,4.27734375
guenther2022relational,156,28,1.7978515625
guenther2022relational,156,29,2.8369140625
guenther2022relational,156,30,2.0623779296875
guenther2022relational,156,31,2.58837890625
guenther2022relational,156,32,6.1220703125
guenther2022relational,156,33,2.185546875
guenther2022relational,156,34,1.837890625
guenther2022relational,156,35,1.54052734375
guenther2022relational,156,36,1.3037109375
guenther2022relational,156,37,1.54345703125
guenther2022relational,156,38,1.53564453125
guenther2022relational,156,39,1.7080078125
guenther2022relational,156,40,4.81201171875
guenther2022relational,156,41,4.6025390625
guenther2022relational,156,42,5.31787109375
guenther2022relational,156,43,1.413330078125
guenther2022relational,156,44,4.22265625
guenther2022relational,156,45,1.7041015625
guenther2022relational,156,46,1.48046875
guenther2022relational,156,47,1.716796875
guenther2022relational,156,48,3.40625
guenther2022relational,156,49,2.34912109375
guenther2022relational,156,50,1.46923828125
guenther2022relational,156,51,1.55078125
guenther2022relational,156,52,2.2802734375
guenther2022relational,156,53,3.939453125
guenther2022relational,156,54,1.31298828125
guenther2022relational,157,0,5.156219482421875
guenther2022relational,157,1,3.138671875
guenther2022relational,157,2,3.546875
guenther2022relational,157,3,2.06884765625
guenther2022relational,157,4,4.091796875
guenther2022relational,157,5,2.8974609375
guenther2022relational,157,6,3.11376953125
guenther2022relational,157,7,3.591796875
guenther2022relational,157,8,3.14892578125
guenther2022relational,157,9,3.0244140625
guenther2022relational,157,10,1.873046875
guenther2022relational,157,11,2.9609375
guenther2022relational,157,12,3.068359375
guenther2022relational,157,13,3.0625
guenther2022relational,157,14,2.5859375
guenther2022relational,157,15,2.33984375
guenther2022relational,157,16,2.451171875
guenther2022relational,157,17,2.36328125
guenther2022relational,157,18,3.388671875
guenther2022relational,157,19,2.9765625
guenther2022relational,157,20,2.599609375
guenther2022relational,157,21,2.755859375
guenther2022relational,157,22,2.1171875
guenther2022relational,157,23,3.2607421875
guenther2022relational,157,24,2.9375
guenther2022relational,157,25,2.51953125
guenther2022relational,157,26,2.05078125
guenther2022relational,157,27,3.22265625
guenther2022relational,157,28,2.59375
guenther2022relational,157,29,3.421875
guenther2022relational,157,30,4.0166015625
guenther2022relational,157,31,2.78125
guenther2022relational,157,32,5.826171875
guenther2022relational,157,33,5.0400390625
guenther2022relational,157,34,2.65625
guenther2022relational,157,35,2.3828125
guenther2022relational,157,36,2.25
guenther2022relational,157,37,2.33642578125
guenther2022relational,157,38,2.826171875
guenther2022relational,157,39,2.291015625
guenther2022relational,157,40,3.03515625
guenther2022relational,157,41,1.7109375
guenther2022relational,157,42,2.017578125
guenther2022relational,157,43,2.478515625
guenther2022relational,157,44,2.4765625
guenther2022relational,157,45,2.20703125
guenther2022relational,157,46,3.59765625
guenther2022relational,157,47,1.70556640625
guenther2022relational,157,48,4.55859375
guenther2022relational,157,49,2.158203125
guenther2022relational,157,50,3.5166015625
guenther2022relational,157,51,2.4140625
guenther2022relational,157,52,2.8544921875
guenther2022relational,157,53,2.70703125
guenther2022relational,157,54,3.15625
guenther2022relational,158,0,4.003875732421875
guenther2022relational,158,1,2.5341796875
guenther2022relational,158,2,2.15625
guenther2022relational,158,3,2.015625
guenther2022relational,158,4,2.759765625
guenther2022relational,158,5,2.7890625
guenther2022relational,158,6,2.78515625
guenther2022relational,158,7,3.9609375
guenther2022relational,158,8,3.421875
guenther2022relational,158,9,2.2216796875
guenther2022relational,158,10,5.2578125
guenther2022relational,158,11,1.873046875
guenther2022relational,158,12,4.2568359375
guenther2022relational,158,13,3.47900390625
guenther2022relational,158,14,3.21484375
guenther2022relational,158,15,3.287109375
guenther2022relational,158,16,3.2265625
guenther2022relational,158,17,3.296875
guenther2022relational,158,18,2.1025390625
guenther2022relational,158,19,3.19921875
guenther2022relational,158,20,2.9462890625
guenther2022relational,158,21,3.98876953125
guenther2022relational,158,22,2.2900390625
guenther2022relational,158,23,2.2353515625
guenther2022relational,158,24,2.0908203125
guenther2022relational,158,25,3.6416015625
guenther2022relational,158,26,2.185546875
guenther2022relational,158,27,1.931640625
guenther2022relational,158,28,2.6083984375
guenther2022relational,158,29,2.2314453125
guenther2022relational,158,30,3.52392578125
guenther2022relational,158,31,3.2041015625
guenther2022relational,158,32,1.75732421875
guenther2022relational,158,33,1.9775390625
guenther2022relational,158,34,1.64306640625
guenther2022relational,158,35,3.02734375
guenther2022relational,158,36,1.3564453125
guenther2022relational,158,37,4.710693359375
guenther2022relational,158,38,2.2841796875
guenther2022relational,158,39,1.0311279296875
guenther2022relational,158,40,2.73876953125
guenther2022relational,158,41,2.475830078125
guenther2022relational,158,42,4.5205078125
guenther2022relational,158,43,3.654296875
guenther2022relational,158,44,3.32275390625
guenther2022relational,158,45,1.76806640625
guenther2022relational,158,46,1.7412109375
guenther2022relational,158,47,2.44384765625
guenther2022relational,158,48,2.44287109375
guenther2022relational,158,49,1.585205078125
guenther2022relational,158,50,1.234130859375
guenther2022relational,158,51,3.560546875
guenther2022relational,158,52,2.5673828125
guenther2022relational,158,53,1.4608154296875
guenther2022relational,158,54,4.319580078125
guenther2022relational,159,0,4.7537841796875
guenther2022relational,159,1,2.7939453125
guenther2022relational,159,2,4.86376953125
guenther2022relational,159,3,1.98046875
guenther2022relational,159,4,3.4267578125
guenther2022relational,159,5,2.554443359375
guenther2022relational,159,6,3.3720703125
guenther2022relational,159,7,3.8828125
guenther2022relational,159,8,3.234375
guenther2022relational,159,9,4.439453125
guenther2022relational,159,10,2.8544921875
guenther2022relational,159,11,3.28125
guenther2022relational,159,12,2.7421875
guenther2022relational,159,13,2.44775390625
guenther2022relational,159,14,2.58984375
guenther2022relational,159,15,3.08203125
guenther2022relational,159,16,3.046875
guenther2022relational,159,17,3.4169921875
guenther2022relational,159,18,2.609375
guenther2022relational,159,19,2.5166015625
guenther2022relational,159,20,2.5146484375
guenther2022relational,159,21,3.357421875
guenther2022relational,159,22,2.3837890625
guenther2022relational,159,23,2.49462890625
guenther2022relational,159,24,3.4599609375
guenther2022relational,159,25,2.52587890625
guenther2022relational,159,26,3.3359375
guenther2022relational,159,27,2.1962890625
guenther2022relational,159,28,2.06640625
guenther2022relational,159,29,3.21484375
guenther2022relational,159,30,2.2470703125
guenther2022relational,159,31,2.9267578125
guenther2022relational,159,32,1.9130859375
guenther2022relational,159,33,1.61376953125
guenther2022relational,159,34,5.1953125
guenther2022relational,159,35,2.158203125
guenther2022relational,159,36,1.8125
guenther2022relational,159,37,2.80859375
guenther2022relational,159,38,2.66064453125
guenther2022relational,159,39,3.30859375
guenther2022relational,159,40,2.2470703125
guenther2022relational,159,41,2.43017578125
guenther2022relational,159,42,1.1611328125
guenther2022relational,159,43,2.8544921875
guenther2022relational,159,44,0.804443359375
guenther2022relational,159,45,1.615234375
guenther2022relational,159,46,2.26025390625
guenther2022relational,159,47,2.554443359375
guenther2022relational,159,48,2.1279296875
guenther2022relational,159,49,3.18994140625
guenther2022relational,159,50,2.5908203125
guenther2022relational,159,51,1.44140625
guenther2022relational,159,52,1.240234375
guenther2022relational,159,53,2.5771484375
guenther2022relational,159,54,2.7548828125
guenther2022relational,160,0,3.734375
guenther2022relational,160,1,3.55859375
guenther2022relational,160,2,3.44140625
guenther2022relational,160,3,3.447265625
guenther2022relational,160,4,1.3642578125
guenther2022relational,160,5,2.27197265625
guenther2022relational,160,6,2.2978515625
guenther2022relational,160,7,3.5478515625
guenther2022relational,160,8,3.232421875
guenther2022relational,160,9,2.6806640625
guenther2022relational,160,10,3.6728515625
guenther2022relational,160,11,1.9931640625
guenther2022relational,160,12,2.70751953125
guenther2022relational,160,13,1.7705078125
guenther2022relational,160,14,1.8798828125
guenther2022relational,160,15,1.998046875
guenther2022relational,160,16,4.1171875
guenther2022relational,160,17,2.46142578125
guenther2022relational,160,18,1.96533203125
guenther2022relational,160,19,1.6220703125
guenther2022relational,160,20,3.96875
guenther2022relational,160,21,3.33203125
guenther2022relational,160,22,2.04443359375
guenther2022relational,160,23,3.37890625
guenther2022relational,160,24,2.818359375
guenther2022relational,160,25,2.568359375
guenther2022relational,160,26,3.1728515625
guenther2022relational,160,27,1.64453125
guenther2022relational,160,28,2.2392578125
guenther2022relational,160,29,1.75439453125
guenther2022relational,160,30,4.1083984375
guenther2022relational,160,31,2.63671875
guenther2022relational,160,32,3.6005859375
guenther2022relational,160,33,3.22265625
guenther2022relational,160,34,1.53515625
guenther2022relational,160,35,4.765625
guenther2022relational,160,36,3.6083984375
guenther2022relational,160,37,1.17919921875
guenther2022relational,160,38,2.66455078125
guenther2022relational,160,39,2.8955078125
guenther2022relational,160,40,2.4150390625
guenther2022relational,160,41,3.251953125
guenther2022relational,160,42,3.00390625
guenther2022relational,160,43,3.02197265625
guenther2022relational,160,44,2.2041015625
guenther2022relational,160,45,1.12890625
guenther2022relational,160,46,1.529296875
guenther2022relational,160,47,1.5380859375
guenther2022relational,160,48,2.076171875
guenther2022relational,160,49,3.1279296875
guenther2022relational,160,50,2.4404296875
guenther2022relational,160,51,2.03173828125
guenther2022relational,160,52,2.4228515625
guenther2022relational,160,53,1.92626953125
guenther2022relational,160,54,3.36572265625
guenther2022relational,161,0,2.425750732421875
guenther2022relational,161,1,2.93359375
guenther2022relational,161,2,1.20703125
guenther2022relational,161,3,3.6474609375
guenther2022relational,161,4,3.794921875
guenther2022relational,161,5,2.7919921875
guenther2022relational,161,6,3.2216796875
guenther2022relational,161,7,2.59912109375
guenther2022relational,161,8,1.69775390625
guenther2022relational,161,9,1.958984375
guenther2022relational,161,10,1.89111328125
guenther2022relational,161,11,3.507080078125
guenther2022relational,161,12,2.397705078125
guenther2022relational,161,13,2.7802734375
guenther2022relational,161,14,1.37109375
guenther2022relational,161,15,3.0087890625
guenther2022relational,161,16,2.728515625
guenther2022relational,161,17,5.291015625
guenther2022relational,161,18,2.22900390625
guenther2022relational,161,19,2.4736328125
guenther2022relational,161,20,2.48388671875
guenther2022relational,161,21,1.55224609375
guenther2022relational,161,22,2.7314453125
guenther2022relational,161,23,2.89697265625
guenther2022relational,161,24,1.96044921875
guenther2022relational,161,25,2.64697265625
guenther2022relational,161,26,2.03076171875
guenther2022relational,161,27,1.552734375
guenther2022relational,161,28,3.748046875
guenther2022relational,161,29,3.08642578125
guenther2022relational,161,30,3.367156982421875
guenther2022relational,161,31,2.413330078125
guenther2022relational,161,32,1.6873779296875
guenther2022relational,161,33,2.647705078125
guenther2022relational,161,34,0.7763671875
guenther2022relational,161,35,7.039031982421875
guenther2022relational,161,36,2.585205078125
guenther2022relational,161,37,1.5076904296875
guenther2022relational,161,38,1.28076171875
guenther2022relational,161,39,3.39501953125
guenther2022relational,161,40,1.5068359375
guenther2022relational,161,41,1.9998779296875
guenther2022relational,161,42,1.812255859375
guenther2022relational,161,43,7.1875
guenther2022relational,161,44,2.2080078125
guenther2022relational,161,45,5.46826171875
guenther2022relational,161,46,3.1513671875
guenther2022relational,161,47,1.42626953125
guenther2022relational,161,48,3.0780029296875
guenther2022relational,161,49,2.79150390625
guenther2022relational,161,50,2.7314453125
guenther2022relational,161,51,1.664031982421875
guenther2022relational,161,52,1.48681640625
guenther2022relational,161,53,2.08447265625
guenther2022relational,161,54,3.11767578125
guenther2022relational,162,0,3.4375
guenther2022relational,162,1,1.663055419921875
guenther2022relational,162,2,2.92578125
guenther2022relational,162,3,1.06640625
guenther2022relational,162,4,1.3662109375
guenther2022relational,162,5,2.435546875
guenther2022relational,162,6,3.23046875
guenther2022relational,162,7,4.82421875
guenther2022relational,162,8,1.59765625
guenther2022relational,162,9,0.900390625
guenther2022relational,162,10,3.88671875
guenther2022relational,162,11,2.263671875
guenther2022relational,162,12,2.5478515625
guenther2022relational,162,13,2.607421875
guenther2022relational,162,14,6.25390625
guenther2022relational,162,15,2.5166015625
guenther2022relational,162,16,1.97119140625
guenther2022relational,162,17,3.41015625
guenther2022relational,162,18,2.08984375
guenther2022relational,162,19,3.138671875
guenther2022relational,162,20,3.8193359375
guenther2022relational,162,21,3.572265625
guenther2022relational,162,22,3.77392578125
guenther2022relational,162,23,1.560546875
guenther2022relational,162,24,1.923828125
guenther2022relational,162,25,1.9462890625
guenther2022relational,162,26,2.296875
guenther2022relational,162,27,3.796875
guenther2022relational,162,28,3.8486328125
guenther2022relational,162,29,3.6943359375
guenther2022relational,162,30,1.81298828125
guenther2022relational,162,31,3.09814453125
guenther2022relational,162,32,3.0166015625
guenther2022relational,162,33,3.1640625
guenther2022relational,162,34,1.6123046875
guenther2022relational,162,35,1.1826171875
guenther2022relational,162,36,2.06298828125
guenther2022relational,162,37,2.95947265625
guenther2022relational,162,38,3.875
guenther2022relational,162,39,2.1220703125
guenther2022relational,162,40,3.0126953125
guenther2022relational,162,41,0.9764404296875
guenther2022relational,162,42,3.8291015625
guenther2022relational,162,43,2.7939453125
guenther2022relational,162,44,2.7734375
guenther2022relational,162,45,3.6220703125
guenther2022relational,162,46,1.916015625
guenther2022relational,162,47,1.87255859375
guenther2022relational,162,48,2.4853515625
guenther2022relational,162,49,2.68896484375
guenther2022relational,162,50,1.5673828125
guenther2022relational,162,51,1.81396484375
guenther2022relational,162,52,2.3408203125
guenther2022relational,162,53,2.2607421875
guenther2022relational,162,54,2.34375
guenther2022relational,163,0,6.085906982421875
guenther2022relational,163,1,2.6142578125
guenther2022relational,163,2,0.9248046875
guenther2022relational,163,3,1.1044921875
guenther2022relational,163,4,0.310546875
guenther2022relational,163,5,3.93017578125
guenther2022relational,163,6,3.8203125
guenther2022relational,163,7,3.69140625
guenther2022relational,163,8,0.88720703125
guenther2022relational,163,9,3.595703125
guenther2022relational,163,10,4.1728515625
guenther2022relational,163,11,2.54296875
guenther2022relational,163,12,1.259765625
guenther2022relational,163,13,2.154296875
guenther2022relational,163,14,1.8828125
guenther2022relational,163,15,1.640625
guenther2022relational,163,16,1.2158203125
guenther2022relational,163,17,4.2216796875
guenther2022relational,163,18,1.6484375
guenther2022relational,163,19,0.7978515625
guenther2022relational,163,20,1.017578125
guenther2022relational,163,21,5.06640625
guenther2022relational,163,22,3.8193359375
guenther2022relational,163,23,4.67626953125
guenther2022relational,163,24,3.1669921875
guenther2022relational,163,25,2.8359375
guenther2022relational,163,26,3.681640625
guenther2022relational,163,27,2.46484375
guenther2022relational,163,28,3.98828125
guenther2022relational,163,29,1.591796875
guenther2022relational,163,30,0.919921875
guenther2022relational,163,31,2.3232421875
guenther2022relational,163,32,3.05078125
guenther2022relational,163,33,4.279296875
guenther2022relational,163,34,3.022705078125
guenther2022relational,163,35,1.7958984375
guenther2022relational,163,36,3.75
guenther2022relational,163,37,1.2939453125
guenther2022relational,163,38,4.3505859375
guenther2022relational,163,39,4.255859375
guenther2022relational,163,40,3.71142578125
guenther2022relational,163,41,2.39501953125
guenther2022relational,163,42,3.6142578125
guenther2022relational,163,43,1.4150390625
guenther2022relational,163,44,2.873046875
guenther2022relational,163,45,1.4130859375
guenther2022relational,163,46,1.9619140625
guenther2022relational,163,47,2.8603515625
guenther2022relational,163,48,1.13818359375
guenther2022relational,163,49,3.70751953125
guenther2022relational,163,50,2.80859375
guenther2022relational,163,51,1.30322265625
guenther2022relational,163,52,3.6405029296875
guenther2022relational,163,53,3.2177734375
guenther2022relational,163,54,2.37890625
guenther2022relational,164,0,3.3515625
guenther2022relational,164,1,4.265625
guenther2022relational,164,2,0.9541015625
guenther2022relational,164,3,2.607421875
guenther2022relational,164,4,1.671875
guenther2022relational,164,5,5.0517578125
guenther2022relational,164,6,5.2265625
guenther2022relational,164,7,3.349609375
guenther2022relational,164,8,1.60546875
guenther2022relational,164,9,1.0361328125
guenther2022relational,164,10,3.20458984375
guenther2022relational,164,11,1.0048828125
guenther2022relational,164,12,3.6875
guenther2022relational,164,13,2.6640625
guenther2022relational,164,14,2.1220703125
guenther2022relational,164,15,1.294921875
guenther2022relational,164,16,0.912109375
guenther2022relational,164,17,3.38330078125
guenther2022relational,164,18,3.8876953125
guenther2022relational,164,19,1.65625
guenther2022relational,164,20,4.76171875
guenther2022relational,164,21,5.6376953125
guenther2022relational,164,22,1.4140625
guenther2022relational,164,23,4.646484375
guenther2022relational,164,24,3.8408203125
guenther2022relational,164,25,2.0087890625
guenther2022relational,164,26,2.1357421875
guenther2022relational,164,27,5.3955078125
guenther2022relational,164,28,1.04150390625
guenther2022relational,164,29,2.34326171875
guenther2022relational,164,30,1.171875
guenther2022relational,164,31,1.099609375
guenther2022relational,164,32,0.9169921875
guenther2022relational,164,33,1.7255859375
guenther2022relational,164,34,6.46875
guenther2022relational,164,35,1.7216796875
guenther2022relational,164,36,4.4462890625
guenther2022relational,164,37,4.1064453125
guenther2022relational,164,38,3.1923828125
guenther2022relational,164,39,1.5732421875
guenther2022relational,164,40,1.6376953125
guenther2022relational,164,41,1.67138671875
guenther2022relational,164,42,4.654296875
guenther2022relational,164,43,2.7568359375
guenther2022relational,164,44,1.2509765625
guenther2022relational,164,45,4.6015625
guenther2022relational,164,46,2.056640625
guenther2022relational,164,47,3.263671875
guenther2022relational,164,48,1.9453125
guenther2022relational,164,49,4.7265625
guenther2022relational,164,50,3.5205078125
guenther2022relational,164,51,5.3955078125
guenther2022relational,164,52,1.6416015625
guenther2022relational,164,53,1.72265625
guenther2022relational,164,54,2.3232421875
guenther2022relational,165,0,3.8515625
guenther2022relational,165,1,3.2734375
guenther2022relational,165,2,3.44921875
guenther2022relational,165,3,2.91796875
guenther2022relational,165,4,1.970703125
guenther2022relational,165,5,2.646484375
guenther2022relational,165,6,2.6171875
guenther2022relational,165,7,1.712890625
guenther2022relational,165,8,3.98046875
guenther2022relational,165,9,4.328125
guenther2022relational,165,10,4.685546875
guenther2022relational,165,11,2.259765625
guenther2022relational,165,12,3.03515625
guenther2022relational,165,13,1.42578125
guenther2022relational,165,14,2.087890625
guenther2022relational,165,15,3.326171875
guenther2022relational,165,16,3.36328125
guenther2022relational,165,17,3.046875
guenther2022relational,165,18,2.451171875
guenther2022relational,165,19,1.15625
guenther2022relational,165,20,2.501953125
guenther2022relational,165,21,2.3173828125
guenther2022relational,165,22,2.529296875
guenther2022relational,165,23,2.833984375
guenther2022relational,165,24,3.796875
guenther2022relational,165,25,1.8037109375
guenther2022relational,165,26,2.7783203125
guenther2022relational,165,27,1.9267578125
guenther2022relational,165,28,4.3564453125
guenther2022relational,165,29,1.30859375
guenther2022relational,165,30,1.9609375
guenther2022relational,165,31,1.646484375
guenther2022relational,165,32,5.2607421875
guenther2022relational,165,33,2.6708984375
guenther2022relational,165,34,2.7001953125
guenther2022relational,165,35,5.05859375
guenther2022relational,165,36,3.33203125
guenther2022relational,165,37,1.7412109375
guenther2022relational,165,38,4.83642578125
guenther2022relational,165,39,3.17333984375
guenther2022relational,165,40,3.3427734375
guenther2022relational,165,41,2.14892578125
guenther2022relational,165,42,2.2939453125
guenther2022relational,165,43,1.64501953125
guenther2022relational,165,44,2.052734375
guenther2022relational,165,45,2.40576171875
guenther2022relational,165,46,2.59814453125
guenther2022relational,165,47,3.62890625
guenther2022relational,165,48,3.1171875
guenther2022relational,165,49,2.26025390625
guenther2022relational,165,50,4.1875
guenther2022relational,165,51,2.603515625
guenther2022relational,165,52,2.60400390625
guenther2022relational,165,53,2.1494140625
guenther2022relational,165,54,2.470703125
guenther2022relational,166,0,2.66796875
guenther2022relational,166,1,4.947265625
guenther2022relational,166,2,3.398193359375
guenther2022relational,166,3,2.72265625
guenther2022relational,166,4,2.7060546875
guenther2022relational,166,5,4.9375
guenther2022relational,166,6,3.734375
guenther2022relational,166,7,2.6669921875
guenther2022relational,166,8,3.142578125
guenther2022relational,166,9,2.36962890625
guenther2022relational,166,10,2.28515625
guenther2022relational,166,11,3.4033203125
guenther2022relational,166,12,3.1455078125
guenther2022relational,166,13,1.67236328125
guenther2022relational,166,14,2.05615234375
guenther2022relational,166,15,1.1953125
guenther2022relational,166,16,4.0224609375
guenther2022relational,166,17,3.0009765625
guenther2022relational,166,18,1.20947265625
guenther2022relational,166,19,3.86083984375
guenther2022relational,166,20,1.6982421875
guenther2022relational,166,21,4.64697265625
guenther2022relational,166,22,1.69384765625
guenther2022relational,166,23,1.255859375
guenther2022relational,166,24,2.225830078125
guenther2022relational,166,25,4.7421875
guenther2022relational,166,26,3.40234375
guenther2022relational,166,27,1.51611328125
guenther2022relational,166,28,4.18701171875
guenther2022relational,166,29,3.095703125
guenther2022relational,166,30,3.4853515625
guenther2022relational,166,31,3.640625
guenther2022relational,166,32,5.962890625
guenther2022relational,166,33,1.7216796875
guenther2022relational,166,34,3.0478515625
guenther2022relational,166,35,2.83447265625
guenther2022relational,166,36,2.1943359375
guenther2022relational,166,37,2.263671875
guenther2022relational,166,38,2.875
guenther2022relational,166,39,3.0546875
guenther2022relational,166,40,2.765625
guenther2022relational,166,41,3.630859375
guenther2022relational,166,42,2.16162109375
guenther2022relational,166,43,4.14453125
guenther2022relational,166,44,1.37548828125
guenther2022relational,166,45,2.8017578125
guenther2022relational,166,46,1.5595703125
guenther2022relational,166,47,1.2080078125
guenther2022relational,166,48,3.10888671875
guenther2022relational,166,49,3.78076171875
guenther2022relational,166,50,4.0390625
guenther2022relational,166,51,3.17626953125
guenther2022relational,166,52,2.5322265625
guenther2022relational,166,53,1.91796875
guenther2022relational,166,54,1.73046875
guenther2022relational,167,0,4.640625
guenther2022relational,167,1,2.08984375
guenther2022relational,167,2,3.701171875
guenther2022relational,167,3,2.078125
guenther2022relational,167,4,1.517578125
guenther2022relational,167,5,1.642578125
guenther2022relational,167,6,3.89453125
guenther2022relational,167,7,2.84375
guenther2022relational,167,8,4.42578125
guenther2022relational,167,9,2.48828125
guenther2022relational,167,10,3.2294921875
guenther2022relational,167,11,3.673828125
guenther2022relational,167,12,2.603515625
guenther2022relational,167,13,2.9638671875
guenther2022relational,167,14,4.10546875
guenther2022relational,167,15,3.06787109375
guenther2022relational,167,16,2.4794921875
guenther2022relational,167,17,3.09765625
guenther2022relational,167,18,3.5224609375
guenther2022relational,167,19,3.56640625
guenther2022relational,167,20,2.15234375
guenther2022relational,167,21,3.05078125
guenther2022relational,167,22,3.5791015625
guenther2022relational,167,23,2.45703125
guenther2022relational,167,24,3.1357421875
guenther2022relational,167,25,3.72265625
guenther2022relational,167,26,3.841796875
guenther2022relational,167,27,2.4033203125
guenther2022relational,167,28,2.5400390625
guenther2022relational,167,29,2.85546875
guenther2022relational,167,30,1.302734375
guenther2022relational,167,31,2.78515625
guenther2022relational,167,32,2.578125
guenther2022relational,167,33,2.974609375
guenther2022relational,167,34,2.4541015625
guenther2022relational,167,35,2.7890625
guenther2022relational,167,36,2.8203125
guenther2022relational,167,37,2.9765625
guenther2022relational,167,38,3.52099609375
guenther2022relational,167,39,1.7138671875
guenther2022relational,167,40,3.08203125
guenther2022relational,167,41,2.234375
guenther2022relational,167,42,1.491455078125
guenther2022relational,167,43,2.9443359375
guenther2022relational,167,44,3.0390625
guenther2022relational,167,45,1.984375
guenther2022relational,167,46,2.24072265625
guenther2022relational,167,47,2.28515625
guenther2022relational,167,48,5.75537109375
guenther2022relational,167,49,3.7568359375
guenther2022relational,167,50,1.9384765625
guenther2022relational,167,51,2.1748046875
guenther2022relational,167,52,1.650390625
guenther2022relational,167,53,1.67236328125
guenther2022relational,167,54,1.115234375
guenther2022relational,168,0,3.124969482421875
guenther2022relational,168,1,5.4296875
guenther2022relational,168,2,3.179443359375
guenther2022relational,168,3,3.3408203125
guenther2022relational,168,4,2.210693359375
guenther2022relational,168,5,2.69384765625
guenther2022relational,168,6,3.10546875
guenther2022relational,168,7,1.93896484375
guenther2022relational,168,8,2.013671875
guenther2022relational,168,9,2.7998046875
guenther2022relational,168,10,3.515625
guenther2022relational,168,11,5.18701171875
guenther2022relational,168,12,1.802734375
guenther2022relational,168,13,3.91650390625
guenther2022relational,168,14,2.47314453125
guenther2022relational,168,15,3.244140625
guenther2022relational,168,16,2.73828125
guenther2022relational,168,17,1.34375
guenther2022relational,168,18,3.275390625
guenther2022relational,168,19,2.8203125
guenther2022relational,168,20,2.474609375
guenther2022relational,168,21,2.7548828125
guenther2022relational,168,22,1.734375
guenther2022relational,168,23,5.244140625
guenther2022relational,168,24,3.1875
guenther2022relational,168,25,2.78515625
guenther2022relational,168,26,1.6728515625
guenther2022relational,168,27,3.35546875
guenther2022relational,168,28,1.7333984375
guenther2022relational,168,29,2.576171875
guenther2022relational,168,30,1.310546875
guenther2022relational,168,31,3.2197265625
guenther2022relational,168,32,1.689453125
guenther2022relational,168,33,2.7470703125
guenther2022relational,168,34,1.73046875
guenther2022relational,168,35,4.052734375
guenther2022relational,168,36,3.2568359375
guenther2022relational,168,37,1.751953125
guenther2022relational,168,38,2.9443359375
guenther2022relational,168,39,1.4814453125
guenther2022relational,168,40,0.841796875
guenther2022relational,168,41,1.31689453125
guenther2022relational,168,42,2.2421875
guenther2022relational,168,43,2.05517578125
guenther2022relational,168,44,1.9814453125
guenther2022relational,168,45,2.2587890625
guenther2022relational,168,46,3.216796875
guenther2022relational,168,47,2.8212890625
guenther2022relational,168,48,2.8173828125
guenther2022relational,168,49,2.18212890625
guenther2022relational,168,50,2.64697265625
guenther2022relational,168,51,5.1943359375
guenther2022relational,168,52,2.507080078125
guenther2022relational,168,53,2.59326171875
guenther2022relational,168,54,2.341796875
guenther2022relational,169,0,2.703094482421875
guenther2022relational,169,1,3.95703125
guenther2022relational,169,2,3.8876953125
guenther2022relational,169,3,1.2705078125
guenther2022relational,169,4,2.10546875
guenther2022relational,169,5,3.6092529296875
guenther2022relational,169,6,4.507080078125
guenther2022relational,169,7,2.52001953125
guenther2022relational,169,8,4.0467529296875
guenther2022relational,169,9,3.42626953125
guenther2022relational,169,10,2.49072265625
guenther2022relational,169,11,3.185546875
guenther2022relational,169,12,2.28759765625
guenther2022relational,169,13,2.320068359375
guenther2022relational,169,14,2.4228515625
guenther2022relational,169,15,1.765380859375
guenther2022relational,169,16,3.2939453125
guenther2022relational,169,17,3.65576171875
guenther2022relational,169,18,2.3564453125
guenther2022relational,169,19,1.67919921875
guenther2022relational,169,20,3.52197265625
guenther2022relational,169,21,1.7099609375
guenther2022relational,169,22,2.2030029296875
guenther2022relational,169,23,2.70751953125
guenther2022relational,169,24,3.4998779296875
guenther2022relational,169,25,2.16015625
guenther2022relational,169,26,2.19580078125
guenther2022relational,169,27,1.85546875
guenther2022relational,169,28,2.413818359375
guenther2022relational,169,29,4.2646484375
guenther2022relational,169,30,2.6083984375
guenther2022relational,169,31,2.351531982421875
guenther2022relational,169,32,2.585906982421875
guenther2022relational,169,33,1.679656982421875
guenther2022relational,169,34,1.6405029296875
guenther2022relational,169,35,2.241943359375
guenther2022relational,169,36,2.17724609375
guenther2022relational,169,37,1.54296875
guenther2022relational,169,38,1.249755859375
guenther2022relational,169,39,2.36572265625
guenther2022relational,169,40,2.9842529296875
guenther2022relational,169,41,3.23388671875
guenther2022relational,169,42,2.710693359375
guenther2022relational,169,43,2.9530029296875
guenther2022relational,169,44,1.708984375
guenther2022relational,169,45,3.367156982421875
guenther2022relational,169,46,5.3984375
guenther2022relational,169,47,2.06494140625
guenther2022relational,169,48,1.0546875
guenther2022relational,169,49,3.55859375
guenther2022relational,169,50,2.2958984375
guenther2022relational,169,51,2.163330078125
guenther2022relational,169,52,2.11767578125
guenther2022relational,169,53,1.966796875
guenther2022relational,169,54,2.15576171875
guenther2022relational,170,0,3.570281982421875
guenther2022relational,170,1,4.369140625
guenther2022relational,170,2,3.29296875
guenther2022relational,170,3,4.421875
guenther2022relational,170,4,3.11767578125
guenther2022relational,170,5,3.19921875
guenther2022relational,170,6,3.8583984375
guenther2022relational,170,7,2.2392578125
guenther2022relational,170,8,2.345703125
guenther2022relational,170,9,2.97265625
guenther2022relational,170,10,2.554443359375
guenther2022relational,170,11,5.125
guenther2022relational,170,12,2.984375
guenther2022relational,170,13,1.77734375
guenther2022relational,170,14,1.90234375
guenther2022relational,170,15,2.146484375
guenther2022relational,170,16,2.5107421875
guenther2022relational,170,17,3.42578125
guenther2022relational,170,18,1.81005859375
guenther2022relational,170,19,3.90234375
guenther2022relational,170,20,2.3720703125
guenther2022relational,170,21,2.1962890625
guenther2022relational,170,22,2.1064453125
guenther2022relational,170,23,2.1298828125
guenther2022relational,170,24,3.2978515625
guenther2022relational,170,25,2.193359375
guenther2022relational,170,26,1.358642578125
guenther2022relational,170,27,3.681640625
guenther2022relational,170,28,3.998046875
guenther2022relational,170,29,3.234375
guenther2022relational,170,30,3.8935546875
guenther2022relational,170,31,2.49267578125
guenther2022relational,170,32,2.3955078125
guenther2022relational,170,33,3.4267578125
guenther2022relational,170,34,5.163330078125
guenther2022relational,170,35,1.710205078125
guenther2022relational,170,36,2.8193359375
guenther2022relational,170,37,2.4794921875
guenther2022relational,170,38,3.45947265625
guenther2022relational,170,39,1.1806640625
guenther2022relational,170,40,2.38525390625
guenther2022relational,170,41,4.7001953125
guenther2022relational,170,42,1.61181640625
guenther2022relational,170,43,3.64697265625
guenther2022relational,170,44,2.5283203125
guenther2022relational,170,45,1.61474609375
guenther2022relational,170,46,4.2890625
guenther2022relational,170,47,2.0556640625
guenther2022relational,170,48,2.74267578125
guenther2022relational,170,49,1.62548828125
guenther2022relational,170,50,2.49072265625
guenther2022relational,170,51,4.25537109375
guenther2022relational,170,52,2.163330078125
guenther2022relational,170,53,2.3203125
guenther2022relational,170,54,4.09375
guenther2022relational,171,0,2.226531982421875
guenther2022relational,171,1,2.251953125
guenther2022relational,171,2,5.73046875
guenther2022relational,171,3,2.9775390625
guenther2022relational,171,4,2.0887451171875
guenther2022relational,171,5,3.0859375
guenther2022relational,171,6,2.029296875
guenther2022relational,171,7,2.982421875
guenther2022relational,171,8,4.16796875
guenther2022relational,171,9,3.712890625
guenther2022relational,171,10,4.31201171875
guenther2022relational,171,11,2.51953125
guenther2022relational,171,12,2.81787109375
guenther2022relational,171,13,4.30859375
guenther2022relational,171,14,3.9453125
guenther2022relational,171,15,1.76171875
guenther2022relational,171,16,2.6103515625
guenther2022relational,171,17,4.3525390625
guenther2022relational,171,18,2.3544921875
guenther2022relational,171,19,2.49609375
guenther2022relational,171,20,2.65234375
guenther2022relational,171,21,2.89208984375
guenther2022relational,171,22,4.7734375
guenther2022relational,171,23,2.97509765625
guenther2022relational,171,24,1.5078125
guenther2022relational,171,25,3.083984375
guenther2022relational,171,26,2.4462890625
guenther2022relational,171,27,1.6884765625
guenther2022relational,171,28,1.9736328125
guenther2022relational,171,29,4.046875
guenther2022relational,171,30,3.81640625
guenther2022relational,171,31,2.4130859375
guenther2022relational,171,32,2.5478515625
guenther2022relational,171,33,3.0107421875
guenther2022relational,171,34,2.6142578125
guenther2022relational,171,35,2.8544921875
guenther2022relational,171,36,2.725830078125
guenther2022relational,171,37,2.271484375
guenther2022relational,171,38,1.68994140625
guenther2022relational,171,39,2.67626953125
guenther2022relational,171,40,3.77001953125
guenther2022relational,171,41,2.64208984375
guenther2022relational,171,42,2.85400390625
guenther2022relational,171,43,2.3369140625
guenther2022relational,171,44,3.57421875
guenther2022relational,171,45,3.4267578125
guenther2022relational,171,46,2.0155029296875
guenther2022relational,171,47,1.288818359375
guenther2022relational,171,48,2.845703125
guenther2022relational,171,49,4.569580078125
guenther2022relational,171,50,3.93359375
guenther2022relational,171,51,2.3642578125
guenther2022relational,171,52,3.8701171875
guenther2022relational,171,53,2.48583984375
guenther2022relational,171,54,1.84033203125
guenther2022relational,172,0,3.906219482421875
guenther2022relational,172,1,3.50390625
guenther2022relational,172,2,3.7265625
guenther2022relational,172,3,1.88671875
guenther2022relational,172,4,3.4462890625
guenther2022relational,172,5,1.5654296875
guenther2022relational,172,6,2.880859375
guenther2022relational,172,7,3.7919921875
guenther2022relational,172,8,4.08984375
guenther2022relational,172,9,2.703125
guenther2022relational,172,10,2.662109375
guenther2022relational,172,11,1.5087890625
guenther2022relational,172,12,1.46826171875
guenther2022relational,172,13,1.3720703125
guenther2022relational,172,14,1.671875
guenther2022relational,172,15,1.0467529296875
guenther2022relational,172,16,2.3251953125
guenther2022relational,172,17,1.80859375
guenther2022relational,172,18,2.71826171875
guenther2022relational,172,19,1.718505859375
guenther2022relational,172,20,0.8349609375
guenther2022relational,172,21,2.694580078125
guenther2022relational,172,22,3.7342529296875
guenther2022relational,172,23,2.913330078125
guenther2022relational,172,24,3.757080078125
guenther2022relational,172,25,2.0673828125
guenther2022relational,172,26,2.8583984375
guenther2022relational,172,27,4.975830078125
guenther2022relational,172,28,2.038330078125
guenther2022relational,172,29,1.4345703125
guenther2022relational,172,30,1.33251953125
guenther2022relational,172,31,1.35009765625
guenther2022relational,172,32,1.343719482421875
guenther2022relational,172,33,1.193359375
guenther2022relational,172,34,2.857421875
guenther2022relational,172,35,1.07763671875
guenther2022relational,172,36,3.15576171875
guenther2022relational,172,37,1.20263671875
guenther2022relational,172,38,5.265625
guenther2022relational,172,39,2.8125
guenther2022relational,172,40,1.20703125
guenther2022relational,172,41,4.046875
guenther2022relational,172,42,2.7421875
guenther2022relational,172,43,1.1025390625
guenther2022relational,172,44,1.1640625
guenther2022relational,172,45,0.9267578125
guenther2022relational,172,46,2.91015625
guenther2022relational,172,47,3.39892578125
guenther2022relational,172,48,2.5263671875
guenther2022relational,172,49,0.912109375
guenther2022relational,172,50,3.197265625
guenther2022relational,172,51,6.55126953125
guenther2022relational,172,52,4.694580078125
guenther2022relational,172,53,2.6083984375
guenther2022relational,172,54,2.1474609375
guenther2022relational,173,0,12.289031982421875
guenther2022relational,173,1,2.34375
guenther2022relational,173,2,2.625
guenther2022relational,173,3,2.564453125
guenther2022relational,173,4,3.73046875
guenther2022relational,173,5,2.896484375
guenther2022relational,173,6,3.375
guenther2022relational,173,7,3.25
guenther2022relational,173,8,3.33984375
guenther2022relational,173,9,2.7587890625
guenther2022relational,173,10,3.52734375
guenther2022relational,173,11,2.0859375
guenther2022relational,173,12,3.14453125
guenther2022relational,173,13,3.291015625
guenther2022relational,173,14,2.88671875
guenther2022relational,173,15,2.384765625
guenther2022relational,173,16,2.515625
guenther2022relational,173,17,3.21875
guenther2022relational,173,18,1.67578125
guenther2022relational,173,19,2.6826171875
guenther2022relational,173,20,2.0087890625
guenther2022relational,173,21,3.5703125
guenther2022relational,173,22,3.5625
guenther2022relational,173,23,1.939453125
guenther2022relational,173,24,2.974609375
guenther2022relational,173,25,1.66796875
guenther2022relational,173,26,2.494140625
guenther2022relational,173,27,2.203125
guenther2022relational,173,28,2.171875
guenther2022relational,173,29,2.4453125
guenther2022relational,173,30,5.09765625
guenther2022relational,173,31,2.87890625
guenther2022relational,173,32,2.4140625
guenther2022relational,173,33,3.109375
guenther2022relational,173,34,5.623046875
guenther2022relational,173,35,2.3515625
guenther2022relational,173,36,2.974609375
guenther2022relational,173,37,3.10546875
guenther2022relational,173,38,2.7841796875
guenther2022relational,173,39,1.880859375
guenther2022relational,173,40,1.748046875
guenther2022relational,173,41,1.4306640625
guenther2022relational,173,42,1.607421875
guenther2022relational,173,43,4.8359375
guenther2022relational,173,44,2.7353515625
guenther2022relational,173,45,1.275390625
guenther2022relational,173,46,1.4580078125
guenther2022relational,173,47,3.265625
guenther2022relational,173,48,1.693359375
guenther2022relational,173,49,2.5625
guenther2022relational,173,50,2.31201171875
guenther2022relational,173,51,3.40087890625
guenther2022relational,173,52,1.69140625
guenther2022relational,173,53,3.984375
guenther2022relational,173,54,2.2734375
guenther2022relational,174,0,3.859344482421875
guenther2022relational,174,1,2.232421875
guenther2022relational,174,2,3.71875
guenther2022relational,174,3,3.275390625
guenther2022relational,174,4,3.408203125
guenther2022relational,174,5,2.7626953125
guenther2022relational,174,6,2.0595703125
guenther2022relational,174,7,3.171875
guenther2022relational,174,8,2.849609375
guenther2022relational,174,9,2.8515625
guenther2022relational,174,10,2.248046875
guenther2022relational,174,11,2.015625
guenther2022relational,174,12,2.44921875
guenther2022relational,174,13,2.13671875
guenther2022relational,174,14,3.70849609375
guenther2022relational,174,15,2.51953125
guenther2022relational,174,16,1.6220703125
guenther2022relational,174,17,2.015625
guenther2022relational,174,18,2.5009765625
guenther2022relational,174,19,2.1259765625
guenther2022relational,174,20,2.0078125
guenther2022relational,174,21,1.9306640625
guenther2022relational,174,22,5.6171875
guenther2022relational,174,23,2.5078125
guenther2022relational,174,24,4.2783203125
guenther2022relational,174,25,3.8515625
guenther2022relational,174,26,1.76953125
guenther2022relational,174,27,4.1015625
guenther2022relational,174,28,2.13671875
guenther2022relational,174,29,4.1015625
guenther2022relational,174,30,1.615234375
guenther2022relational,174,31,2.5078125
guenther2022relational,174,32,3.794921875
guenther2022relational,174,33,1.9521484375
guenther2022relational,174,34,1.6328125
guenther2022relational,174,35,1.7470703125
guenther2022relational,174,36,2.6171875
guenther2022relational,174,37,4.0107421875
guenther2022relational,174,38,2.85400390625
guenther2022relational,174,39,1.4482421875
guenther2022relational,174,40,2.123046875
guenther2022relational,174,41,2.078125
guenther2022relational,174,42,3.66015625
guenther2022relational,174,43,1.96875
guenther2022relational,174,44,2.37109375
guenther2022relational,174,45,3.9326171875
guenther2022relational,174,46,1.896484375
guenther2022relational,174,47,1.658203125
guenther2022relational,174,48,1.6875
guenther2022relational,174,49,6.66015625
guenther2022relational,174,50,2.251953125
guenther2022relational,174,51,5.2890625
guenther2022relational,174,52,2.34375
guenther2022relational,174,53,3.32080078125
guenther2022relational,174,54,1.5078125
guenther2022relational,175,0,3.9921875
guenther2022relational,175,1,1.1328125
guenther2022relational,175,2,0.28125
guenther2022relational,175,3,2.6875
guenther2022relational,175,4,3.271484375
guenther2022relational,175,5,2.9189453125
guenther2022relational,175,6,1.8828125
guenther2022relational,175,7,3.95703125
guenther2022relational,175,8,2.146484375
guenther2022relational,175,9,4.96142578125
guenther2022relational,175,10,1.8779296875
guenther2022relational,175,11,1.4541015625
guenther2022relational,175,12,1.59765625
guenther2022relational,175,13,2.498046875
guenther2022relational,175,14,2.765625
guenther2022relational,175,15,2.22265625
guenther2022relational,175,16,3.30859375
guenther2022relational,175,17,2.041015625
guenther2022relational,175,18,3.86376953125
guenther2022relational,175,19,2.23046875
guenther2022relational,175,20,2.0458984375
guenther2022relational,175,21,1.83203125
guenther2022relational,175,22,3.009765625
guenther2022relational,175,23,2.111328125
guenther2022relational,175,24,1.7890625
guenther2022relational,175,25,2.1953125
guenther2022relational,175,26,2.08984375
guenther2022relational,175,27,1.580078125
guenther2022relational,175,28,1.576171875
guenther2022relational,175,29,1.1181640625
guenther2022relational,175,30,2.22900390625
guenther2022relational,175,31,2.98388671875
guenther2022relational,175,32,1.2783203125
guenther2022relational,175,33,3.359375
guenther2022relational,175,34,4.3095703125
guenther2022relational,175,35,2.9443359375
guenther2022relational,175,36,2.96484375
guenther2022relational,175,37,6.8720703125
guenther2022relational,175,38,2.5419921875
guenther2022relational,175,39,1.6494140625
guenther2022relational,175,40,1.9443359375
guenther2022relational,175,41,3.5849609375
guenther2022relational,175,42,1.73828125
guenther2022relational,175,43,1.51025390625
guenther2022relational,175,44,4.0234375
guenther2022relational,175,45,1.45947265625
guenther2022relational,175,46,3.931640625
guenther2022relational,175,47,1.2314453125
guenther2022relational,175,48,1.8076171875
guenther2022relational,175,49,1.4609375
guenther2022relational,175,50,3.3369140625
guenther2022relational,175,51,4.814453125
guenther2022relational,175,52,3.68212890625
guenther2022relational,175,53,3.126953125
guenther2022relational,175,54,1.15673828125
guenther2022relational,176,0,4.8671875
guenther2022relational,176,1,5.6943359375
guenther2022relational,176,2,2.39697265625
guenther2022relational,176,3,2.5078125
guenther2022relational,176,4,3.710205078125
guenther2022relational,176,5,4.8671875
guenther2022relational,176,6,1.78515625
guenther2022relational,176,7,3.435546875
guenther2022relational,176,8,5.3291015625
guenther2022relational,176,9,2.6640625
guenther2022relational,176,10,1.95751953125
guenther2022relational,176,11,1.71533203125
guenther2022relational,176,12,2.8046875
guenther2022relational,176,13,2.43701171875
guenther2022relational,176,14,3.17626953125
guenther2022relational,176,15,3.51171875
guenther2022relational,176,16,2.6064453125
guenther2022relational,176,17,1.6220703125
guenther2022relational,176,18,3.2841796875
guenther2022relational,176,19,3.3828125
guenther2022relational,176,20,3.72314453125
guenther2022relational,176,21,2.66015625
guenther2022relational,176,22,2.53515625
guenther2022relational,176,23,1.5380859375
guenther2022relational,176,24,3.5712890625
guenther2022relational,176,25,2.2783203125
guenther2022relational,176,26,1.6591796875
guenther2022relational,176,27,4.0458984375
guenther2022relational,176,28,3.95751953125
guenther2022relational,176,29,3.2705078125
guenther2022relational,176,30,1.9033203125
guenther2022relational,176,31,1.647705078125
guenther2022relational,176,32,2.89501953125
guenther2022relational,176,33,1.71044921875
guenther2022relational,176,34,1.59814453125
guenther2022relational,176,35,3.5576171875
guenther2022relational,176,36,2.585693359375
guenther2022relational,176,37,2.663330078125
guenther2022relational,176,38,2.7333984375
guenther2022relational,176,39,3.2080078125
guenther2022relational,176,40,2.72900390625
guenther2022relational,176,41,2.703125
guenther2022relational,176,42,2.20947265625
guenther2022relational,176,43,1.5400390625
guenther2022relational,176,44,5.515625
guenther2022relational,176,45,3.62109375
guenther2022relational,176,46,1.5634765625
guenther2022relational,176,47,2.9228515625
guenther2022relational,176,48,1.466796875
guenther2022relational,176,49,3.6640625
guenther2022relational,176,50,2.9228515625
guenther2022relational,176,51,2.91650390625
guenther2022relational,176,52,1.03857421875
guenther2022relational,176,53,2.88037109375
guenther2022relational,176,54,3.0517578125
guenther2022relational,177,0,3.460906982421875
guenther2022relational,177,1,4.2001953125
guenther2022relational,177,2,4.18359375
guenther2022relational,177,3,2.63525390625
guenther2022relational,177,4,2.97412109375
guenther2022relational,177,5,2.3603515625
guenther2022relational,177,6,3.49267578125
guenther2022relational,177,7,3.5693359375
guenther2022relational,177,8,3.1474609375
guenther2022relational,177,9,2.0185546875
guenther2022relational,177,10,4.1455078125
guenther2022relational,177,11,3.2353515625
guenther2022relational,177,12,4.0068359375
guenther2022relational,177,13,1.68994140625
guenther2022relational,177,14,2.49609375
guenther2022relational,177,15,2.470703125
guenther2022relational,177,16,2.634765625
guenther2022relational,177,17,4.171875
guenther2022relational,177,18,2.80126953125
guenther2022relational,177,19,2.2978515625
guenther2022relational,177,20,2.2705078125
guenther2022relational,177,21,1.40478515625
guenther2022relational,177,22,3.59375
guenther2022relational,177,23,3.1923828125
guenther2022relational,177,24,2.587890625
guenther2022relational,177,25,2.1845703125
guenther2022relational,177,26,3.859375
guenther2022relational,177,27,2.357421875
guenther2022relational,177,28,3.2763671875
guenther2022relational,177,29,1.490234375
guenther2022relational,177,30,2.4150390625
guenther2022relational,177,31,2.732421875
guenther2022relational,177,32,4.720703125
guenther2022relational,177,33,2.4033203125
guenther2022relational,177,34,2.857421875
guenther2022relational,177,35,2.3193359375
guenther2022relational,177,36,5.90625
guenther2022relational,177,37,2.1591796875
guenther2022relational,177,38,3.6025390625
guenther2022relational,177,39,2.0185546875
guenther2022relational,177,40,2.83837890625
guenther2022relational,177,41,0.81982421875
guenther2022relational,177,42,2.875
guenther2022relational,177,43,1.6650390625
guenther2022relational,177,44,2.7265625
guenther2022relational,177,45,2.2890625
guenther2022relational,177,46,2.421875
guenther2022relational,177,47,2.9482421875
guenther2022relational,177,48,2.2734375
guenther2022relational,177,49,2.24609375
guenther2022relational,177,50,1.720703125
guenther2022relational,177,51,2.3046875
guenther2022relational,177,52,2.68359375
guenther2022relational,177,53,2.0546875
guenther2022relational,177,54,3.015625
guenther2022relational,178,0,3.77337646484375
guenther2022relational,178,1,1.99609375
guenther2022relational,178,2,3.134765625
guenther2022relational,178,3,1.7822265625
guenther2022relational,178,4,1.8837890625
guenther2022relational,178,5,1.6015625
guenther2022relational,178,6,4.13671875
guenther2022relational,178,7,2.48828125
guenther2022relational,178,8,5.1220703125
guenther2022relational,178,9,2.741943359375
guenther2022relational,178,10,2.876953125
guenther2022relational,178,11,3.4853515625
guenther2022relational,178,12,4.08251953125
guenther2022relational,178,13,3.55517578125
guenther2022relational,178,14,4.37890625
guenther2022relational,178,15,3.470703125
guenther2022relational,178,16,4.3828125
guenther2022relational,178,17,2.3291015625
guenther2022relational,178,18,3.6591796875
guenther2022relational,178,19,1.59912109375
guenther2022relational,178,20,2.4541015625
guenther2022relational,178,21,2.03369140625
guenther2022relational,178,22,2.19287109375
guenther2022relational,178,23,3.775390625
guenther2022relational,178,24,1.83056640625
guenther2022relational,178,25,5.46875
guenther2022relational,178,26,3.427734375
guenther2022relational,178,27,2.1650390625
guenther2022relational,178,28,2.63671875
guenther2022relational,178,29,3.6103515625
guenther2022relational,178,30,2.46142578125
guenther2022relational,178,31,1.96533203125
guenther2022relational,178,32,2.52734375
guenther2022relational,178,33,3.81640625
guenther2022relational,178,34,3.4765625
guenther2022relational,178,35,3.029296875
guenther2022relational,178,36,2.13037109375
guenther2022relational,178,37,1.9677734375
guenther2022relational,178,38,2.12890625
guenther2022relational,178,39,2.27734375
guenther2022relational,178,40,1.8095703125
guenther2022relational,178,41,2.0244140625
guenther2022relational,178,42,1.7822265625
guenther2022relational,178,43,3.666015625
guenther2022relational,178,44,1.62548828125
guenther2022relational,178,45,4.27734375
guenther2022relational,178,46,1.58642578125
guenther2022relational,178,47,4.203125
guenther2022relational,178,48,3.375
guenther2022relational,178,49,2.8671875
guenther2022relational,178,50,2.359375
guenther2022relational,178,51,2.5390625
guenther2022relational,178,52,2.4267578125
guenther2022relational,178,53,2.8916015625
guenther2022relational,178,54,1.48046875
guenther2022relational,179,0,5.0076904296875
guenther2022relational,179,1,2.1962890625
guenther2022relational,179,2,3.01708984375
guenther2022relational,179,3,0.9619140625
guenther2022relational,179,4,1.40576171875
guenther2022relational,179,5,2.507080078125
guenther2022relational,179,6,4.4453125
guenther2022relational,179,7,2.9541015625
guenther2022relational,179,8,1.6845703125
guenther2022relational,179,9,1.80126953125
guenther2022relational,179,10,4.4267578125
guenther2022relational,179,11,1.67626953125
guenther2022relational,179,12,2.05322265625
guenther2022relational,179,13,5.1904296875
guenther2022relational,179,14,2.882080078125
guenther2022relational,179,15,1.757080078125
guenther2022relational,179,16,3.01171875
guenther2022relational,179,17,2.52392578125
guenther2022relational,179,18,2.9775390625
guenther2022relational,179,19,2.7392578125
guenther2022relational,179,20,3.96484375
guenther2022relational,179,21,1.4150390625
guenther2022relational,179,22,2.6845703125
guenther2022relational,179,23,1.011474609375
guenther2022relational,179,24,0.9150390625
guenther2022relational,179,25,1.1923828125
guenther2022relational,179,26,2.47021484375
guenther2022relational,179,27,2.11962890625
guenther2022relational,179,28,3.087890625
guenther2022relational,179,29,3.61767578125
guenther2022relational,179,30,5.94921875
guenther2022relational,179,31,2.2666015625
guenther2022relational,179,32,5.53125
guenther2022relational,179,33,1.39453125
guenther2022relational,179,34,1.724609375
guenther2022relational,179,35,3.365234375
guenther2022relational,179,36,2.5390625
guenther2022relational,179,37,2.314453125
guenther2022relational,179,38,2.7734375
guenther2022relational,179,39,1.1064453125
guenther2022relational,179,40,2.9013671875
guenther2022relational,179,41,3.3203125
guenther2022relational,179,42,4.359375
guenther2022relational,179,43,1.1962890625
guenther2022relational,179,44,2.0625
guenther2022relational,179,45,2.2607421875
guenther2022relational,179,46,1.05859375
guenther2022relational,179,47,2.6484375
guenther2022relational,179,48,2.3603515625
guenther2022relational,179,49,1.544921875
guenther2022relational,179,50,3.388671875
guenther2022relational,179,51,3.0078125
guenther2022relational,179,52,2.6640625
guenther2022relational,179,53,3.2509765625
guenther2022relational,179,54,1.49609375
guenther2022relational,180,0,5.1484375
guenther2022relational,180,1,4.697265625
guenther2022relational,180,2,1.2734375
guenther2022relational,180,3,4.54150390625
guenther2022relational,180,4,4.44775390625
guenther2022relational,180,5,1.02099609375
guenther2022relational,180,6,1.91943359375
guenther2022relational,180,7,1.7861328125
guenther2022relational,180,8,1.16259765625
guenther2022relational,180,9,2.8592529296875
guenther2022relational,180,10,1.2177734375
guenther2022relational,180,11,1.62158203125
guenther2022relational,180,12,0.6025390625
guenther2022relational,180,13,0.9686279296875
guenther2022relational,180,14,5.0390625
guenther2022relational,180,15,1.05126953125
guenther2022relational,180,16,1.530517578125
guenther2022relational,180,17,4.3193359375
guenther2022relational,180,18,1.39892578125
guenther2022relational,180,19,1.5146484375
guenther2022relational,180,20,1.2724609375
guenther2022relational,180,21,1.0908203125
guenther2022relational,180,22,0.835205078125
guenther2022relational,180,23,0.7303466796875
guenther2022relational,180,24,0.698486328125
guenther2022relational,180,25,0.5584716796875
guenther2022relational,180,26,0.78759765625
guenther2022relational,180,27,4.429443359375
guenther2022relational,180,28,5.0546875
guenther2022relational,180,29,1.7275390625
guenther2022relational,180,30,1.029296875
guenther2022relational,180,31,0.630859375
guenther2022relational,180,32,4.0244140625
guenther2022relational,180,33,0.99755859375
guenther2022relational,180,34,2.982421875
guenther2022relational,180,35,3.76953125
guenther2022relational,180,36,2.68017578125
guenther2022relational,180,37,2.650390625
guenther2022relational,180,38,5.0
guenther2022relational,180,39,3.5234375
guenther2022relational,180,40,2.6669921875
guenther2022relational,180,41,0.85205078125
guenther2022relational,180,42,1.2119140625
guenther2022relational,180,43,2.875
guenther2022relational,180,44,6.27392578125
guenther2022relational,180,45,4.8984375
guenther2022relational,180,46,1.0009765625
guenther2022relational,180,47,4.5693359375
guenther2022relational,180,48,1.2744140625
guenther2022relational,180,49,5.5625
guenther2022relational,180,50,1.07080078125
guenther2022relational,180,51,3.57275390625
guenther2022relational,180,52,1.15625
guenther2022relational,180,53,1.2177734375
guenther2022relational,180,54,0.79833984375
guenther2022relational,181,0,4.796875
guenther2022relational,181,1,4.6318359375
guenther2022relational,181,2,3.791015625
guenther2022relational,181,3,3.216796875
guenther2022relational,181,4,1.59130859375
guenther2022relational,181,5,2.76025390625
guenther2022relational,181,6,4.1220703125
guenther2022relational,181,7,2.8876953125
guenther2022relational,181,8,2.9033203125
guenther2022relational,181,9,1.8896484375
guenther2022relational,181,10,3.8203125
guenther2022relational,181,11,2.507080078125
guenther2022relational,181,12,3.2421875
guenther2022relational,181,13,3.3291015625
guenther2022relational,181,14,3.3095703125
guenther2022relational,181,15,2.6318359375
guenther2022relational,181,16,2.416015625
guenther2022relational,181,17,1.3408203125
guenther2022relational,181,18,4.2216796875
guenther2022relational,181,19,2.822265625
guenther2022relational,181,20,2.4501953125
guenther2022relational,181,21,2.1708984375
guenther2022relational,181,22,1.9892578125
guenther2022relational,181,23,1.296630859375
guenther2022relational,181,24,2.3212890625
guenther2022relational,181,25,5.02001953125
guenther2022relational,181,26,1.9189453125
guenther2022relational,181,27,1.9697265625
guenther2022relational,181,28,1.62109375
guenther2022relational,181,29,1.5205078125
guenther2022relational,181,30,3.84912109375
guenther2022relational,181,31,3.335693359375
guenther2022relational,181,32,1.2314453125
guenther2022relational,181,33,2.8592529296875
guenther2022relational,181,34,1.772705078125
guenther2022relational,181,35,2.03515625
guenther2022relational,181,36,3.36376953125
guenther2022relational,181,37,2.757568359375
guenther2022relational,181,38,1.319580078125
guenther2022relational,181,39,1.646484375
guenther2022relational,181,40,1.4061279296875
guenther2022relational,181,41,1.15478515625
guenther2022relational,181,42,3.194580078125
guenther2022relational,181,43,2.31689453125
guenther2022relational,181,44,2.7646484375
guenther2022relational,181,45,0.65771484375
guenther2022relational,181,46,1.280517578125
guenther2022relational,181,47,2.9217529296875
guenther2022relational,181,48,2.67822265625
guenther2022relational,181,49,2.6943359375
guenther2022relational,181,50,1.538330078125
guenther2022relational,181,51,2.7177734375
guenther2022relational,181,52,5.1708984375
guenther2022relational,181,53,1.80517578125
guenther2022relational,181,54,2.085693359375
guenther2022relational,182,0,5.3046875
guenther2022relational,182,1,2.82421875
guenther2022relational,182,2,1.20556640625
guenther2022relational,182,3,2.97900390625
guenther2022relational,182,4,0.8603515625
guenther2022relational,182,5,0.6435546875
guenther2022relational,182,6,0.898406982421875
guenther2022relational,182,7,1.85009765625
guenther2022relational,182,8,5.9443359375
guenther2022relational,182,9,3.64013671875
guenther2022relational,182,10,3.21826171875
guenther2022relational,182,11,4.5791015625
guenther2022relational,182,12,2.47900390625
guenther2022relational,182,13,4.78662109375
guenther2022relational,182,14,3.8828125
guenther2022relational,182,15,4.529296875
guenther2022relational,182,16,2.647705078125
guenther2022relational,182,17,2.7431640625
guenther2022relational,182,18,3.21484375
guenther2022relational,182,19,2.73583984375
guenther2022relational,182,20,2.044921875
guenther2022relational,182,21,3.100830078125
guenther2022relational,182,22,2.59326171875
guenther2022relational,182,23,2.412109375
guenther2022relational,182,24,4.0703125
guenther2022relational,182,25,2.76025390625
guenther2022relational,182,26,2.6064453125
guenther2022relational,182,27,2.2705078125
guenther2022relational,182,28,1.92626953125
guenther2022relational,182,29,3.8349609375
guenther2022relational,182,30,2.4306640625
guenther2022relational,182,31,1.63818359375
guenther2022relational,182,32,1.57421875
guenther2022relational,182,33,2.8564453125
guenther2022relational,182,34,1.50244140625
guenther2022relational,182,35,2.05517578125
guenther2022relational,182,36,5.404296875
guenther2022relational,182,37,3.27685546875
guenther2022relational,182,38,1.9130859375
guenther2022relational,182,39,4.36767578125
guenther2022relational,182,40,2.58447265625
guenther2022relational,182,41,2.616943359375
guenther2022relational,182,42,2.07470703125
guenther2022relational,182,43,2.86572265625
guenther2022relational,182,44,2.13330078125
guenther2022relational,182,45,1.6845703125
guenther2022relational,182,46,2.70947265625
guenther2022relational,182,47,1.632080078125
guenther2022relational,182,48,3.8212890625
guenther2022relational,182,49,1.4217529296875
guenther2022relational,182,50,3.71484375
guenther2022relational,182,51,4.226531982421875
guenther2022relational,182,52,1.7158203125
guenther2022relational,182,53,3.553955078125
guenther2022relational,182,54,2.6865234375
guenther2022relational,183,0,4.80859375
guenther2022relational,183,1,0.564453125
guenther2022relational,183,2,4.8212890625
guenther2022relational,183,3,4.0068359375
guenther2022relational,183,4,1.8095703125
guenther2022relational,183,5,4.18359375
guenther2022relational,183,6,3.873046875
guenther2022relational,183,7,4.203125
guenther2022relational,183,8,4.9853515625
guenther2022relational,183,9,2.50390625
guenther2022relational,183,10,3.91015625
guenther2022relational,183,11,1.349609375
guenther2022relational,183,12,2.8564453125
guenther2022relational,183,13,3.37890625
guenther2022relational,183,14,2.2470703125
guenther2022relational,183,15,2.2509765625
guenther2022relational,183,16,2.98046875
guenther2022relational,183,17,2.38671875
guenther2022relational,183,18,2.5205078125
guenther2022relational,183,19,3.6220703125
guenther2022relational,183,20,3.4609375
guenther2022relational,183,21,3.076171875
guenther2022relational,183,22,3.08251953125
guenther2022relational,183,23,2.212890625
guenther2022relational,183,24,2.44140625
guenther2022relational,183,25,2.0419921875
guenther2022relational,183,26,4.2275390625
guenther2022relational,183,27,2.3408203125
guenther2022relational,183,28,2.025390625
guenther2022relational,183,29,1.8681640625
guenther2022relational,183,30,4.4541015625
guenther2022relational,183,31,2.5068359375
guenther2022relational,183,32,1.35400390625
guenther2022relational,183,33,3.5859375
guenther2022relational,183,34,4.9453125
guenther2022relational,183,35,3.8447265625
guenther2022relational,183,36,2.06689453125
guenther2022relational,183,37,3.2958984375
guenther2022relational,183,38,2.888671875
guenther2022relational,183,39,1.6123046875
guenther2022relational,183,40,4.21826171875
guenther2022relational,183,41,4.4443359375
guenther2022relational,183,42,4.6669921875
guenther2022relational,183,43,2.569580078125
guenther2022relational,183,44,1.3046875
guenther2022relational,183,45,2.0966796875
guenther2022relational,183,46,4.2030029296875
guenther2022relational,183,47,4.421875
guenther2022relational,183,48,2.5859375
guenther2022relational,183,49,1.94873046875
guenther2022relational,183,50,1.630859375
guenther2022relational,183,51,3.8203125
guenther2022relational,183,52,2.3193359375
guenther2022relational,183,53,2.9296875
guenther2022relational,183,54,3.33251953125
guenther2022relational,184,0,4.25
guenther2022relational,184,1,2.1484375
guenther2022relational,184,2,0.923828125
guenther2022relational,184,3,4.9208984375
guenther2022relational,184,4,2.8955078125
guenther2022relational,184,5,1.12548828125
guenther2022relational,184,6,3.554443359375
guenther2022relational,184,7,2.70263671875
guenther2022relational,184,8,4.4658203125
guenther2022relational,184,9,2.898193359375
guenther2022relational,184,10,4.085693359375
guenther2022relational,184,11,2.1748046875
guenther2022relational,184,12,3.7109375
guenther2022relational,184,13,1.15087890625
guenther2022relational,184,14,0.326141357421875
guenther2022relational,184,15,2.7275390625
guenther2022relational,184,16,2.1220703125
guenther2022relational,184,17,3.3759765625
guenther2022relational,184,18,1.4560546875
guenther2022relational,184,19,1.52490234375
guenther2022relational,184,20,5.109375
guenther2022relational,184,21,2.6826171875
guenther2022relational,184,22,3.3447265625
guenther2022relational,184,23,2.2783203125
guenther2022relational,184,24,2.375
guenther2022relational,184,25,3.6435546875
guenther2022relational,184,26,2.3330078125
guenther2022relational,184,27,3.974609375
guenther2022relational,184,28,2.0615234375
guenther2022relational,184,29,3.90625
guenther2022relational,184,30,5.921875
guenther2022relational,184,31,2.32080078125
guenther2022relational,184,32,4.37890625
guenther2022relational,184,33,3.7626953125
guenther2022relational,184,34,2.22705078125
guenther2022relational,184,35,1.896484375
guenther2022relational,184,36,2.27392578125
guenther2022relational,184,37,3.826171875
guenther2022relational,184,38,2.3759765625
guenther2022relational,184,39,1.9541015625
guenther2022relational,184,40,3.62890625
guenther2022relational,184,41,2.0048828125
guenther2022relational,184,42,4.462890625
guenther2022relational,184,43,2.35205078125
guenther2022relational,184,44,3.08984375
guenther2022relational,184,45,3.16015625
guenther2022relational,184,46,2.2705078125
guenther2022relational,184,47,2.8984375
guenther2022relational,184,48,1.7314453125
guenther2022relational,184,49,2.376953125
guenther2022relational,184,50,2.80859375
guenther2022relational,184,51,2.80859375
guenther2022relational,184,52,3.9189453125
guenther2022relational,184,53,2.98388671875
guenther2022relational,184,54,3.6796875
guenther2022relational,185,0,3.9765625
guenther2022relational,185,1,2.294921875
guenther2022relational,185,2,1.0986328125
guenther2022relational,185,3,5.69921875
guenther2022relational,185,4,2.64501953125
guenther2022relational,185,5,4.0
guenther2022relational,185,6,3.2607421875
guenther2022relational,185,7,3.32275390625
guenther2022relational,185,8,3.4375
guenther2022relational,185,9,0.8076171875
guenther2022relational,185,10,3.056640625
guenther2022relational,185,11,2.3095703125
guenther2022relational,185,12,2.5673828125
guenther2022relational,185,13,2.8818359375
guenther2022relational,185,14,4.16162109375
guenther2022relational,185,15,2.1064453125
guenther2022relational,185,16,3.55322265625
guenther2022relational,185,17,1.9921875
guenther2022relational,185,18,3.466796875
guenther2022relational,185,19,2.322265625
guenther2022relational,185,20,3.53125
guenther2022relational,185,21,2.10205078125
guenther2022relational,185,22,2.3212890625
guenther2022relational,185,23,3.6220703125
guenther2022relational,185,24,2.30859375
guenther2022relational,185,25,2.89892578125
guenther2022relational,185,26,5.88671875
guenther2022relational,185,27,2.93359375
guenther2022relational,185,28,4.6630859375
guenther2022relational,185,29,3.6064453125
guenther2022relational,185,30,3.029296875
guenther2022relational,185,31,4.78515625
guenther2022relational,185,32,2.419921875
guenther2022relational,185,33,1.3896484375
guenther2022relational,185,34,3.5537109375
guenther2022relational,185,35,2.92626953125
guenther2022relational,185,36,2.021484375
guenther2022relational,185,37,2.84765625
guenther2022relational,185,38,3.49609375
guenther2022relational,185,39,3.0361328125
guenther2022relational,185,40,2.21826171875
guenther2022relational,185,41,3.3984375
guenther2022relational,185,42,3.6796875
guenther2022relational,185,43,2.4912109375
guenther2022relational,185,44,2.4150390625
guenther2022relational,185,45,2.85205078125
guenther2022relational,185,46,2.609375
guenther2022relational,185,47,2.56689453125
guenther2022relational,185,48,3.6923828125
guenther2022relational,185,49,3.59375
guenther2022relational,185,50,2.9765625
guenther2022relational,185,51,1.81005859375
guenther2022relational,185,52,3.0439453125
guenther2022relational,185,53,3.0078125
guenther2022relational,185,54,1.6806640625
guenther2022relational,186,0,5.117156982421875
guenther2022relational,186,1,3.7080078125
guenther2022relational,186,2,3.2724609375
guenther2022relational,186,3,2.5390625
guenther2022relational,186,4,3.83447265625
guenther2022relational,186,5,1.94580078125
guenther2022relational,186,6,1.51611328125
guenther2022relational,186,7,1.20068359375
guenther2022relational,186,8,4.4140625
guenther2022relational,186,9,3.21142578125
guenther2022relational,186,10,2.98828125
guenther2022relational,186,11,4.0126953125
guenther2022relational,186,12,1.134765625
guenther2022relational,186,13,1.5234375
guenther2022relational,186,14,2.3173828125
guenther2022relational,186,15,1.1083984375
guenther2022relational,186,16,0.9677734375
guenther2022relational,186,17,5.693359375
guenther2022relational,186,18,2.1171875
guenther2022relational,186,19,2.3251953125
guenther2022relational,186,20,1.3818359375
guenther2022relational,186,21,3.064453125
guenther2022relational,186,22,5.75390625
guenther2022relational,186,23,4.9921875
guenther2022relational,186,24,2.025390625
guenther2022relational,186,25,2.765625
guenther2022relational,186,26,2.0390625
guenther2022relational,186,27,2.462890625
guenther2022relational,186,28,2.125
guenther2022relational,186,29,3.26953125
guenther2022relational,186,30,1.71484375
guenther2022relational,186,31,1.8857421875
guenther2022relational,186,32,2.0322265625
guenther2022relational,186,33,3.5712890625
guenther2022relational,186,34,4.755859375
guenther2022relational,186,35,5.244140625
guenther2022relational,186,36,4.8955078125
guenther2022relational,186,37,1.70703125
guenther2022relational,186,38,1.43359375
guenther2022relational,186,39,3.662109375
guenther2022relational,186,40,2.9921875
guenther2022relational,186,41,4.60546875
guenther2022relational,186,42,1.396484375
guenther2022relational,186,43,3.986328125
guenther2022relational,186,44,3.4765625
guenther2022relational,186,45,2.1591796875
guenther2022relational,186,46,1.68896484375
guenther2022relational,186,47,2.125
guenther2022relational,186,48,2.4033203125
guenther2022relational,186,49,2.5234375
guenther2022relational,186,50,2.37890625
guenther2022relational,186,51,2.9970703125
guenther2022relational,186,52,2.0615234375
guenther2022relational,186,53,1.7275390625
guenther2022relational,186,54,2.5703125
guenther2022relational,187,0,3.578094482421875
guenther2022relational,187,1,0.560546875
guenther2022relational,187,2,4.234375
guenther2022relational,187,3,0.947265625
guenther2022relational,187,4,6.0791015625
guenther2022relational,187,5,3.1845703125
guenther2022relational,187,6,3.8544921875
guenther2022relational,187,7,3.5263671875
guenther2022relational,187,8,4.2470703125
guenther2022relational,187,9,2.69921875
guenther2022relational,187,10,3.2041015625
guenther2022relational,187,11,3.0791015625
guenther2022relational,187,12,3.244140625
guenther2022relational,187,13,1.591796875
guenther2022relational,187,14,3.5068359375
guenther2022relational,187,15,3.44580078125
guenther2022relational,187,16,1.18359375
guenther2022relational,187,17,2.81689453125
guenther2022relational,187,18,3.2685546875
guenther2022relational,187,19,2.13671875
guenther2022relational,187,20,3.26513671875
guenther2022relational,187,21,3.0234375
guenther2022relational,187,22,2.6982421875
guenther2022relational,187,23,3.11328125
guenther2022relational,187,24,3.390625
guenther2022relational,187,25,2.35400390625
guenther2022relational,187,26,3.5625
guenther2022relational,187,27,2.578125
guenther2022relational,187,28,1.755859375
guenther2022relational,187,29,2.416015625
guenther2022relational,187,30,1.984375
guenther2022relational,187,31,2.88037109375
guenther2022relational,187,32,3.7109375
guenther2022relational,187,33,2.919921875
guenther2022relational,187,34,2.587890625
guenther2022relational,187,35,2.1455078125
guenther2022relational,187,36,2.55517578125
guenther2022relational,187,37,2.97900390625
guenther2022relational,187,38,2.11767578125
guenther2022relational,187,39,1.7978515625
guenther2022relational,187,40,1.6572265625
guenther2022relational,187,41,1.34619140625
guenther2022relational,187,42,3.0458984375
guenther2022relational,187,43,1.01220703125
guenther2022relational,187,44,1.226318359375
guenther2022relational,187,45,2.87939453125
guenther2022relational,187,46,2.42333984375
guenther2022relational,187,47,4.5693359375
guenther2022relational,187,48,1.84765625
guenther2022relational,187,49,4.6533203125
guenther2022relational,187,50,2.47900390625
guenther2022relational,187,51,2.435546875
guenther2022relational,187,52,2.123046875
guenther2022relational,187,53,3.2626953125
guenther2022relational,187,54,1.9658203125
guenther2022relational,188,0,6.609344482421875
guenther2022relational,188,1,3.9150390625
guenther2022relational,188,2,3.45458984375
guenther2022relational,188,3,3.6416015625
guenther2022relational,188,4,2.9716796875
guenther2022relational,188,5,1.9951171875
guenther2022relational,188,6,2.435546875
guenther2022relational,188,7,1.96337890625
guenther2022relational,188,8,2.998046875
guenther2022relational,188,9,1.741943359375
guenther2022relational,188,10,1.13818359375
guenther2022relational,188,11,1.44482421875
guenther2022relational,188,12,3.484375
guenther2022relational,188,13,1.72705078125
guenther2022relational,188,14,5.373046875
guenther2022relational,188,15,2.77734375
guenther2022relational,188,16,6.6171875
guenther2022relational,188,17,2.4677734375
guenther2022relational,188,18,2.350830078125
guenther2022relational,188,19,3.2626953125
guenther2022relational,188,20,3.142578125
guenther2022relational,188,21,3.265625
guenther2022relational,188,22,2.42333984375
guenther2022relational,188,23,3.71826171875
guenther2022relational,188,24,2.17626953125
guenther2022relational,188,25,2.69140625
guenther2022relational,188,26,1.34765625
guenther2022relational,188,27,3.6826171875
guenther2022relational,188,28,4.51025390625
guenther2022relational,188,29,2.169921875
guenther2022relational,188,30,1.63818359375
guenther2022relational,188,31,1.7783203125
guenther2022relational,188,32,2.7109375
guenther2022relational,188,33,5.2216796875
guenther2022relational,188,34,2.928955078125
guenther2022relational,188,35,5.078125
guenther2022relational,188,36,3.2265625
guenther2022relational,188,37,3.015625
guenther2022relational,188,38,0.806640625
guenther2022relational,188,39,1.544921875
guenther2022relational,188,40,3.67333984375
guenther2022relational,188,41,2.0107421875
guenther2022relational,188,42,3.2587890625
guenther2022relational,188,43,5.173828125
guenther2022relational,188,44,2.1640625
guenther2022relational,188,45,2.08203125
guenther2022relational,188,46,3.29296875
guenther2022relational,188,47,3.1962890625
guenther2022relational,188,48,2.2568359375
guenther2022relational,188,49,2.353515625
guenther2022relational,188,50,2.41796875
guenther2022relational,188,51,2.2890625
guenther2022relational,188,52,1.810546875
guenther2022relational,188,53,3.3037109375
guenther2022relational,188,54,1.3310546875
guenther2022relational,189,0,5.007781982421875
guenther2022relational,189,1,2.56201171875
guenther2022relational,189,2,3.826171875
guenther2022relational,189,3,3.30078125
guenther2022relational,189,4,1.5302734375
guenther2022relational,189,5,3.666015625
guenther2022relational,189,6,3.6689453125
guenther2022relational,189,7,1.75244140625
guenther2022relational,189,8,2.9423828125
guenther2022relational,189,9,2.9091796875
guenther2022relational,189,10,2.4814453125
guenther2022relational,189,11,3.67578125
guenther2022relational,189,12,1.95947265625
guenther2022relational,189,13,4.6640625
guenther2022relational,189,14,2.8408203125
guenther2022relational,189,15,2.29150390625
guenther2022relational,189,16,2.095703125
guenther2022relational,189,17,1.47607421875
guenther2022relational,189,18,3.90625
guenther2022relational,189,19,2.05078125
guenther2022relational,189,20,1.6455078125
guenther2022relational,189,21,2.44140625
guenther2022relational,189,22,2.1015625
guenther2022relational,189,23,1.4375
guenther2022relational,189,24,1.294921875
guenther2022relational,189,25,2.1015625
guenther2022relational,189,26,2.283203125
guenther2022relational,189,27,2.9609375
guenther2022relational,189,28,2.0166015625
guenther2022relational,189,29,2.45703125
guenther2022relational,189,30,2.57421875
guenther2022relational,189,31,1.34619140625
guenther2022relational,189,32,2.3671875
guenther2022relational,189,33,1.447265625
guenther2022relational,189,34,2.513671875
guenther2022relational,189,35,4.60400390625
guenther2022relational,189,36,1.0810546875
guenther2022relational,189,37,1.458984375
guenther2022relational,189,38,2.75
guenther2022relational,189,39,2.083984375
guenther2022relational,189,40,0.775390625
guenther2022relational,189,41,5.40625
guenther2022relational,189,42,3.439453125
guenther2022relational,189,43,3.546875
guenther2022relational,189,44,1.703125
guenther2022relational,189,45,2.20703125
guenther2022relational,189,46,3.630859375
guenther2022relational,189,47,2.015625
guenther2022relational,189,48,2.4599609375
guenther2022relational,189,49,2.4287109375
guenther2022relational,189,50,2.2919921875
guenther2022relational,189,51,3.0859375
guenther2022relational,189,52,2.482421875
guenther2022relational,189,53,2.04296875
guenther2022relational,189,54,4.1796875
guenther2022relational,190,0,3.687469482421875
guenther2022relational,190,1,3.32421875
guenther2022relational,190,2,2.27392578125
guenther2022relational,190,3,3.0986328125
guenther2022relational,190,4,1.8017578125
guenther2022relational,190,5,3.5830078125
guenther2022relational,190,6,0.84423828125
guenther2022relational,190,7,5.25
guenther2022relational,190,8,3.130859375
guenther2022relational,190,9,3.30859375
guenther2022relational,190,10,2.83203125
guenther2022relational,190,11,5.89453125
guenther2022relational,190,12,3.0703125
guenther2022relational,190,13,4.541015625
guenther2022relational,190,14,2.794921875
guenther2022relational,190,15,2.81640625
guenther2022relational,190,16,3.9140625
guenther2022relational,190,17,3.007080078125
guenther2022relational,190,18,3.5078125
guenther2022relational,190,19,2.9033203125
guenther2022relational,190,20,2.556640625
guenther2022relational,190,21,3.33984375
guenther2022relational,190,22,3.1171875
guenther2022relational,190,23,2.5546875
guenther2022relational,190,24,2.5390625
guenther2022relational,190,25,2.1962890625
guenther2022relational,190,26,2.5546875
guenther2022relational,190,27,4.099609375
guenther2022relational,190,28,2.0263671875
guenther2022relational,190,29,1.978515625
guenther2022relational,190,30,2.447265625
guenther2022relational,190,31,3.6669921875
guenther2022relational,190,32,3.1650390625
guenther2022relational,190,33,3.28955078125
guenther2022relational,190,34,2.35400390625
guenther2022relational,190,35,3.31787109375
guenther2022relational,190,36,2.1962890625
guenther2022relational,190,37,1.98828125
guenther2022relational,190,38,2.375
guenther2022relational,190,39,2.71826171875
guenther2022relational,190,40,2.29296875
guenther2022relational,190,41,2.169921875
guenther2022relational,190,42,3.232421875
guenther2022relational,190,43,2.341796875
guenther2022relational,190,44,3.66650390625
guenther2022relational,190,45,2.2744140625
guenther2022relational,190,46,4.44140625
guenther2022relational,190,47,2.2275390625
guenther2022relational,190,48,3.625
guenther2022relational,190,49,1.7958984375
guenther2022relational,190,50,3.6796875
guenther2022relational,190,51,2.68359375
guenther2022relational,190,52,3.2255859375
guenther2022relational,190,53,2.1279296875
guenther2022relational,190,54,2.1171875
guenther2022relational,191,0,3.421875
guenther2022relational,191,1,1.14208984375
guenther2022relational,191,2,4.623046875
guenther2022relational,191,3,3.10400390625
guenther2022relational,191,4,1.740234375
guenther2022relational,191,5,1.5361328125
guenther2022relational,191,6,1.51953125
guenther2022relational,191,7,3.08984375
guenther2022relational,191,8,1.4814453125
guenther2022relational,191,9,1.29296875
guenther2022relational,191,10,0.702880859375
guenther2022relational,191,11,1.2177734375
guenther2022relational,191,12,4.8955078125
guenther2022relational,191,13,4.5859375
guenther2022relational,191,14,3.2392578125
guenther2022relational,191,15,3.4296875
guenther2022relational,191,16,2.3095703125
guenther2022relational,191,17,3.01025390625
guenther2022relational,191,18,2.14697265625
guenther2022relational,191,19,1.2001953125
guenther2022relational,191,20,2.09765625
guenther2022relational,191,21,1.818359375
guenther2022relational,191,22,0.912109375
guenther2022relational,191,23,3.74267578125
guenther2022relational,191,24,0.6884765625
guenther2022relational,191,25,1.1767578125
guenther2022relational,191,26,0.77587890625
guenther2022relational,191,27,2.5107421875
guenther2022relational,191,28,4.2587890625
guenther2022relational,191,29,3.35009765625
guenther2022relational,191,30,3.54638671875
guenther2022relational,191,31,3.2275390625
guenther2022relational,191,32,1.2412109375
guenther2022relational,191,33,1.1611328125
guenther2022relational,191,34,4.7841796875
guenther2022relational,191,35,1.29443359375
guenther2022relational,191,36,2.841796875
guenther2022relational,191,37,1.034423828125
guenther2022relational,191,38,3.24951171875
guenther2022relational,191,39,2.3427734375
guenther2022relational,191,40,4.90576171875
guenther2022relational,191,41,3.05126953125
guenther2022relational,191,42,2.826171875
guenther2022relational,191,43,1.08447265625
guenther2022relational,191,44,5.046875
guenther2022relational,191,45,3.3642578125
guenther2022relational,191,46,2.46875
guenther2022relational,191,47,2.9521484375
guenther2022relational,191,48,2.70947265625
guenther2022relational,191,49,3.6396484375
guenther2022relational,191,50,1.4375
guenther2022relational,191,51,6.36767578125
guenther2022relational,191,52,1.08447265625
guenther2022relational,191,53,0.928955078125
guenther2022relational,191,54,3.328125
guenther2022relational,192,0,2.277313232421875
guenther2022relational,192,1,5.9765625
guenther2022relational,192,2,1.83984375
guenther2022relational,192,3,4.18701171875
guenther2022relational,192,4,2.26953125
guenther2022relational,192,5,2.560546875
guenther2022relational,192,6,3.73046875
guenther2022relational,192,7,2.6328125
guenther2022relational,192,8,1.919921875
guenther2022relational,192,9,3.71875
guenther2022relational,192,10,2.3642578125
guenther2022relational,192,11,1.8916015625
guenther2022relational,192,12,2.52734375
guenther2022relational,192,13,2.4794921875
guenther2022relational,192,14,2.37890625
guenther2022relational,192,15,3.21142578125
guenther2022relational,192,16,5.421875
guenther2022relational,192,17,4.1171875
guenther2022relational,192,18,1.9453125
guenther2022relational,192,19,3.859375
guenther2022relational,192,20,1.98046875
guenther2022relational,192,21,1.17431640625
guenther2022relational,192,22,3.626953125
guenther2022relational,192,23,5.7421875
guenther2022relational,192,24,2.2294921875
guenther2022relational,192,25,3.9921875
guenther2022relational,192,26,2.8759765625
guenther2022relational,192,27,2.5703125
guenther2022relational,192,28,2.31640625
guenther2022relational,192,29,3.8359375
guenther2022relational,192,30,2.1416015625
guenther2022relational,192,31,3.6103515625
guenther2022relational,192,32,4.0048828125
guenther2022relational,192,33,2.00390625
guenther2022relational,192,34,2.748046875
guenther2022relational,192,35,1.82421875
guenther2022relational,192,36,2.08984375
guenther2022relational,192,37,2.6318359375
guenther2022relational,192,38,2.947265625
guenther2022relational,192,39,2.57080078125
guenther2022relational,192,40,3.1796875
guenther2022relational,192,41,3.25390625
guenther2022relational,192,42,2.8544921875
guenther2022relational,192,43,1.1884765625
guenther2022relational,192,44,2.884765625
guenther2022relational,192,45,2.1142578125
guenther2022relational,192,46,1.7216796875
guenther2022relational,192,47,2.11962890625
guenther2022relational,192,48,3.39501953125
guenther2022relational,192,49,1.6240234375
guenther2022relational,192,50,2.46484375
guenther2022relational,192,51,4.640625
guenther2022relational,192,52,4.18701171875
guenther2022relational,192,53,1.56689453125
guenther2022relational,192,54,5.4375
guenther2022relational,193,0,2.949188232421875
guenther2022relational,193,1,2.84326171875
guenther2022relational,193,2,2.46826171875
guenther2022relational,193,3,2.29150390625
guenther2022relational,193,4,2.7265625
guenther2022relational,193,5,3.3056640625
guenther2022relational,193,6,2.009765625
guenther2022relational,193,7,2.69384765625
guenther2022relational,193,8,3.06787109375
guenther2022relational,193,9,2.6650390625
guenther2022relational,193,10,5.671875
guenther2022relational,193,11,2.4609375
guenther2022relational,193,12,3.6015625
guenther2022relational,193,13,3.9140625
guenther2022relational,193,14,3.2900390625
guenther2022relational,193,15,2.751953125
guenther2022relational,193,16,2.5625
guenther2022relational,193,17,3.62109375
guenther2022relational,193,18,4.654296875
guenther2022relational,193,19,3.9453125
guenther2022relational,193,20,2.583984375
guenther2022relational,193,21,3.587890625
guenther2022relational,193,22,3.7919921875
guenther2022relational,193,23,2.4765625
guenther2022relational,193,24,2.71484375
guenther2022relational,193,25,3.482421875
guenther2022relational,193,26,3.21484375
guenther2022relational,193,27,2.29296875
guenther2022relational,193,28,5.12890625
guenther2022relational,193,29,2.0498046875
guenther2022relational,193,30,2.76171875
guenther2022relational,193,31,3.09375
guenther2022relational,193,32,2.58251953125
guenther2022relational,193,33,4.0068359375
guenther2022relational,193,34,2.7939453125
guenther2022relational,193,35,2.4716796875
guenther2022relational,193,36,1.431640625
guenther2022relational,193,37,2.2578125
guenther2022relational,193,38,3.14697265625
guenther2022relational,193,39,3.1875
guenther2022relational,193,40,3.109375
guenther2022relational,193,41,1.8466796875
guenther2022relational,193,42,3.984375
guenther2022relational,193,43,2.474609375
guenther2022relational,193,44,1.541015625
guenther2022relational,193,45,1.78515625
guenther2022relational,193,46,3.453125
guenther2022relational,193,47,3.63671875
guenther2022relational,193,48,3.2294921875
guenther2022relational,193,49,3.3671875
guenther2022relational,193,50,3.40771484375
guenther2022relational,193,51,2.546875
guenther2022relational,193,52,3.416015625
guenther2022relational,193,53,3.1455078125
guenther2022relational,193,54,3.7294921875
guenther2022relational,194,0,4.4609375
guenther2022relational,194,1,4.291015625
guenther2022relational,194,2,3.26171875
guenther2022relational,194,3,1.7841796875
guenther2022relational,194,4,3.8447265625
guenther2022relational,194,5,3.22705078125
guenther2022relational,194,6,2.72412109375
guenther2022relational,194,7,2.19775390625
guenther2022relational,194,8,2.24462890625
guenther2022relational,194,9,3.6376953125
guenther2022relational,194,10,3.37890625
guenther2022relational,194,11,4.6640625
guenther2022relational,194,12,2.2109375
guenther2022relational,194,13,3.0419921875
guenther2022relational,194,14,4.73583984375
guenther2022relational,194,15,2.505859375
guenther2022relational,194,16,2.6259765625
guenther2022relational,194,17,2.958984375
guenther2022relational,194,18,2.30859375
guenther2022relational,194,19,1.9775390625
guenther2022relational,194,20,2.6357421875
guenther2022relational,194,21,1.85888671875
guenther2022relational,194,22,3.1044921875
guenther2022relational,194,23,1.400390625
guenther2022relational,194,24,1.568359375
guenther2022relational,194,25,3.38525390625
guenther2022relational,194,26,3.685546875
guenther2022relational,194,27,2.2529296875
guenther2022relational,194,28,3.03076171875
guenther2022relational,194,29,1.6171875
guenther2022relational,194,30,2.6318359375
guenther2022relational,194,31,2.30322265625
guenther2022relational,194,32,2.50390625
guenther2022relational,194,33,3.70849609375
guenther2022relational,194,34,2.257080078125
guenther2022relational,194,35,2.6298828125
guenther2022relational,194,36,3.42626953125
guenther2022relational,194,37,3.0341796875
guenther2022relational,194,38,3.36474609375
guenther2022relational,194,39,2.0400390625
guenther2022relational,194,40,2.203125
guenther2022relational,194,41,1.81640625
guenther2022relational,194,42,1.85791015625
guenther2022relational,194,43,5.1982421875
guenther2022relational,194,44,2.49072265625
guenther2022relational,194,45,2.1611328125
guenther2022relational,194,46,2.26513671875
guenther2022relational,194,47,3.36572265625
guenther2022relational,194,48,2.9842529296875
guenther2022relational,194,49,2.1025390625
guenther2022relational,194,50,4.3359375
guenther2022relational,194,51,2.7724609375
guenther2022relational,194,52,2.7451171875
guenther2022relational,194,53,2.06298828125
guenther2022relational,194,54,1.937255859375
guenther2022relational,195,0,2.953125
guenther2022relational,195,1,5.236328125
guenther2022relational,195,2,1.64013671875
guenther2022relational,195,3,2.491943359375
guenther2022relational,195,4,2.597625732421875
guenther2022relational,195,5,3.23828125
guenther2022relational,195,6,3.275390625
guenther2022relational,195,7,3.5732421875
guenther2022relational,195,8,4.54296875
guenther2022relational,195,9,2.15576171875
guenther2022relational,195,10,2.814453125
guenther2022relational,195,11,2.8994140625
guenther2022relational,195,12,2.1953125
guenther2022relational,195,13,2.58642578125
guenther2022relational,195,14,1.66650390625
guenther2022relational,195,15,1.7705078125
guenther2022relational,195,16,3.08984375
guenther2022relational,195,17,2.0078125
guenther2022relational,195,18,4.322265625
guenther2022relational,195,19,3.2734375
guenther2022relational,195,20,2.0791015625
guenther2022relational,195,21,3.6640625
guenther2022relational,195,22,2.42578125
guenther2022relational,195,23,3.234375
guenther2022relational,195,24,4.51171875
guenther2022relational,195,25,1.94580078125
guenther2022relational,195,26,3.09765625
guenther2022relational,195,27,2.04345703125
guenther2022relational,195,28,2.7626953125
guenther2022relational,195,29,1.92822265625
guenther2022relational,195,30,3.40234375
guenther2022relational,195,31,2.6728515625
guenther2022relational,195,32,2.9658203125
guenther2022relational,195,33,2.05712890625
guenther2022relational,195,34,2.8505859375
guenther2022relational,195,35,4.921875
guenther2022relational,195,36,2.078125
guenther2022relational,195,37,1.8125
guenther2022relational,195,38,4.609375
guenther2022relational,195,39,1.8271484375
guenther2022relational,195,40,2.03125
guenther2022relational,195,41,1.43212890625
guenther2022relational,195,42,1.25390625
guenther2022relational,195,43,2.13525390625
guenther2022relational,195,44,2.638671875
guenther2022relational,195,45,2.484375
guenther2022relational,195,46,2.65625
guenther2022relational,195,47,4.3515625
guenther2022relational,195,48,2.28515625
guenther2022relational,195,49,3.1416015625
guenther2022relational,195,50,2.6669921875
guenther2022relational,195,51,3.123046875
guenther2022relational,195,52,2.3505859375
guenther2022relational,195,53,2.263671875
guenther2022relational,195,54,2.1142578125
guenther2022relational,196,0,2.8046875
guenther2022relational,196,1,4.4482421875
guenther2022relational,196,2,2.755859375
guenther2022relational,196,3,2.80322265625
guenther2022relational,196,4,4.115234375
guenther2022relational,196,5,3.59765625
guenther2022relational,196,6,3.1083984375
guenther2022relational,196,7,2.42822265625
guenther2022relational,196,8,3.501953125
guenther2022relational,196,9,2.195068359375
guenther2022relational,196,10,3.67724609375
guenther2022relational,196,11,2.67138671875
guenther2022relational,196,12,3.564453125
guenther2022relational,196,13,2.17724609375
guenther2022relational,196,14,2.67822265625
guenther2022relational,196,15,2.08056640625
guenther2022relational,196,16,1.929443359375
guenther2022relational,196,17,2.14599609375
guenther2022relational,196,18,2.73046875
guenther2022relational,196,19,2.466796875
guenther2022relational,196,20,2.600830078125
guenther2022relational,196,21,2.960693359375
guenther2022relational,196,22,3.08837890625
guenther2022relational,196,23,1.8505859375
guenther2022relational,196,24,5.2109375
guenther2022relational,196,25,2.69189453125
guenther2022relational,196,26,2.71826171875
guenther2022relational,196,27,1.85107421875
guenther2022relational,196,28,2.41650390625
guenther2022relational,196,29,3.216796875
guenther2022relational,196,30,2.0068359375
guenther2022relational,196,31,3.66259765625
guenther2022relational,196,32,4.65234375
guenther2022relational,196,33,2.47900390625
guenther2022relational,196,34,1.361328125
guenther2022relational,196,35,2.6337890625
guenther2022relational,196,36,1.841796875
guenther2022relational,196,37,2.5869140625
guenther2022relational,196,38,4.0068359375
guenther2022relational,196,39,1.8896484375
guenther2022relational,196,40,3.216796875
guenther2022relational,196,41,3.19775390625
guenther2022relational,196,42,3.06787109375
guenther2022relational,196,43,3.79150390625
guenther2022relational,196,44,2.5400390625
guenther2022relational,196,45,2.404296875
guenther2022relational,196,46,2.837890625
guenther2022relational,196,47,1.2342529296875
guenther2022relational,196,48,2.51025390625
guenther2022relational,196,49,1.74365234375
guenther2022relational,196,50,2.779296875
guenther2022relational,196,51,3.4677734375
guenther2022relational,196,52,2.3408203125
guenther2022relational,196,53,3.42626953125
guenther2022relational,196,54,1.69580078125
guenther2022relational,197,0,5.59375
guenther2022relational,197,1,3.9189453125
guenther2022relational,197,2,3.375
guenther2022relational,197,3,4.4140625
guenther2022relational,197,4,2.9033203125
guenther2022relational,197,5,2.4150390625
guenther2022relational,197,6,2.59765625
guenther2022relational,197,7,3.64453125
guenther2022relational,197,8,1.7685546875
guenther2022relational,197,9,2.7578125
guenther2022relational,197,10,2.82421875
guenther2022relational,197,11,3.7939453125
guenther2022relational,197,12,3.42626953125
guenther2022relational,197,13,3.4814453125
guenther2022relational,197,14,2.1806640625
guenther2022relational,197,15,2.8720703125
guenther2022relational,197,16,2.62109375
guenther2022relational,197,17,3.185546875
guenther2022relational,197,18,3.396484375
guenther2022relational,197,19,2.62890625
guenther2022relational,197,20,3.7890625
guenther2022relational,197,21,4.1875
guenther2022relational,197,22,2.13671875
guenther2022relational,197,23,2.7607421875
guenther2022relational,197,24,2.0361328125
guenther2022relational,197,25,1.490234375
guenther2022relational,197,26,2.4306640625
guenther2022relational,197,27,5.52392578125
guenther2022relational,197,28,2.8857421875
guenther2022relational,197,29,3.4462890625
guenther2022relational,197,30,3.2587890625
guenther2022relational,197,31,3.4306640625
guenther2022relational,197,32,1.76611328125
guenther2022relational,197,33,3.119140625
guenther2022relational,197,34,2.1708984375
guenther2022relational,197,35,3.0205078125
guenther2022relational,197,36,1.75390625
guenther2022relational,197,37,1.390380859375
guenther2022relational,197,38,2.67578125
guenther2022relational,197,39,2.05078125
guenther2022relational,197,40,2.23046875
guenther2022relational,197,41,5.416015625
guenther2022relational,197,42,3.3955078125
guenther2022relational,197,43,4.7265625
guenther2022relational,197,44,2.892578125
guenther2022relational,197,45,3.5126953125
guenther2022relational,197,46,1.69140625
guenther2022relational,197,47,2.029296875
guenther2022relational,197,48,2.0673828125
guenther2022relational,197,49,3.22265625
guenther2022relational,197,50,2.9033203125
guenther2022relational,197,51,3.2158203125
guenther2022relational,197,52,2.5458984375
guenther2022relational,197,53,1.7900390625
guenther2022relational,197,54,2.5341796875
guenther2022relational,198,0,4.835906982421875
guenther2022relational,198,1,2.05078125
guenther2022relational,198,2,1.7939453125
guenther2022relational,198,3,2.02197265625
guenther2022relational,198,4,1.46337890625
guenther2022relational,198,5,1.79638671875
guenther2022relational,198,6,4.0986328125
guenther2022relational,198,7,1.50537109375
guenther2022relational,198,8,1.2626953125
guenther2022relational,198,9,3.80859375
guenther2022relational,198,10,2.05224609375
guenther2022relational,198,11,2.86572265625
guenther2022relational,198,12,4.15625
guenther2022relational,198,13,5.2421875
guenther2022relational,198,14,2.4609375
guenther2022relational,198,15,2.76171875
guenther2022relational,198,16,2.576171875
guenther2022relational,198,17,5.015625
guenther2022relational,198,18,1.94921875
guenther2022relational,198,19,3.37890625
guenther2022relational,198,20,3.51953125
guenther2022relational,198,21,2.125
guenther2022relational,198,22,1.794921875
guenther2022relational,198,23,4.66796875
guenther2022relational,198,24,2.5478515625
guenther2022relational,198,25,2.68359375
guenther2022relational,198,26,3.4013671875
guenther2022relational,198,27,2.75390625
guenther2022relational,198,28,2.66796875
guenther2022relational,198,29,3.0859375
guenther2022relational,198,30,1.673828125
guenther2022relational,198,31,2.658203125
guenther2022relational,198,32,2.84765625
guenther2022relational,198,33,2.31640625
guenther2022relational,198,34,2.734375
guenther2022relational,198,35,1.47265625
guenther2022relational,198,36,2.40625
guenther2022relational,198,37,1.37158203125
guenther2022relational,198,38,3.6416015625
guenther2022relational,198,39,1.26953125
guenther2022relational,198,40,1.771484375
guenther2022relational,198,41,2.16796875
guenther2022relational,198,42,2.5859375
guenther2022relational,198,43,2.8359375
guenther2022relational,198,44,4.841796875
guenther2022relational,198,45,2.0703125
guenther2022relational,198,46,1.98046875
guenther2022relational,198,47,1.7265625
guenther2022relational,198,48,5.33203125
guenther2022relational,198,49,2.9462890625
guenther2022relational,198,50,3.193359375
guenther2022relational,198,51,3.53125
guenther2022relational,198,52,3.326171875
guenther2022relational,198,53,2.06640625
guenther2022relational,198,54,2.5107421875
guenther2022relational,199,0,2.984375
guenther2022relational,199,1,4.59375
guenther2022relational,199,2,1.421875
guenther2022relational,199,3,3.521484375
guenther2022relational,199,4,2.85546875
guenther2022relational,199,5,2.76171875
guenther2022relational,199,6,2.720703125
guenther2022relational,199,7,4.2470703125
guenther2022relational,199,8,2.46875
guenther2022relational,199,9,2.9072265625
guenther2022relational,199,10,2.01953125
guenther2022relational,199,11,2.28125
guenther2022relational,199,12,4.169921875
guenther2022relational,199,13,3.5556640625
guenther2022relational,199,14,2.6201171875
guenther2022relational,199,15,3.40625
guenther2022relational,199,16,1.099609375
guenther2022relational,199,17,2.9033203125
guenther2022relational,199,18,5.06787109375
guenther2022relational,199,19,3.1484375
guenther2022relational,199,20,3.7890625
guenther2022relational,199,21,3.5908203125
guenther2022relational,199,22,1.173828125
guenther2022relational,199,23,3.9169921875
guenther2022relational,199,24,2.990234375
guenther2022relational,199,25,2.6171875
guenther2022relational,199,26,3.9140625
guenther2022relational,199,27,2.732421875
guenther2022relational,199,28,2.64453125
guenther2022relational,199,29,3.4921875
guenther2022relational,199,30,3.9951171875
guenther2022relational,199,31,2.0
guenther2022relational,199,32,1.9501953125
guenther2022relational,199,33,2.6982421875
guenther2022relational,199,34,2.607421875
guenther2022relational,199,35,3.556640625
guenther2022relational,199,36,3.522705078125
guenther2022relational,199,37,2.12890625
guenther2022relational,199,38,3.375
guenther2022relational,199,39,3.921875
guenther2022relational,199,40,3.1689453125
guenther2022relational,199,41,2.1982421875
guenther2022relational,199,42,4.294921875
guenther2022relational,199,43,4.05859375
guenther2022relational,199,44,2.978515625
guenther2022relational,199,45,3.58203125
guenther2022relational,199,46,2.6767578125
guenther2022relational,199,47,1.91455078125
guenther2022relational,199,48,2.8408203125
guenther2022relational,199,49,2.232421875
guenther2022relational,199,50,2.5029296875
guenther2022relational,199,51,2.2890625
guenther2022relational,199,52,2.751953125
guenther2022relational,199,53,3.2158203125
guenther2022relational,199,54,3.20751953125
guenther2022relational,200,0,3.242156982421875
guenther2022relational,200,1,3.0791015625
guenther2022relational,200,2,2.021484375
guenther2022relational,200,3,3.0537109375
guenther2022relational,200,4,3.1328125
guenther2022relational,200,5,1.56640625
guenther2022relational,200,6,2.0810546875
guenther2022relational,200,7,3.37890625
guenther2022relational,200,8,1.884765625
guenther2022relational,200,9,2.490234375
guenther2022relational,200,10,2.384765625
guenther2022relational,200,11,1.298828125
guenther2022relational,200,12,1.32958984375
guenther2022relational,200,13,2.703125
guenther2022relational,200,14,5.07421875
guenther2022relational,200,15,3.154296875
guenther2022relational,200,16,2.58203125
guenther2022relational,200,17,1.95703125
guenther2022relational,200,18,0.8115234375
guenther2022relational,200,19,5.046875
guenther2022relational,200,20,2.427734375
guenther2022relational,200,21,5.068359375
guenther2022relational,200,22,1.880859375
guenther2022relational,200,23,2.49609375
guenther2022relational,200,24,2.9765625
guenther2022relational,200,25,2.6640625
guenther2022relational,200,26,4.890625
guenther2022relational,200,27,3.37890625
guenther2022relational,200,28,4.015625
guenther2022relational,200,29,2.1015625
guenther2022relational,200,30,2.12890625
guenther2022relational,200,31,2.90625
guenther2022relational,200,32,2.6015625
guenther2022relational,200,33,3.0859375
guenther2022relational,200,34,3.57421875
guenther2022relational,200,35,2.4375
guenther2022relational,200,36,4.095703125
guenther2022relational,200,37,2.013671875
guenther2022relational,200,38,1.853515625
guenther2022relational,200,39,1.8974609375
guenther2022relational,200,40,1.90234375
guenther2022relational,200,41,2.13671875
guenther2022relational,200,42,4.419921875
guenther2022relational,200,43,1.744140625
guenther2022relational,200,44,4.4443359375
guenther2022relational,200,45,1.390625
guenther2022relational,200,46,2.0537109375
guenther2022relational,200,47,1.90234375
guenther2022relational,200,48,4.984375
guenther2022relational,200,49,1.98828125
guenther2022relational,200,50,1.95849609375
guenther2022relational,200,51,1.666015625
guenther2022relational,200,52,3.9794921875
guenther2022relational,200,53,3.265625
guenther2022relational,200,54,1.5126953125
guenther2022relational,201,0,2.335906982421875
guenther2022relational,201,1,1.2109375
guenther2022relational,201,2,3.01025390625
guenther2022relational,201,3,1.48046875
guenther2022relational,201,4,0.72265625
guenther2022relational,201,5,1.351531982421875
guenther2022relational,201,6,5.33251953125
guenther2022relational,201,7,3.33642578125
guenther2022relational,201,8,2.77392578125
guenther2022relational,201,9,1.42431640625
guenther2022relational,201,10,0.54833984375
guenther2022relational,201,11,4.11376953125
guenther2022relational,201,12,1.42724609375
guenther2022relational,201,13,0.72216796875
guenther2022relational,201,14,3.66650390625
guenther2022relational,201,15,1.608642578125
guenther2022relational,201,16,1.02685546875
guenther2022relational,201,17,2.663818359375
guenther2022relational,201,18,3.678955078125
guenther2022relational,201,19,2.14697265625
guenther2022relational,201,20,6.296875
guenther2022relational,201,21,1.6376953125
guenther2022relational,201,22,1.3896484375
guenther2022relational,201,23,4.75
guenther2022relational,201,24,3.138671875
guenther2022relational,201,25,2.23876953125
guenther2022relational,201,26,1.4150390625
guenther2022relational,201,27,3.94775390625
guenther2022relational,201,28,1.4990234375
guenther2022relational,201,29,4.498046875
guenther2022relational,201,30,4.85400390625
guenther2022relational,201,31,1.6962890625
guenther2022relational,201,32,1.15673828125
guenther2022relational,201,33,1.61376953125
guenther2022relational,201,34,3.64697265625
guenther2022relational,201,35,5.6689453125
guenther2022relational,201,36,3.6015625
guenther2022relational,201,37,2.81787109375
guenther2022relational,201,38,1.62109375
guenther2022relational,201,39,4.663330078125
guenther2022relational,201,40,1.5311279296875
guenther2022relational,201,41,2.4462890625
guenther2022relational,201,42,2.8212890625
guenther2022relational,201,43,3.90087890625
guenther2022relational,201,44,2.272705078125
guenther2022relational,201,45,1.358642578125
guenther2022relational,201,46,1.10009765625
guenther2022relational,201,47,5.15625
guenther2022relational,201,48,1.20263671875
guenther2022relational,201,49,2.085205078125
guenther2022relational,201,50,1.272705078125
guenther2022relational,201,51,2.77099609375
guenther2022relational,201,52,3.47412109375
guenther2022relational,201,53,3.0380859375
guenther2022relational,201,54,1.302734375
guenther2022relational,202,0,3.52734375
guenther2022relational,202,1,5.265625
guenther2022relational,202,2,2.279296875
guenther2022relational,202,3,1.7265625
guenther2022relational,202,4,5.484375
guenther2022relational,202,5,2.9541015625
guenther2022relational,202,6,2.0166015625
guenther2022relational,202,7,1.341796875
guenther2022relational,202,8,1.419921875
guenther2022relational,202,9,3.859375
guenther2022relational,202,10,5.08203125
guenther2022relational,202,11,2.85546875
guenther2022relational,202,12,4.82421875
guenther2022relational,202,13,3.01953125
guenther2022relational,202,14,3.18359375
guenther2022relational,202,15,1.796875
guenther2022relational,202,16,2.28125
guenther2022relational,202,17,2.5751953125
guenther2022relational,202,18,2.38671875
guenther2022relational,202,19,0.6904296875
guenther2022relational,202,20,2.48828125
guenther2022relational,202,21,2.650390625
guenther2022relational,202,22,1.078125
guenther2022relational,202,23,1.2978515625
guenther2022relational,202,24,3.33984375
guenther2022relational,202,25,4.015625
guenther2022relational,202,26,2.5703125
guenther2022relational,202,27,2.96875
guenther2022relational,202,28,3.59765625
guenther2022relational,202,29,1.91015625
guenther2022relational,202,30,3.46875
guenther2022relational,202,31,2.7109375
guenther2022relational,202,32,5.107421875
guenther2022relational,202,33,1.0361328125
guenther2022relational,202,34,3.0087890625
guenther2022relational,202,35,4.19140625
guenther2022relational,202,36,2.3515625
guenther2022relational,202,37,3.46875
guenther2022relational,202,38,3.298828125
guenther2022relational,202,39,1.32421875
guenther2022relational,202,40,2.22265625
guenther2022relational,202,41,2.525390625
guenther2022relational,202,42,1.22314453125
guenther2022relational,202,43,2.92578125
guenther2022relational,202,44,2.3671875
guenther2022relational,202,45,4.78125
guenther2022relational,202,46,5.86328125
guenther2022relational,202,47,3.130859375
guenther2022relational,202,48,2.55078125
guenther2022relational,202,49,0.97265625
guenther2022relational,202,50,2.3671875
guenther2022relational,202,51,3.671875
guenther2022relational,202,52,2.3359375
guenther2022relational,202,53,3.556640625
guenther2022relational,202,54,2.876953125
guenther2022relational,203,0,2.746063232421875
guenther2022relational,203,1,3.08642578125
guenther2022relational,203,2,3.070068359375
guenther2022relational,203,3,3.77197265625
guenther2022relational,203,4,2.98046875
guenther2022relational,203,5,1.65576171875
guenther2022relational,203,6,1.71484375
guenther2022relational,203,7,3.341796875
guenther2022relational,203,8,3.69189453125
guenther2022relational,203,9,3.585693359375
guenther2022relational,203,10,2.4530029296875
guenther2022relational,203,11,1.015594482421875
guenther2022relational,203,12,3.8046875
guenther2022relational,203,13,2.0673828125
guenther2022relational,203,14,2.241943359375
guenther2022relational,203,15,2.61572265625
guenther2022relational,203,16,2.98876953125
guenther2022relational,203,17,1.55859375
guenther2022relational,203,18,2.06640625
guenther2022relational,203,19,5.3642578125
guenther2022relational,203,20,3.163330078125
guenther2022relational,203,21,2.5927734375
guenther2022relational,203,22,2.616943359375
guenther2022relational,203,23,3.4755859375
guenther2022relational,203,24,2.92333984375
guenther2022relational,203,25,2.55517578125
guenther2022relational,203,26,2.49072265625
guenther2022relational,203,27,2.55126953125
guenther2022relational,203,28,2.6064453125
guenther2022relational,203,29,2.6923828125
guenther2022relational,203,30,2.96484375
guenther2022relational,203,31,2.22314453125
guenther2022relational,203,32,2.57421875
guenther2022relational,203,33,2.5517578125
guenther2022relational,203,34,3.007080078125
guenther2022relational,203,35,3.0155029296875
guenther2022relational,203,36,1.45361328125
guenther2022relational,203,37,5.765625
guenther2022relational,203,38,2.6572265625
guenther2022relational,203,39,2.2119140625
guenther2022relational,203,40,1.85546875
guenther2022relational,203,41,2.6357421875
guenther2022relational,203,42,2.20947265625
guenther2022relational,203,43,3.005859375
guenther2022relational,203,44,4.21826171875
guenther2022relational,203,45,2.62890625
guenther2022relational,203,46,1.83447265625
guenther2022relational,203,47,3.898193359375
guenther2022relational,203,48,1.6298828125
guenther2022relational,203,49,1.71337890625
guenther2022relational,203,50,0.96337890625
guenther2022relational,203,51,1.632781982421875
guenther2022relational,203,52,1.52978515625
guenther2022relational,203,53,1.202880859375
guenther2022relational,203,54,3.81884765625
guenther2022relational,204,0,3.332000732421875
guenther2022relational,204,1,3.203125
guenther2022relational,204,2,3.04296875
guenther2022relational,204,3,2.0126953125
guenther2022relational,204,4,2.486328125
guenther2022relational,204,5,3.8974609375
guenther2022relational,204,6,4.08837890625
guenther2022relational,204,7,2.654296875
guenther2022relational,204,8,2.8857421875
guenther2022relational,204,9,2.5283203125
guenther2022relational,204,10,2.9521484375
guenther2022relational,204,11,3.382080078125
guenther2022relational,204,12,3.80712890625
guenther2022relational,204,13,2.310546875
guenther2022relational,204,14,2.16455078125
guenther2022relational,204,15,4.6484375
guenther2022relational,204,16,2.34912109375
guenther2022relational,204,17,3.3310546875
guenther2022relational,204,18,2.560546875
guenther2022relational,204,19,4.58251953125
guenther2022relational,204,20,2.96142578125
guenther2022relational,204,21,1.82080078125
guenther2022relational,204,22,4.16650390625
guenther2022relational,204,23,3.94775390625
guenther2022relational,204,24,1.74609375
guenther2022relational,204,25,2.4970703125
guenther2022relational,204,26,2.1083984375
guenther2022relational,204,27,2.404296875
guenther2022relational,204,28,2.6171875
guenther2022relational,204,29,2.6064453125
guenther2022relational,204,30,3.71484375
guenther2022relational,204,31,2.4892578125
guenther2022relational,204,32,3.69140625
guenther2022relational,204,33,1.8505859375
guenther2022relational,204,34,1.8857421875
guenther2022relational,204,35,3.0087890625
guenther2022relational,204,36,2.7255859375
guenther2022relational,204,37,2.607421875
guenther2022relational,204,38,3.201171875
guenther2022relational,204,39,2.0087890625
guenther2022relational,204,40,2.521484375
guenther2022relational,204,41,3.193359375
guenther2022relational,204,42,3.6650390625
guenther2022relational,204,43,3.61083984375
guenther2022relational,204,44,2.67578125
guenther2022relational,204,45,5.015625
guenther2022relational,204,46,2.9189453125
guenther2022relational,204,47,4.0751953125
guenther2022relational,204,48,3.4140625
guenther2022relational,204,49,2.4384765625
guenther2022relational,204,50,2.163330078125
guenther2022relational,204,51,2.68701171875
guenther2022relational,204,52,3.609375
guenther2022relational,204,53,3.19775390625
guenther2022relational,204,54,2.28515625
guenther2022relational,205,0,4.710906982421875
guenther2022relational,205,1,3.8359375
guenther2022relational,205,2,3.5
guenther2022relational,205,3,3.28662109375
guenther2022relational,205,4,3.54150390625
guenther2022relational,205,5,1.9169921875
guenther2022relational,205,6,3.0244140625
guenther2022relational,205,7,2.16650390625
guenther2022relational,205,8,2.491455078125
guenther2022relational,205,9,1.90673828125
guenther2022relational,205,10,3.79638671875
guenther2022relational,205,11,3.6015625
guenther2022relational,205,12,2.9580078125
guenther2022relational,205,13,1.75
guenther2022relational,205,14,2.9267578125
guenther2022relational,205,15,4.1796875
guenther2022relational,205,16,2.4169921875
guenther2022relational,205,17,4.671875
guenther2022relational,205,18,1.373046875
guenther2022relational,205,19,1.5751953125
guenther2022relational,205,20,1.6533203125
guenther2022relational,205,21,2.1220703125
guenther2022relational,205,22,6.935546875
guenther2022relational,205,23,3.248046875
guenther2022relational,205,24,2.88671875
guenther2022relational,205,25,1.4931640625
guenther2022relational,205,26,2.7900390625
guenther2022relational,205,27,1.5166015625
guenther2022relational,205,28,2.373046875
guenther2022relational,205,29,1.9716796875
guenther2022relational,205,30,3.21875
guenther2022relational,205,31,2.87109375
guenther2022relational,205,32,2.11328125
guenther2022relational,205,33,1.9287109375
guenther2022relational,205,34,3.9765625
guenther2022relational,205,35,3.314453125
guenther2022relational,205,36,1.4150390625
guenther2022relational,205,37,3.158203125
guenther2022relational,205,38,1.7626953125
guenther2022relational,205,39,2.654296875
guenther2022relational,205,40,2.7275390625
guenther2022relational,205,41,7.15625
guenther2022relational,205,42,1.3310546875
guenther2022relational,205,43,2.626953125
guenther2022relational,205,44,1.5576171875
guenther2022relational,205,45,1.47314453125
guenther2022relational,205,46,2.0751953125
guenther2022relational,205,47,1.818359375
guenther2022relational,205,48,4.8837890625
guenther2022relational,205,49,1.421142578125
guenther2022relational,205,50,1.458984375
guenther2022relational,205,51,2.55859375
guenther2022relational,205,52,3.2275390625
guenther2022relational,205,53,1.6865234375
guenther2022relational,205,54,2.10546875
guenther2022relational,206,0,2.68359375
guenther2022relational,206,1,0.85546875
guenther2022relational,206,2,3.1103515625
guenther2022relational,206,3,0.78955078125
guenther2022relational,206,4,1.39697265625
guenther2022relational,206,5,5.609375
guenther2022relational,206,6,4.029296875
guenther2022relational,206,7,4.6982421875
guenther2022relational,206,8,4.6845703125
guenther2022relational,206,9,2.73876953125
guenther2022relational,206,10,1.4658203125
guenther2022relational,206,11,3.9755859375
guenther2022relational,206,12,2.2967529296875
guenther2022relational,206,13,4.4794921875
guenther2022relational,206,14,2.11767578125
guenther2022relational,206,15,3.654296875
guenther2022relational,206,16,3.31640625
guenther2022relational,206,17,1.53515625
guenther2022relational,206,18,4.72900390625
guenther2022relational,206,19,1.36376953125
guenther2022relational,206,20,1.833984375
guenther2022relational,206,21,3.607421875
guenther2022relational,206,22,3.07421875
guenther2022relational,206,23,1.2880859375
guenther2022relational,206,24,3.85009765625
guenther2022relational,206,25,3.25537109375
guenther2022relational,206,26,4.19287109375
guenther2022relational,206,27,1.1326904296875
guenther2022relational,206,28,3.0029296875
guenther2022relational,206,29,2.91650390625
guenther2022relational,206,30,4.15625
guenther2022relational,206,31,3.00537109375
guenther2022relational,206,32,1.389892578125
guenther2022relational,206,33,0.990234375
guenther2022relational,206,34,5.21484375
guenther2022relational,206,35,6.109375
guenther2022relational,206,36,3.1123046875
guenther2022relational,206,37,2.5966796875
guenther2022relational,206,38,3.1767578125
guenther2022relational,206,39,4.0751953125
guenther2022relational,206,40,3.0283203125
guenther2022relational,206,41,1.6767578125
guenther2022relational,206,42,2.501953125
guenther2022relational,206,43,2.56201171875
guenther2022relational,206,44,3.94921875
guenther2022relational,206,45,3.873046875
guenther2022relational,206,46,2.7529296875
guenther2022relational,206,47,2.19775390625
guenther2022relational,206,48,2.6533203125
guenther2022relational,206,49,1.376953125
guenther2022relational,206,50,3.2119140625
guenther2022relational,206,51,2.3818359375
guenther2022relational,206,52,3.28955078125
guenther2022relational,206,53,4.92822265625
guenther2022relational,206,54,1.1396484375
guenther2022relational,207,0,2.5
guenther2022relational,207,1,3.515625
guenther2022relational,207,2,3.41015625
guenther2022relational,207,3,4.12109375
guenther2022relational,207,4,2.30859375
guenther2022relational,207,5,3.4375
guenther2022relational,207,6,2.38671875
guenther2022relational,207,7,2.4462890625
guenther2022relational,207,8,3.669921875
guenther2022relational,207,9,3.705078125
guenther2022relational,207,10,2.55078125
guenther2022relational,207,11,3.126953125
guenther2022relational,207,12,2.15234375
guenther2022relational,207,13,2.177734375
guenther2022relational,207,14,2.54296875
guenther2022relational,207,15,2.578125
guenther2022relational,207,16,4.48046875
guenther2022relational,207,17,2.138671875
guenther2022relational,207,18,4.234375
guenther2022relational,207,19,1.91015625
guenther2022relational,207,20,1.76171875
guenther2022relational,207,21,5.015625
guenther2022relational,207,22,2.58984375
guenther2022relational,207,23,3.900390625
guenther2022relational,207,24,3.1962890625
guenther2022relational,207,25,4.6943359375
guenther2022relational,207,26,4.38037109375
guenther2022relational,207,27,2.72265625
guenther2022relational,207,28,2.22265625
guenther2022relational,207,29,2.17626953125
guenther2022relational,207,30,2.25830078125
guenther2022relational,207,31,4.9453125
guenther2022relational,207,32,2.7421875
guenther2022relational,207,33,2.767578125
guenther2022relational,207,34,3.17578125
guenther2022relational,207,35,5.640625
guenther2022relational,207,36,3.2109375
guenther2022relational,207,37,3.677734375
guenther2022relational,207,38,2.6796875
guenther2022relational,207,39,3.8515625
guenther2022relational,207,40,3.158203125
guenther2022relational,207,41,5.943359375
guenther2022relational,207,42,2.6884765625
guenther2022relational,207,43,2.22900390625
guenther2022relational,207,44,2.595703125
guenther2022relational,207,45,4.46484375
guenther2022relational,207,46,3.22900390625
guenther2022relational,207,47,2.21875
guenther2022relational,207,48,3.123046875
guenther2022relational,207,49,2.72314453125
guenther2022relational,207,50,1.25
guenther2022relational,207,51,2.7548828125
guenther2022relational,207,52,2.7578125
guenther2022relational,207,53,3.6611328125
guenther2022relational,207,54,3.52734375
guenther2022relational,208,0,4.8359375
guenther2022relational,208,1,4.2109375
guenther2022relational,208,2,0.9404296875
guenther2022relational,208,3,3.4462890625
guenther2022relational,208,4,2.25830078125
guenther2022relational,208,5,1.478515625
guenther2022relational,208,6,1.791015625
guenther2022relational,208,7,2.4755859375
guenther2022relational,208,8,3.89892578125
guenther2022relational,208,9,2.744140625
guenther2022relational,208,10,1.61376953125
guenther2022relational,208,11,1.8330078125
guenther2022relational,208,12,2.52734375
guenther2022relational,208,13,3.7275390625
guenther2022relational,208,14,3.2607421875
guenther2022relational,208,15,3.38037109375
guenther2022relational,208,16,2.234375
guenther2022relational,208,17,3.671875
guenther2022relational,208,18,3.357421875
guenther2022relational,208,19,3.7919921875
guenther2022relational,208,20,0.847412109375
guenther2022relational,208,21,1.7197265625
guenther2022relational,208,22,2.11767578125
guenther2022relational,208,23,2.216796875
guenther2022relational,208,24,2.17724609375
guenther2022relational,208,25,3.6806640625
guenther2022relational,208,26,2.0048828125
guenther2022relational,208,27,1.9443359375
guenther2022relational,208,28,1.912109375
guenther2022relational,208,29,2.279296875
guenther2022relational,208,30,2.6416015625
guenther2022relational,208,31,3.39013671875
guenther2022relational,208,32,2.538330078125
guenther2022relational,208,33,3.263671875
guenther2022relational,208,34,2.23583984375
guenther2022relational,208,35,1.84619140625
guenther2022relational,208,36,2.43701171875
guenther2022relational,208,37,1.42041015625
guenther2022relational,208,38,0.81298828125
guenther2022relational,208,39,1.9764404296875
guenther2022relational,208,40,1.85400390625
guenther2022relational,208,41,1.6561279296875
guenther2022relational,208,42,2.36572265625
guenther2022relational,208,43,6.109375
guenther2022relational,208,44,1.9619140625
guenther2022relational,208,45,1.80322265625
guenther2022relational,208,46,1.43359375
guenther2022relational,208,47,4.04296875
guenther2022relational,208,48,1.5693359375
guenther2022relational,208,49,4.18017578125
guenther2022relational,208,50,2.05419921875
guenther2022relational,208,51,2.13671875
guenther2022relational,208,52,1.7392578125
guenther2022relational,208,53,4.7265625
guenther2022relational,208,54,2.1591796875
guenther2022relational,209,0,6.593719482421875
guenther2022relational,209,1,2.91796875
guenther2022relational,209,2,1.1640625
guenther2022relational,209,3,6.046875
guenther2022relational,209,4,2.435546875
guenther2022relational,209,5,3.8408203125
guenther2022relational,209,6,3.69140625
guenther2022relational,209,7,2.4189453125
guenther2022relational,209,8,2.81640625
guenther2022relational,209,9,3.888671875
guenther2022relational,209,10,1.26953125
guenther2022relational,209,11,1.44140625
guenther2022relational,209,12,3.263671875
guenther2022relational,209,13,1.859375
guenther2022relational,209,14,4.27392578125
guenther2022relational,209,15,2.416015625
guenther2022relational,209,16,4.53125
guenther2022relational,209,17,2.34765625
guenther2022relational,209,18,2.93359375
guenther2022relational,209,19,3.37109375
guenther2022relational,209,20,2.974609375
guenther2022relational,209,21,2.3408203125
guenther2022relational,209,22,2.158203125
guenther2022relational,209,23,3.78125
guenther2022relational,209,24,3.14501953125
guenther2022relational,209,25,2.2666015625
guenther2022relational,209,26,2.5419921875
guenther2022relational,209,27,3.93359375
guenther2022relational,209,28,2.8232421875
guenther2022relational,209,29,2.267578125
guenther2022relational,209,30,3.7353515625
guenther2022relational,209,31,2.8203125
guenther2022relational,209,32,2.3916015625
guenther2022relational,209,33,3.6650390625
guenther2022relational,209,34,2.9375
guenther2022relational,209,35,3.7548828125
guenther2022relational,209,36,1.91796875
guenther2022relational,209,37,2.814453125
guenther2022relational,209,38,3.626953125
guenther2022relational,209,39,1.78955078125
guenther2022relational,209,40,2.11767578125
guenther2022relational,209,41,2.0341796875
guenther2022relational,209,42,3.8076171875
guenther2022relational,209,43,3.494140625
guenther2022relational,209,44,3.4892578125
guenther2022relational,209,45,3.335693359375
guenther2022relational,209,46,1.3212890625
guenther2022relational,209,47,2.55322265625
guenther2022relational,209,48,2.21484375
guenther2022relational,209,49,3.52734375
guenther2022relational,209,50,3.71484375
guenther2022relational,209,51,2.7783203125
guenther2022relational,209,52,3.3984375
guenther2022relational,209,53,2.5478515625
guenther2022relational,209,54,1.59619140625
guenther2022relational,210,0,3.519500732421875
guenther2022relational,210,1,7.4140625
guenther2022relational,210,2,2.546875
guenther2022relational,210,3,2.419921875
guenther2022relational,210,4,1.6875
guenther2022relational,210,5,3.1416015625
guenther2022relational,210,6,5.451171875
guenther2022relational,210,7,2.79296875
guenther2022relational,210,8,1.6669921875
guenther2022relational,210,9,1.798828125
guenther2022relational,210,10,1.548828125
guenther2022relational,210,11,2.771484375
guenther2022relational,210,12,1.5634765625
guenther2022relational,210,13,1.35546875
guenther2022relational,210,14,3.009765625
guenther2022relational,210,15,6.5166015625
guenther2022relational,210,16,2.58203125
guenther2022relational,210,17,2.79296875
guenther2022relational,210,18,3.3515625
guenther2022relational,210,19,2.9013671875
guenther2022relational,210,20,1.65625
guenther2022relational,210,21,2.142578125
guenther2022relational,210,22,3.126953125
guenther2022relational,210,23,2.125
guenther2022relational,210,24,2.8837890625
guenther2022relational,210,25,5.626953125
guenther2022relational,210,26,2.86328125
guenther2022relational,210,27,2.7734375
guenther2022relational,210,28,2.94140625
guenther2022relational,210,29,1.26171875
guenther2022relational,210,30,1.482421875
guenther2022relational,210,31,3.8603515625
guenther2022relational,210,32,2.529296875
guenther2022relational,210,33,1.4462890625
guenther2022relational,210,34,4.939453125
guenther2022relational,210,35,2.757080078125
guenther2022relational,210,36,1.453125
guenther2022relational,210,37,1.79296875
guenther2022relational,210,38,2.3564453125
guenther2022relational,210,39,1.5830078125
guenther2022relational,210,40,3.46484375
guenther2022relational,210,41,2.515625
guenther2022relational,210,42,2.921875
guenther2022relational,210,43,1.9521484375
guenther2022relational,210,44,3.0478515625
guenther2022relational,210,45,1.45556640625
guenther2022relational,210,46,3.640625
guenther2022relational,210,47,1.6953125
guenther2022relational,210,48,1.451171875
guenther2022relational,210,49,1.01318359375
guenther2022relational,210,50,2.38671875
guenther2022relational,210,51,2.18359375
guenther2022relational,210,52,1.350830078125
guenther2022relational,210,53,2.1708984375
guenther2022relational,210,54,4.859375
guenther2022relational,211,0,3.289031982421875
guenther2022relational,211,1,3.5234375
guenther2022relational,211,2,1.42578125
guenther2022relational,211,3,1.0224609375
guenther2022relational,211,4,4.66162109375
guenther2022relational,211,5,1.6015625
guenther2022relational,211,6,2.850830078125
guenther2022relational,211,7,1.87353515625
guenther2022relational,211,8,4.413330078125
guenther2022relational,211,9,2.288330078125
guenther2022relational,211,10,2.7568359375
guenther2022relational,211,11,2.288818359375
guenther2022relational,211,12,1.678955078125
guenther2022relational,211,13,2.4189453125
guenther2022relational,211,14,3.241943359375
guenther2022relational,211,15,2.14697265625
guenther2022relational,211,16,0.769500732421875
guenther2022relational,211,17,2.748046875
guenther2022relational,211,18,3.0780029296875
guenther2022relational,211,19,1.8748779296875
guenther2022relational,211,20,1.90283203125
guenther2022relational,211,21,3.810546875
guenther2022relational,211,22,1.654296875
guenther2022relational,211,23,2.0467529296875
guenther2022relational,211,24,2.40234375
guenther2022relational,211,25,3.8359375
guenther2022relational,211,26,1.66357421875
guenther2022relational,211,27,1.20849609375
guenther2022relational,211,28,3.7724609375
guenther2022relational,211,29,2.16259765625
guenther2022relational,211,30,2.64501953125
guenther2022relational,211,31,3.06884765625
guenther2022relational,211,32,2.070068359375
guenther2022relational,211,33,1.2967529296875
guenther2022relational,211,34,1.2568359375
guenther2022relational,211,35,3.11572265625
guenther2022relational,211,36,2.97900390625
guenther2022relational,211,37,1.5380859375
guenther2022relational,211,38,1.18701171875
guenther2022relational,211,39,3.28076171875
guenther2022relational,211,40,3.0927734375
guenther2022relational,211,41,2.788330078125
guenther2022relational,211,42,4.24072265625
guenther2022relational,211,43,1.01220703125
guenther2022relational,211,44,2.45458984375
guenther2022relational,211,45,1.5830078125
guenther2022relational,211,46,2.694580078125
guenther2022relational,211,47,2.185546875
guenther2022relational,211,48,2.90576171875
guenther2022relational,211,49,1.81689453125
guenther2022relational,211,50,2.7646484375
guenther2022relational,211,51,5.765625
guenther2022relational,211,52,2.148193359375
guenther2022relational,211,53,6.05322265625
guenther2022relational,211,54,2.538330078125
guenther2022relational,212,0,2.703094482421875
guenther2022relational,212,1,0.6591796875
guenther2022relational,212,2,5.851531982421875
guenther2022relational,212,3,1.7421875
guenther2022relational,212,4,0.8447265625
guenther2022relational,212,5,0.76708984375
guenther2022relational,212,6,0.80712890625
guenther2022relational,212,7,3.93359375
guenther2022relational,212,8,4.59326171875
guenther2022relational,212,9,3.58642578125
guenther2022relational,212,10,4.10546875
guenther2022relational,212,11,2.69775390625
guenther2022relational,212,12,2.8330078125
guenther2022relational,212,13,4.1875
guenther2022relational,212,14,1.3017578125
guenther2022relational,212,15,4.66650390625
guenther2022relational,212,16,2.36572265625
guenther2022relational,212,17,3.224609375
guenther2022relational,212,18,4.7919921875
guenther2022relational,212,19,4.5107421875
guenther2022relational,212,20,4.0205078125
guenther2022relational,212,21,3.3896484375
guenther2022relational,212,22,3.9931640625
guenther2022relational,212,23,3.6357421875
guenther2022relational,212,24,2.6337890625
guenther2022relational,212,25,2.8642578125
guenther2022relational,212,26,2.570068359375
guenther2022relational,212,27,2.5439453125
guenther2022relational,212,28,2.005859375
guenther2022relational,212,29,1.6689453125
guenther2022relational,212,30,2.4033203125
guenther2022relational,212,31,1.232421875
guenther2022relational,212,32,0.8115234375
guenther2022relational,212,33,1.5478515625
guenther2022relational,212,34,1.248046875
guenther2022relational,212,35,0.839599609375
guenther2022relational,212,36,1.023406982421875
guenther2022relational,212,37,0.70947265625
guenther2022relational,212,38,0.165985107421875
guenther2022relational,212,39,0.357421875
guenther2022relational,212,40,0.4061279296875
guenther2022relational,212,41,0.74560546875
guenther2022relational,212,42,0.279266357421875
guenther2022relational,212,43,0.320281982421875
guenther2022relational,212,44,0.222900390625
guenther2022relational,212,45,0.118621826171875
guenther2022relational,212,46,0.165985107421875
guenther2022relational,212,47,0.146453857421875
guenther2022relational,212,48,0.068328857421875
guenther2022relational,212,49,0.061004638671875
guenther2022relational,212,50,0.1195068359375
guenther2022relational,212,51,0.2264404296875
guenther2022relational,212,52,0.06787109375
guenther2022relational,212,53,0.05322265625
guenther2022relational,212,54,0.390625
guenther2022relational,213,0,4.1640625
guenther2022relational,213,1,5.17333984375
guenther2022relational,213,2,3.21484375
guenther2022relational,213,3,1.3994140625
guenther2022relational,213,4,2.50537109375
guenther2022relational,213,5,3.929443359375
guenther2022relational,213,6,3.0029296875
guenther2022relational,213,7,2.0751953125
guenther2022relational,213,8,1.43994140625
guenther2022relational,213,9,4.2080078125
guenther2022relational,213,10,3.27587890625
guenther2022relational,213,11,3.382080078125
guenther2022relational,213,12,3.4990234375
guenther2022relational,213,13,3.3515625
guenther2022relational,213,14,3.3984375
guenther2022relational,213,15,1.87890625
guenther2022relational,213,16,1.630859375
guenther2022relational,213,17,3.18359375
guenther2022relational,213,18,2.86962890625
guenther2022relational,213,19,1.7734375
guenther2022relational,213,20,3.30859375
guenther2022relational,213,21,3.5703125
guenther2022relational,213,22,2.61328125
guenther2022relational,213,23,5.0625
guenther2022relational,213,24,2.9853515625
guenther2022relational,213,25,2.400390625
guenther2022relational,213,26,2.6923828125
guenther2022relational,213,27,3.319580078125
guenther2022relational,213,28,2.2734375
guenther2022relational,213,29,1.482421875
guenther2022relational,213,30,1.53515625
guenther2022relational,213,31,2.677734375
guenther2022relational,213,32,3.1845703125
guenther2022relational,213,33,3.07275390625
guenther2022relational,213,34,1.5927734375
guenther2022relational,213,35,3.001953125
guenther2022relational,213,36,4.2275390625
guenther2022relational,213,37,3.2841796875
guenther2022relational,213,38,2.257080078125
guenther2022relational,213,39,4.66650390625
guenther2022relational,213,40,1.8125
guenther2022relational,213,41,1.521484375
guenther2022relational,213,42,2.888671875
guenther2022relational,213,43,3.71142578125
guenther2022relational,213,44,1.6005859375
guenther2022relational,213,45,1.22314453125
guenther2022relational,213,46,3.58984375
guenther2022relational,213,47,3.6943359375
guenther2022relational,213,48,2.294921875
guenther2022relational,213,49,2.94921875
guenther2022relational,213,50,1.4775390625
guenther2022relational,213,51,5.16650390625
guenther2022relational,213,52,2.68896484375
guenther2022relational,213,53,1.3515625
guenther2022relational,213,54,3.404296875
guenther2022relational,214,0,3.761566162109375
guenther2022relational,214,1,4.125
guenther2022relational,214,2,3.50390625
guenther2022relational,214,3,1.873046875
guenther2022relational,214,4,4.1162109375
guenther2022relational,214,5,2.03125
guenther2022relational,214,6,2.8720703125
guenther2022relational,214,7,2.80078125
guenther2022relational,214,8,1.62109375
guenther2022relational,214,9,4.05078125
guenther2022relational,214,10,3.1630859375
guenther2022relational,214,11,2.1875
guenther2022relational,214,12,2.8037109375
guenther2022relational,214,13,4.1103515625
guenther2022relational,214,14,1.92041015625
guenther2022relational,214,15,1.322265625
guenther2022relational,214,16,3.26953125
guenther2022relational,214,17,2.36376953125
guenther2022relational,214,18,2.9033203125
guenther2022relational,214,19,2.6396484375
guenther2022relational,214,20,3.8271484375
guenther2022relational,214,21,2.900390625
guenther2022relational,214,22,1.5654296875
guenther2022relational,214,23,2.482421875
guenther2022relational,214,24,5.0
guenther2022relational,214,25,1.87158203125
guenther2022relational,214,26,2.6962890625
guenther2022relational,214,27,3.3984375
guenther2022relational,214,28,1.423828125
guenther2022relational,214,29,1.85205078125
guenther2022relational,214,30,1.5712890625
guenther2022relational,214,31,1.87646484375
guenther2022relational,214,32,2.337890625
guenther2022relational,214,33,1.751953125
guenther2022relational,214,34,5.5205078125
guenther2022relational,214,35,1.3525390625
guenther2022relational,214,36,3.4169921875
guenther2022relational,214,37,1.8486328125
guenther2022relational,214,38,1.2646484375
guenther2022relational,214,39,2.83837890625
guenther2022relational,214,40,2.3984375
guenther2022relational,214,41,5.140625
guenther2022relational,214,42,2.5
guenther2022relational,214,43,1.7841796875
guenther2022relational,214,44,2.6513671875
guenther2022relational,214,45,5.2470703125
guenther2022relational,214,46,2.98828125
guenther2022relational,214,47,3.2255859375
guenther2022relational,214,48,1.55419921875
guenther2022relational,214,49,3.39453125
guenther2022relational,214,50,2.41259765625
guenther2022relational,214,51,2.50390625
guenther2022relational,214,52,1.7939453125
guenther2022relational,214,53,4.1708984375
guenther2022relational,214,54,3.283203125
guenther2022relational,215,0,2.703094482421875
guenther2022relational,215,1,4.25390625
guenther2022relational,215,2,2.8779296875
guenther2022relational,215,3,2.44921875
guenther2022relational,215,4,4.08642578125
guenther2022relational,215,5,4.7900390625
guenther2022relational,215,6,4.890625
guenther2022relational,215,7,2.396484375
guenther2022relational,215,8,3.4501953125
guenther2022relational,215,9,3.0595703125
guenther2022relational,215,10,2.71875
guenther2022relational,215,11,3.962890625
guenther2022relational,215,12,2.95703125
guenther2022relational,215,13,3.17578125
guenther2022relational,215,14,3.3486328125
guenther2022relational,215,15,3.001953125
guenther2022relational,215,16,1.8359375
guenther2022relational,215,17,3.041015625
guenther2022relational,215,18,3.1337890625
guenther2022relational,215,19,2.1826171875
guenther2022relational,215,20,2.8173828125
guenther2022relational,215,21,3.6796875
guenther2022relational,215,22,2.9453125
guenther2022relational,215,23,1.84765625
guenther2022relational,215,24,1.6396484375
guenther2022relational,215,25,2.537109375
guenther2022relational,215,26,2.7109375
guenther2022relational,215,27,3.31640625
guenther2022relational,215,28,1.82421875
guenther2022relational,215,29,3.6259765625
guenther2022relational,215,30,2.984375
guenther2022relational,215,31,2.326171875
guenther2022relational,215,32,3.455078125
guenther2022relational,215,33,2.1103515625
guenther2022relational,215,34,2.9765625
guenther2022relational,215,35,2.806640625
guenther2022relational,215,36,3.7314453125
guenther2022relational,215,37,2.490234375
guenther2022relational,215,38,4.2578125
guenther2022relational,215,39,2.88671875
guenther2022relational,215,40,4.31640625
guenther2022relational,215,41,1.71875
guenther2022relational,215,42,2.8505859375
guenther2022relational,215,43,2.12109375
guenther2022relational,215,44,2.099609375
guenther2022relational,215,45,3.619140625
guenther2022relational,215,46,3.0078125
guenther2022relational,215,47,2.193359375
guenther2022relational,215,48,2.75390625
guenther2022relational,215,49,1.583984375
guenther2022relational,215,50,2.7109375
guenther2022relational,215,51,2.03369140625
guenther2022relational,215,52,1.48828125
guenther2022relational,215,53,2.625
guenther2022relational,215,54,2.091796875
guenther2022relational,216,0,3.468719482421875
guenther2022relational,216,1,8.265625
guenther2022relational,216,2,3.138671875
guenther2022relational,216,3,3.73828125
guenther2022relational,216,4,3.947265625
guenther2022relational,216,5,3.8759765625
guenther2022relational,216,6,3.26171875
guenther2022relational,216,7,2.3828125
guenther2022relational,216,8,3.025390625
guenther2022relational,216,9,2.1220703125
guenther2022relational,216,10,3.046875
guenther2022relational,216,11,4.3212890625
guenther2022relational,216,12,3.9453125
guenther2022relational,216,13,1.3583984375
guenther2022relational,216,14,2.416015625
guenther2022relational,216,15,3.15234375
guenther2022relational,216,16,2.458984375
guenther2022relational,216,17,2.75390625
guenther2022relational,216,18,2.0595703125
guenther2022relational,216,19,1.9453125
guenther2022relational,216,20,2.1181640625
guenther2022relational,216,21,2.20703125
guenther2022relational,216,22,2.21484375
guenther2022relational,216,23,1.55517578125
guenther2022relational,216,24,1.75390625
guenther2022relational,216,25,1.2861328125
guenther2022relational,216,26,4.0693359375
guenther2022relational,216,27,1.93017578125
guenther2022relational,216,28,1.0478515625
guenther2022relational,216,29,1.15673828125
guenther2022relational,216,30,2.210693359375
guenther2022relational,216,31,3.47265625
guenther2022relational,216,32,3.88671875
guenther2022relational,216,33,2.7294921875
guenther2022relational,216,34,3.6171875
guenther2022relational,216,35,5.0390625
guenther2022relational,216,36,2.5419921875
guenther2022relational,216,37,2.7255859375
guenther2022relational,216,38,2.36474609375
guenther2022relational,216,39,1.5068359375
guenther2022relational,216,40,3.8232421875
guenther2022relational,216,41,2.3017578125
guenther2022relational,216,42,1.607421875
guenther2022relational,216,43,5.345703125
guenther2022relational,216,44,1.9150390625
guenther2022relational,216,45,1.3291015625
guenther2022relational,216,46,2.931640625
guenther2022relational,216,47,2.36328125
guenther2022relational,216,48,3.3193359375
guenther2022relational,216,49,2.8828125
guenther2022relational,216,50,1.873046875
guenther2022relational,216,51,1.74365234375
guenther2022relational,216,52,6.1845703125
guenther2022relational,216,53,2.3662109375
guenther2022relational,216,54,4.7080078125
guenther2022relational,217,0,5.21875
guenther2022relational,217,1,3.41455078125
guenther2022relational,217,2,2.08837890625
guenther2022relational,217,3,2.73046875
guenther2022relational,217,4,2.0859375
guenther2022relational,217,5,3.53955078125
guenther2022relational,217,6,4.02001953125
guenther2022relational,217,7,2.09765625
guenther2022relational,217,8,2.658203125
guenther2022relational,217,9,3.55322265625
guenther2022relational,217,10,3.08642578125
guenther2022relational,217,11,2.41259765625
guenther2022relational,217,12,4.0029296875
guenther2022relational,217,13,3.7958984375
guenther2022relational,217,14,2.9951171875
guenther2022relational,217,15,3.4443359375
guenther2022relational,217,16,3.4658203125
guenther2022relational,217,17,2.303955078125
guenther2022relational,217,18,4.1416015625
guenther2022relational,217,19,1.24755859375
guenther2022relational,217,20,5.3837890625
guenther2022relational,217,21,2.7783203125
guenther2022relational,217,22,4.046875
guenther2022relational,217,23,2.72265625
guenther2022relational,217,24,3.507080078125
guenther2022relational,217,25,4.15625
guenther2022relational,217,26,2.44140625
guenther2022relational,217,27,3.455078125
guenther2022relational,217,28,3.67626953125
guenther2022relational,217,29,2.40625
guenther2022relational,217,30,2.6796875
guenther2022relational,217,31,2.1484375
guenther2022relational,217,32,1.81787109375
guenther2022relational,217,33,3.609375
guenther2022relational,217,34,2.09765625
guenther2022relational,217,35,3.3330078125
guenther2022relational,217,36,3.3349609375
guenther2022relational,217,37,2.4765625
guenther2022relational,217,38,3.80859375
guenther2022relational,217,39,2.8916015625
guenther2022relational,217,40,1.5517578125
guenther2022relational,217,41,2.6318359375
guenther2022relational,217,42,4.33203125
guenther2022relational,217,43,2.6337890625
guenther2022relational,217,44,3.3251953125
guenther2022relational,217,45,2.11962890625
guenther2022relational,217,46,1.6787109375
guenther2022relational,217,47,2.8193359375
guenther2022relational,217,48,2.2470703125
guenther2022relational,217,49,3.01171875
guenther2022relational,217,50,2.8720703125
guenther2022relational,217,51,1.78173828125
guenther2022relational,217,52,1.87255859375
guenther2022relational,217,53,4.05517578125
guenther2022relational,217,54,3.0546875
guenther2022relational,218,0,3.140594482421875
guenther2022relational,218,1,4.5107421875
guenther2022relational,218,2,3.078125
guenther2022relational,218,3,1.6015625
guenther2022relational,218,4,4.99609375
guenther2022relational,218,5,3.42578125
guenther2022relational,218,6,1.240234375
guenther2022relational,218,7,4.73828125
guenther2022relational,218,8,3.099609375
guenther2022relational,218,9,3.2919921875
guenther2022relational,218,10,3.396484375
guenther2022relational,218,11,2.37890625
guenther2022relational,218,12,1.8857421875
guenther2022relational,218,13,5.376953125
guenther2022relational,218,14,3.8720703125
guenther2022relational,218,15,3.671875
guenther2022relational,218,16,3.6328125
guenther2022relational,218,17,2.44921875
guenther2022relational,218,18,3.15234375
guenther2022relational,218,19,2.89501953125
guenther2022relational,218,20,2.890625
guenther2022relational,218,21,3.501953125
guenther2022relational,218,22,2.07421875
guenther2022relational,218,23,2.4853515625
guenther2022relational,218,24,2.701171875
guenther2022relational,218,25,3.4140625
guenther2022relational,218,26,2.421875
guenther2022relational,218,27,5.21142578125
guenther2022relational,218,28,3.6962890625
guenther2022relational,218,29,2.43017578125
guenther2022relational,218,30,2.2138671875
guenther2022relational,218,31,2.794921875
guenther2022relational,218,32,2.5439453125
guenther2022relational,218,33,1.486328125
guenther2022relational,218,34,2.2724609375
guenther2022relational,218,35,4.328125
guenther2022relational,218,36,3.9609375
guenther2022relational,218,37,3.1279296875
guenther2022relational,218,38,2.15625
guenther2022relational,218,39,3.341796875
guenther2022relational,218,40,2.0703125
guenther2022relational,218,41,2.5830078125
guenther2022relational,218,42,1.9453125
guenther2022relational,218,43,1.7919921875
guenther2022relational,218,44,2.47705078125
guenther2022relational,218,45,3.9580078125
guenther2022relational,218,46,1.8896484375
guenther2022relational,218,47,2.0830078125
guenther2022relational,218,48,2.7158203125
guenther2022relational,218,49,2.5693359375
guenther2022relational,218,50,2.5498046875
guenther2022relational,218,51,2.15576171875
guenther2022relational,218,52,1.93408203125
guenther2022relational,218,53,1.8564453125
guenther2022relational,218,54,3.0205078125
guenther2022relational,219,0,2.9375
guenther2022relational,219,1,5.93017578125
guenther2022relational,219,2,1.04638671875
guenther2022relational,219,3,1.78515625
guenther2022relational,219,4,1.697265625
guenther2022relational,219,5,3.20947265625
guenther2022relational,219,6,4.4375
guenther2022relational,219,7,3.1845703125
guenther2022relational,219,8,4.80517578125
guenther2022relational,219,9,4.39208984375
guenther2022relational,219,10,2.5908203125
guenther2022relational,219,11,2.5625
guenther2022relational,219,12,2.51171875
guenther2022relational,219,13,1.91015625
guenther2022relational,219,14,2.466796875
guenther2022relational,219,15,2.91015625
guenther2022relational,219,16,3.73828125
guenther2022relational,219,17,2.4453125
guenther2022relational,219,18,2.173828125
guenther2022relational,219,19,3.125
guenther2022relational,219,20,4.318359375
guenther2022relational,219,21,3.154296875
guenther2022relational,219,22,1.71875
guenther2022relational,219,23,5.1015625
guenther2022relational,219,24,1.958984375
guenther2022relational,219,25,2.79296875
guenther2022relational,219,26,2.3203125
guenther2022relational,219,27,2.693359375
guenther2022relational,219,28,1.2509765625
guenther2022relational,219,29,3.546875
guenther2022relational,219,30,5.1484375
guenther2022relational,219,31,3.07421875
guenther2022relational,219,32,2.302734375
guenther2022relational,219,33,3.9287109375
guenther2022relational,219,34,3.951171875
guenther2022relational,219,35,2.03515625
guenther2022relational,219,36,2.7421875
guenther2022relational,219,37,4.669921875
guenther2022relational,219,38,2.0703125
guenther2022relational,219,39,2.05078125
guenther2022relational,219,40,1.6708984375
guenther2022relational,219,41,1.5400390625
guenther2022relational,219,42,1.890625
guenther2022relational,219,43,4.2607421875
guenther2022relational,219,44,3.98828125
guenther2022relational,219,45,2.380859375
guenther2022relational,219,46,5.00537109375
guenther2022relational,219,47,1.2763671875
guenther2022relational,219,48,3.0107421875
guenther2022relational,219,49,3.2890625
guenther2022relational,219,50,4.515625
guenther2022relational,219,51,2.212890625
guenther2022relational,219,52,2.3759765625
guenther2022relational,219,53,1.6201171875
guenther2022relational,219,54,1.6328125
guenther2022relational,220,0,3.67578125
guenther2022relational,220,1,4.9609375
guenther2022relational,220,2,2.94140625
guenther2022relational,220,3,1.9765625
guenther2022relational,220,4,2.01220703125
guenther2022relational,220,5,2.43359375
guenther2022relational,220,6,0.9560546875
guenther2022relational,220,7,1.00244140625
guenther2022relational,220,8,0.7850341796875
guenther2022relational,220,9,3.5859375
guenther2022relational,220,10,2.8330078125
guenther2022relational,220,11,3.16650390625
guenther2022relational,220,12,4.193359375
guenther2022relational,220,13,1.81640625
guenther2022relational,220,14,2.9130859375
guenther2022relational,220,15,3.3818359375
guenther2022relational,220,16,1.6717529296875
guenther2022relational,220,17,2.1943359375
guenther2022relational,220,18,1.90673828125
guenther2022relational,220,19,1.81298828125
guenther2022relational,220,20,1.53369140625
guenther2022relational,220,21,2.7958984375
guenther2022relational,220,22,3.123046875
guenther2022relational,220,23,2.24072265625
guenther2022relational,220,24,3.5458984375
guenther2022relational,220,25,2.88671875
guenther2022relational,220,26,1.58203125
guenther2022relational,220,27,2.287109375
guenther2022relational,220,28,1.396484375
guenther2022relational,220,29,1.6015625
guenther2022relational,220,30,2.904296875
guenther2022relational,220,31,1.5537109375
guenther2022relational,220,32,3.8994140625
guenther2022relational,220,33,3.9140625
guenther2022relational,220,34,2.837890625
guenther2022relational,220,35,1.92578125
guenther2022relational,220,36,1.4345703125
guenther2022relational,220,37,1.0556640625
guenther2022relational,220,38,1.755859375
guenther2022relational,220,39,1.3798828125
guenther2022relational,220,40,5.033203125
guenther2022relational,220,41,8.046875
guenther2022relational,220,42,1.0283203125
guenther2022relational,220,43,2.80859375
guenther2022relational,220,44,1.4609375
guenther2022relational,220,45,0.76708984375
guenther2022relational,220,46,1.17578125
guenther2022relational,220,47,5.1337890625
guenther2022relational,220,48,1.005859375
guenther2022relational,220,49,0.86376953125
guenther2022relational,220,50,1.0478515625
guenther2022relational,220,51,5.3818359375
guenther2022relational,220,52,2.77099609375
guenther2022relational,220,53,5.1962890625
guenther2022relational,220,54,4.4150390625
guenther2022relational,221,0,3.9609375
guenther2022relational,221,1,0.5322265625
guenther2022relational,221,2,2.748046875
guenther2022relational,221,3,0.75537109375
guenther2022relational,221,4,3.9453125
guenther2022relational,221,5,1.74267578125
guenther2022relational,221,6,4.413330078125
guenther2022relational,221,7,3.11376953125
guenther2022relational,221,8,2.288330078125
guenther2022relational,221,9,3.085693359375
guenther2022relational,221,10,2.6044921875
guenther2022relational,221,11,2.779296875
guenther2022relational,221,12,2.2646484375
guenther2022relational,221,13,3.05322265625
guenther2022relational,221,14,2.2490234375
guenther2022relational,221,15,4.7158203125
guenther2022relational,221,16,3.35888671875
guenther2022relational,221,17,4.148193359375
guenther2022relational,221,18,2.08447265625
guenther2022relational,221,19,3.2655029296875
guenther2022relational,221,20,2.3642578125
guenther2022relational,221,21,2.59326171875
guenther2022relational,221,22,3.52001953125
guenther2022relational,221,23,2.5595703125
guenther2022relational,221,24,2.857421875
guenther2022relational,221,25,1.866455078125
guenther2022relational,221,26,3.73828125
guenther2022relational,221,27,3.210693359375
guenther2022relational,221,28,2.4842529296875
guenther2022relational,221,29,3.210693359375
guenther2022relational,221,30,3.819580078125
guenther2022relational,221,31,2.19287109375
guenther2022relational,221,32,2.373046875
guenther2022relational,221,33,2.476531982421875
guenther2022relational,221,34,1.92138671875
guenther2022relational,221,35,2.694580078125
guenther2022relational,221,36,2.3251953125
guenther2022relational,221,37,1.7490234375
guenther2022relational,221,38,2.132568359375
guenther2022relational,221,39,1.882781982421875
guenther2022relational,221,40,2.241455078125
guenther2022relational,221,41,3.304656982421875
guenther2022relational,221,42,1.67919921875
guenther2022relational,221,43,1.6561279296875
guenther2022relational,221,44,1.57861328125
guenther2022relational,221,45,2.49072265625
guenther2022relational,221,46,2.24951171875
guenther2022relational,221,47,3.59326171875
guenther2022relational,221,48,2.367156982421875
guenther2022relational,221,49,3.7967529296875
guenther2022relational,221,50,3.195281982421875
guenther2022relational,221,51,1.64794921875
guenther2022relational,221,52,1.5615234375
guenther2022relational,221,53,2.554443359375
guenther2022relational,221,54,3.34326171875
guenther2022relational,222,0,3.414031982421875
guenther2022relational,222,1,1.148406982421875
guenther2022relational,222,2,1.072265625
guenther2022relational,222,3,1.018798828125
guenther2022relational,222,4,5.3125
guenther2022relational,222,5,4.107421875
guenther2022relational,222,6,3.736328125
guenther2022relational,222,7,1.251953125
guenther2022relational,222,8,2.9033203125
guenther2022relational,222,9,2.7109375
guenther2022relational,222,10,2.1015625
guenther2022relational,222,11,2.73828125
guenther2022relational,222,12,2.1875
guenther2022relational,222,13,2.69140625
guenther2022relational,222,14,1.546875
guenther2022relational,222,15,4.26171875
guenther2022relational,222,16,2.1640625
guenther2022relational,222,17,4.0712890625
guenther2022relational,222,18,4.298828125
guenther2022relational,222,19,2.412109375
guenther2022relational,222,20,3.7734375
guenther2022relational,222,21,1.837890625
guenther2022relational,222,22,2.865234375
guenther2022relational,222,23,2.755859375
guenther2022relational,222,24,2.201171875
guenther2022relational,222,25,4.755859375
guenther2022relational,222,26,4.533203125
guenther2022relational,222,27,4.009765625
guenther2022relational,222,28,3.990234375
guenther2022relational,222,29,3.966796875
guenther2022relational,222,30,3.412109375
guenther2022relational,222,31,1.86865234375
guenther2022relational,222,32,3.01953125
guenther2022relational,222,33,1.953125
guenther2022relational,222,34,1.8798828125
guenther2022relational,222,35,4.62890625
guenther2022relational,222,36,2.1875
guenther2022relational,222,37,3.2578125
guenther2022relational,222,38,3.7421875
guenther2022relational,222,39,2.15625
guenther2022relational,222,40,3.6015625
guenther2022relational,222,41,2.6630859375
guenther2022relational,222,42,2.9541015625
guenther2022relational,222,43,3.4794921875
guenther2022relational,222,44,2.365234375
guenther2022relational,222,45,2.74462890625
guenther2022relational,222,46,4.9921875
guenther2022relational,222,47,2.205078125
guenther2022relational,222,48,2.2744140625
guenther2022relational,222,49,1.4501953125
guenther2022relational,222,50,1.4853515625
guenther2022relational,222,51,2.30859375
guenther2022relational,222,52,4.50390625
guenther2022relational,222,53,1.9609375
guenther2022relational,222,54,1.39697265625
guenther2022relational,223,0,3.476531982421875
guenther2022relational,223,1,4.1015625
guenther2022relational,223,2,3.6357421875
guenther2022relational,223,3,3.2109375
guenther2022relational,223,4,2.248046875
guenther2022relational,223,5,2.24609375
guenther2022relational,223,6,4.7587890625
guenther2022relational,223,7,2.11083984375
guenther2022relational,223,8,3.46484375
guenther2022relational,223,9,4.476531982421875
guenther2022relational,223,10,3.76025390625
guenther2022relational,223,11,1.80322265625
guenther2022relational,223,12,3.1162109375
guenther2022relational,223,13,1.5830078125
guenther2022relational,223,14,2.794921875
guenther2022relational,223,15,2.6484375
guenther2022relational,223,16,4.007080078125
guenther2022relational,223,17,3.1767578125
guenther2022relational,223,18,1.07861328125
guenther2022relational,223,19,2.841796875
guenther2022relational,223,20,2.0244140625
guenther2022relational,223,21,2.4921875
guenther2022relational,223,22,2.435546875
guenther2022relational,223,23,1.427734375
guenther2022relational,223,24,1.70166015625
guenther2022relational,223,25,2.7177734375
guenther2022relational,223,26,2.23876953125
guenther2022relational,223,27,2.904296875
guenther2022relational,223,28,2.48876953125
guenther2022relational,223,29,2.26171875
guenther2022relational,223,30,6.13037109375
guenther2022relational,223,31,2.34326171875
guenther2022relational,223,32,2.647705078125
guenther2022relational,223,33,4.773193359375
guenther2022relational,223,34,1.68212890625
guenther2022relational,223,35,1.475830078125
guenther2022relational,223,36,1.7255859375
guenther2022relational,223,37,0.88671875
guenther2022relational,223,38,2.18701171875
guenther2022relational,223,39,2.08447265625
guenther2022relational,223,40,2.24072265625
guenther2022relational,223,41,3.4217529296875
guenther2022relational,223,42,5.8125
guenther2022relational,223,43,1.4580078125
guenther2022relational,223,44,2.898193359375
guenther2022relational,223,45,4.546875
guenther2022relational,223,46,3.560546875
guenther2022relational,223,47,3.7255859375
guenther2022relational,223,48,2.435546875
guenther2022relational,223,49,1.34423828125
guenther2022relational,223,50,2.505859375
guenther2022relational,223,51,1.359130859375
guenther2022relational,223,52,3.62451171875
guenther2022relational,223,53,2.50537109375
guenther2022relational,223,54,2.600830078125
guenther2022relational,224,0,3.242156982421875
guenther2022relational,224,1,3.22265625
guenther2022relational,224,2,3.72412109375
guenther2022relational,224,3,2.3212890625
guenther2022relational,224,4,4.033203125
guenther2022relational,224,5,2.55859375
guenther2022relational,224,6,1.52783203125
guenther2022relational,224,7,3.0400390625
guenther2022relational,224,8,0.9881591796875
guenther2022relational,224,9,4.2655029296875
guenther2022relational,224,10,3.71484375
guenther2022relational,224,11,3.19580078125
guenther2022relational,224,12,3.8935546875
guenther2022relational,224,13,2.72412109375
guenther2022relational,224,14,2.0146484375
guenther2022relational,224,15,3.0126953125
guenther2022relational,224,16,3.2578125
guenther2022relational,224,17,3.318359375
guenther2022relational,224,18,2.232421875
guenther2022relational,224,19,3.37109375
guenther2022relational,224,20,2.210693359375
guenther2022relational,224,21,1.36328125
guenther2022relational,224,22,3.2666015625
guenther2022relational,224,23,1.23828125
guenther2022relational,224,24,1.6630859375
guenther2022relational,224,25,3.1708984375
guenther2022relational,224,26,5.05859375
guenther2022relational,224,27,1.64892578125
guenther2022relational,224,28,2.75390625
guenther2022relational,224,29,4.59375
guenther2022relational,224,30,2.5361328125
guenther2022relational,224,31,3.0400390625
guenther2022relational,224,32,4.80517578125
guenther2022relational,224,33,2.8046875
guenther2022relational,224,34,4.4462890625
guenther2022relational,224,35,4.4228515625
guenther2022relational,224,36,3.19580078125
guenther2022relational,224,37,2.6591796875
guenther2022relational,224,38,3.54296875
guenther2022relational,224,39,2.48583984375
guenther2022relational,224,40,2.3154296875
guenther2022relational,224,41,1.96826171875
guenther2022relational,224,42,3.0419921875
guenther2022relational,224,43,3.5419921875
guenther2022relational,224,44,2.09326171875
guenther2022relational,224,45,1.77490234375
guenther2022relational,224,46,4.078125
guenther2022relational,224,47,1.6328125
guenther2022relational,224,48,2.2421875
guenther2022relational,224,49,2.953125
guenther2022relational,224,50,2.5
guenther2022relational,224,51,3.759765625
guenther2022relational,224,52,2.607421875
guenther2022relational,224,53,1.8486328125
guenther2022relational,224,54,2.97265625
guenther2022relational,225,0,3.1640625
guenther2022relational,225,1,2.23828125
guenther2022relational,225,2,2.4609375
guenther2022relational,225,3,0.4471435546875
guenther2022relational,225,4,5.4580078125
guenther2022relational,225,5,2.34912109375
guenther2022relational,225,6,2.952850341796875
guenther2022relational,225,7,3.022705078125
guenther2022relational,225,8,0.5361328125
guenther2022relational,225,9,2.69384765625
guenther2022relational,225,10,5.9842529296875
guenther2022relational,225,11,2.353515625
guenther2022relational,225,12,1.72412109375
guenther2022relational,225,13,2.83837890625
guenther2022relational,225,14,2.1494140625
guenther2022relational,225,15,3.185546875
guenther2022relational,225,16,3.46826171875
guenther2022relational,225,17,2.5478515625
guenther2022relational,225,18,2.554443359375
guenther2022relational,225,19,2.828125
guenther2022relational,225,20,2.507080078125
guenther2022relational,225,21,1.96826171875
guenther2022relational,225,22,3.7255859375
guenther2022relational,225,23,1.92333984375
guenther2022relational,225,24,1.81982421875
guenther2022relational,225,25,1.794921875
guenther2022relational,225,26,1.2783203125
guenther2022relational,225,27,2.148193359375
guenther2022relational,225,28,1.54345703125
guenther2022relational,225,29,1.57421875
guenther2022relational,225,30,2.210693359375
guenther2022relational,225,31,1.31201171875
guenther2022relational,225,32,0.83349609375
guenther2022relational,225,33,2.74609375
guenther2022relational,225,34,1.96826171875
guenther2022relational,225,35,1.2342529296875
guenther2022relational,225,36,3.49072265625
guenther2022relational,225,37,4.61376953125
guenther2022relational,225,38,1.48291015625
guenther2022relational,225,39,1.2314453125
guenther2022relational,225,40,2.53125
guenther2022relational,225,41,3.5458984375
guenther2022relational,225,42,2.7626953125
guenther2022relational,225,43,3.98046875
guenther2022relational,225,44,1.31494140625
guenther2022relational,225,45,3.7626953125
guenther2022relational,225,46,1.32080078125
guenther2022relational,225,47,1.4217529296875
guenther2022relational,225,48,3.43017578125
guenther2022relational,225,49,1.3193359375
guenther2022relational,225,50,2.8095703125
guenther2022relational,225,51,1.06884765625
guenther2022relational,225,52,1.2255859375
guenther2022relational,225,53,1.00634765625
guenther2022relational,225,54,3.68017578125
guenther2022relational,226,0,3.082000732421875
guenther2022relational,226,1,4.54833984375
guenther2022relational,226,2,1.9375
guenther2022relational,226,3,2.7353515625
guenther2022relational,226,4,2.08984375
guenther2022relational,226,5,1.7900390625
guenther2022relational,226,6,1.544921875
guenther2022relational,226,7,1.0361328125
guenther2022relational,226,8,4.7705078125
guenther2022relational,226,9,3.248046875
guenther2022relational,226,10,1.6044921875
guenther2022relational,226,11,3.491455078125
guenther2022relational,226,12,2.3623046875
guenther2022relational,226,13,3.64501953125
guenther2022relational,226,14,2.81689453125
guenther2022relational,226,15,1.48876953125
guenther2022relational,226,16,5.609375
guenther2022relational,226,17,4.001953125
guenther2022relational,226,18,3.4150390625
guenther2022relational,226,19,2.9853515625
guenther2022relational,226,20,1.84228515625
guenther2022relational,226,21,3.9658203125
guenther2022relational,226,22,1.501953125
guenther2022relational,226,23,2.6396484375
guenther2022relational,226,24,3.304443359375
guenther2022relational,226,25,1.47607421875
guenther2022relational,226,26,1.36767578125
guenther2022relational,226,27,3.20849609375
guenther2022relational,226,28,2.19775390625
guenther2022relational,226,29,1.70166015625
guenther2022relational,226,30,8.4375
guenther2022relational,226,31,1.499267578125
guenther2022relational,226,32,2.94775390625
guenther2022relational,226,33,5.0703125
guenther2022relational,226,34,4.0537109375
guenther2022relational,226,35,1.36474609375
guenther2022relational,226,36,2.28662109375
guenther2022relational,226,37,4.59326171875
guenther2022relational,226,38,1.5361328125
guenther2022relational,226,39,3.19384765625
guenther2022relational,226,40,1.513671875
guenther2022relational,226,41,5.0
guenther2022relational,226,42,2.99951171875
guenther2022relational,226,43,0.8466796875
guenther2022relational,226,44,3.04150390625
guenther2022relational,226,45,3.0283203125
guenther2022relational,226,46,3.1708984375
guenther2022relational,226,47,1.203094482421875
guenther2022relational,226,48,1.0498046875
guenther2022relational,226,49,1.232421875
guenther2022relational,226,50,3.6376953125
guenther2022relational,226,51,3.72265625
guenther2022relational,226,52,0.97314453125
guenther2022relational,226,53,1.1162109375
guenther2022relational,226,54,4.960693359375
guenther2022relational,227,0,3.7421875
guenther2022relational,227,1,1.0087890625
guenther2022relational,227,2,0.44091796875
guenther2022relational,227,3,5.132781982421875
guenther2022relational,227,4,1.2431640625
guenther2022relational,227,5,6.58984375
guenther2022relational,227,6,1.33251953125
guenther2022relational,227,7,0.866943359375
guenther2022relational,227,8,4.0467529296875
guenther2022relational,227,9,2.69287109375
guenther2022relational,227,10,4.2655029296875
guenther2022relational,227,11,3.4482421875
guenther2022relational,227,12,2.9130859375
guenther2022relational,227,13,1.5615234375
guenther2022relational,227,14,2.28076171875
guenther2022relational,227,15,4.748046875
guenther2022relational,227,16,2.65576171875
guenther2022relational,227,17,1.991455078125
guenther2022relational,227,18,3.0947265625
guenther2022relational,227,19,1.94384765625
guenther2022relational,227,20,3.366943359375
guenther2022relational,227,21,1.80419921875
guenther2022relational,227,22,2.148193359375
guenther2022relational,227,23,1.78369140625
guenther2022relational,227,24,2.553955078125
guenther2022relational,227,25,1.77490234375
guenther2022relational,227,26,1.398193359375
guenther2022relational,227,27,1.019287109375
guenther2022relational,227,28,1.26220703125
guenther2022relational,227,29,1.148406982421875
guenther2022relational,227,30,2.6875
guenther2022relational,227,31,4.8046875
guenther2022relational,227,32,1.4052734375
guenther2022relational,227,33,2.632080078125
guenther2022relational,227,34,3.61767578125
guenther2022relational,227,35,0.72021484375
guenther2022relational,227,36,0.9608154296875
guenther2022relational,227,37,3.33349609375
guenther2022relational,227,38,2.79638671875
guenther2022relational,227,39,2.413330078125
guenther2022relational,227,40,2.1092529296875
guenther2022relational,227,41,1.13037109375
guenther2022relational,227,42,0.984130859375
guenther2022relational,227,43,0.95263671875
guenther2022relational,227,44,0.925750732421875
guenther2022relational,227,45,0.691162109375
guenther2022relational,227,46,0.806640625
guenther2022relational,227,47,0.64404296875
guenther2022relational,227,48,3.44921875
guenther2022relational,227,49,2.47900390625
guenther2022relational,227,50,1.130859375
guenther2022relational,227,51,0.99365234375
guenther2022relational,227,52,0.847412109375
guenther2022relational,227,53,0.807861328125
guenther2022relational,227,54,0.5361328125
guenther2022relational,228,0,2.375
guenther2022relational,228,1,3.189422607421875
guenther2022relational,228,2,2.0703125
guenther2022relational,228,3,3.7763671875
guenther2022relational,228,4,2.77734375
guenther2022relational,228,5,2.53662109375
guenther2022relational,228,6,2.4609375
guenther2022relational,228,7,1.87890625
guenther2022relational,228,8,2.462890625
guenther2022relational,228,9,2.4638671875
guenther2022relational,228,10,4.0078125
guenther2022relational,228,11,2.38671875
guenther2022relational,228,12,2.98046875
guenther2022relational,228,13,2.3203125
guenther2022relational,228,14,2.875
guenther2022relational,228,15,2.603515625
guenther2022relational,228,16,3.1962890625
guenther2022relational,228,17,2.734375
guenther2022relational,228,18,1.78515625
guenther2022relational,228,19,3.2900390625
guenther2022relational,228,20,2.65625
guenther2022relational,228,21,2.447265625
guenther2022relational,228,22,2.642578125
guenther2022relational,228,23,2.2216796875
guenther2022relational,228,24,1.958984375
guenther2022relational,228,25,2.2880859375
guenther2022relational,228,26,2.056640625
guenther2022relational,228,27,3.298828125
guenther2022relational,228,28,3.001953125
guenther2022relational,228,29,1.8359375
guenther2022relational,228,30,2.4970703125
guenther2022relational,228,31,2.5546875
guenther2022relational,228,32,1.88671875
guenther2022relational,228,33,2.224609375
guenther2022relational,228,34,3.0009765625
guenther2022relational,228,35,2.951171875
guenther2022relational,228,36,1.9453125
guenther2022relational,228,37,2.62890625
guenther2022relational,228,38,1.25390625
guenther2022relational,228,39,2.533203125
guenther2022relational,228,40,2.7275390625
guenther2022relational,228,41,3.85400390625
guenther2022relational,228,42,1.39013671875
guenther2022relational,228,43,3.5703125
guenther2022relational,228,44,2.34326171875
guenther2022relational,228,45,2.1708984375
guenther2022relational,228,46,3.32275390625
guenther2022relational,228,47,2.6474609375
guenther2022relational,228,48,2.95703125
guenther2022relational,228,49,3.8486328125
guenther2022relational,228,50,2.7080078125
guenther2022relational,228,51,2.6376953125
guenther2022relational,228,52,2.962890625
guenther2022relational,228,53,2.33984375
guenther2022relational,228,54,1.9814453125
guenther2022relational,229,0,3.62109375
guenther2022relational,229,1,0.9716796875
guenther2022relational,229,2,0.3349609375
guenther2022relational,229,3,4.882781982421875
guenther2022relational,229,4,4.6328125
guenther2022relational,229,5,1.94140625
guenther2022relational,229,6,2.10546875
guenther2022relational,229,7,2.3642578125
guenther2022relational,229,8,6.66650390625
guenther2022relational,229,9,3.8193359375
guenther2022relational,229,10,1.8642578125
guenther2022relational,229,11,2.76171875
guenther2022relational,229,12,2.55078125
guenther2022relational,229,13,2.576171875
guenther2022relational,229,14,2.8505859375
guenther2022relational,229,15,2.4892578125
guenther2022relational,229,16,1.82470703125
guenther2022relational,229,17,3.0791015625
guenther2022relational,229,18,1.960205078125
guenther2022relational,229,19,1.53955078125
guenther2022relational,229,20,3.703125
guenther2022relational,229,21,5.060546875
guenther2022relational,229,22,5.89892578125
guenther2022relational,229,23,2.710205078125
guenther2022relational,229,24,2.1142578125
guenther2022relational,229,25,4.251953125
guenther2022relational,229,26,1.9658203125
guenther2022relational,229,27,2.009765625
guenther2022relational,229,28,2.9609375
guenther2022relational,229,29,2.9775390625
guenther2022relational,229,30,3.9150390625
guenther2022relational,229,31,1.95166015625
guenther2022relational,229,32,2.03271484375
guenther2022relational,229,33,1.919921875
guenther2022relational,229,34,2.15087890625
guenther2022relational,229,35,4.1328125
guenther2022relational,229,36,1.54150390625
guenther2022relational,229,37,3.26025390625
guenther2022relational,229,38,3.26025390625
guenther2022relational,229,39,1.3369140625
guenther2022relational,229,40,3.444580078125
guenther2022relational,229,41,1.71142578125
guenther2022relational,229,42,3.49951171875
guenther2022relational,229,43,1.8115234375
guenther2022relational,229,44,5.45751953125
guenther2022relational,229,45,2.5771484375
guenther2022relational,229,46,1.961181640625
guenther2022relational,229,47,2.7421875
guenther2022relational,229,48,2.64453125
guenther2022relational,229,49,1.6064453125
guenther2022relational,229,50,3.6875
guenther2022relational,229,51,1.705078125
guenther2022relational,229,52,2.4951171875
guenther2022relational,229,53,3.75537109375
guenther2022relational,229,54,1.79296875
guenther2022relational,230,0,4.101531982421875
guenther2022relational,230,1,4.158203125
guenther2022relational,230,2,3.47314453125
guenther2022relational,230,3,4.34326171875
guenther2022relational,230,4,2.0537109375
guenther2022relational,230,5,2.5791015625
guenther2022relational,230,6,3.1376953125
guenther2022relational,230,7,2.4423828125
guenther2022relational,230,8,1.912109375
guenther2022relational,230,9,5.015625
guenther2022relational,230,10,3.8828125
guenther2022relational,230,11,4.1015625
guenther2022relational,230,12,3.162109375
guenther2022relational,230,13,3.140625
guenther2022relational,230,14,2.8818359375
guenther2022relational,230,15,3.0
guenther2022relational,230,16,4.234375
guenther2022relational,230,17,2.73046875
guenther2022relational,230,18,4.5791015625
guenther2022relational,230,19,3.1630859375
guenther2022relational,230,20,3.84375
guenther2022relational,230,21,1.34228515625
guenther2022relational,230,22,2.49072265625
guenther2022relational,230,23,3.216796875
guenther2022relational,230,24,2.85546875
guenther2022relational,230,25,3.25537109375
guenther2022relational,230,26,2.33203125
guenther2022relational,230,27,2.1455078125
guenther2022relational,230,28,1.76806640625
guenther2022relational,230,29,2.93359375
guenther2022relational,230,30,2.0224609375
guenther2022relational,230,31,1.958984375
guenther2022relational,230,32,2.7392578125
guenther2022relational,230,33,1.7939453125
guenther2022relational,230,34,2.7255859375
guenther2022relational,230,35,2.509765625
guenther2022relational,230,36,2.05322265625
guenther2022relational,230,37,3.12890625
guenther2022relational,230,38,1.9189453125
guenther2022relational,230,39,1.791015625
guenther2022relational,230,40,2.147705078125
guenther2022relational,230,41,5.1416015625
guenther2022relational,230,42,4.744140625
guenther2022relational,230,43,2.79296875
guenther2022relational,230,44,1.8896484375
guenther2022relational,230,45,3.49462890625
guenther2022relational,230,46,2.58447265625
guenther2022relational,230,47,2.8212890625
guenther2022relational,230,48,2.8349609375
guenther2022relational,230,49,1.3759765625
guenther2022relational,230,50,2.5908203125
guenther2022relational,230,51,1.615234375
guenther2022relational,230,52,3.43359375
guenther2022relational,230,53,2.4287109375
guenther2022relational,230,54,5.15625
guenther2022relational,231,0,4.08203125
guenther2022relational,231,1,5.11328125
guenther2022relational,231,2,2.9296875
guenther2022relational,231,3,2.900390625
guenther2022relational,231,4,3.2109375
guenther2022relational,231,5,2.37109375
guenther2022relational,231,6,2.0166015625
guenther2022relational,231,7,1.5078125
guenther2022relational,231,8,3.9345703125
guenther2022relational,231,9,1.228515625
guenther2022relational,231,10,1.7119140625
guenther2022relational,231,11,3.3291015625
guenther2022relational,231,12,2.4912109375
guenther2022relational,231,13,2.0380859375
guenther2022relational,231,14,3.25390625
guenther2022relational,231,15,1.8251953125
guenther2022relational,231,16,3.390625
guenther2022relational,231,17,1.93115234375
guenther2022relational,231,18,2.03515625
guenther2022relational,231,19,2.79150390625
guenther2022relational,231,20,3.0068359375
guenther2022relational,231,21,2.2705078125
guenther2022relational,231,22,2.9716796875
guenther2022relational,231,23,1.8876953125
guenther2022relational,231,24,1.74853515625
guenther2022relational,231,25,2.2109375
guenther2022relational,231,26,1.7626953125
guenther2022relational,231,27,1.51171875
guenther2022relational,231,28,1.874267578125
guenther2022relational,231,29,5.92626953125
guenther2022relational,231,30,3.9842529296875
guenther2022relational,231,31,1.755859375
guenther2022relational,231,32,3.49951171875
guenther2022relational,231,33,1.8095703125
guenther2022relational,231,34,5.398193359375
guenther2022relational,231,35,2.69775390625
guenther2022relational,231,36,4.53076171875
guenther2022relational,231,37,2.8271484375
guenther2022relational,231,38,3.31689453125
guenther2022relational,231,39,1.6483154296875
guenther2022relational,231,40,2.75634765625
guenther2022relational,231,41,2.201171875
guenther2022relational,231,42,1.68603515625
guenther2022relational,231,43,2.216796875
guenther2022relational,231,44,1.57666015625
guenther2022relational,231,45,2.585205078125
guenther2022relational,231,46,2.8905029296875
guenther2022relational,231,47,3.02197265625
guenther2022relational,231,48,2.00634765625
guenther2022relational,231,49,2.216796875
guenther2022relational,231,50,1.98388671875
guenther2022relational,231,51,1.984130859375
guenther2022relational,231,52,4.9833984375
guenther2022relational,231,53,2.78076171875
guenther2022relational,231,54,1.9892578125
guenther2022relational,232,0,5.21875
guenther2022relational,232,1,3.357421875
guenther2022relational,232,2,2.9306640625
guenther2022relational,232,3,2.421875
guenther2022relational,232,4,3.86376953125
guenther2022relational,232,5,3.6865234375
guenther2022relational,232,6,3.1484375
guenther2022relational,232,7,2.6953125
guenther2022relational,232,8,4.2734375
guenther2022relational,232,9,3.8876953125
guenther2022relational,232,10,3.400390625
guenther2022relational,232,11,2.94140625
guenther2022relational,232,12,2.39697265625
guenther2022relational,232,13,2.3720703125
guenther2022relational,232,14,2.951171875
guenther2022relational,232,15,1.451171875
guenther2022relational,232,16,3.5537109375
guenther2022relational,232,17,2.3642578125
guenther2022relational,232,18,3.4345703125
guenther2022relational,232,19,3.8623046875
guenther2022relational,232,20,3.5830078125
guenther2022relational,232,21,2.0263671875
guenther2022relational,232,22,4.0078125
guenther2022relational,232,23,3.33642578125
guenther2022relational,232,24,3.11767578125
guenther2022relational,232,25,3.1943359375
guenther2022relational,232,26,2.69384765625
guenther2022relational,232,27,1.4920654296875
guenther2022relational,232,28,3.23046875
guenther2022relational,232,29,2.34326171875
guenther2022relational,232,30,2.08251953125
guenther2022relational,232,31,3.4228515625
guenther2022relational,232,32,1.84423828125
guenther2022relational,232,33,4.3046875
guenther2022relational,232,34,4.08447265625
guenther2022relational,232,35,2.451171875
guenther2022relational,232,36,4.578125
guenther2022relational,232,37,3.359375
guenther2022relational,232,38,3.564453125
guenther2022relational,232,39,2.7822265625
guenther2022relational,232,40,2.2373046875
guenther2022relational,232,41,3.7392578125
guenther2022relational,232,42,2.7001953125
guenther2022relational,232,43,3.43359375
guenther2022relational,232,44,3.53515625
guenther2022relational,232,45,3.515625
guenther2022relational,232,46,2.2080078125
guenther2022relational,232,47,3.818359375
guenther2022relational,232,48,4.982421875
guenther2022relational,232,49,2.8095703125
guenther2022relational,232,50,3.982421875
guenther2022relational,232,51,2.88525390625
guenther2022relational,232,52,2.41015625
guenther2022relational,232,53,4.81640625
guenther2022relational,232,54,2.896484375
guenther2022relational,233,0,4.476531982421875
guenther2022relational,233,1,4.944580078125
guenther2022relational,233,2,2.1474609375
guenther2022relational,233,3,4.5458984375
guenther2022relational,233,4,2.0107421875
guenther2022relational,233,5,3.8828125
guenther2022relational,233,6,2.8203125
guenther2022relational,233,7,4.1484375
guenther2022relational,233,8,2.2568359375
guenther2022relational,233,9,1.8935546875
guenther2022relational,233,10,2.3779296875
guenther2022relational,233,11,3.7236328125
guenther2022relational,233,12,3.0546875
guenther2022relational,233,13,4.259765625
guenther2022relational,233,14,2.42578125
guenther2022relational,233,15,3.10400390625
guenther2022relational,233,16,3.04833984375
guenther2022relational,233,17,2.09912109375
guenther2022relational,233,18,3.13525390625
guenther2022relational,233,19,1.9208984375
guenther2022relational,233,20,2.8984375
guenther2022relational,233,21,1.7900390625
guenther2022relational,233,22,1.4619140625
guenther2022relational,233,23,2.9453125
guenther2022relational,233,24,3.5517578125
guenther2022relational,233,25,1.55517578125
guenther2022relational,233,26,3.0546875
guenther2022relational,233,27,2.5126953125
guenther2022relational,233,28,0.6248779296875
guenther2022relational,233,29,2.8271484375
guenther2022relational,233,30,1.9853515625
guenther2022relational,233,31,2.16650390625
guenther2022relational,233,32,1.818359375
guenther2022relational,233,33,2.4833984375
guenther2022relational,233,34,3.7158203125
guenther2022relational,233,35,4.4853515625
guenther2022relational,233,36,2.623046875
guenther2022relational,233,37,2.2900390625
guenther2022relational,233,38,4.822265625
guenther2022relational,233,39,2.5693359375
guenther2022relational,233,40,2.648193359375
guenther2022relational,233,41,0.9091796875
guenther2022relational,233,42,2.3642578125
guenther2022relational,233,43,1.39306640625
guenther2022relational,233,44,2.2342529296875
guenther2022relational,233,45,4.341796875
guenther2022relational,233,46,2.9091796875
guenther2022relational,233,47,2.210205078125
guenther2022relational,233,48,2.2666015625
guenther2022relational,233,49,1.4892578125
guenther2022relational,233,50,1.53564453125
guenther2022relational,233,51,1.6923828125
guenther2022relational,233,52,2.99072265625
guenther2022relational,233,53,2.66015625
guenther2022relational,233,54,4.8955078125
guenther2022relational,234,0,4.101531982421875
guenther2022relational,234,1,3.59765625
guenther2022relational,234,2,3.396484375
guenther2022relational,234,3,4.3505859375
guenther2022relational,234,4,2.66259765625
guenther2022relational,234,5,3.30517578125
guenther2022relational,234,6,3.2275390625
guenther2022relational,234,7,3.349609375
guenther2022relational,234,8,2.2626953125
guenther2022relational,234,9,3.3896484375
guenther2022relational,234,10,4.96142578125
guenther2022relational,234,11,3.413330078125
guenther2022relational,234,12,4.921875
guenther2022relational,234,13,1.9580078125
guenther2022relational,234,14,2.2275390625
guenther2022relational,234,15,2.1494140625
guenther2022relational,234,16,3.40625
guenther2022relational,234,17,3.3984375
guenther2022relational,234,18,1.5390625
guenther2022relational,234,19,2.9921875
guenther2022relational,234,20,2.8955078125
guenther2022relational,234,21,2.005859375
guenther2022relational,234,22,3.9755859375
guenther2022relational,234,23,5.578125
guenther2022relational,234,24,3.5390625
guenther2022relational,234,25,4.05224609375
guenther2022relational,234,26,2.640625
guenther2022relational,234,27,1.9462890625
guenther2022relational,234,28,2.3876953125
guenther2022relational,234,29,4.390625
guenther2022relational,234,30,2.3251953125
guenther2022relational,234,31,2.19140625
guenther2022relational,234,32,2.5546875
guenther2022relational,234,33,3.52734375
guenther2022relational,234,34,1.8994140625
guenther2022relational,234,35,2.56201171875
guenther2022relational,234,36,3.326171875
guenther2022relational,234,37,1.75830078125
guenther2022relational,234,38,3.05517578125
guenther2022relational,234,39,2.0
guenther2022relational,234,40,2.882080078125
guenther2022relational,234,41,1.15576171875
guenther2022relational,234,42,2.96142578125
guenther2022relational,234,43,3.216796875
guenther2022relational,234,44,2.1279296875
guenther2022relational,234,45,2.6494140625
guenther2022relational,234,46,2.5732421875
guenther2022relational,234,47,3.15576171875
guenther2022relational,234,48,1.640625
guenther2022relational,234,49,2.33642578125
guenther2022relational,234,50,1.478515625
guenther2022relational,234,51,2.16259765625
guenther2022relational,234,52,2.7275390625
guenther2022relational,234,53,4.380859375
guenther2022relational,234,54,2.88037109375
guenther2022relational,235,0,5.45703125
guenther2022relational,235,1,4.15234375
guenther2022relational,235,2,5.294921875
guenther2022relational,235,3,3.224609375
guenther2022relational,235,4,3.115234375
guenther2022relational,235,5,2.0283203125
guenther2022relational,235,6,1.98291015625
guenther2022relational,235,7,3.08642578125
guenther2022relational,235,8,2.86376953125
guenther2022relational,235,9,2.7119140625
guenther2022relational,235,10,2.330078125
guenther2022relational,235,11,3.287109375
guenther2022relational,235,12,1.779296875
guenther2022relational,235,13,3.1640625
guenther2022relational,235,14,1.53662109375
guenther2022relational,235,15,1.92138671875
guenther2022relational,235,16,1.48046875
guenther2022relational,235,17,1.87939453125
guenther2022relational,235,18,3.2021484375
guenther2022relational,235,19,1.1767578125
guenther2022relational,235,20,0.859375
guenther2022relational,235,21,4.773193359375
guenther2022relational,235,22,2.444580078125
guenther2022relational,235,23,5.132781982421875
guenther2022relational,235,24,1.685546875
guenther2022relational,235,25,2.466796875
guenther2022relational,235,26,4.0458984375
guenther2022relational,235,27,4.34326171875
guenther2022relational,235,28,5.9296875
guenther2022relational,235,29,1.21826171875
guenther2022relational,235,30,2.69775390625
guenther2022relational,235,31,3.47900390625
guenther2022relational,235,32,3.34326171875
guenther2022relational,235,33,1.67431640625
guenther2022relational,235,34,2.8642578125
guenther2022relational,235,35,2.648193359375
guenther2022relational,235,36,1.3857421875
guenther2022relational,235,37,1.6259765625
guenther2022relational,235,38,1.421142578125
guenther2022relational,235,39,2.4091796875
guenther2022relational,235,40,2.81884765625
guenther2022relational,235,41,1.31494140625
guenther2022relational,235,42,2.95849609375
guenther2022relational,235,43,3.43017578125
guenther2022relational,235,44,2.835205078125
guenther2022relational,235,45,3.26025390625
guenther2022relational,235,46,3.163330078125
guenther2022relational,235,47,2.6396484375
guenther2022relational,235,48,2.67724609375
guenther2022relational,235,49,3.92822265625
guenther2022relational,235,50,3.3671875
guenther2022relational,235,51,1.2724609375
guenther2022relational,235,52,1.232421875
guenther2022relational,235,53,6.359375
guenther2022relational,235,54,2.6669921875
guenther2022relational,236,0,5.9375
guenther2022relational,236,1,3.15625
guenther2022relational,236,2,2.0234375
guenther2022relational,236,3,4.25390625
guenther2022relational,236,4,1.4482421875
guenther2022relational,236,5,2.08984375
guenther2022relational,236,6,3.28125
guenther2022relational,236,7,4.3779296875
guenther2022relational,236,8,2.1279296875
guenther2022relational,236,9,4.8828125
guenther2022relational,236,10,4.4375
guenther2022relational,236,11,3.16015625
guenther2022relational,236,12,4.65234375
guenther2022relational,236,13,2.7626953125
guenther2022relational,236,14,3.73046875
guenther2022relational,236,15,3.70849609375
guenther2022relational,236,16,3.5283203125
guenther2022relational,236,17,3.93359375
guenther2022relational,236,18,3.048828125
guenther2022relational,236,19,1.6513671875
guenther2022relational,236,20,3.322265625
guenther2022relational,236,21,2.7421875
guenther2022relational,236,22,3.6591796875
guenther2022relational,236,23,3.326171875
guenther2022relational,236,24,2.83642578125
guenther2022relational,236,25,4.5087890625
guenther2022relational,236,26,3.11328125
guenther2022relational,236,27,2.32421875
guenther2022relational,236,28,2.5595703125
guenther2022relational,236,29,2.0302734375
guenther2022relational,236,30,1.9775390625
guenther2022relational,236,31,3.26025390625
guenther2022relational,236,32,1.93701171875
guenther2022relational,236,33,3.3095703125
guenther2022relational,236,34,3.41650390625
guenther2022relational,236,35,2.55859375
guenther2022relational,236,36,3.70458984375
guenther2022relational,236,37,2.65087890625
guenther2022relational,236,38,4.576171875
guenther2022relational,236,39,1.9365234375
guenther2022relational,236,40,3.21826171875
guenther2022relational,236,41,3.578125
guenther2022relational,236,42,3.2001953125
guenther2022relational,236,43,1.78955078125
guenther2022relational,236,44,2.12109375
guenther2022relational,236,45,2.9375
guenther2022relational,236,46,3.87109375
guenther2022relational,236,47,2.9345703125
guenther2022relational,236,48,1.62353515625
guenther2022relational,236,49,1.42041015625
guenther2022relational,236,50,1.71728515625
guenther2022relational,236,51,1.6708984375
guenther2022relational,236,52,1.60400390625
guenther2022relational,236,53,1.6170654296875
guenther2022relational,236,54,1.16455078125
guenther2022relational,237,0,3.0078125
guenther2022relational,237,1,5.7001953125
guenther2022relational,237,2,3.671875
guenther2022relational,237,3,3.52197265625
guenther2022relational,237,4,3.16162109375
guenther2022relational,237,5,1.1717529296875
guenther2022relational,237,6,4.15576171875
guenther2022relational,237,7,2.38525390625
guenther2022relational,237,8,2.3251953125
guenther2022relational,237,9,4.21826171875
guenther2022relational,237,10,1.7568359375
guenther2022relational,237,11,2.14501953125
guenther2022relational,237,12,2.07080078125
guenther2022relational,237,13,2.741943359375
guenther2022relational,237,14,4.185546875
guenther2022relational,237,15,1.82568359375
guenther2022relational,237,16,3.0439453125
guenther2022relational,237,17,3.4208984375
guenther2022relational,237,18,1.983642578125
guenther2022relational,237,19,3.382080078125
guenther2022relational,237,20,2.366943359375
guenther2022relational,237,21,2.03759765625
guenther2022relational,237,22,3.01025390625
guenther2022relational,237,23,1.8720703125
guenther2022relational,237,24,2.116943359375
guenther2022relational,237,25,3.80322265625
guenther2022relational,237,26,2.616943359375
guenther2022relational,237,27,4.07275390625
guenther2022relational,237,28,2.99609375
guenther2022relational,237,29,2.71484375
guenther2022relational,237,30,2.55322265625
guenther2022relational,237,31,1.7646484375
guenther2022relational,237,32,3.569580078125
guenther2022relational,237,33,1.851531982421875
guenther2022relational,237,34,1.162109375
guenther2022relational,237,35,3.4814453125
guenther2022relational,237,36,3.17626953125
guenther2022relational,237,37,2.7783203125
guenther2022relational,237,38,2.2958984375
guenther2022relational,237,39,1.56103515625
guenther2022relational,237,40,2.960693359375
guenther2022relational,237,41,2.185546875
guenther2022relational,237,42,1.327880859375
guenther2022relational,237,43,3.4501953125
guenther2022relational,237,44,4.054443359375
guenther2022relational,237,45,3.335693359375
guenther2022relational,237,46,2.37451171875
guenther2022relational,237,47,2.648193359375
guenther2022relational,237,48,2.2568359375
guenther2022relational,237,49,3.9208984375
guenther2022relational,237,50,3.023193359375
guenther2022relational,237,51,1.476318359375
guenther2022relational,237,52,2.64013671875
guenther2022relational,237,53,1.5545654296875
guenther2022relational,237,54,1.929443359375
guenther2022relational,238,0,4.781219482421875
guenther2022relational,238,1,2.47265625
guenther2022relational,238,2,3.03564453125
guenther2022relational,238,3,5.103515625
guenther2022relational,238,4,3.9521484375
guenther2022relational,238,5,2.6064453125
guenther2022relational,238,6,3.21875
guenther2022relational,238,7,2.7646484375
guenther2022relational,238,8,1.984375
guenther2022relational,238,9,1.6494140625
guenther2022relational,238,10,0.9373779296875
guenther2022relational,238,11,3.82421875
guenther2022relational,238,12,2.1640625
guenther2022relational,238,13,3.8564453125
guenther2022relational,238,14,2.85400390625
guenther2022relational,238,15,1.998046875
guenther2022relational,238,16,4.4443359375
guenther2022relational,238,17,2.8779296875
guenther2022relational,238,18,3.5
guenther2022relational,238,19,2.14697265625
guenther2022relational,238,20,1.1396484375
guenther2022relational,238,21,3.8662109375
guenther2022relational,238,22,1.796875
guenther2022relational,238,23,3.134765625
guenther2022relational,238,24,3.380859375
guenther2022relational,238,25,2.2470703125
guenther2022relational,238,26,1.998046875
guenther2022relational,238,27,2.49609375
guenther2022relational,238,28,1.73486328125
guenther2022relational,238,29,1.77734375
guenther2022relational,238,30,5.8515625
guenther2022relational,238,31,2.9775390625
guenther2022relational,238,32,2.5390625
guenther2022relational,238,33,2.36767578125
guenther2022relational,238,34,2.6650390625
guenther2022relational,238,35,4.57275390625
guenther2022relational,238,36,3.20703125
guenther2022relational,238,37,3.712890625
guenther2022relational,238,38,2.7314453125
guenther2022relational,238,39,1.4130859375
guenther2022relational,238,40,2.53955078125
guenther2022relational,238,41,2.5966796875
guenther2022relational,238,42,3.25537109375
guenther2022relational,238,43,4.091796875
guenther2022relational,238,44,3.46484375
guenther2022relational,238,45,2.810546875
guenther2022relational,238,46,2.263671875
guenther2022relational,238,47,2.3837890625
guenther2022relational,238,48,2.3251953125
guenther2022relational,238,49,3.07421875
guenther2022relational,238,50,4.8916015625
guenther2022relational,238,51,2.533203125
guenther2022relational,238,52,2.21875
guenther2022relational,238,53,3.7568359375
guenther2022relational,238,54,4.05322265625
guenther2022relational,239,0,2.6796875
guenther2022relational,239,1,5.69140625
guenther2022relational,239,2,2.7294921875
guenther2022relational,239,3,3.6513671875
guenther2022relational,239,4,1.9736328125
guenther2022relational,239,5,1.568359375
guenther2022relational,239,6,2.119140625
guenther2022relational,239,7,3.07275390625
guenther2022relational,239,8,0.57568359375
guenther2022relational,239,9,1.9755859375
guenther2022relational,239,10,5.19287109375
guenther2022relational,239,11,2.03369140625
guenther2022relational,239,12,2.13037109375
guenther2022relational,239,13,2.49609375
guenther2022relational,239,14,1.546142578125
guenther2022relational,239,15,1.9716796875
guenther2022relational,239,16,3.13134765625
guenther2022relational,239,17,1.814453125
guenther2022relational,239,18,2.3212890625
guenther2022relational,239,19,1.96484375
guenther2022relational,239,20,0.7615966796875
guenther2022relational,239,21,1.811767578125
guenther2022relational,239,22,0.8798828125
guenther2022relational,239,23,2.7967529296875
guenther2022relational,239,24,1.5986328125
guenther2022relational,239,25,1.880859375
guenther2022relational,239,26,1.663818359375
guenther2022relational,239,27,1.38037109375
guenther2022relational,239,28,2.33447265625
guenther2022relational,239,29,1.6064453125
guenther2022relational,239,30,1.11669921875
guenther2022relational,239,31,1.882080078125
guenther2022relational,239,32,3.835693359375
guenther2022relational,239,33,4.2421875
guenther2022relational,239,34,2.65234375
guenther2022relational,239,35,1.7373046875
guenther2022relational,239,36,1.21533203125
guenther2022relational,239,37,2.4345703125
guenther2022relational,239,38,2.6259765625
guenther2022relational,239,39,1.193359375
guenther2022relational,239,40,0.960205078125
guenther2022relational,239,41,2.0166015625
guenther2022relational,239,42,0.901611328125
guenther2022relational,239,43,1.01416015625
guenther2022relational,239,44,1.56201171875
guenther2022relational,239,45,6.85400390625
guenther2022relational,239,46,2.1005859375
guenther2022relational,239,47,3.68017578125
guenther2022relational,239,48,2.0467529296875
guenther2022relational,239,49,1.8955078125
guenther2022relational,239,50,2.23974609375
guenther2022relational,239,51,5.1796875
guenther2022relational,239,52,1.5224609375
guenther2022relational,239,53,1.7607421875
guenther2022relational,239,54,1.8486328125
guenther2022relational,240,0,3.16796875
guenther2022relational,240,1,6.53515625
guenther2022relational,240,2,2.8193359375
guenther2022relational,240,3,2.8681640625
guenther2022relational,240,4,1.5419921875
guenther2022relational,240,5,0.6513671875
guenther2022relational,240,6,5.13525390625
guenther2022relational,240,7,4.0595703125
guenther2022relational,240,8,3.919921875
guenther2022relational,240,9,2.8544921875
guenther2022relational,240,10,3.2021484375
guenther2022relational,240,11,2.67138671875
guenther2022relational,240,12,3.2001953125
guenther2022relational,240,13,2.148193359375
guenther2022relational,240,14,1.34423828125
guenther2022relational,240,15,2.86767578125
guenther2022relational,240,16,3.2880859375
guenther2022relational,240,17,3.88037109375
guenther2022relational,240,18,2.81201171875
guenther2022relational,240,19,3.96875
guenther2022relational,240,20,2.3193359375
guenther2022relational,240,21,2.1064453125
guenther2022relational,240,22,3.585205078125
guenther2022relational,240,23,3.4658203125
guenther2022relational,240,24,3.132080078125
guenther2022relational,240,25,2.58251953125
guenther2022relational,240,26,3.5546875
guenther2022relational,240,27,3.6181640625
guenther2022relational,240,28,3.20751953125
guenther2022relational,240,29,2.6455078125
guenther2022relational,240,30,3.34326171875
guenther2022relational,240,31,2.43017578125
guenther2022relational,240,32,2.4541015625
guenther2022relational,240,33,4.349609375
guenther2022relational,240,34,2.6025390625
guenther2022relational,240,35,2.5517578125
guenther2022relational,240,36,1.9970703125
guenther2022relational,240,37,2.685546875
guenther2022relational,240,38,1.92578125
guenther2022relational,240,39,2.6279296875
guenther2022relational,240,40,1.7861328125
guenther2022relational,240,41,3.194580078125
guenther2022relational,240,42,3.498046875
guenther2022relational,240,43,2.98876953125
guenther2022relational,240,44,3.7255859375
guenther2022relational,240,45,1.421630859375
guenther2022relational,240,46,2.366943359375
guenther2022relational,240,47,2.007080078125
guenther2022relational,240,48,2.88037109375
guenther2022relational,240,49,2.060546875
guenther2022relational,240,50,1.62939453125
guenther2022relational,240,51,3.5107421875
guenther2022relational,240,52,2.178955078125
guenther2022relational,240,53,2.83642578125
guenther2022relational,240,54,3.08203125
guenther2022relational,241,0,3.371063232421875
guenther2022relational,241,1,2.546875
guenther2022relational,241,2,2.3515625
guenther2022relational,241,3,3.17578125
guenther2022relational,241,4,3.38671875
guenther2022relational,241,5,3.82421875
guenther2022relational,241,6,2.259765625
guenther2022relational,241,7,1.9765625
guenther2022relational,241,8,3.9296875
guenther2022relational,241,9,4.40234375
guenther2022relational,241,10,2.23828125
guenther2022relational,241,11,2.78515625
guenther2022relational,241,12,3.28515625
guenther2022relational,241,13,4.58984375
guenther2022relational,241,14,1.5390625
guenther2022relational,241,15,3.421875
guenther2022relational,241,16,3.326171875
guenther2022relational,241,17,2.26953125
guenther2022relational,241,18,3.0078125
guenther2022relational,241,19,2.662109375
guenther2022relational,241,20,2.638671875
guenther2022relational,241,21,4.19140625
guenther2022relational,241,22,3.546875
guenther2022relational,241,23,4.08984375
guenther2022relational,241,24,2.56640625
guenther2022relational,241,25,2.7578125
guenther2022relational,241,26,2.849609375
guenther2022relational,241,27,2.5556640625
guenther2022relational,241,28,1.46337890625
guenther2022relational,241,29,2.125
guenther2022relational,241,30,5.6640625
guenther2022relational,241,31,4.33984375
guenther2022relational,241,32,2.70703125
guenther2022relational,241,33,4.220703125
guenther2022relational,241,34,2.181640625
guenther2022relational,241,35,1.5703125
guenther2022relational,241,36,2.16650390625
guenther2022relational,241,37,2.078125
guenther2022relational,241,38,3.7353515625
guenther2022relational,241,39,2.42578125
guenther2022relational,241,40,3.390625
guenther2022relational,241,41,2.712890625
guenther2022relational,241,42,2.0078125
guenther2022relational,241,43,2.244140625
guenther2022relational,241,44,0.923828125
guenther2022relational,241,45,4.470703125
guenther2022relational,241,46,2.357421875
guenther2022relational,241,47,3.544921875
guenther2022relational,241,48,3.22265625
guenther2022relational,241,49,2.77734375
guenther2022relational,241,50,2.806640625
guenther2022relational,241,51,4.5703125
guenther2022relational,241,52,2.68359375
guenther2022relational,241,53,3.1640625
guenther2022relational,241,54,3.04296875
guenther2022relational,242,0,4.832000732421875
guenther2022relational,242,1,3.640625
guenther2022relational,242,2,2.92626953125
guenther2022relational,242,3,2.0087890625
guenther2022relational,242,4,3.3828125
guenther2022relational,242,5,1.53125
guenther2022relational,242,6,1.5625
guenther2022relational,242,7,3.404296875
guenther2022relational,242,8,1.6845703125
guenther2022relational,242,9,3.3017578125
guenther2022relational,242,10,1.30126953125
guenther2022relational,242,11,0.876953125
guenther2022relational,242,12,4.5693359375
guenther2022relational,242,13,3.49609375
guenther2022relational,242,14,4.513671875
guenther2022relational,242,15,3.5068359375
guenther2022relational,242,16,2.882080078125
guenther2022relational,242,17,3.2041015625
guenther2022relational,242,18,2.68701171875
guenther2022relational,242,19,3.70947265625
guenther2022relational,242,20,3.95458984375
guenther2022relational,242,21,2.3837890625
guenther2022relational,242,22,3.08642578125
guenther2022relational,242,23,2.45947265625
guenther2022relational,242,24,1.6396484375
guenther2022relational,242,25,3.341796875
guenther2022relational,242,26,4.0693359375
guenther2022relational,242,27,4.40234375
guenther2022relational,242,28,4.126953125
guenther2022relational,242,29,2.517578125
guenther2022relational,242,30,2.850830078125
guenther2022relational,242,31,3.3564453125
guenther2022relational,242,32,3.29296875
guenther2022relational,242,33,2.9755859375
guenther2022relational,242,34,1.65234375
guenther2022relational,242,35,3.373046875
guenther2022relational,242,36,2.39599609375
guenther2022relational,242,37,2.82275390625
guenther2022relational,242,38,2.83984375
guenther2022relational,242,39,3.8955078125
guenther2022relational,242,40,1.5703125
guenther2022relational,242,41,1.31982421875
guenther2022relational,242,42,1.4267578125
guenther2022relational,242,43,2.3017578125
guenther2022relational,242,44,2.64892578125
guenther2022relational,242,45,3.3232421875
guenther2022relational,242,46,3.2001953125
guenther2022relational,242,47,3.66650390625
guenther2022relational,242,48,2.67822265625
guenther2022relational,242,49,2.8505859375
guenther2022relational,242,50,4.09375
guenther2022relational,242,51,3.6455078125
guenther2022relational,242,52,2.95751953125
guenther2022relational,242,53,2.77734375
guenther2022relational,242,54,2.5546875
guenther2022relational,243,0,5.972625732421875
guenther2022relational,243,1,3.1015625
guenther2022relational,243,2,2.22705078125
guenther2022relational,243,3,1.616455078125
guenther2022relational,243,4,1.033203125
guenther2022relational,243,5,3.232421875
guenther2022relational,243,6,2.1376953125
guenther2022relational,243,7,4.0078125
guenther2022relational,243,8,4.22900390625
guenther2022relational,243,9,3.41015625
guenther2022relational,243,10,1.6767578125
guenther2022relational,243,11,4.076171875
guenther2022relational,243,12,2.91162109375
guenther2022relational,243,13,2.7783203125
guenther2022relational,243,14,2.22265625
guenther2022relational,243,15,3.1943359375
guenther2022relational,243,16,3.09765625
guenther2022relational,243,17,2.70751953125
guenther2022relational,243,18,2.04736328125
guenther2022relational,243,19,3.6083984375
guenther2022relational,243,20,2.146484375
guenther2022relational,243,21,2.86474609375
guenther2022relational,243,22,2.197265625
guenther2022relational,243,23,1.7392578125
guenther2022relational,243,24,1.58447265625
guenther2022relational,243,25,1.8994140625
guenther2022relational,243,26,1.5311279296875
guenther2022relational,243,27,1.53173828125
guenther2022relational,243,28,3.9140625
guenther2022relational,243,29,3.1484375
guenther2022relational,243,30,2.509765625
guenther2022relational,243,31,2.22314453125
guenther2022relational,243,32,1.71875
guenther2022relational,243,33,1.265625
guenther2022relational,243,34,2.43017578125
guenther2022relational,243,35,1.951171875
guenther2022relational,243,36,3.2275390625
guenther2022relational,243,37,2.166015625
guenther2022relational,243,38,3.4267578125
guenther2022relational,243,39,4.421875
guenther2022relational,243,40,1.6015625
guenther2022relational,243,41,2.12890625
guenther2022relational,243,42,2.2197265625
guenther2022relational,243,43,2.671875
guenther2022relational,243,44,1.626953125
guenther2022relational,243,45,3.88330078125
guenther2022relational,243,46,2.8603515625
guenther2022relational,243,47,2.755859375
guenther2022relational,243,48,1.8759765625
guenther2022relational,243,49,1.1064453125
guenther2022relational,243,50,0.818359375
guenther2022relational,243,51,1.40234375
guenther2022relational,243,52,1.2138671875
guenther2022relational,243,53,1.0302734375
guenther2022relational,243,54,2.6064453125
guenther2022relational,244,0,6.39453125
guenther2022relational,244,1,2.884765625
guenther2022relational,244,2,2.779296875
guenther2022relational,244,3,2.6943359375
guenther2022relational,244,4,2.36767578125
guenther2022relational,244,5,2.4443359375
guenther2022relational,244,6,2.3984375
guenther2022relational,244,7,2.45458984375
guenther2022relational,244,8,3.20263671875
guenther2022relational,244,9,1.93212890625
guenther2022relational,244,10,2.913330078125
guenther2022relational,244,11,2.53076171875
guenther2022relational,244,12,4.0380859375
guenther2022relational,244,13,2.7939453125
guenther2022relational,244,14,0.9716796875
guenther2022relational,244,15,4.67578125
guenther2022relational,244,16,3.2333984375
guenther2022relational,244,17,4.34765625
guenther2022relational,244,18,2.4217529296875
guenther2022relational,244,19,2.4970703125
guenther2022relational,244,20,2.20751953125
guenther2022relational,244,21,2.179443359375
guenther2022relational,244,22,2.12451171875
guenther2022relational,244,23,3.74609375
guenther2022relational,244,24,3.25634765625
guenther2022relational,244,25,3.7333984375
guenther2022relational,244,26,2.685546875
guenther2022relational,244,27,2.0458984375
guenther2022relational,244,28,3.86376953125
guenther2022relational,244,29,2.710906982421875
guenther2022relational,244,30,2.319580078125
guenther2022relational,244,31,2.5467529296875
guenther2022relational,244,32,2.7030029296875
guenther2022relational,244,33,2.3115234375
guenther2022relational,244,34,2.037109375
guenther2022relational,244,35,1.874755859375
guenther2022relational,244,36,2.033203125
guenther2022relational,244,37,3.491943359375
guenther2022relational,244,38,1.74755859375
guenther2022relational,244,39,1.49462890625
guenther2022relational,244,40,3.382080078125
guenther2022relational,244,41,1.67919921875
guenther2022relational,244,42,1.148406982421875
guenther2022relational,244,43,5.257781982421875
guenther2022relational,244,44,1.7889404296875
guenther2022relational,244,45,2.12451171875
guenther2022relational,244,46,1.85107421875
guenther2022relational,244,47,1.6552734375
guenther2022relational,244,48,2.0458984375
guenther2022relational,244,49,2.9217529296875
guenther2022relational,244,50,2.445068359375
guenther2022relational,244,51,2.7030029296875
guenther2022relational,244,52,2.388671875
guenther2022relational,244,53,3.335693359375
guenther2022relational,244,54,3.007781982421875
guenther2022relational,245,0,3.0625
guenther2022relational,245,1,0.882568359375
guenther2022relational,245,2,1.0146484375
guenther2022relational,245,3,4.2939453125
guenther2022relational,245,4,2.93017578125
guenther2022relational,245,5,3.6279296875
guenther2022relational,245,6,2.866943359375
guenther2022relational,245,7,3.5
guenther2022relational,245,8,5.15234375
guenther2022relational,245,9,2.6572265625
guenther2022relational,245,10,5.13037109375
guenther2022relational,245,11,3.794921875
guenther2022relational,245,12,3.3466796875
guenther2022relational,245,13,2.46484375
guenther2022relational,245,14,2.4287109375
guenther2022relational,245,15,2.54150390625
guenther2022relational,245,16,3.58251953125
guenther2022relational,245,17,2.119140625
guenther2022relational,245,18,2.5283203125
guenther2022relational,245,19,3.7109375
guenther2022relational,245,20,2.0791015625
guenther2022relational,245,21,2.2216796875
guenther2022relational,245,22,4.412109375
guenther2022relational,245,23,2.87890625
guenther2022relational,245,24,2.0400390625
guenther2022relational,245,25,2.3525390625
guenther2022relational,245,26,1.65625
guenther2022relational,245,27,3.92578125
guenther2022relational,245,28,2.4091796875
guenther2022relational,245,29,2.2275390625
guenther2022relational,245,30,3.1904296875
guenther2022relational,245,31,2.1220703125
guenther2022relational,245,32,3.5244140625
guenther2022relational,245,33,2.4345703125
guenther2022relational,245,34,4.5078125
guenther2022relational,245,35,2.8232421875
guenther2022relational,245,36,1.6904296875
guenther2022relational,245,37,2.451171875
guenther2022relational,245,38,1.888671875
guenther2022relational,245,39,2.3828125
guenther2022relational,245,40,2.61328125
guenther2022relational,245,41,4.359375
guenther2022relational,245,42,4.35400390625
guenther2022relational,245,43,2.95703125
guenther2022relational,245,44,2.265625
guenther2022relational,245,45,3.5859375
guenther2022relational,245,46,1.28515625
guenther2022relational,245,47,3.466796875
guenther2022relational,245,48,3.47900390625
guenther2022relational,245,49,3.29833984375
guenther2022relational,245,50,2.453125
guenther2022relational,245,51,3.1982421875
guenther2022relational,245,52,1.671142578125
guenther2022relational,245,53,4.09765625
guenther2022relational,245,54,3.5625
guenther2022relational,246,0,3.671875
guenther2022relational,246,1,3.3671875
guenther2022relational,246,2,2.2568359375
guenther2022relational,246,3,5.359375
guenther2022relational,246,4,2.208984375
guenther2022relational,246,5,1.998046875
guenther2022relational,246,6,2.09765625
guenther2022relational,246,7,2.71826171875
guenther2022relational,246,8,3.640625
guenther2022relational,246,9,3.1796875
guenther2022relational,246,10,2.953125
guenther2022relational,246,11,3.841796875
guenther2022relational,246,12,2.640625
guenther2022relational,246,13,2.068359375
guenther2022relational,246,14,5.029296875
guenther2022relational,246,15,1.8203125
guenther2022relational,246,16,1.83203125
guenther2022relational,246,17,2.05078125
guenther2022relational,246,18,3.07421875
guenther2022relational,246,19,4.01953125
guenther2022relational,246,20,2.19140625
guenther2022relational,246,21,4.17578125
guenther2022relational,246,22,2.4921875
guenther2022relational,246,23,2.453125
guenther2022relational,246,24,1.70703125
guenther2022relational,246,25,4.60546875
guenther2022relational,246,26,2.9453125
guenther2022relational,246,27,3.28515625
guenther2022relational,246,28,2.98828125
guenther2022relational,246,29,1.908203125
guenther2022relational,246,30,3.109375
guenther2022relational,246,31,4.11328125
guenther2022relational,246,32,2.3251953125
guenther2022relational,246,33,4.75390625
guenther2022relational,246,34,2.03515625
guenther2022relational,246,35,4.7353515625
guenther2022relational,246,36,2.45703125
guenther2022relational,246,37,2.37109375
guenther2022relational,246,38,2.7666015625
guenther2022relational,246,39,3.10546875
guenther2022relational,246,40,3.17529296875
guenther2022relational,246,41,1.90576171875
guenther2022relational,246,42,1.48828125
guenther2022relational,246,43,3.818359375
guenther2022relational,246,44,4.998046875
guenther2022relational,246,45,3.5859375
guenther2022relational,246,46,3.212890625
guenther2022relational,246,47,2.65625
guenther2022relational,246,48,3.455078125
guenther2022relational,246,49,3.662109375
guenther2022relational,246,50,2.30078125
guenther2022relational,246,51,3.98828125
guenther2022relational,246,52,3.265625
guenther2022relational,246,53,1.720703125
guenther2022relational,246,54,1.89306640625
guenther2022relational,247,0,4.554656982421875
guenther2022relational,247,1,4.6640625
guenther2022relational,247,2,1.43359375
guenther2022relational,247,3,2.736328125
guenther2022relational,247,4,5.1796875
guenther2022relational,247,5,3.1044921875
guenther2022relational,247,6,1.7060546875
guenther2022relational,247,7,1.646484375
guenther2022relational,247,8,2.1513671875
guenther2022relational,247,9,1.673828125
guenther2022relational,247,10,3.8173828125
guenther2022relational,247,11,2.236328125
guenther2022relational,247,12,2.60546875
guenther2022relational,247,13,0.80078125
guenther2022relational,247,14,4.4794921875
guenther2022relational,247,15,4.396484375
guenther2022relational,247,16,2.76953125
guenther2022relational,247,17,1.33203125
guenther2022relational,247,18,4.5791015625
guenther2022relational,247,19,2.58984375
guenther2022relational,247,20,2.94287109375
guenther2022relational,247,21,2.93017578125
guenther2022relational,247,22,4.5146484375
guenther2022relational,247,23,2.9482421875
guenther2022relational,247,24,3.47265625
guenther2022relational,247,25,0.7763671875
guenther2022relational,247,26,1.748046875
guenther2022relational,247,27,1.85546875
guenther2022relational,247,28,4.1728515625
guenther2022relational,247,29,2.5380859375
guenther2022relational,247,30,2.884765625
guenther2022relational,247,31,2.0390625
guenther2022relational,247,32,3.630859375
guenther2022relational,247,33,1.5166015625
guenther2022relational,247,34,1.59033203125
guenther2022relational,247,35,3.02197265625
guenther2022relational,247,36,2.087890625
guenther2022relational,247,37,2.3095703125
guenther2022relational,247,38,2.490234375
guenther2022relational,247,39,2.4423828125
guenther2022relational,247,40,1.37890625
guenther2022relational,247,41,2.171875
guenther2022relational,247,42,1.2998046875
guenther2022relational,247,43,2.2265625
guenther2022relational,247,44,2.728515625
guenther2022relational,247,45,1.6103515625
guenther2022relational,247,46,1.716796875
guenther2022relational,247,47,1.4521484375
guenther2022relational,247,48,1.646484375
guenther2022relational,247,49,3.4384765625
guenther2022relational,247,50,1.3486328125
guenther2022relational,247,51,1.7705078125
guenther2022relational,247,52,2.2646484375
guenther2022relational,247,53,2.568359375
guenther2022relational,247,54,2.416015625
guenther2022relational,248,0,4.4453125
guenther2022relational,248,1,2.80322265625
guenther2022relational,248,2,2.7744140625
guenther2022relational,248,3,1.4814453125
guenther2022relational,248,4,4.921875
guenther2022relational,248,5,2.30859375
guenther2022relational,248,6,4.244140625
guenther2022relational,248,7,2.19775390625
guenther2022relational,248,8,3.1650390625
guenther2022relational,248,9,3.3466796875
guenther2022relational,248,10,2.58203125
guenther2022relational,248,11,3.048828125
guenther2022relational,248,12,2.775390625
guenther2022relational,248,13,4.8544921875
guenther2022relational,248,14,2.796875
guenther2022relational,248,15,2.76953125
guenther2022relational,248,16,2.482421875
guenther2022relational,248,17,1.9619140625
guenther2022relational,248,18,2.79296875
guenther2022relational,248,19,2.92578125
guenther2022relational,248,20,2.08203125
guenther2022relational,248,21,2.6875
guenther2022relational,248,22,3.08984375
guenther2022relational,248,23,3.8017578125
guenther2022relational,248,24,3.85888671875
guenther2022relational,248,25,2.6005859375
guenther2022relational,248,26,1.888671875
guenther2022relational,248,27,2.44140625
guenther2022relational,248,28,1.3173828125
guenther2022relational,248,29,2.6015625
guenther2022relational,248,30,2.9716796875
guenther2022relational,248,31,3.013671875
guenther2022relational,248,32,2.9453125
guenther2022relational,248,33,2.7734375
guenther2022relational,248,34,4.80859375
guenther2022relational,248,35,1.974609375
guenther2022relational,248,36,2.3095703125
guenther2022relational,248,37,3.1015625
guenther2022relational,248,38,2.8359375
guenther2022relational,248,39,4.3046875
guenther2022relational,248,40,2.13525390625
guenther2022relational,248,41,3.158203125
guenther2022relational,248,42,2.416015625
guenther2022relational,248,43,3.9541015625
guenther2022relational,248,44,1.857421875
guenther2022relational,248,45,5.265625
guenther2022relational,248,46,3.05859375
guenther2022relational,248,47,2.197265625
guenther2022relational,248,48,4.33984375
guenther2022relational,248,49,4.2392578125
guenther2022relational,248,50,2.8017578125
guenther2022relational,248,51,3.08203125
guenther2022relational,248,52,3.6689453125
guenther2022relational,248,53,2.0380859375
guenther2022relational,248,54,3.48828125
guenther2022relational,249,0,3.789031982421875
guenther2022relational,249,1,5.435546875
guenther2022relational,249,2,3.58251953125
guenther2022relational,249,3,2.2939453125
guenther2022relational,249,4,2.944580078125
guenther2022relational,249,5,3.234375
guenther2022relational,249,6,3.17138671875
guenther2022relational,249,7,2.1240234375
guenther2022relational,249,8,4.6708984375
guenther2022relational,249,9,3.1875
guenther2022relational,249,10,3.5693359375
guenther2022relational,249,11,2.62451171875
guenther2022relational,249,12,2.712890625
guenther2022relational,249,13,2.86328125
guenther2022relational,249,14,2.0517578125
guenther2022relational,249,15,1.7939453125
guenther2022relational,249,16,3.63134765625
guenther2022relational,249,17,1.8564453125
guenther2022relational,249,18,2.44775390625
guenther2022relational,249,19,2.7412109375
guenther2022relational,249,20,4.3837890625
guenther2022relational,249,21,1.8037109375
guenther2022relational,249,22,4.30859375
guenther2022relational,249,23,2.2412109375
guenther2022relational,249,24,3.2607421875
guenther2022relational,249,25,4.07958984375
guenther2022relational,249,26,1.85595703125
guenther2022relational,249,27,2.96484375
guenther2022relational,249,28,3.132568359375
guenther2022relational,249,29,3.9375
guenther2022relational,249,30,2.15234375
guenther2022relational,249,31,3.0791015625
guenther2022relational,249,32,3.5283203125
guenther2022relational,249,33,1.57275390625
guenther2022relational,249,34,2.89453125
guenther2022relational,249,35,3.1416015625
guenther2022relational,249,36,3.22509765625
guenther2022relational,249,37,4.1787109375
guenther2022relational,249,38,1.291015625
guenther2022relational,249,39,2.29296875
guenther2022relational,249,40,2.4189453125
guenther2022relational,249,41,1.3837890625
guenther2022relational,249,42,3.296875
guenther2022relational,249,43,2.69287109375
guenther2022relational,249,44,3.408203125
guenther2022relational,249,45,1.749267578125
guenther2022relational,249,46,2.5166015625
guenther2022relational,249,47,2.6943359375
guenther2022relational,249,48,1.98828125
guenther2022relational,249,49,4.3232421875
guenther2022relational,249,50,2.59912109375
guenther2022relational,249,51,2.1103515625
guenther2022relational,249,52,3.11767578125
guenther2022relational,249,53,1.83203125
guenther2022relational,249,54,1.7119140625
guenther2022relational,250,0,2.81640625
guenther2022relational,250,1,4.34765625
guenther2022relational,250,2,2.8515625
guenther2022relational,250,3,3.01953125
guenther2022relational,250,4,3.447265625
guenther2022relational,250,5,2.2470703125
guenther2022relational,250,6,2.19140625
guenther2022relational,250,7,2.58203125
guenther2022relational,250,8,3.5283203125
guenther2022relational,250,9,2.33203125
guenther2022relational,250,10,1.6513671875
guenther2022relational,250,11,3.994140625
guenther2022relational,250,12,2.8916015625
guenther2022relational,250,13,2.357421875
guenther2022relational,250,14,2.37451171875
guenther2022relational,250,15,2.61767578125
guenther2022relational,250,16,4.36767578125
guenther2022relational,250,17,2.5283203125
guenther2022relational,250,18,2.1416015625
guenther2022relational,250,19,1.4365234375
guenther2022relational,250,20,2.58642578125
guenther2022relational,250,21,4.1416015625
guenther2022relational,250,22,1.88671875
guenther2022relational,250,23,4.0078125
guenther2022relational,250,24,2.109375
guenther2022relational,250,25,2.80517578125
guenther2022relational,250,26,3.02734375
guenther2022relational,250,27,3.06640625
guenther2022relational,250,28,2.32421875
guenther2022relational,250,29,3.49609375
guenther2022relational,250,30,2.86328125
guenther2022relational,250,31,2.08203125
guenther2022relational,250,32,1.69775390625
guenther2022relational,250,33,2.7119140625
guenther2022relational,250,34,2.75390625
guenther2022relational,250,35,4.259765625
guenther2022relational,250,36,2.28955078125
guenther2022relational,250,37,2.4755859375
guenther2022relational,250,38,2.14892578125
guenther2022relational,250,39,4.31201171875
guenther2022relational,250,40,4.20751953125
guenther2022relational,250,41,2.2314453125
guenther2022relational,250,42,4.0634765625
guenther2022relational,250,43,2.0908203125
guenther2022relational,250,44,4.35400390625
guenther2022relational,250,45,3.1533203125
guenther2022relational,250,46,3.8896484375
guenther2022relational,250,47,1.9970703125
guenther2022relational,250,48,2.8544921875
guenther2022relational,250,49,1.3828125
guenther2022relational,250,50,2.966796875
guenther2022relational,250,51,3.2392578125
guenther2022relational,250,52,2.095703125
guenther2022relational,250,53,1.88525390625
guenther2022relational,250,54,5.5390625
guenther2022relational,251,0,5.5
guenther2022relational,251,1,2.3203125
guenther2022relational,251,2,3.05859375
guenther2022relational,251,3,1.7109375
guenther2022relational,251,4,0.828125
guenther2022relational,251,5,4.20703125
guenther2022relational,251,6,2.7109375
guenther2022relational,251,7,4.24609375
guenther2022relational,251,8,2.892578125
guenther2022relational,251,9,4.3603515625
guenther2022relational,251,10,3.5634765625
guenther2022relational,251,11,3.51953125
guenther2022relational,251,12,2.1640625
guenther2022relational,251,13,3.1796875
guenther2022relational,251,14,1.84375
guenther2022relational,251,15,2.30078125
guenther2022relational,251,16,2.67626953125
guenther2022relational,251,17,1.431640625
guenther2022relational,251,18,1.1376953125
guenther2022relational,251,19,2.4375
guenther2022relational,251,20,2.185546875
guenther2022relational,251,21,3.63671875
guenther2022relational,251,22,5.36328125
guenther2022relational,251,23,4.484375
guenther2022relational,251,24,1.75
guenther2022relational,251,25,3.63671875
guenther2022relational,251,26,2.3125
guenther2022relational,251,27,3.9609375
guenther2022relational,251,28,5.0078125
guenther2022relational,251,29,3.408203125
guenther2022relational,251,30,2.3408203125
guenther2022relational,251,31,2.0390625
guenther2022relational,251,32,0.83203125
guenther2022relational,251,33,3.962890625
guenther2022relational,251,34,3.14892578125
guenther2022relational,251,35,3.2265625
guenther2022relational,251,36,2.7890625
guenther2022relational,251,37,3.154296875
guenther2022relational,251,38,3.052734375
guenther2022relational,251,39,3.9375
guenther2022relational,251,40,5.1220703125
guenther2022relational,251,41,1.748046875
guenther2022relational,251,42,3.48046875
guenther2022relational,251,43,3.6328125
guenther2022relational,251,44,2.4599609375
guenther2022relational,251,45,3.642578125
guenther2022relational,251,46,2.94140625
guenther2022relational,251,47,2.43359375
guenther2022relational,251,48,1.6953125
guenther2022relational,251,49,2.62109375
guenther2022relational,251,50,2.6015625
guenther2022relational,251,51,3.1376953125
guenther2022relational,251,52,1.91162109375
guenther2022relational,251,53,2.02001953125
guenther2022relational,251,54,3.2041015625
guenther2022relational,252,0,5.312225341796875
guenther2022relational,252,1,2.921875
guenther2022relational,252,2,7.265625
guenther2022relational,252,3,2.4580078125
guenther2022relational,252,4,2.8916015625
guenther2022relational,252,5,1.936767578125
guenther2022relational,252,6,2.9296875
guenther2022relational,252,7,4.00390625
guenther2022relational,252,8,4.39453125
guenther2022relational,252,9,3.640625
guenther2022relational,252,10,2.5234375
guenther2022relational,252,11,2.8876953125
guenther2022relational,252,12,5.296875
guenther2022relational,252,13,2.6171875
guenther2022relational,252,14,4.0859375
guenther2022relational,252,15,1.703125
guenther2022relational,252,16,2.56640625
guenther2022relational,252,17,3.8720703125
guenther2022relational,252,18,2.859375
guenther2022relational,252,19,2.3857421875
guenther2022relational,252,20,1.9638671875
guenther2022relational,252,21,2.498046875
guenther2022relational,252,22,3.796875
guenther2022relational,252,23,2.00927734375
guenther2022relational,252,24,2.30859375
guenther2022relational,252,25,2.21484375
guenther2022relational,252,26,1.345703125
guenther2022relational,252,27,2.8564453125
guenther2022relational,252,28,1.8994140625
guenther2022relational,252,29,3.7734375
guenther2022relational,252,30,3.5234375
guenther2022relational,252,31,5.8818359375
guenther2022relational,252,32,1.9091796875
guenther2022relational,252,33,1.787109375
guenther2022relational,252,34,2.6044921875
guenther2022relational,252,35,3.099609375
guenther2022relational,252,36,3.26953125
guenther2022relational,252,37,3.056640625
guenther2022relational,252,38,1.43115234375
guenther2022relational,252,39,2.83251953125
guenther2022relational,252,40,1.48828125
guenther2022relational,252,41,2.9853515625
guenther2022relational,252,42,1.3857421875
guenther2022relational,252,43,2.703125
guenther2022relational,252,44,1.958984375
guenther2022relational,252,45,2.5341796875
guenther2022relational,252,46,3.0400390625
guenther2022relational,252,47,2.544921875
guenther2022relational,252,48,5.1640625
guenther2022relational,252,49,3.455078125
guenther2022relational,252,50,2.900390625
guenther2022relational,252,51,2.41650390625
guenther2022relational,252,52,3.3525390625
guenther2022relational,252,53,4.578125
guenther2022relational,252,54,3.1171875
guenther2022relational,253,0,3.414031982421875
guenther2022relational,253,1,1.1748046875
guenther2022relational,253,2,2.7314453125
guenther2022relational,253,3,4.9482421875
guenther2022relational,253,4,2.30859375
guenther2022relational,253,5,4.27392578125
guenther2022relational,253,6,1.8134765625
guenther2022relational,253,7,3.97314453125
guenther2022relational,253,8,2.92626953125
guenther2022relational,253,9,1.6533203125
guenther2022relational,253,10,3.59912109375
guenther2022relational,253,11,1.2236328125
guenther2022relational,253,12,2.4130859375
guenther2022relational,253,13,1.8583984375
guenther2022relational,253,14,5.0859375
guenther2022relational,253,15,2.18701171875
guenther2022relational,253,16,3.12451171875
guenther2022relational,253,17,3.26025390625
guenther2022relational,253,18,2.55322265625
guenther2022relational,253,19,2.849609375
guenther2022relational,253,20,4.123046875
guenther2022relational,253,21,2.7490234375
guenther2022relational,253,22,1.273406982421875
guenther2022relational,253,23,1.9295654296875
guenther2022relational,253,24,2.39697265625
guenther2022relational,253,25,2.19580078125
guenther2022relational,253,26,2.92626953125
guenther2022relational,253,27,2.30517578125
guenther2022relational,253,28,2.460693359375
guenther2022relational,253,29,2.054656982421875
guenther2022relational,253,30,4.06787109375
guenther2022relational,253,31,3.335693359375
guenther2022relational,253,32,2.445281982421875
guenther2022relational,253,33,2.664031982421875
guenther2022relational,253,34,2.33447265625
guenther2022relational,253,35,2.7342529296875
guenther2022relational,253,36,2.2655029296875
guenther2022relational,253,37,4.2958984375
guenther2022relational,253,38,2.335693359375
guenther2022relational,253,39,2.100830078125
guenther2022relational,253,40,3.45947265625
guenther2022relational,253,41,2.93701171875
guenther2022relational,253,42,2.523193359375
guenther2022relational,253,43,2.273193359375
guenther2022relational,253,44,4.24951171875
guenther2022relational,253,45,2.9842529296875
guenther2022relational,253,46,2.226531982421875
guenther2022relational,253,47,1.718719482421875
guenther2022relational,253,48,3.991943359375
guenther2022relational,253,49,2.882568359375
guenther2022relational,253,50,3.350830078125
guenther2022relational,253,51,1.664031982421875
guenther2022relational,253,52,3.1561279296875
guenther2022relational,253,53,3.210906982421875
guenther2022relational,253,54,3.3280029296875
guenther2022relational,254,0,4.2109375
guenther2022relational,254,1,4.8984375
guenther2022relational,254,2,4.017578125
guenther2022relational,254,3,1.5322265625
guenther2022relational,254,4,3.19140625
guenther2022relational,254,5,2.7109375
guenther2022relational,254,6,2.6640625
guenther2022relational,254,7,1.84765625
guenther2022relational,254,8,2.9765625
guenther2022relational,254,9,4.37890625
guenther2022relational,254,10,6.234375
guenther2022relational,254,11,3.078125
guenther2022relational,254,12,2.42578125
guenther2022relational,254,13,3.275390625
guenther2022relational,254,14,2.2353515625
guenther2022relational,254,15,2.81640625
guenther2022relational,254,16,3.3876953125
guenther2022relational,254,17,3.3984375
guenther2022relational,254,18,3.7841796875
guenther2022relational,254,19,2.62109375
guenther2022relational,254,20,3.64453125
guenther2022relational,254,21,2.626953125
guenther2022relational,254,22,3.09375
guenther2022relational,254,23,3.17578125
guenther2022relational,254,24,2.1171875
guenther2022relational,254,25,2.6259765625
guenther2022relational,254,26,2.66796875
guenther2022relational,254,27,2.6044921875
guenther2022relational,254,28,1.93115234375
guenther2022relational,254,29,2.5859375
guenther2022relational,254,30,2.33984375
guenther2022relational,254,31,2.33203125
guenther2022relational,254,32,3.451171875
guenther2022relational,254,33,2.05859375
guenther2022relational,254,34,3.08203125
guenther2022relational,254,35,2.1015625
guenther2022relational,254,36,2.81640625
guenther2022relational,254,37,2.06640625
guenther2022relational,254,38,2.21484375
guenther2022relational,254,39,2.3857421875
guenther2022relational,254,40,3.77734375
guenther2022relational,254,41,3.2470703125
guenther2022relational,254,42,2.349609375
guenther2022relational,254,43,3.17578125
guenther2022relational,254,44,3.142578125
guenther2022relational,254,45,1.6865234375
guenther2022relational,254,46,2.84765625
guenther2022relational,254,47,2.7158203125
guenther2022relational,254,48,2.21142578125
guenther2022relational,254,49,2.37890625
guenther2022relational,254,50,2.1455078125
guenther2022relational,254,51,1.89599609375
guenther2022relational,254,52,3.13330078125
guenther2022relational,254,53,1.8642578125
guenther2022relational,254,54,1.216796875
guenther2022relational,255,0,4.624969482421875
guenther2022relational,255,1,3.66015625
guenther2022relational,255,2,3.703125
guenther2022relational,255,3,2.9814453125
guenther2022relational,255,4,3.51171875
guenther2022relational,255,5,2.54150390625
guenther2022relational,255,6,2.4853515625
guenther2022relational,255,7,2.83251953125
guenther2022relational,255,8,2.76171875
guenther2022relational,255,9,2.2138671875
guenther2022relational,255,10,1.4755859375
guenther2022relational,255,11,4.89501953125
guenther2022relational,255,12,5.546875
guenther2022relational,255,13,3.7314453125
guenther2022relational,255,14,3.75
guenther2022relational,255,15,3.94140625
guenther2022relational,255,16,2.7890625
guenther2022relational,255,17,2.7392578125
guenther2022relational,255,18,2.2021484375
guenther2022relational,255,19,2.2587890625
guenther2022relational,255,20,2.0439453125
guenther2022relational,255,21,3.772705078125
guenther2022relational,255,22,2.86376953125
guenther2022relational,255,23,2.6337890625
guenther2022relational,255,24,1.212890625
guenther2022relational,255,25,2.1630859375
guenther2022relational,255,26,3.15234375
guenther2022relational,255,27,4.1083984375
guenther2022relational,255,28,2.94140625
guenther2022relational,255,29,3.1025390625
guenther2022relational,255,30,4.013671875
guenther2022relational,255,31,1.77880859375
guenther2022relational,255,32,1.75244140625
guenther2022relational,255,33,1.67578125
guenther2022relational,255,34,1.484130859375
guenther2022relational,255,35,2.24609375
guenther2022relational,255,36,2.7655029296875
guenther2022relational,255,37,1.70703125
guenther2022relational,255,38,3.5458984375
guenther2022relational,255,39,2.404296875
guenther2022relational,255,40,2.21484375
guenther2022relational,255,41,4.375
guenther2022relational,255,42,3.68359375
guenther2022relational,255,43,3.6561279296875
guenther2022relational,255,44,2.8505859375
guenther2022relational,255,45,2.841796875
guenther2022relational,255,46,2.523193359375
guenther2022relational,255,47,2.9462890625
guenther2022relational,255,48,1.983642578125
guenther2022relational,255,49,2.13671875
guenther2022relational,255,50,3.8740234375
guenther2022relational,255,51,1.6092529296875
guenther2022relational,255,52,2.49072265625
guenther2022relational,255,53,3.623046875
guenther2022relational,255,54,5.890625
guenther2022relational,256,0,3.429656982421875
guenther2022relational,256,1,4.388671875
guenther2022relational,256,2,2.7421875
guenther2022relational,256,3,3.248046875
guenther2022relational,256,4,3.9375
guenther2022relational,256,5,2.046875
guenther2022relational,256,6,3.2353515625
guenther2022relational,256,7,1.1171875
guenther2022relational,256,8,1.91796875
guenther2022relational,256,9,3.8505859375
guenther2022relational,256,10,3.4140625
guenther2022relational,256,11,3.5546875
guenther2022relational,256,12,3.0693359375
guenther2022relational,256,13,3.8515625
guenther2022relational,256,14,2.98828125
guenther2022relational,256,15,2.2763671875
guenther2022relational,256,16,2.84375
guenther2022relational,256,17,3.234375
guenther2022relational,256,18,2.693359375
guenther2022relational,256,19,3.26171875
guenther2022relational,256,20,1.4501953125
guenther2022relational,256,21,2.0595703125
guenther2022relational,256,22,2.140625
guenther2022relational,256,23,5.328125
guenther2022relational,256,24,1.89453125
guenther2022relational,256,25,4.16015625
guenther2022relational,256,26,2.439453125
guenther2022relational,256,27,1.6376953125
guenther2022relational,256,28,3.1826171875
guenther2022relational,256,29,2.58837890625
guenther2022relational,256,30,3.0791015625
guenther2022relational,256,31,1.96240234375
guenther2022relational,256,32,3.42724609375
guenther2022relational,256,33,2.5263671875
guenther2022relational,256,34,3.4189453125
guenther2022relational,256,35,2.8037109375
guenther2022relational,256,36,3.50390625
guenther2022relational,256,37,4.58251953125
guenther2022relational,256,38,1.7666015625
guenther2022relational,256,39,1.8759765625
guenther2022relational,256,40,2.3955078125
guenther2022relational,256,41,2.09375
guenther2022relational,256,42,2.7255859375
guenther2022relational,256,43,1.7802734375
guenther2022relational,256,44,2.03173828125
guenther2022relational,256,45,2.1826171875
guenther2022relational,256,46,1.7900390625
guenther2022relational,256,47,2.546875
guenther2022relational,256,48,4.890625
guenther2022relational,256,49,1.3271484375
guenther2022relational,256,50,4.0703125
guenther2022relational,256,51,3.78955078125
guenther2022relational,256,52,1.6865234375
guenther2022relational,256,53,2.93017578125
guenther2022relational,256,54,2.154296875
guenther2022relational,257,0,5.28125
guenther2022relational,257,1,5.78125
guenther2022relational,257,2,3.62451171875
guenther2022relational,257,3,2.58984375
guenther2022relational,257,4,1.716796875
guenther2022relational,257,5,4.22900390625
guenther2022relational,257,6,1.1123046875
guenther2022relational,257,7,3.3203125
guenther2022relational,257,8,2.546875
guenther2022relational,257,9,4.001953125
guenther2022relational,257,10,3.3759765625
guenther2022relational,257,11,1.6376953125
guenther2022relational,257,12,2.14453125
guenther2022relational,257,13,2.6533203125
guenther2022relational,257,14,2.1591796875
guenther2022relational,257,15,1.9111328125
guenther2022relational,257,16,1.77099609375
guenther2022relational,257,17,2.52392578125
guenther2022relational,257,18,5.7890625
guenther2022relational,257,19,5.421875
guenther2022relational,257,20,3.5966796875
guenther2022relational,257,21,1.515625
guenther2022relational,257,22,1.69140625
guenther2022relational,257,23,2.5595703125
guenther2022relational,257,24,1.80517578125
guenther2022relational,257,25,1.966796875
guenther2022relational,257,26,1.9140625
guenther2022relational,257,27,1.1689453125
guenther2022relational,257,28,3.4375
guenther2022relational,257,29,1.7392578125
guenther2022relational,257,30,4.69287109375
guenther2022relational,257,31,1.921142578125
guenther2022relational,257,32,3.51025390625
guenther2022relational,257,33,1.44384765625
guenther2022relational,257,34,2.7158203125
guenther2022relational,257,35,2.12109375
guenther2022relational,257,36,2.91796875
guenther2022relational,257,37,1.755859375
guenther2022relational,257,38,1.15869140625
guenther2022relational,257,39,1.5966796875
guenther2022relational,257,40,0.9423828125
guenther2022relational,257,41,2.8837890625
guenther2022relational,257,42,1.7626953125
guenther2022relational,257,43,5.20947265625
guenther2022relational,257,44,2.69775390625
guenther2022relational,257,45,3.033203125
guenther2022relational,257,46,1.13671875
guenther2022relational,257,47,1.1025390625
guenther2022relational,257,48,1.4345703125
guenther2022relational,257,49,2.32421875
guenther2022relational,257,50,3.41015625
guenther2022relational,257,51,1.04296875
guenther2022relational,257,52,2.83642578125
guenther2022relational,257,53,2.609375
guenther2022relational,257,54,1.5927734375
guenther2022relational,258,0,4.902313232421875
guenther2022relational,258,1,3.52587890625
guenther2022relational,258,2,0.87158203125
guenther2022relational,258,3,4.21875
guenther2022relational,258,4,1.95703125
guenther2022relational,258,5,1.353515625
guenther2022relational,258,6,3.880859375
guenther2022relational,258,7,3.0126953125
guenther2022relational,258,8,3.7568359375
guenther2022relational,258,9,3.3037109375
guenther2022relational,258,10,3.171875
guenther2022relational,258,11,3.331787109375
guenther2022relational,258,12,4.1015625
guenther2022relational,258,13,3.349609375
guenther2022relational,258,14,2.4169921875
guenther2022relational,258,15,2.538330078125
guenther2022relational,258,16,2.2421875
guenther2022relational,258,17,1.59228515625
guenther2022relational,258,18,3.212890625
guenther2022relational,258,19,0.84326171875
guenther2022relational,258,20,2.8154296875
guenther2022relational,258,21,1.3173828125
guenther2022relational,258,22,2.873046875
guenther2022relational,258,23,2.2353515625
guenther2022relational,258,24,3.6875
guenther2022relational,258,25,3.02197265625
guenther2022relational,258,26,1.6494140625
guenther2022relational,258,27,2.0498046875
guenther2022relational,258,28,2.44189453125
guenther2022relational,258,29,1.79931640625
guenther2022relational,258,30,5.037109375
guenther2022relational,258,31,2.64501953125
guenther2022relational,258,32,2.7890625
guenther2022relational,258,33,1.7265625
guenther2022relational,258,34,1.8994140625
guenther2022relational,258,35,2.66796875
guenther2022relational,258,36,2.3525390625
guenther2022relational,258,37,3.05126953125
guenther2022relational,258,38,2.84375
guenther2022relational,258,39,5.560546875
guenther2022relational,258,40,2.404296875
guenther2022relational,258,41,2.7587890625
guenther2022relational,258,42,1.6142578125
guenther2022relational,258,43,1.89453125
guenther2022relational,258,44,3.09765625
guenther2022relational,258,45,2.6337890625
guenther2022relational,258,46,1.7841796875
guenther2022relational,258,47,2.14208984375
guenther2022relational,258,48,2.6953125
guenther2022relational,258,49,2.880859375
guenther2022relational,258,50,2.3525390625
guenther2022relational,258,51,1.86328125
guenther2022relational,258,52,1.865234375
guenther2022relational,258,53,1.642578125
guenther2022relational,258,54,1.349609375
guenther2022relational,259,0,3.437469482421875
guenther2022relational,259,1,1.064453125
guenther2022relational,259,2,6.1405029296875
guenther2022relational,259,3,2.6630859375
guenther2022relational,259,4,1.1943359375
guenther2022relational,259,5,3.2978515625
guenther2022relational,259,6,3.507080078125
guenther2022relational,259,7,3.0693359375
guenther2022relational,259,8,4.21826171875
guenther2022relational,259,9,3.66064453125
guenther2022relational,259,10,1.9892578125
guenther2022relational,259,11,0.925750732421875
guenther2022relational,259,12,2.61572265625
guenther2022relational,259,13,2.6708984375
guenther2022relational,259,14,3.2626953125
guenther2022relational,259,15,2.4580078125
guenther2022relational,259,16,4.6220703125
guenther2022relational,259,17,2.654296875
guenther2022relational,259,18,2.22265625
guenther2022relational,259,19,2.03369140625
guenther2022relational,259,20,3.37939453125
guenther2022relational,259,21,2.5185546875
guenther2022relational,259,22,2.4833984375
guenther2022relational,259,23,2.3408203125
guenther2022relational,259,24,2.40576171875
guenther2022relational,259,25,5.5830078125
guenther2022relational,259,26,1.3505859375
guenther2022relational,259,27,2.29296875
guenther2022relational,259,28,2.100830078125
guenther2022relational,259,29,2.68017578125
guenther2022relational,259,30,2.15234375
guenther2022relational,259,31,3.366455078125
guenther2022relational,259,32,1.8818359375
guenther2022relational,259,33,2.89892578125
guenther2022relational,259,34,1.880859375
guenther2022relational,259,35,1.01416015625
guenther2022relational,259,36,3.68359375
guenther2022relational,259,37,5.58251953125
guenther2022relational,259,38,2.86376953125
guenther2022relational,259,39,1.81982421875
guenther2022relational,259,40,2.06787109375
guenther2022relational,259,41,2.163330078125
guenther2022relational,259,42,2.58642578125
guenther2022relational,259,43,1.452392578125
guenther2022relational,259,44,2.73876953125
guenther2022relational,259,45,2.507781982421875
guenther2022relational,259,46,3.101531982421875
guenther2022relational,259,47,1.8514404296875
guenther2022relational,259,48,1.60791015625
guenther2022relational,259,49,1.460906982421875
guenther2022relational,259,50,2.476531982421875
guenther2022relational,259,51,4.382781982421875
guenther2022relational,259,52,2.4775390625
guenther2022relational,259,53,3.42822265625
guenther2022relational,259,54,1.779296875
guenther2022relational,260,0,4.976531982421875
guenther2022relational,260,1,2.84765625
guenther2022relational,260,2,0.66650390625
guenther2022relational,260,3,2.71826171875
guenther2022relational,260,4,5.09765625
guenther2022relational,260,5,4.50537109375
guenther2022relational,260,6,3.0400390625
guenther2022relational,260,7,3.58203125
guenther2022relational,260,8,0.998046875
guenther2022relational,260,9,1.7880859375
guenther2022relational,260,10,3.0625
guenther2022relational,260,11,4.5595703125
guenther2022relational,260,12,1.96142578125
guenther2022relational,260,13,3.8095703125
guenther2022relational,260,14,0.49462890625
guenther2022relational,260,15,2.939453125
guenther2022relational,260,16,2.416015625
guenther2022relational,260,17,2.7080078125
guenther2022relational,260,18,3.67822265625
guenther2022relational,260,19,3.33837890625
guenther2022relational,260,20,3.28515625
guenther2022relational,260,21,3.2275390625
guenther2022relational,260,22,2.1171875
guenther2022relational,260,23,2.908203125
guenther2022relational,260,24,2.7578125
guenther2022relational,260,25,3.89453125
guenther2022relational,260,26,1.69287109375
guenther2022relational,260,27,3.71142578125
guenther2022relational,260,28,2.2783203125
guenther2022relational,260,29,2.55712890625
guenther2022relational,260,30,2.51171875
guenther2022relational,260,31,2.2373046875
guenther2022relational,260,32,2.47509765625
guenther2022relational,260,33,3.1416015625
guenther2022relational,260,34,1.9443359375
guenther2022relational,260,35,4.5908203125
guenther2022relational,260,36,1.98095703125
guenther2022relational,260,37,3.580078125
guenther2022relational,260,38,2.34326171875
guenther2022relational,260,39,3.9462890625
guenther2022relational,260,40,1.62744140625
guenther2022relational,260,41,1.693359375
guenther2022relational,260,42,1.78564453125
guenther2022relational,260,43,3.578125
guenther2022relational,260,44,4.26953125
guenther2022relational,260,45,3.2734375
guenther2022relational,260,46,3.9326171875
guenther2022relational,260,47,1.7890625
guenther2022relational,260,48,1.994140625
guenther2022relational,260,49,3.515625
guenther2022relational,260,50,1.70703125
guenther2022relational,260,51,1.595703125
guenther2022relational,260,52,3.6005859375
guenther2022relational,260,53,2.30322265625
guenther2022relational,260,54,2.7939453125
guenther2022relational,261,0,4.7109375
guenther2022relational,261,1,2.0009765625
guenther2022relational,261,2,3.9794921875
guenther2022relational,261,3,2.757080078125
guenther2022relational,261,4,2.86767578125
guenther2022relational,261,5,3.39697265625
guenther2022relational,261,6,4.078125
guenther2022relational,261,7,2.80859375
guenther2022relational,261,8,3.6092529296875
guenther2022relational,261,9,3.1142578125
guenther2022relational,261,10,2.3271484375
guenther2022relational,261,11,2.06201171875
guenther2022relational,261,12,2.1845703125
guenther2022relational,261,13,3.007080078125
guenther2022relational,261,14,2.06787109375
guenther2022relational,261,15,3.291015625
guenther2022relational,261,16,4.8251953125
guenther2022relational,261,17,3.02001953125
guenther2022relational,261,18,2.632781982421875
guenther2022relational,261,19,2.93359375
guenther2022relational,261,20,2.3436279296875
guenther2022relational,261,21,1.9658203125
guenther2022relational,261,22,2.741943359375
guenther2022relational,261,23,2.6083984375
guenther2022relational,261,24,2.289031982421875
guenther2022relational,261,25,2.87939453125
guenther2022relational,261,26,2.476531982421875
guenther2022relational,261,27,2.600830078125
guenther2022relational,261,28,3.1083984375
guenther2022relational,261,29,2.444580078125
guenther2022relational,261,30,1.90380859375
guenther2022relational,261,31,3.5467529296875
guenther2022relational,261,32,3.26025390625
guenther2022relational,261,33,6.59375
guenther2022relational,261,34,3.01025390625
guenther2022relational,261,35,1.67041015625
guenther2022relational,261,36,3.85546875
guenther2022relational,261,37,1.75732421875
guenther2022relational,261,38,2.509765625
guenther2022relational,261,39,1.919921875
guenther2022relational,261,40,3.0751953125
guenther2022relational,261,41,1.32666015625
guenther2022relational,261,42,3.1484375
guenther2022relational,261,43,2.17578125
guenther2022relational,261,44,2.3974609375
guenther2022relational,261,45,4.913330078125
guenther2022relational,261,46,1.59619140625
guenther2022relational,261,47,3.38525390625
guenther2022relational,261,48,2.44921875
guenther2022relational,261,49,1.39794921875
guenther2022relational,261,50,3.291015625
guenther2022relational,261,51,2.3671875
guenther2022relational,261,52,2.18017578125
guenther2022relational,261,53,3.10400390625
guenther2022relational,261,54,2.9189453125
guenther2022relational,262,0,6.3046875
guenther2022relational,262,1,3.9453125
guenther2022relational,262,2,3.89501953125
guenther2022relational,262,3,3.451171875
guenther2022relational,262,4,2.8095703125
guenther2022relational,262,5,3.7734375
guenther2022relational,262,6,1.9365234375
guenther2022relational,262,7,1.156219482421875
guenther2022relational,262,8,2.491943359375
guenther2022relational,262,9,3.40234375
guenther2022relational,262,10,1.3701171875
guenther2022relational,262,11,3.2216796875
guenther2022relational,262,12,2.04736328125
guenther2022relational,262,13,2.36572265625
guenther2022relational,262,14,2.413818359375
guenther2022relational,262,15,3.947265625
guenther2022relational,262,16,2.8603515625
guenther2022relational,262,17,2.22900390625
guenther2022relational,262,18,2.93017578125
guenther2022relational,262,19,2.27392578125
guenther2022relational,262,20,4.0478515625
guenther2022relational,262,21,2.585693359375
guenther2022relational,262,22,3.779296875
guenther2022relational,262,23,2.9130859375
guenther2022relational,262,24,2.17626953125
guenther2022relational,262,25,2.4033203125
guenther2022relational,262,26,2.53955078125
guenther2022relational,262,27,2.2880859375
guenther2022relational,262,28,2.2685546875
guenther2022relational,262,29,2.9345703125
guenther2022relational,262,30,3.107421875
guenther2022relational,262,31,2.3564453125
guenther2022relational,262,32,1.904296875
guenther2022relational,262,33,2.6650390625
guenther2022relational,262,34,4.2978515625
guenther2022relational,262,35,5.4150390625
guenther2022relational,262,36,2.9462890625
guenther2022relational,262,37,3.728515625
guenther2022relational,262,38,3.0693359375
guenther2022relational,262,39,2.01171875
guenther2022relational,262,40,3.2626953125
guenther2022relational,262,41,1.89892578125
guenther2022relational,262,42,2.724609375
guenther2022relational,262,43,1.8017578125
guenther2022relational,262,44,3.1318359375
guenther2022relational,262,45,1.39453125
guenther2022relational,262,46,1.90380859375
guenther2022relational,262,47,3.3486328125
guenther2022relational,262,48,3.36572265625
guenther2022relational,262,49,2.3447265625
guenther2022relational,262,50,4.9580078125
guenther2022relational,262,51,2.3818359375
guenther2022relational,262,52,2.61767578125
guenther2022relational,262,53,2.7705078125
guenther2022relational,262,54,2.998046875
guenther2022relational,263,0,4.1796875
guenther2022relational,263,1,1.678955078125
guenther2022relational,263,2,2.6171875
guenther2022relational,263,3,4.634765625
guenther2022relational,263,4,2.49951171875
guenther2022relational,263,5,3.1025390625
guenther2022relational,263,6,2.31689453125
guenther2022relational,263,7,2.95751953125
guenther2022relational,263,8,2.671875
guenther2022relational,263,9,4.466796875
guenther2022relational,263,10,2.599609375
guenther2022relational,263,11,2.29150390625
guenther2022relational,263,12,2.076171875
guenther2022relational,263,13,1.5712890625
guenther2022relational,263,14,2.5703125
guenther2022relational,263,15,1.5205078125
guenther2022relational,263,16,3.0751953125
guenther2022relational,263,17,1.6533203125
guenther2022relational,263,18,2.7392578125
guenther2022relational,263,19,0.9736328125
guenther2022relational,263,20,1.6103515625
guenther2022relational,263,21,2.7587890625
guenther2022relational,263,22,4.203125
guenther2022relational,263,23,2.069580078125
guenther2022relational,263,24,2.6484375
guenther2022relational,263,25,2.8720703125
guenther2022relational,263,26,1.703125
guenther2022relational,263,27,2.57275390625
guenther2022relational,263,28,2.00244140625
guenther2022relational,263,29,1.794921875
guenther2022relational,263,30,3.10009765625
guenther2022relational,263,31,1.5322265625
guenther2022relational,263,32,1.95361328125
guenther2022relational,263,33,4.7099609375
guenther2022relational,263,34,4.85546875
guenther2022relational,263,35,4.51025390625
guenther2022relational,263,36,2.30859375
guenther2022relational,263,37,2.091796875
guenther2022relational,263,38,1.81298828125
guenther2022relational,263,39,1.3525390625
guenther2022relational,263,40,4.19775390625
guenther2022relational,263,41,2.640625
guenther2022relational,263,42,3.466796875
guenther2022relational,263,43,0.986328125
guenther2022relational,263,44,2.40087890625
guenther2022relational,263,45,2.55517578125
guenther2022relational,263,46,1.3994140625
guenther2022relational,263,47,1.56884765625
guenther2022relational,263,48,3.66650390625
guenther2022relational,263,49,1.476318359375
guenther2022relational,263,50,3.8056640625
guenther2022relational,263,51,2.757080078125
guenther2022relational,263,52,1.36767578125
guenther2022relational,263,53,2.2548828125
guenther2022relational,263,54,1.416015625
guenther2022relational,264,0,6.369140625
guenther2022relational,264,1,5.619140625
guenther2022relational,264,2,1.3125
guenther2022relational,264,3,1.8203125
guenther2022relational,264,4,1.1123046875
guenther2022relational,264,5,1.3359375
guenther2022relational,264,6,1.40625
guenther2022relational,264,7,5.08203125
guenther2022relational,264,8,4.685546875
guenther2022relational,264,9,4.087890625
guenther2022relational,264,10,1.958984375
guenther2022relational,264,11,0.807861328125
guenther2022relational,264,12,2.56640625
guenther2022relational,264,13,2.1279296875
guenther2022relational,264,14,4.595703125
guenther2022relational,264,15,2.0419921875
guenther2022relational,264,16,1.576171875
guenther2022relational,264,17,1.92578125
guenther2022relational,264,18,2.61328125
guenther2022relational,264,19,3.966796875
guenther2022relational,264,20,3.88671875
guenther2022relational,264,21,2.763671875
guenther2022relational,264,22,2.98046875
guenther2022relational,264,23,2.626953125
guenther2022relational,264,24,2.66064453125
guenther2022relational,264,25,1.841796875
guenther2022relational,264,26,4.8984375
guenther2022relational,264,27,3.01171875
guenther2022relational,264,28,2.578125
guenther2022relational,264,29,2.4150390625
guenther2022relational,264,30,2.6328125
guenther2022relational,264,31,3.75390625
guenther2022relational,264,32,1.98681640625
guenther2022relational,264,33,1.9921875
guenther2022relational,264,34,2.1943359375
guenther2022relational,264,35,1.8984375
guenther2022relational,264,36,2.09765625
guenther2022relational,264,37,5.7041015625
guenther2022relational,264,38,2.1796875
guenther2022relational,264,39,3.404296875
guenther2022relational,264,40,2.0078125
guenther2022relational,264,41,2.0546875
guenther2022relational,264,42,1.6171875
guenther2022relational,264,43,1.783203125
guenther2022relational,264,44,1.41845703125
guenther2022relational,264,45,2.45703125
guenther2022relational,264,46,1.974609375
guenther2022relational,264,47,1.6533203125
guenther2022relational,264,48,1.595703125
guenther2022relational,264,49,2.212890625
guenther2022relational,264,50,3.40234375
guenther2022relational,264,51,1.850830078125
guenther2022relational,264,52,1.2763671875
guenther2022relational,264,53,2.28955078125
guenther2022relational,264,54,3.5859375
guenther2022relational,265,0,4.054656982421875
guenther2022relational,265,1,5.796875
guenther2022relational,265,2,3.1650390625
guenther2022relational,265,3,4.6025390625
guenther2022relational,265,4,2.1806640625
guenther2022relational,265,5,4.13037109375
guenther2022relational,265,6,2.138671875
guenther2022relational,265,7,1.9677734375
guenther2022relational,265,8,1.6142578125
guenther2022relational,265,9,1.42626953125
guenther2022relational,265,10,1.04931640625
guenther2022relational,265,11,2.59912109375
guenther2022relational,265,12,3.404296875
guenther2022relational,265,13,1.9295654296875
guenther2022relational,265,14,3.29150390625
guenther2022relational,265,15,2.529296875
guenther2022relational,265,16,1.530517578125
guenther2022relational,265,17,0.63818359375
guenther2022relational,265,18,3.0155029296875
guenther2022relational,265,19,3.054443359375
guenther2022relational,265,20,1.882568359375
guenther2022relational,265,21,2.8583984375
guenther2022relational,265,22,3.65576171875
guenther2022relational,265,23,2.1717529296875
guenther2022relational,265,24,1.171630859375
guenther2022relational,265,25,1.3818359375
guenther2022relational,265,26,1.11572265625
guenther2022relational,265,27,1.6170654296875
guenther2022relational,265,28,3.632080078125
guenther2022relational,265,29,5.304443359375
guenther2022relational,265,30,1.09912109375
guenther2022relational,265,31,3.46826171875
guenther2022relational,265,32,4.03125
guenther2022relational,265,33,3.0341796875
guenther2022relational,265,34,1.33447265625
guenther2022relational,265,35,2.9755859375
guenther2022relational,265,36,1.6064453125
guenther2022relational,265,37,2.4375
guenther2022relational,265,38,4.2216796875
guenther2022relational,265,39,1.96044921875
guenther2022relational,265,40,2.4521484375
guenther2022relational,265,41,4.609375
guenther2022relational,265,42,3.185546875
guenther2022relational,265,43,1.62353515625
guenther2022relational,265,44,3.757080078125
guenther2022relational,265,45,1.1748046875
guenther2022relational,265,46,1.5283203125
guenther2022relational,265,47,2.944580078125
guenther2022relational,265,48,3.71142578125
guenther2022relational,265,49,2.1064453125
guenther2022relational,265,50,3.685546875
guenther2022relational,265,51,1.265594482421875
guenther2022relational,265,52,1.3408203125
guenther2022relational,265,53,3.529296875
guenther2022relational,265,54,4.22900390625
guenther2022relational,266,0,4.671875
guenther2022relational,266,1,3.998046875
guenther2022relational,266,2,4.2587890625
guenther2022relational,266,3,3.359375
guenther2022relational,266,4,3.27099609375
guenther2022relational,266,5,2.0751953125
guenther2022relational,266,6,5.4482421875
guenther2022relational,266,7,2.2939453125
guenther2022relational,266,8,3.0908203125
guenther2022relational,266,9,3.62109375
guenther2022relational,266,10,1.9619140625
guenther2022relational,266,11,2.20458984375
guenther2022relational,266,12,2.8212890625
guenther2022relational,266,13,2.31640625
guenther2022relational,266,14,3.734375
guenther2022relational,266,15,3.75
guenther2022relational,266,16,2.87109375
guenther2022relational,266,17,4.466796875
guenther2022relational,266,18,2.25830078125
guenther2022relational,266,19,2.4140625
guenther2022relational,266,20,2.3515625
guenther2022relational,266,21,2.98046875
guenther2022relational,266,22,2.162109375
guenther2022relational,266,23,1.744140625
guenther2022relational,266,24,1.718017578125
guenther2022relational,266,25,1.6435546875
guenther2022relational,266,26,4.0849609375
guenther2022relational,266,27,2.94921875
guenther2022relational,266,28,1.87109375
guenther2022relational,266,29,3.412109375
guenther2022relational,266,30,1.609375
guenther2022relational,266,31,2.2568359375
guenther2022relational,266,32,4.1064453125
guenther2022relational,266,33,1.3017578125
guenther2022relational,266,34,1.80078125
guenther2022relational,266,35,2.98388671875
guenther2022relational,266,36,3.39697265625
guenther2022relational,266,37,2.2978515625
guenther2022relational,266,38,4.41015625
guenther2022relational,266,39,2.376953125
guenther2022relational,266,40,2.64501953125
guenther2022relational,266,41,2.5400390625
guenther2022relational,266,42,1.4541015625
guenther2022relational,266,43,4.60400390625
guenther2022relational,266,44,1.27880859375
guenther2022relational,266,45,2.3818359375
guenther2022relational,266,46,1.195068359375
guenther2022relational,266,47,3.0390625
guenther2022relational,266,48,3.5546875
guenther2022relational,266,49,1.35546875
guenther2022relational,266,50,4.546875
guenther2022relational,266,51,1.859375
guenther2022relational,266,52,2.66650390625
guenther2022relational,266,53,1.1083984375
guenther2022relational,266,54,3.56201171875
guenther2022relational,267,0,4.1171875
guenther2022relational,267,1,3.373046875
guenther2022relational,267,2,3.1220703125
guenther2022relational,267,3,2.0576171875
guenther2022relational,267,4,4.6396484375
guenther2022relational,267,5,2.7568359375
guenther2022relational,267,6,3.1982421875
guenther2022relational,267,7,1.9140625
guenther2022relational,267,8,3.1650390625
guenther2022relational,267,9,4.328125
guenther2022relational,267,10,5.9140625
guenther2022relational,267,11,4.07421875
guenther2022relational,267,12,2.310546875
guenther2022relational,267,13,2.7158203125
guenther2022relational,267,14,5.0380859375
guenther2022relational,267,15,3.5888671875
guenther2022relational,267,16,2.791015625
guenther2022relational,267,17,2.8916015625
guenther2022relational,267,18,2.663330078125
guenther2022relational,267,19,2.8173828125
guenther2022relational,267,20,2.8837890625
guenther2022relational,267,21,2.5556640625
guenther2022relational,267,22,0.820068359375
guenther2022relational,267,23,3.359375
guenther2022relational,267,24,2.84765625
guenther2022relational,267,25,3.8671875
guenther2022relational,267,26,2.271484375
guenther2022relational,267,27,1.939453125
guenther2022relational,267,28,1.509765625
guenther2022relational,267,29,1.404296875
guenther2022relational,267,30,1.7353515625
guenther2022relational,267,31,1.9443359375
guenther2022relational,267,32,3.1689453125
guenther2022relational,267,33,2.30126953125
guenther2022relational,267,34,1.255859375
guenther2022relational,267,35,4.2626953125
guenther2022relational,267,36,2.4609375
guenther2022relational,267,37,2.0859375
guenther2022relational,267,38,1.3994140625
guenther2022relational,267,39,1.43701171875
guenther2022relational,267,40,4.158203125
guenther2022relational,267,41,1.94921875
guenther2022relational,267,42,1.72607421875
guenther2022relational,267,43,2.2734375
guenther2022relational,267,44,2.6845703125
guenther2022relational,267,45,3.2265625
guenther2022relational,267,46,1.8798828125
guenther2022relational,267,47,1.8876953125
guenther2022relational,267,48,2.1796875
guenther2022relational,267,49,1.87109375
guenther2022relational,267,50,2.201171875
guenther2022relational,267,51,1.9765625
guenther2022relational,267,52,2.619140625
guenther2022relational,267,53,0.535125732421875
guenther2022relational,267,54,1.22314453125
guenther2022relational,268,0,3.453125
guenther2022relational,268,1,3.5166015625
guenther2022relational,268,2,2.453125
guenther2022relational,268,3,3.8916015625
guenther2022relational,268,4,2.3330078125
guenther2022relational,268,5,3.3876953125
guenther2022relational,268,6,1.6982421875
guenther2022relational,268,7,2.0771484375
guenther2022relational,268,8,1.51171875
guenther2022relational,268,9,1.522705078125
guenther2022relational,268,10,0.94189453125
guenther2022relational,268,11,1.46044921875
guenther2022relational,268,12,2.78564453125
guenther2022relational,268,13,0.890594482421875
guenther2022relational,268,14,1.091796875
guenther2022relational,268,15,4.96826171875
guenther2022relational,268,16,1.2470703125
guenther2022relational,268,17,2.7030029296875
guenther2022relational,268,18,1.945068359375
guenther2022relational,268,19,4.46484375
guenther2022relational,268,20,3.6717529296875
guenther2022relational,268,21,2.12939453125
guenther2022relational,268,22,3.27197265625
guenther2022relational,268,23,2.5751953125
guenther2022relational,268,24,2.1455078125
guenther2022relational,268,25,3.3427734375
guenther2022relational,268,26,4.30322265625
guenther2022relational,268,27,3.77001953125
guenther2022relational,268,28,2.757080078125
guenther2022relational,268,29,3.12451171875
guenther2022relational,268,30,2.335906982421875
guenther2022relational,268,31,2.77197265625
guenther2022relational,268,32,2.116943359375
guenther2022relational,268,33,3.43017578125
guenther2022relational,268,34,2.0467529296875
guenther2022relational,268,35,1.5701904296875
guenther2022relational,268,36,1.51513671875
guenther2022relational,268,37,2.695281982421875
guenther2022relational,268,38,2.710693359375
guenther2022relational,268,39,2.2498779296875
guenther2022relational,268,40,1.59765625
guenther2022relational,268,41,4.8125
guenther2022relational,268,42,1.37451171875
guenther2022relational,268,43,1.039031982421875
guenther2022relational,268,44,3.3123779296875
guenther2022relational,268,45,2.646484375
guenther2022relational,268,46,2.1092529296875
guenther2022relational,268,47,2.35009765625
guenther2022relational,268,48,3.0780029296875
guenther2022relational,268,49,3.116943359375
guenther2022relational,268,50,1.53076171875
guenther2022relational,268,51,2.14697265625
guenther2022relational,268,52,2.0380859375
guenther2022relational,268,53,2.32763671875
guenther2022relational,268,54,3.4521484375
guenther2022relational,269,0,3.789031982421875
guenther2022relational,269,1,2.421875
guenther2022relational,269,2,2.7255859375
guenther2022relational,269,3,2.109375
guenther2022relational,269,4,2.54296875
guenther2022relational,269,5,2.484375
guenther2022relational,269,6,3.2421875
guenther2022relational,269,7,3.767578125
guenther2022relational,269,8,2.134765625
guenther2022relational,269,9,2.154296875
guenther2022relational,269,10,2.5712890625
guenther2022relational,269,11,2.087890625
guenther2022relational,269,12,2.07470703125
guenther2022relational,269,13,1.5244140625
guenther2022relational,269,14,1.3564453125
guenther2022relational,269,15,2.4033203125
guenther2022relational,269,16,2.5205078125
guenther2022relational,269,17,4.41015625
guenther2022relational,269,18,2.38671875
guenther2022relational,269,19,3.001953125
guenther2022relational,269,20,3.251953125
guenther2022relational,269,21,1.794921875
guenther2022relational,269,22,2.14013671875
guenther2022relational,269,23,3.158203125
guenther2022relational,269,24,1.3720703125
guenther2022relational,269,25,3.294921875
guenther2022relational,269,26,1.038818359375
guenther2022relational,269,27,3.71484375
guenther2022relational,269,28,1.3974609375
guenther2022relational,269,29,3.220703125
guenther2022relational,269,30,2.04150390625
guenther2022relational,269,31,3.94775390625
guenther2022relational,269,32,1.181640625
guenther2022relational,269,33,1.124267578125
guenther2022relational,269,34,5.046875
guenther2022relational,269,35,2.98876953125
guenther2022relational,269,36,1.3056640625
guenther2022relational,269,37,2.966796875
guenther2022relational,269,38,1.02978515625
guenther2022relational,269,39,2.9833984375
guenther2022relational,269,40,2.20703125
guenther2022relational,269,41,5.43017578125
guenther2022relational,269,42,3.46826171875
guenther2022relational,269,43,4.74609375
guenther2022relational,269,44,1.4072265625
guenther2022relational,269,45,1.0830078125
guenther2022relational,269,46,2.819580078125
guenther2022relational,269,47,2.353515625
guenther2022relational,269,48,0.9033203125
guenther2022relational,269,49,1.3427734375
guenther2022relational,269,50,1.0673828125
guenther2022relational,269,51,4.2109375
guenther2022relational,269,52,3.1181640625
guenther2022relational,269,53,2.34765625
guenther2022relational,269,54,1.91015625
guenther2022relational,270,0,3.451171875
guenther2022relational,270,1,3.12890625
guenther2022relational,270,2,5.2900390625
guenther2022relational,270,3,3.6455078125
guenther2022relational,270,4,3.6806640625
guenther2022relational,270,5,3.2529296875
guenther2022relational,270,6,4.5625
guenther2022relational,270,7,2.6064453125
guenther2022relational,270,8,3.1064453125
guenther2022relational,270,9,2.0244140625
guenther2022relational,270,10,1.86767578125
guenther2022relational,270,11,2.6552734375
guenther2022relational,270,12,3.10400390625
guenther2022relational,270,13,2.017578125
guenther2022relational,270,14,3.859375
guenther2022relational,270,15,3.07958984375
guenther2022relational,270,16,2.9619140625
guenther2022relational,270,17,1.92578125
guenther2022relational,270,18,3.001953125
guenther2022relational,270,19,1.8212890625
guenther2022relational,270,20,2.8916015625
guenther2022relational,270,21,2.069580078125
guenther2022relational,270,22,2.529296875
guenther2022relational,270,23,1.6767578125
guenther2022relational,270,24,3.43017578125
guenther2022relational,270,25,4.76025390625
guenther2022relational,270,26,3.6611328125
guenther2022relational,270,27,3.5390625
guenther2022relational,270,28,1.9267578125
guenther2022relational,270,29,2.507080078125
guenther2022relational,270,30,2.39697265625
guenther2022relational,270,31,3.273193359375
guenther2022relational,270,32,3.0439453125
guenther2022relational,270,33,2.55859375
guenther2022relational,270,34,1.4814453125
guenther2022relational,270,35,4.9140625
guenther2022relational,270,36,1.6357421875
guenther2022relational,270,37,2.94140625
guenther2022relational,270,38,3.0751953125
guenther2022relational,270,39,1.748046875
guenther2022relational,270,40,1.322265625
guenther2022relational,270,41,3.05517578125
guenther2022relational,270,42,2.3603515625
guenther2022relational,270,43,2.6142578125
guenther2022relational,270,44,1.84375
guenther2022relational,270,45,1.2392578125
guenther2022relational,270,46,2.3173828125
guenther2022relational,270,47,2.744140625
guenther2022relational,270,48,1.4970703125
guenther2022relational,270,49,3.00439453125
guenther2022relational,270,50,2.9228515625
guenther2022relational,270,51,3.119140625
guenther2022relational,270,52,2.93017578125
guenther2022relational,270,53,4.203125
guenther2022relational,270,54,1.0888671875
guenther2022relational,271,0,4.152313232421875
guenther2022relational,271,1,5.267578125
guenther2022relational,271,2,2.978515625
guenther2022relational,271,3,4.30322265625
guenther2022relational,271,4,2.398193359375
guenther2022relational,271,5,3.7880859375
guenther2022relational,271,6,1.84765625
guenther2022relational,271,7,5.0546875
guenther2022relational,271,8,3.27001953125
guenther2022relational,271,9,3.388671875
guenther2022relational,271,10,2.978515625
guenther2022relational,271,11,3.525390625
guenther2022relational,271,12,2.59912109375
guenther2022relational,271,13,2.03955078125
guenther2022relational,271,14,3.1103515625
guenther2022relational,271,15,3.53515625
guenther2022relational,271,16,2.6279296875
guenther2022relational,271,17,3.1650390625
guenther2022relational,271,18,3.69287109375
guenther2022relational,271,19,2.7783203125
guenther2022relational,271,20,3.93359375
guenther2022relational,271,21,2.5595703125
guenther2022relational,271,22,1.3905029296875
guenther2022relational,271,23,2.241943359375
guenther2022relational,271,24,1.58203125
guenther2022relational,271,25,2.595703125
guenther2022relational,271,26,3.27587890625
guenther2022relational,271,27,2.498046875
guenther2022relational,271,28,1.88720703125
guenther2022relational,271,29,2.8779296875
guenther2022relational,271,30,2.388671875
guenther2022relational,271,31,2.15576171875
guenther2022relational,271,32,2.4541015625
guenther2022relational,271,33,2.1064453125
guenther2022relational,271,34,2.38525390625
guenther2022relational,271,35,1.98974609375
guenther2022relational,271,36,2.725830078125
guenther2022relational,271,37,4.859375
guenther2022relational,271,38,3.8984375
guenther2022relational,271,39,1.9697265625
guenther2022relational,271,40,6.671875
guenther2022relational,271,41,3.22900390625
guenther2022relational,271,42,1.78662109375
guenther2022relational,271,43,2.63134765625
guenther2022relational,271,44,2.23876953125
guenther2022relational,271,45,3.77392578125
guenther2022relational,271,46,2.36962890625
guenther2022relational,271,47,3.8564453125
guenther2022relational,271,48,3.52197265625
guenther2022relational,271,49,2.5908203125
guenther2022relational,271,50,3.22412109375
guenther2022relational,271,51,2.4365234375
guenther2022relational,271,52,2.95263671875
guenther2022relational,271,53,2.6220703125
guenther2022relational,271,54,2.227783203125
guenther2022relational,272,0,3.191375732421875
guenther2022relational,272,1,3.5078125
guenther2022relational,272,2,1.6787109375
guenther2022relational,272,3,0.76806640625
guenther2022relational,272,4,3.12109375
guenther2022relational,272,5,1.507080078125
guenther2022relational,272,6,1.2021484375
guenther2022relational,272,7,2.404296875
guenther2022relational,272,8,5.241943359375
guenther2022relational,272,9,3.789031982421875
guenther2022relational,272,10,4.663330078125
guenther2022relational,272,11,1.70849609375
guenther2022relational,272,12,2.7333984375
guenther2022relational,272,13,2.742156982421875
guenther2022relational,272,14,1.42919921875
guenther2022relational,272,15,1.24169921875
guenther2022relational,272,16,4.695281982421875
guenther2022relational,272,17,3.835205078125
guenther2022relational,272,18,1.2576904296875
guenther2022relational,272,19,2.3905029296875
guenther2022relational,272,20,3.0467529296875
guenther2022relational,272,21,1.436767578125
guenther2022relational,272,22,3.257080078125
guenther2022relational,272,23,3.5780029296875
guenther2022relational,272,24,2.248046875
guenther2022relational,272,25,1.80419921875
guenther2022relational,272,26,1.3486328125
guenther2022relational,272,27,1.9287109375
guenther2022relational,272,28,1.99169921875
guenther2022relational,272,29,3.054656982421875
guenther2022relational,272,30,2.37451171875
guenther2022relational,272,31,6.4765625
guenther2022relational,272,32,1.7880859375
guenther2022relational,272,33,1.11376953125
guenther2022relational,272,34,3.2568359375
guenther2022relational,272,35,2.554443359375
guenther2022relational,272,36,2.0673828125
guenther2022relational,272,37,2.33349609375
guenther2022relational,272,38,2.810546875
guenther2022relational,272,39,3.64697265625
guenther2022relational,272,40,1.812255859375
guenther2022relational,272,41,4.87451171875
guenther2022relational,272,42,3.765625
guenther2022relational,272,43,4.4658203125
guenther2022relational,272,44,3.92626953125
guenther2022relational,272,45,1.6748046875
guenther2022relational,272,46,3.7197265625
guenther2022relational,272,47,2.74609375
guenther2022relational,272,48,1.326171875
guenther2022relational,272,49,3.55859375
guenther2022relational,272,50,1.6396484375
guenther2022relational,272,51,1.44189453125
guenther2022relational,272,52,2.904296875
guenther2022relational,272,53,2.2880859375
guenther2022relational,272,54,1.7197265625
guenther2022relational,273,0,3.789031982421875
guenther2022relational,273,1,2.3837890625
guenther2022relational,273,2,2.33251953125
guenther2022relational,273,3,0.69921875
guenther2022relational,273,4,5.56640625
guenther2022relational,273,5,0.85546875
guenther2022relational,273,6,3.1953125
guenther2022relational,273,7,1.208984375
guenther2022relational,273,8,3.26171875
guenther2022relational,273,9,3.55859375
guenther2022relational,273,10,2.369140625
guenther2022relational,273,11,3.162109375
guenther2022relational,273,12,3.6875
guenther2022relational,273,13,1.41796875
guenther2022relational,273,14,1.515625
guenther2022relational,273,15,4.857421875
guenther2022relational,273,16,1.423828125
guenther2022relational,273,17,1.4140625
guenther2022relational,273,18,3.94775390625
guenther2022relational,273,19,2.921875
guenther2022relational,273,20,1.3125
guenther2022relational,273,21,2.873046875
guenther2022relational,273,22,3.2265625
guenther2022relational,273,23,2.2578125
guenther2022relational,273,24,1.6533203125
guenther2022relational,273,25,2.734375
guenther2022relational,273,26,3.4921875
guenther2022relational,273,27,4.97265625
guenther2022relational,273,28,3.271484375
guenther2022relational,273,29,1.9580078125
guenther2022relational,273,30,2.7978515625
guenther2022relational,273,31,1.953125
guenther2022relational,273,32,3.701171875
guenther2022relational,273,33,3.919921875
guenther2022relational,273,34,4.92578125
guenther2022relational,273,35,1.87890625
guenther2022relational,273,36,1.8408203125
guenther2022relational,273,37,3.9755859375
guenther2022relational,273,38,3.23828125
guenther2022relational,273,39,2.763671875
guenther2022relational,273,40,2.763671875
guenther2022relational,273,41,2.9453125
guenther2022relational,273,42,1.900390625
guenther2022relational,273,43,3.703125
guenther2022relational,273,44,2.875
guenther2022relational,273,45,4.32421875
guenther2022relational,273,46,2.1357421875
guenther2022relational,273,47,2.0322265625
guenther2022relational,273,48,0.978515625
guenther2022relational,273,49,4.04296875
guenther2022relational,273,50,2.755859375
guenther2022relational,273,51,1.8603515625
guenther2022relational,273,52,2.34912109375
guenther2022relational,273,53,2.33251953125
guenther2022relational,273,54,1.810546875
guenther2022relational,274,0,4.609375
guenther2022relational,274,1,0.6640625
guenther2022relational,274,2,6.18017578125
guenther2022relational,274,3,1.4912109375
guenther2022relational,274,4,2.357421875
guenther2022relational,274,5,2.591796875
guenther2022relational,274,6,3.41015625
guenther2022relational,274,7,3.70751953125
guenther2022relational,274,8,2.50830078125
guenther2022relational,274,9,1.65673828125
guenther2022relational,274,10,2.350830078125
guenther2022relational,274,11,2.70947265625
guenther2022relational,274,12,2.835205078125
guenther2022relational,274,13,1.99267578125
guenther2022relational,274,14,3.4267578125
guenther2022relational,274,15,2.00390625
guenther2022relational,274,16,1.6845703125
guenther2022relational,274,17,2.14599609375
guenther2022relational,274,18,3.904296875
guenther2022relational,274,19,5.65576171875
guenther2022relational,274,20,1.866455078125
guenther2022relational,274,21,1.718017578125
guenther2022relational,274,22,3.3896484375
guenther2022relational,274,23,0.738250732421875
guenther2022relational,274,24,2.3408203125
guenther2022relational,274,25,2.991943359375
guenther2022relational,274,26,3.6484375
guenther2022relational,274,27,1.99169921875
guenther2022relational,274,28,1.65087890625
guenther2022relational,274,29,2.89697265625
guenther2022relational,274,30,0.73486328125
guenther2022relational,274,31,1.75634765625
guenther2022relational,274,32,4.69287109375
guenther2022relational,274,33,2.210205078125
guenther2022relational,274,34,1.327392578125
guenther2022relational,274,35,1.679656982421875
guenther2022relational,274,36,1.117156982421875
guenther2022relational,274,37,5.648193359375
guenther2022relational,274,38,1.02978515625
guenther2022relational,274,39,1.288330078125
guenther2022relational,274,40,2.42822265625
guenther2022relational,274,41,3.09375
guenther2022relational,274,42,3.72900390625
guenther2022relational,274,43,1.3095703125
guenther2022relational,274,44,4.19287109375
guenther2022relational,274,45,5.55322265625
guenther2022relational,274,46,3.048828125
guenther2022relational,274,47,3.022705078125
guenther2022relational,274,48,3.0625
guenther2022relational,274,49,3.716796875
guenther2022relational,274,50,2.87109375
guenther2022relational,274,51,1.0517578125
guenther2022relational,274,52,3.35009765625
guenther2022relational,274,53,1.35400390625
guenther2022relational,274,54,1.8095703125
guenther2022relational,275,0,5.0859375
guenther2022relational,275,1,3.24609375
guenther2022relational,275,2,3.20751953125
guenther2022relational,275,3,2.2470703125
guenther2022relational,275,4,2.49267578125
guenther2022relational,275,5,4.3330078125
guenther2022relational,275,6,2.4501953125
guenther2022relational,275,7,2.19140625
guenther2022relational,275,8,2.404296875
guenther2022relational,275,9,4.4267578125
guenther2022relational,275,10,2.7646484375
guenther2022relational,275,11,2.38134765625
guenther2022relational,275,12,2.98876953125
guenther2022relational,275,13,4.7265625
guenther2022relational,275,14,3.80078125
guenther2022relational,275,15,2.5888671875
guenther2022relational,275,16,1.984375
guenther2022relational,275,17,2.74267578125
guenther2022relational,275,18,2.47265625
guenther2022relational,275,19,2.27734375
guenther2022relational,275,20,3.8095703125
guenther2022relational,275,21,3.4921875
guenther2022relational,275,22,2.23583984375
guenther2022relational,275,23,1.740234375
guenther2022relational,275,24,4.55517578125
guenther2022relational,275,25,3.6015625
guenther2022relational,275,26,2.3388671875
guenther2022relational,275,27,2.990234375
guenther2022relational,275,28,2.201171875
guenther2022relational,275,29,2.59765625
guenther2022relational,275,30,3.7158203125
guenther2022relational,275,31,3.751953125
guenther2022relational,275,32,3.32421875
guenther2022relational,275,33,5.3291015625
guenther2022relational,275,34,2.84912109375
guenther2022relational,275,35,4.7783203125
guenther2022relational,275,36,3.640625
guenther2022relational,275,37,2.4609375
guenther2022relational,275,38,4.2568359375
guenther2022relational,275,39,2.3203125
guenther2022relational,275,40,3.0107421875
guenther2022relational,275,41,3.4169921875
guenther2022relational,275,42,3.02734375
guenther2022relational,275,43,3.66015625
guenther2022relational,275,44,2.1640625
guenther2022relational,275,45,2.16796875
guenther2022relational,275,46,3.203125
guenther2022relational,275,47,2.39892578125
guenther2022relational,275,48,3.56640625
guenther2022relational,275,49,3.07421875
guenther2022relational,275,50,1.6005859375
guenther2022relational,275,51,2.794921875
guenther2022relational,275,52,3.31640625
guenther2022relational,275,53,3.3212890625
guenther2022relational,275,54,2.1494140625
guenther2022relational,276,0,5.43359375
guenther2022relational,276,1,3.390625
guenther2022relational,276,2,3.794921875
guenther2022relational,276,3,1.494140625
guenther2022relational,276,4,3.8974609375
guenther2022relational,276,5,2.8779296875
guenther2022relational,276,6,1.7734375
guenther2022relational,276,7,2.265625
guenther2022relational,276,8,0.923828125
guenther2022relational,276,9,1.75830078125
guenther2022relational,276,10,3.7265625
guenther2022relational,276,11,2.38671875
guenther2022relational,276,12,1.8193359375
guenther2022relational,276,13,1.9794921875
guenther2022relational,276,14,3.498046875
guenther2022relational,276,15,5.8212890625
guenther2022relational,276,16,1.9658203125
guenther2022relational,276,17,1.6103515625
guenther2022relational,276,18,2.34375
guenther2022relational,276,19,1.8037109375
guenther2022relational,276,20,3.84326171875
guenther2022relational,276,21,1.876953125
guenther2022relational,276,22,1.4150390625
guenther2022relational,276,23,6.359375
guenther2022relational,276,24,1.63818359375
guenther2022relational,276,25,3.109375
guenther2022relational,276,26,4.81640625
guenther2022relational,276,27,4.5712890625
guenther2022relational,276,28,1.8251953125
guenther2022relational,276,29,2.447265625
guenther2022relational,276,30,1.763671875
guenther2022relational,276,31,1.3720703125
guenther2022relational,276,32,3.3876953125
guenther2022relational,276,33,1.8974609375
guenther2022relational,276,34,1.169921875
guenther2022relational,276,35,5.77392578125
guenther2022relational,276,36,1.429443359375
guenther2022relational,276,37,2.41015625
guenther2022relational,276,38,2.39453125
guenther2022relational,276,39,2.35400390625
guenther2022relational,276,40,1.4375
guenther2022relational,276,41,1.78955078125
guenther2022relational,276,42,2.4619140625
guenther2022relational,276,43,2.265625
guenther2022relational,276,44,1.9326171875
guenther2022relational,276,45,2.1572265625
guenther2022relational,276,46,1.3232421875
guenther2022relational,276,47,5.11767578125
guenther2022relational,276,48,2.3203125
guenther2022relational,276,49,2.7001953125
guenther2022relational,276,50,2.61767578125
guenther2022relational,276,51,1.8046875
guenther2022relational,276,52,1.609375
guenther2022relational,276,53,1.43212890625
guenther2022relational,276,54,3.021484375
guenther2022relational,277,0,3.16015625
guenther2022relational,277,1,4.1728515625
guenther2022relational,277,2,2.046875
guenther2022relational,277,3,2.64453125
guenther2022relational,277,4,3.421875
guenther2022relational,277,5,3.60546875
guenther2022relational,277,6,2.09375
guenther2022relational,277,7,3.546875
guenther2022relational,277,8,0.9091796875
guenther2022relational,277,9,3.4775390625
guenther2022relational,277,10,3.392578125
guenther2022relational,277,11,2.5908203125
guenther2022relational,277,12,3.12109375
guenther2022relational,277,13,2.4921875
guenther2022relational,277,14,2.107421875
guenther2022relational,277,15,2.75390625
guenther2022relational,277,16,4.99609375
guenther2022relational,277,17,3.046875
guenther2022relational,277,18,3.9775390625
guenther2022relational,277,19,3.5263671875
guenther2022relational,277,20,4.44921875
guenther2022relational,277,21,2.087890625
guenther2022relational,277,22,2.185546875
guenther2022relational,277,23,3.2509765625
guenther2022relational,277,24,1.78125
guenther2022relational,277,25,2.916015625
guenther2022relational,277,26,2.5517578125
guenther2022relational,277,27,3.3681640625
guenther2022relational,277,28,2.0146484375
guenther2022relational,277,29,2.7900390625
guenther2022relational,277,30,1.5947265625
guenther2022relational,277,31,1.61962890625
guenther2022relational,277,32,3.3408203125
guenther2022relational,277,33,2.30517578125
guenther2022relational,277,34,2.337890625
guenther2022relational,277,35,2.02587890625
guenther2022relational,277,36,5.0087890625
guenther2022relational,277,37,2.1025390625
guenther2022relational,277,38,2.3896484375
guenther2022relational,277,39,2.64892578125
guenther2022relational,277,40,1.4150390625
guenther2022relational,277,41,2.63671875
guenther2022relational,277,42,5.2734375
guenther2022relational,277,43,2.796875
guenther2022relational,277,44,3.88671875
guenther2022relational,277,45,2.08056640625
guenther2022relational,277,46,1.685546875
guenther2022relational,277,47,3.978515625
guenther2022relational,277,48,1.87548828125
guenther2022relational,277,49,2.212890625
guenther2022relational,277,50,1.837890625
guenther2022relational,277,51,2.7568359375
guenther2022relational,277,52,5.1416015625
guenther2022relational,277,53,3.210693359375
guenther2022relational,277,54,1.4736328125
guenther2022relational,278,0,2.83203125
guenther2022relational,278,1,0.6083984375
guenther2022relational,278,2,4.125
guenther2022relational,278,3,4.4296875
guenther2022relational,278,4,2.50390625
guenther2022relational,278,5,2.8203125
guenther2022relational,278,6,4.2353515625
guenther2022relational,278,7,2.841796875
guenther2022relational,278,8,1.6494140625
guenther2022relational,278,9,5.87890625
guenther2022relational,278,10,2.9375
guenther2022relational,278,11,1.5732421875
guenther2022relational,278,12,3.4794921875
guenther2022relational,278,13,1.85546875
guenther2022relational,278,14,1.53125
guenther2022relational,278,15,1.0703125
guenther2022relational,278,16,3.6044921875
guenther2022relational,278,17,2.2412109375
guenther2022relational,278,18,4.03125
guenther2022relational,278,19,2.4228515625
guenther2022relational,278,20,2.7001953125
guenther2022relational,278,21,2.29150390625
guenther2022relational,278,22,3.08642578125
guenther2022relational,278,23,5.08642578125
guenther2022relational,278,24,2.759765625
guenther2022relational,278,25,3.6328125
guenther2022relational,278,26,4.890625
guenther2022relational,278,27,3.8408203125
guenther2022relational,278,28,3.1044921875
guenther2022relational,278,29,2.36962890625
guenther2022relational,278,30,3.428955078125
guenther2022relational,278,31,3.4404296875
guenther2022relational,278,32,3.45947265625
guenther2022relational,278,33,3.22900390625
guenther2022relational,278,34,3.8251953125
guenther2022relational,278,35,2.3720703125
guenther2022relational,278,36,2.666015625
guenther2022relational,278,37,1.9892578125
guenther2022relational,278,38,3.9892578125
guenther2022relational,278,39,3.630859375
guenther2022relational,278,40,1.843017578125
guenther2022relational,278,41,2.75390625
guenther2022relational,278,42,2.18359375
guenther2022relational,278,43,3.7353515625
guenther2022relational,278,44,3.845703125
guenther2022relational,278,45,2.23828125
guenther2022relational,278,46,1.998046875
guenther2022relational,278,47,2.015625
guenther2022relational,278,48,3.62109375
guenther2022relational,278,49,3.4228515625
guenther2022relational,278,50,3.72900390625
guenther2022relational,278,51,2.66015625
guenther2022relational,278,52,1.62548828125
guenther2022relational,278,53,3.591796875
guenther2022relational,278,54,1.4921875
guenther2022relational,279,0,4.238250732421875
guenther2022relational,279,1,2.109375
guenther2022relational,279,2,1.02099609375
guenther2022relational,279,3,3.54638671875
guenther2022relational,279,4,3.20703125
guenther2022relational,279,5,2.82421875
guenther2022relational,279,6,3.166015625
guenther2022relational,279,7,3.431640625
guenther2022relational,279,8,1.9482421875
guenther2022relational,279,9,2.2197265625
guenther2022relational,279,10,3.193359375
guenther2022relational,279,11,3.283203125
guenther2022relational,279,12,4.216796875
guenther2022relational,279,13,1.9716796875
guenther2022relational,279,14,4.099609375
guenther2022relational,279,15,2.279296875
guenther2022relational,279,16,4.060546875
guenther2022relational,279,17,2.998046875
guenther2022relational,279,18,2.021484375
guenther2022relational,279,19,2.5205078125
guenther2022relational,279,20,1.072265625
guenther2022relational,279,21,3.52001953125
guenther2022relational,279,22,4.5078125
guenther2022relational,279,23,3.2265625
guenther2022relational,279,24,3.751953125
guenther2022relational,279,25,2.90625
guenther2022relational,279,26,3.041015625
guenther2022relational,279,27,2.822265625
guenther2022relational,279,28,2.7470703125
guenther2022relational,279,29,3.4345703125
guenther2022relational,279,30,5.203125
guenther2022relational,279,31,1.28759765625
guenther2022relational,279,32,3.2275390625
guenther2022relational,279,33,3.279296875
guenther2022relational,279,34,2.73828125
guenther2022relational,279,35,2.498046875
guenther2022relational,279,36,3.703125
guenther2022relational,279,37,2.8984375
guenther2022relational,279,38,1.9423828125
guenther2022relational,279,39,1.8525390625
guenther2022relational,279,40,3.0390625
guenther2022relational,279,41,2.90234375
guenther2022relational,279,42,3.12890625
guenther2022relational,279,43,2.9296875
guenther2022relational,279,44,2.76953125
guenther2022relational,279,45,2.2666015625
guenther2022relational,279,46,2.3125
guenther2022relational,279,47,1.9892578125
guenther2022relational,279,48,3.90234375
guenther2022relational,279,49,2.3515625
guenther2022relational,279,50,5.79296875
guenther2022relational,279,51,2.47412109375
guenther2022relational,279,52,2.4130859375
guenther2022relational,279,53,2.740234375
guenther2022relational,279,54,2.779296875
guenther2022relational,280,0,5.484375
guenther2022relational,280,1,3.319580078125
guenther2022relational,280,2,2.1865234375
guenther2022relational,280,3,2.591796875
guenther2022relational,280,4,1.59033203125
guenther2022relational,280,5,1.67822265625
guenther2022relational,280,6,1.2626953125
guenther2022relational,280,7,3.2734375
guenther2022relational,280,8,3.908203125
guenther2022relational,280,9,1.45703125
guenther2022relational,280,10,3.484375
guenther2022relational,280,11,2.1123046875
guenther2022relational,280,12,6.27734375
guenther2022relational,280,13,2.44921875
guenther2022relational,280,14,1.333984375
guenther2022relational,280,15,3.23828125
guenther2022relational,280,16,2.90234375
guenther2022relational,280,17,0.822265625
guenther2022relational,280,18,2.3486328125
guenther2022relational,280,19,1.373046875
guenther2022relational,280,20,3.8408203125
guenther2022relational,280,21,6.7041015625
guenther2022relational,280,22,3.17578125
guenther2022relational,280,23,3.19921875
guenther2022relational,280,24,1.69189453125
guenther2022relational,280,25,3.61572265625
guenther2022relational,280,26,3.8916015625
guenther2022relational,280,27,2.0751953125
guenther2022relational,280,28,5.0712890625
guenther2022relational,280,29,2.673828125
guenther2022relational,280,30,1.47265625
guenther2022relational,280,31,3.53076171875
guenther2022relational,280,32,5.224609375
guenther2022relational,280,33,2.482421875
guenther2022relational,280,34,2.68017578125
guenther2022relational,280,35,1.259765625
guenther2022relational,280,36,1.46337890625
guenther2022relational,280,37,2.2880859375
guenther2022relational,280,38,3.89501953125
guenther2022relational,280,39,2.2626953125
guenther2022relational,280,40,4.11376953125
guenther2022relational,280,41,1.7578125
guenther2022relational,280,42,1.9814453125
guenther2022relational,280,43,3.71142578125
guenther2022relational,280,44,1.9111328125
guenther2022relational,280,45,4.53125
guenther2022relational,280,46,3.6943359375
guenther2022relational,280,47,1.29736328125
guenther2022relational,280,48,2.466796875
guenther2022relational,280,49,4.322265625
guenther2022relational,280,50,4.578125
guenther2022relational,280,51,1.936767578125
guenther2022relational,280,52,3.5224609375
guenther2022relational,280,53,1.76806640625
guenther2022relational,280,54,2.728515625
guenther2022relational,281,0,4.55859375
guenther2022relational,281,1,4.66796875
guenther2022relational,281,2,2.7734375
guenther2022relational,281,3,4.70703125
guenther2022relational,281,4,2.898193359375
guenther2022relational,281,5,3.2880859375
guenther2022relational,281,6,5.52734375
guenther2022relational,281,7,1.7802734375
guenther2022relational,281,8,2.8095703125
guenther2022relational,281,9,3.265625
guenther2022relational,281,10,3.9453125
guenther2022relational,281,11,3.7109375
guenther2022relational,281,12,2.525390625
guenther2022relational,281,13,2.33984375
guenther2022relational,281,14,3.01171875
guenther2022relational,281,15,1.86865234375
guenther2022relational,281,16,4.087890625
guenther2022relational,281,17,3.083984375
guenther2022relational,281,18,2.0390625
guenther2022relational,281,19,4.451171875
guenther2022relational,281,20,2.61767578125
guenther2022relational,281,21,3.53515625
guenther2022relational,281,22,3.248046875
guenther2022relational,281,23,1.8642578125
guenther2022relational,281,24,2.9775390625
guenther2022relational,281,25,2.08984375
guenther2022relational,281,26,1.365234375
guenther2022relational,281,27,4.6357421875
guenther2022relational,281,28,2.607421875
guenther2022relational,281,29,3.5283203125
guenther2022relational,281,30,3.07421875
guenther2022relational,281,31,2.712890625
guenther2022relational,281,32,2.4775390625
guenther2022relational,281,33,2.47900390625
guenther2022relational,281,34,2.1181640625
guenther2022relational,281,35,1.76025390625
guenther2022relational,281,36,1.75244140625
guenther2022relational,281,37,1.5390625
guenther2022relational,281,38,2.42626953125
guenther2022relational,281,39,2.59326171875
guenther2022relational,281,40,5.4287109375
guenther2022relational,281,41,2.4287109375
guenther2022relational,281,42,1.9072265625
guenther2022relational,281,43,1.3564453125
guenther2022relational,281,44,2.45703125
guenther2022relational,281,45,3.8505859375
guenther2022relational,281,46,2.951171875
guenther2022relational,281,47,1.5283203125
guenther2022relational,281,48,4.33984375
guenther2022relational,281,49,2.21875
guenther2022relational,281,50,2.349609375
guenther2022relational,281,51,1.892578125
guenther2022relational,281,52,2.13671875
guenther2022relational,281,53,1.4931640625
guenther2022relational,281,54,2.66796875
guenther2022relational,282,0,2.78515625
guenther2022relational,282,1,3.90625
guenther2022relational,282,2,6.21484375
guenther2022relational,282,3,3.02734375
guenther2022relational,282,4,2.984375
guenther2022relational,282,5,3.224609375
guenther2022relational,282,6,5.1484375
guenther2022relational,282,7,2.5400390625
guenther2022relational,282,8,4.4228515625
guenther2022relational,282,9,3.8046875
guenther2022relational,282,10,2.58203125
guenther2022relational,282,11,3.02734375
guenther2022relational,282,12,2.880859375
guenther2022relational,282,13,3.1015625
guenther2022relational,282,14,2.890625
guenther2022relational,282,15,3.40625
guenther2022relational,282,16,2.603515625
guenther2022relational,282,17,2.1103515625
guenther2022relational,282,18,3.19921875
guenther2022relational,282,19,3.880859375
guenther2022relational,282,20,3.013671875
guenther2022relational,282,21,2.896484375
guenther2022relational,282,22,1.716796875
guenther2022relational,282,23,3.38525390625
guenther2022relational,282,24,2.064453125
guenther2022relational,282,25,2.498046875
guenther2022relational,282,26,2.1845703125
guenther2022relational,282,27,3.720703125
guenther2022relational,282,28,3.330078125
guenther2022relational,282,29,1.67626953125
guenther2022relational,282,30,2.569580078125
guenther2022relational,282,31,2.27734375
guenther2022relational,282,32,2.953125
guenther2022relational,282,33,1.501953125
guenther2022relational,282,34,2.3046875
guenther2022relational,282,35,1.4189453125
guenther2022relational,282,36,3.974609375
guenther2022relational,282,37,3.59375
guenther2022relational,282,38,3.19140625
guenther2022relational,282,39,2.09423828125
guenther2022relational,282,40,3.22265625
guenther2022relational,282,41,3.69580078125
guenther2022relational,282,42,2.47412109375
guenther2022relational,282,43,1.7763671875
guenther2022relational,282,44,4.1875
guenther2022relational,282,45,2.9853515625
guenther2022relational,282,46,2.6015625
guenther2022relational,282,47,3.11328125
guenther2022relational,282,48,2.9169921875
guenther2022relational,282,49,2.78125
guenther2022relational,282,50,3.9033203125
guenther2022relational,282,51,2.58251953125
guenther2022relational,282,52,3.69140625
guenther2022relational,282,53,1.765625
guenther2022relational,282,54,3.11328125
guenther2022relational,283,0,5.30078125
guenther2022relational,283,1,0.740234375
guenther2022relational,283,2,3.94921875
guenther2022relational,283,3,3.166015625
guenther2022relational,283,4,1.40576171875
guenther2022relational,283,5,1.2314453125
guenther2022relational,283,6,5.5458984375
guenther2022relational,283,7,1.61767578125
guenther2022relational,283,8,3.8271484375
guenther2022relational,283,9,2.1572265625
guenther2022relational,283,10,1.639892578125
guenther2022relational,283,11,3.44775390625
guenther2022relational,283,12,1.984375
guenther2022relational,283,13,2.6982421875
guenther2022relational,283,14,2.6025390625
guenther2022relational,283,15,2.09765625
guenther2022relational,283,16,0.8319091796875
guenther2022relational,283,17,3.478515625
guenther2022relational,283,18,3.185546875
guenther2022relational,283,19,2.14697265625
guenther2022relational,283,20,2.52392578125
guenther2022relational,283,21,1.556640625
guenther2022relational,283,22,2.09814453125
guenther2022relational,283,23,3.319580078125
guenther2022relational,283,24,3.11962890625
guenther2022relational,283,25,2.3876953125
guenther2022relational,283,26,3.24072265625
guenther2022relational,283,27,2.76171875
guenther2022relational,283,28,2.93017578125
guenther2022relational,283,29,2.46484375
guenther2022relational,283,30,2.095703125
guenther2022relational,283,31,4.6376953125
guenther2022relational,283,32,4.10205078125
guenther2022relational,283,33,2.40234375
guenther2022relational,283,34,3.5400390625
guenther2022relational,283,35,2.03076171875
guenther2022relational,283,36,1.952880859375
guenther2022relational,283,37,4.48828125
guenther2022relational,283,38,2.91650390625
guenther2022relational,283,39,3.72900390625
guenther2022relational,283,40,3.23828125
guenther2022relational,283,41,3.482421875
guenther2022relational,283,42,1.81494140625
guenther2022relational,283,43,2.0361328125
guenther2022relational,283,44,2.3544921875
guenther2022relational,283,45,2.1806640625
guenther2022relational,283,46,2.25390625
guenther2022relational,283,47,1.361328125
guenther2022relational,283,48,2.947265625
guenther2022relational,283,49,3.16650390625
guenther2022relational,283,50,2.275390625
guenther2022relational,283,51,2.4921875
guenther2022relational,283,52,3.9765625
guenther2022relational,283,53,1.7578125
guenther2022relational,283,54,1.7734375
guenther2022relational,284,0,3.992156982421875
guenther2022relational,284,1,4.494140625
guenther2022relational,284,2,2.1044921875
guenther2022relational,284,3,2.998046875
guenther2022relational,284,4,2.015625
guenther2022relational,284,5,3.9111328125
guenther2022relational,284,6,1.892578125
guenther2022relational,284,7,2.03515625
guenther2022relational,284,8,4.189453125
guenther2022relational,284,9,4.30078125
guenther2022relational,284,10,4.5732421875
guenther2022relational,284,11,2.0283203125
guenther2022relational,284,12,2.1767578125
guenther2022relational,284,13,2.6962890625
guenther2022relational,284,14,2.212890625
guenther2022relational,284,15,4.734375
guenther2022relational,284,16,2.5390625
guenther2022relational,284,17,3.2587890625
guenther2022relational,284,18,2.5439453125
guenther2022relational,284,19,2.8359375
guenther2022relational,284,20,2.9130859375
guenther2022relational,284,21,2.2939453125
guenther2022relational,284,22,1.9541015625
guenther2022relational,284,23,2.4130859375
guenther2022relational,284,24,2.4638671875
guenther2022relational,284,25,2.28076171875
guenther2022relational,284,26,1.86181640625
guenther2022relational,284,27,3.0224609375
guenther2022relational,284,28,4.845703125
guenther2022relational,284,29,4.37451171875
guenther2022relational,284,30,1.58203125
guenther2022relational,284,31,2.2880859375
guenther2022relational,284,32,1.538818359375
guenther2022relational,284,33,3.6533203125
guenther2022relational,284,34,2.4501953125
guenther2022relational,284,35,2.24951171875
guenther2022relational,284,36,1.7939453125
guenther2022relational,284,37,2.998046875
guenther2022relational,284,38,3.90087890625
guenther2022relational,284,39,2.23046875
guenther2022relational,284,40,2.699951171875
guenther2022relational,284,41,3.3330078125
guenther2022relational,284,42,2.7342529296875
guenther2022relational,284,43,2.8330078125
guenther2022relational,284,44,2.14208984375
guenther2022relational,284,45,2.2958984375
guenther2022relational,284,46,2.100830078125
guenther2022relational,284,47,2.7802734375
guenther2022relational,284,48,1.9365234375
guenther2022relational,284,49,1.5545654296875
guenther2022relational,284,50,3.5166015625
guenther2022relational,284,51,1.80078125
guenther2022relational,284,52,2.24609375
guenther2022relational,284,53,2.939453125
guenther2022relational,284,54,2.55322265625
guenther2022relational,285,0,5.4609375
guenther2022relational,285,1,2.09765625
guenther2022relational,285,2,1.0751953125
guenther2022relational,285,3,5.328125
guenther2022relational,285,4,3.88671875
guenther2022relational,285,5,2.5380859375
guenther2022relational,285,6,1.7861328125
guenther2022relational,285,7,3.541015625
guenther2022relational,285,8,2.78076171875
guenther2022relational,285,9,2.1943359375
guenther2022relational,285,10,2.919921875
guenther2022relational,285,11,5.6875
guenther2022relational,285,12,2.7451171875
guenther2022relational,285,13,4.66650390625
guenther2022relational,285,14,2.22509765625
guenther2022relational,285,15,2.8046875
guenther2022relational,285,16,3.2353515625
guenther2022relational,285,17,2.81787109375
guenther2022relational,285,18,2.3876953125
guenther2022relational,285,19,2.3154296875
guenther2022relational,285,20,3.791015625
guenther2022relational,285,21,3.5380859375
guenther2022relational,285,22,1.9345703125
guenther2022relational,285,23,1.91357421875
guenther2022relational,285,24,2.1279296875
guenther2022relational,285,25,4.694580078125
guenther2022relational,285,26,2.913330078125
guenther2022relational,285,27,3.244140625
guenther2022relational,285,28,2.91650390625
guenther2022relational,285,29,2.96142578125
guenther2022relational,285,30,3.1455078125
guenther2022relational,285,31,4.22265625
guenther2022relational,285,32,4.1318359375
guenther2022relational,285,33,2.82421875
guenther2022relational,285,34,3.8046875
guenther2022relational,285,35,2.3837890625
guenther2022relational,285,36,1.1181640625
guenther2022relational,285,37,1.62158203125
guenther2022relational,285,38,3.0068359375
guenther2022relational,285,39,2.0244140625
guenther2022relational,285,40,2.79296875
guenther2022relational,285,41,3.6796875
guenther2022relational,285,42,3.33642578125
guenther2022relational,285,43,2.19580078125
guenther2022relational,285,44,2.955078125
guenther2022relational,285,45,2.5732421875
guenther2022relational,285,46,1.288818359375
guenther2022relational,285,47,2.84765625
guenther2022relational,285,48,1.78759765625
guenther2022relational,285,49,2.93896484375
guenther2022relational,285,50,2.05859375
guenther2022relational,285,51,2.69775390625
guenther2022relational,285,52,3.01025390625
guenther2022relational,285,53,4.107421875
guenther2022relational,285,54,2.0908203125
guenther2022relational,286,0,5.031219482421875
guenther2022relational,286,1,5.16650390625
guenther2022relational,286,2,2.6962890625
guenther2022relational,286,3,4.1689453125
guenther2022relational,286,4,1.0185546875
guenther2022relational,286,5,2.42578125
guenther2022relational,286,6,4.322265625
guenther2022relational,286,7,3.19384765625
guenther2022relational,286,8,3.828125
guenther2022relational,286,9,3.02001953125
guenther2022relational,286,10,2.27734375
guenther2022relational,286,11,4.8837890625
guenther2022relational,286,12,2.43701171875
guenther2022relational,286,13,2.443359375
guenther2022relational,286,14,3.16064453125
guenther2022relational,286,15,3.421875
guenther2022relational,286,16,3.5078125
guenther2022relational,286,17,2.58251953125
guenther2022relational,286,18,2.7685546875
guenther2022relational,286,19,3.419921875
guenther2022relational,286,20,2.89208984375
guenther2022relational,286,21,1.023193359375
guenther2022relational,286,22,3.328125
guenther2022relational,286,23,3.07421875
guenther2022relational,286,24,3.1953125
guenther2022relational,286,25,2.36328125
guenther2022relational,286,26,3.357421875
guenther2022relational,286,27,2.7255859375
guenther2022relational,286,28,2.29296875
guenther2022relational,286,29,2.037109375
guenther2022relational,286,30,2.91796875
guenther2022relational,286,31,3.2666015625
guenther2022relational,286,32,2.4921875
guenther2022relational,286,33,4.0
guenther2022relational,286,34,2.583984375
guenther2022relational,286,35,2.802734375
guenther2022relational,286,36,3.802734375
guenther2022relational,286,37,2.689453125
guenther2022relational,286,38,2.4814453125
guenther2022relational,286,39,2.79296875
guenther2022relational,286,40,3.96484375
guenther2022relational,286,41,3.7236328125
guenther2022relational,286,42,3.9140625
guenther2022relational,286,43,2.943359375
guenther2022relational,286,44,2.458984375
guenther2022relational,286,45,2.3916015625
guenther2022relational,286,46,2.87890625
guenther2022relational,286,47,2.4580078125
guenther2022relational,286,48,3.306640625
guenther2022relational,286,49,1.9189453125
guenther2022relational,286,50,4.828125
guenther2022relational,286,51,2.30859375
guenther2022relational,286,52,2.4765625
guenther2022relational,286,53,1.5673828125
guenther2022relational,286,54,1.16796875
guenther2022relational,287,0,5.046844482421875
guenther2022relational,287,1,3.90576171875
guenther2022relational,287,2,1.8984375
guenther2022relational,287,3,3.48046875
guenther2022relational,287,4,3.48046875
guenther2022relational,287,5,2.78515625
guenther2022relational,287,6,2.77734375
guenther2022relational,287,7,1.69921875
guenther2022relational,287,8,4.796875
guenther2022relational,287,9,2.9375
guenther2022relational,287,10,2.9853515625
guenther2022relational,287,11,2.216796875
guenther2022relational,287,12,2.390625
guenther2022relational,287,13,2.138671875
guenther2022relational,287,14,2.14453125
guenther2022relational,287,15,3.32421875
guenther2022relational,287,16,4.28515625
guenther2022relational,287,17,2.5283203125
guenther2022relational,287,18,2.24609375
guenther2022relational,287,19,3.294921875
guenther2022relational,287,20,3.810546875
guenther2022relational,287,21,3.2890625
guenther2022relational,287,22,2.3359375
guenther2022relational,287,23,4.7275390625
guenther2022relational,287,24,2.58203125
guenther2022relational,287,25,3.56640625
guenther2022relational,287,26,3.0966796875
guenther2022relational,287,27,2.578125
guenther2022relational,287,28,2.36328125
guenther2022relational,287,29,2.771484375
guenther2022relational,287,30,2.955078125
guenther2022relational,287,31,3.173828125
guenther2022relational,287,32,1.82421875
guenther2022relational,287,33,2.169921875
guenther2022relational,287,34,2.763671875
guenther2022relational,287,35,3.26953125
guenther2022relational,287,36,3.92578125
guenther2022relational,287,37,1.64453125
guenther2022relational,287,38,3.6171875
guenther2022relational,287,39,2.6328125
guenther2022relational,287,40,3.0703125
guenther2022relational,287,41,2.1328125
guenther2022relational,287,42,1.4638671875
guenther2022relational,287,43,3.30078125
guenther2022relational,287,44,2.59765625
guenther2022relational,287,45,4.6328125
guenther2022relational,287,46,3.134765625
guenther2022relational,287,47,3.6357421875
guenther2022relational,287,48,4.9921875
guenther2022relational,287,49,2.51171875
guenther2022relational,287,50,2.103515625
guenther2022relational,287,51,2.36328125
guenther2022relational,287,52,3.6640625
guenther2022relational,287,53,2.935546875
guenther2022relational,287,54,0.9501953125
guenther2022relational,288,0,2.44921875
guenther2022relational,288,1,5.64453125
guenther2022relational,288,2,1.92724609375
guenther2022relational,288,3,3.1845703125
guenther2022relational,288,4,3.158203125
guenther2022relational,288,5,0.8280029296875
guenther2022relational,288,6,4.498046875
guenther2022relational,288,7,2.984375
guenther2022relational,288,8,3.0234375
guenther2022relational,288,9,2.6171875
guenther2022relational,288,10,4.32421875
guenther2022relational,288,11,5.765625
guenther2022relational,288,12,3.45703125
guenther2022relational,288,13,2.6328125
guenther2022relational,288,14,2.265625
guenther2022relational,288,15,1.9462890625
guenther2022relational,288,16,2.4033203125
guenther2022relational,288,17,3.5439453125
guenther2022relational,288,18,3.98828125
guenther2022relational,288,19,2.4169921875
guenther2022relational,288,20,2.01025390625
guenther2022relational,288,21,3.1005859375
guenther2022relational,288,22,3.1162109375
guenther2022relational,288,23,5.71484375
guenther2022relational,288,24,2.4140625
guenther2022relational,288,25,4.654296875
guenther2022relational,288,26,4.0859375
guenther2022relational,288,27,3.3095703125
guenther2022relational,288,28,2.640625
guenther2022relational,288,29,1.94580078125
guenther2022relational,288,30,3.44921875
guenther2022relational,288,31,1.404296875
guenther2022relational,288,32,3.02734375
guenther2022relational,288,33,2.7607421875
guenther2022relational,288,34,2.9453125
guenther2022relational,288,35,1.814453125
guenther2022relational,288,36,2.455078125
guenther2022relational,288,37,4.150390625
guenther2022relational,288,38,4.2099609375
guenther2022relational,288,39,3.0341796875
guenther2022relational,288,40,2.87109375
guenther2022relational,288,41,2.193359375
guenther2022relational,288,42,1.8310546875
guenther2022relational,288,43,1.978515625
guenther2022relational,288,44,2.8515625
guenther2022relational,288,45,2.25
guenther2022relational,288,46,2.76953125
guenther2022relational,288,47,1.306640625
guenther2022relational,288,48,2.08984375
guenther2022relational,288,49,2.04296875
guenther2022relational,288,50,3.30859375
guenther2022relational,288,51,2.3515625
guenther2022relational,288,52,3.0078125
guenther2022relational,288,53,1.193359375
guenther2022relational,288,54,3.39453125
guenther2022relational,289,0,2.203125
guenther2022relational,289,1,2.88671875
guenther2022relational,289,2,4.6337890625
guenther2022relational,289,3,5.091796875
guenther2022relational,289,4,0.784423828125
guenther2022relational,289,5,2.2158203125
guenther2022relational,289,6,1.8759765625
guenther2022relational,289,7,4.470703125
guenther2022relational,289,8,2.58642578125
guenther2022relational,289,9,3.853515625
guenther2022relational,289,10,4.5107421875
guenther2022relational,289,11,2.8017578125
guenther2022relational,289,12,2.413330078125
guenther2022relational,289,13,2.80712890625
guenther2022relational,289,14,1.72119140625
guenther2022relational,289,15,4.5830078125
guenther2022relational,289,16,2.98876953125
guenther2022relational,289,17,2.71484375
guenther2022relational,289,18,3.986328125
guenther2022relational,289,19,2.822265625
guenther2022relational,289,20,4.8125
guenther2022relational,289,21,3.3681640625
guenther2022relational,289,22,3.7841796875
guenther2022relational,289,23,2.919921875
guenther2022relational,289,24,2.7841796875
guenther2022relational,289,25,5.484375
guenther2022relational,289,26,3.744140625
guenther2022relational,289,27,1.6689453125
guenther2022relational,289,28,2.7607421875
guenther2022relational,289,29,3.234375
guenther2022relational,289,30,2.6669921875
guenther2022relational,289,31,2.90234375
guenther2022relational,289,32,2.3984375
guenther2022relational,289,33,2.705078125
guenther2022relational,289,34,4.4853515625
guenther2022relational,289,35,1.1220703125
guenther2022relational,289,36,3.41455078125
guenther2022relational,289,37,1.5205078125
guenther2022relational,289,38,1.677734375
guenther2022relational,289,39,2.9189453125
guenther2022relational,289,40,1.2783203125
guenther2022relational,289,41,3.14892578125
guenther2022relational,289,42,1.6201171875
guenther2022relational,289,43,1.8125
guenther2022relational,289,44,3.24462890625
guenther2022relational,289,45,1.61572265625
guenther2022relational,289,46,4.84912109375
guenther2022relational,289,47,5.6943359375
guenther2022relational,289,48,1.47314453125
guenther2022relational,289,49,1.4580078125
guenther2022relational,289,50,2.757080078125
guenther2022relational,289,51,2.60009765625
guenther2022relational,289,52,2.765625
guenther2022relational,289,53,3.0927734375
guenther2022relational,289,54,2.26513671875
guenther2022relational,290,0,3.2421875
guenther2022relational,290,1,3.75390625
guenther2022relational,290,2,2.6533203125
guenther2022relational,290,3,4.6669921875
guenther2022relational,290,4,3.8544921875
guenther2022relational,290,5,0.8201904296875
guenther2022relational,290,6,2.900390625
guenther2022relational,290,7,2.4150390625
guenther2022relational,290,8,2.2529296875
guenther2022relational,290,9,2.2919921875
guenther2022relational,290,10,2.3203125
guenther2022relational,290,11,2.6044921875
guenther2022relational,290,12,1.7392578125
guenther2022relational,290,13,4.4033203125
guenther2022relational,290,14,4.48046875
guenther2022relational,290,15,2.615234375
guenther2022relational,290,16,2.80859375
guenther2022relational,290,17,3.03955078125
guenther2022relational,290,18,2.2421875
guenther2022relational,290,19,1.650390625
guenther2022relational,290,20,3.8994140625
guenther2022relational,290,21,1.4287109375
guenther2022relational,290,22,3.77734375
guenther2022relational,290,23,5.19140625
guenther2022relational,290,24,1.5234375
guenther2022relational,290,25,3.5087890625
guenther2022relational,290,26,3.623046875
guenther2022relational,290,27,1.5791015625
guenther2022relational,290,28,2.21484375
guenther2022relational,290,29,3.4599609375
guenther2022relational,290,30,2.4658203125
guenther2022relational,290,31,2.0615234375
guenther2022relational,290,32,3.23046875
guenther2022relational,290,33,2.998046875
guenther2022relational,290,34,3.741943359375
guenther2022relational,290,35,2.413818359375
guenther2022relational,290,36,2.59375
guenther2022relational,290,37,3.09814453125
guenther2022relational,290,38,5.984375
guenther2022relational,290,39,2.3359375
guenther2022relational,290,40,2.0947265625
guenther2022relational,290,41,2.22265625
guenther2022relational,290,42,2.63671875
guenther2022relational,290,43,2.794921875
guenther2022relational,290,44,2.11767578125
guenther2022relational,290,45,2.3642578125
guenther2022relational,290,46,2.7587890625
guenther2022relational,290,47,2.6484375
guenther2022relational,290,48,3.5166015625
guenther2022relational,290,49,2.8193359375
guenther2022relational,290,50,2.26171875
guenther2022relational,290,51,3.55517578125
guenther2022relational,290,52,3.95263671875
guenther2022relational,290,53,1.4482421875
guenther2022relational,290,54,2.89501953125
guenther2022relational,291,0,3.351531982421875
guenther2022relational,291,1,3.2421875
guenther2022relational,291,2,4.951171875
guenther2022relational,291,3,2.615234375
guenther2022relational,291,4,1.436767578125
guenther2022relational,291,5,1.0166015625
guenther2022relational,291,6,2.439453125
guenther2022relational,291,7,3.8427734375
guenther2022relational,291,8,4.09912109375
guenther2022relational,291,9,3.22900390625
guenther2022relational,291,10,1.94775390625
guenther2022relational,291,11,1.80126953125
guenther2022relational,291,12,3.232421875
guenther2022relational,291,13,2.725830078125
guenther2022relational,291,14,2.350830078125
guenther2022relational,291,15,3.1943359375
guenther2022relational,291,16,2.78076171875
guenther2022relational,291,17,1.718017578125
guenther2022relational,291,18,3.991943359375
guenther2022relational,291,19,2.25634765625
guenther2022relational,291,20,3.74072265625
guenther2022relational,291,21,3.413818359375
guenther2022relational,291,22,1.7705078125
guenther2022relational,291,23,1.6708984375
guenther2022relational,291,24,4.2333984375
guenther2022relational,291,25,1.56201171875
guenther2022relational,291,26,1.398406982421875
guenther2022relational,291,27,1.69384765625
guenther2022relational,291,28,4.6083984375
guenther2022relational,291,29,3.58984375
guenther2022relational,291,30,2.820281982421875
guenther2022relational,291,31,2.663330078125
guenther2022relational,291,32,1.562255859375
guenther2022relational,291,33,1.187255859375
guenther2022relational,291,34,3.007080078125
guenther2022relational,291,35,1.58251953125
guenther2022relational,291,36,2.210693359375
guenther2022relational,291,37,2.9686279296875
guenther2022relational,291,38,3.648193359375
guenther2022relational,291,39,1.319580078125
guenther2022relational,291,40,3.9530029296875
guenther2022relational,291,41,1.4443359375
guenther2022relational,291,42,1.991943359375
guenther2022relational,291,43,3.773193359375
guenther2022relational,291,44,1.202392578125
guenther2022relational,291,45,1.351531982421875
guenther2022relational,291,46,2.726531982421875
guenther2022relational,291,47,1.468719482421875
guenther2022relational,291,48,1.1552734375
guenther2022relational,291,49,1.350830078125
guenther2022relational,291,50,3.195281982421875
guenther2022relational,291,51,1.2255859375
guenther2022relational,291,52,3.039031982421875
guenther2022relational,291,53,2.3905029296875
guenther2022relational,291,54,1.3544921875
guenther2022relational,292,0,2.953125
guenther2022relational,292,1,1.17333984375
guenther2022relational,292,2,4.99609375
guenther2022relational,292,3,2.6015625
guenther2022relational,292,4,1.78515625
guenther2022relational,292,5,3.794921875
guenther2022relational,292,6,2.4931640625
guenther2022relational,292,7,3.0107421875
guenther2022relational,292,8,2.8359375
guenther2022relational,292,9,2.8544921875
guenther2022relational,292,10,2.1298828125
guenther2022relational,292,11,2.2109375
guenther2022relational,292,12,2.810546875
guenther2022relational,292,13,2.663330078125
guenther2022relational,292,14,1.7138671875
guenther2022relational,292,15,1.50244140625
guenther2022relational,292,16,2.3505859375
guenther2022relational,292,17,0.7978515625
guenther2022relational,292,18,3.103515625
guenther2022relational,292,19,1.61767578125
guenther2022relational,292,20,2.13671875
guenther2022relational,292,21,2.939453125
guenther2022relational,292,22,1.5439453125
guenther2022relational,292,23,2.210693359375
guenther2022relational,292,24,1.3876953125
guenther2022relational,292,25,5.9833984375
guenther2022relational,292,26,2.67626953125
guenther2022relational,292,27,2.5
guenther2022relational,292,28,1.335693359375
guenther2022relational,292,29,1.8369140625
guenther2022relational,292,30,2.7021484375
guenther2022relational,292,31,3.99609375
guenther2022relational,292,32,1.603515625
guenther2022relational,292,33,3.091796875
guenther2022relational,292,34,3.578125
guenther2022relational,292,35,3.49267578125
guenther2022relational,292,36,1.5126953125
guenther2022relational,292,37,5.77392578125
guenther2022relational,292,38,3.1982421875
guenther2022relational,292,39,2.1650390625
guenther2022relational,292,40,3.52197265625
guenther2022relational,292,41,4.0400390625
guenther2022relational,292,42,3.4609375
guenther2022relational,292,43,4.083984375
guenther2022relational,292,44,2.12646484375
guenther2022relational,292,45,3.11376953125
guenther2022relational,292,46,4.5595703125
guenther2022relational,292,47,1.6796875
guenther2022relational,292,48,1.45263671875
guenther2022relational,292,49,1.77392578125
guenther2022relational,292,50,4.140625
guenther2022relational,292,51,3.45458984375
guenther2022relational,292,52,2.4287109375
guenther2022relational,292,53,1.92041015625
guenther2022relational,292,54,3.39697265625
guenther2022relational,293,0,3.773406982421875
guenther2022relational,293,1,4.09326171875
guenther2022relational,293,2,2.654296875
guenther2022relational,293,3,1.6181640625
guenther2022relational,293,4,0.8984375
guenther2022relational,293,5,4.194580078125
guenther2022relational,293,6,3.1796875
guenther2022relational,293,7,4.6630859375
guenther2022relational,293,8,3.5390625
guenther2022relational,293,9,2.951171875
guenther2022relational,293,10,3.92626953125
guenther2022relational,293,11,2.91796875
guenther2022relational,293,12,2.3515625
guenther2022relational,293,13,2.34765625
guenther2022relational,293,14,3.6484375
guenther2022relational,293,15,2.84765625
guenther2022relational,293,16,2.0341796875
guenther2022relational,293,17,2.1318359375
guenther2022relational,293,18,1.99609375
guenther2022relational,293,19,2.24609375
guenther2022relational,293,20,0.8876953125
guenther2022relational,293,21,2.6064453125
guenther2022relational,293,22,4.689453125
guenther2022relational,293,23,2.9208984375
guenther2022relational,293,24,3.00390625
guenther2022relational,293,25,2.4794921875
guenther2022relational,293,26,3.529296875
guenther2022relational,293,27,1.25
guenther2022relational,293,28,3.31640625
guenther2022relational,293,29,3.65234375
guenther2022relational,293,30,1.9033203125
guenther2022relational,293,31,2.056640625
guenther2022relational,293,32,3.8583984375
guenther2022relational,293,33,1.87158203125
guenther2022relational,293,34,2.92333984375
guenther2022relational,293,35,2.412109375
guenther2022relational,293,36,1.82275390625
guenther2022relational,293,37,3.16455078125
guenther2022relational,293,38,2.390625
guenther2022relational,293,39,2.234375
guenther2022relational,293,40,4.689453125
guenther2022relational,293,41,2.5126953125
guenther2022relational,293,42,4.19287109375
guenther2022relational,293,43,3.4462890625
guenther2022relational,293,44,2.94775390625
guenther2022relational,293,45,3.46826171875
guenther2022relational,293,46,1.931640625
guenther2022relational,293,47,2.248046875
guenther2022relational,293,48,2.34912109375
guenther2022relational,293,49,2.08837890625
guenther2022relational,293,50,1.7158203125
guenther2022relational,293,51,1.63671875
guenther2022relational,293,52,1.865234375
guenther2022relational,293,53,1.36181640625
guenther2022relational,293,54,3.14892578125
guenther2022relational,294,0,3.1015625
guenther2022relational,294,1,4.46484375
guenther2022relational,294,2,3.93212890625
guenther2022relational,294,3,2.46142578125
guenther2022relational,294,4,2.484375
guenther2022relational,294,5,3.62451171875
guenther2022relational,294,6,2.625
guenther2022relational,294,7,4.0625
guenther2022relational,294,8,2.642578125
guenther2022relational,294,9,3.55517578125
guenther2022relational,294,10,3.7470703125
guenther2022relational,294,11,4.171875
guenther2022relational,294,12,2.171875
guenther2022relational,294,13,3.5
guenther2022relational,294,14,2.8515625
guenther2022relational,294,15,2.107421875
guenther2022relational,294,16,2.953125
guenther2022relational,294,17,2.74609375
guenther2022relational,294,18,3.2734375
guenther2022relational,294,19,3.498046875
guenther2022relational,294,20,2.9375
guenther2022relational,294,21,2.27734375
guenther2022relational,294,22,1.830078125
guenther2022relational,294,23,2.26171875
guenther2022relational,294,24,5.31640625
guenther2022relational,294,25,1.8828125
guenther2022relational,294,26,2.037109375
guenther2022relational,294,27,1.63671875
guenther2022relational,294,28,2.90625
guenther2022relational,294,29,3.33984375
guenther2022relational,294,30,2.115234375
guenther2022relational,294,31,3.2890625
guenther2022relational,294,32,3.85546875
guenther2022relational,294,33,3.57421875
guenther2022relational,294,34,3.5703125
guenther2022relational,294,35,1.4453125
guenther2022relational,294,36,3.607421875
guenther2022relational,294,37,3.4921875
guenther2022relational,294,38,4.962890625
guenther2022relational,294,39,3.88671875
guenther2022relational,294,40,1.654296875
guenther2022relational,294,41,1.765625
guenther2022relational,294,42,2.734375
guenther2022relational,294,43,1.9375
guenther2022relational,294,44,1.87109375
guenther2022relational,294,45,1.857421875
guenther2022relational,294,46,4.681640625
guenther2022relational,294,47,2.42578125
guenther2022relational,294,48,1.701171875
guenther2022relational,294,49,1.0419921875
guenther2022relational,294,50,2.279296875
guenther2022relational,294,51,2.6953125
guenther2022relational,294,52,1.6572265625
guenther2022relational,294,53,3.46875
guenther2022relational,294,54,2.23828125
guenther2022relational,295,0,2.6796875
guenther2022relational,295,1,5.703125
guenther2022relational,295,2,4.005859375
guenther2022relational,295,3,1.9228515625
guenther2022relational,295,4,1.1328125
guenther2022relational,295,5,3.4072265625
guenther2022relational,295,6,2.205078125
guenther2022relational,295,7,3.7978515625
guenther2022relational,295,8,3.4609375
guenther2022relational,295,9,2.384765625
guenther2022relational,295,10,4.11328125
guenther2022relational,295,11,4.755859375
guenther2022relational,295,12,2.3076171875
guenther2022relational,295,13,3.359375
guenther2022relational,295,14,2.705078125
guenther2022relational,295,15,3.013671875
guenther2022relational,295,16,3.517333984375
guenther2022relational,295,17,2.56640625
guenther2022relational,295,18,2.84765625
guenther2022relational,295,19,1.97265625
guenther2022relational,295,20,2.09375
guenther2022relational,295,21,2.578125
guenther2022relational,295,22,2.134765625
guenther2022relational,295,23,3.03515625
guenther2022relational,295,24,2.63671875
guenther2022relational,295,25,1.8828125
guenther2022relational,295,26,1.5986328125
guenther2022relational,295,27,1.8515625
guenther2022relational,295,28,3.439453125
guenther2022relational,295,29,4.6650390625
guenther2022relational,295,30,2.2109375
guenther2022relational,295,31,5.2109375
guenther2022relational,295,32,3.15625
guenther2022relational,295,33,3.06640625
guenther2022relational,295,34,2.5791015625
guenther2022relational,295,35,3.30712890625
guenther2022relational,295,36,1.9912109375
guenther2022relational,295,37,1.814453125
guenther2022relational,295,38,1.998046875
guenther2022relational,295,39,2.470703125
guenther2022relational,295,40,3.89599609375
guenther2022relational,295,41,2.92626953125
guenther2022relational,295,42,2.4658203125
guenther2022relational,295,43,2.7041015625
guenther2022relational,295,44,3.3916015625
guenther2022relational,295,45,3.421875
guenther2022relational,295,46,2.2548828125
guenther2022relational,295,47,2.671875
guenther2022relational,295,48,3.6416015625
guenther2022relational,295,49,2.45703125
guenther2022relational,295,50,1.30224609375
guenther2022relational,295,51,1.9462890625
guenther2022relational,295,52,2.662109375
guenther2022relational,295,53,2.912109375
guenther2022relational,295,54,2.55517578125
guenther2022relational,296,0,5.453094482421875
guenther2022relational,296,1,3.39208984375
guenther2022relational,296,2,3.36767578125
guenther2022relational,296,3,2.4765625
guenther2022relational,296,4,2.20703125
guenther2022relational,296,5,2.3603515625
guenther2022relational,296,6,3.36328125
guenther2022relational,296,7,3.8134765625
guenther2022relational,296,8,3.453125
guenther2022relational,296,9,2.24609375
guenther2022relational,296,10,2.2666015625
guenther2022relational,296,11,3.2109375
guenther2022relational,296,12,2.251953125
guenther2022relational,296,13,1.98046875
guenther2022relational,296,14,2.4609375
guenther2022relational,296,15,3.50390625
guenther2022relational,296,16,2.8232421875
guenther2022relational,296,17,4.0166015625
guenther2022relational,296,18,2.154296875
guenther2022relational,296,19,2.6640625
guenther2022relational,296,20,2.541015625
guenther2022relational,296,21,1.34765625
guenther2022relational,296,22,5.01953125
guenther2022relational,296,23,2.05859375
guenther2022relational,296,24,3.998046875
guenther2022relational,296,25,2.693359375
guenther2022relational,296,26,2.296875
guenther2022relational,296,27,2.7841796875
guenther2022relational,296,28,2.234375
guenther2022relational,296,29,3.30078125
guenther2022relational,296,30,2.1572265625
guenther2022relational,296,31,1.65576171875
guenther2022relational,296,32,2.666015625
guenther2022relational,296,33,3.80859375
guenther2022relational,296,34,5.1640625
guenther2022relational,296,35,3.2880859375
guenther2022relational,296,36,2.634765625
guenther2022relational,296,37,2.40625
guenther2022relational,296,38,3.7607421875
guenther2022relational,296,39,2.376953125
guenther2022relational,296,40,3.705078125
guenther2022relational,296,41,3.3076171875
guenther2022relational,296,42,3.69140625
guenther2022relational,296,43,1.7734375
guenther2022relational,296,44,2.546875
guenther2022relational,296,45,4.41650390625
guenther2022relational,296,46,3.5400390625
guenther2022relational,296,47,2.9326171875
guenther2022relational,296,48,3.67578125
guenther2022relational,296,49,3.9765625
guenther2022relational,296,50,1.41015625
guenther2022relational,296,51,2.3447265625
guenther2022relational,296,52,1.76171875
guenther2022relational,296,53,1.70703125
guenther2022relational,296,54,5.33203125
guenther2022relational,297,0,5.3046875
guenther2022relational,297,1,3.39892578125
guenther2022relational,297,2,2.1904296875
guenther2022relational,297,3,1.26171875
guenther2022relational,297,4,3.9375
guenther2022relational,297,5,3.125
guenther2022relational,297,6,5.55517578125
guenther2022relational,297,7,2.046875
guenther2022relational,297,8,4.884765625
guenther2022relational,297,9,2.1376953125
guenther2022relational,297,10,4.998046875
guenther2022relational,297,11,2.7431640625
guenther2022relational,297,12,3.6982421875
guenther2022relational,297,13,3.30078125
guenther2022relational,297,14,5.181640625
guenther2022relational,297,15,2.93017578125
guenther2022relational,297,16,2.623046875
guenther2022relational,297,17,2.9833984375
guenther2022relational,297,18,1.6484375
guenther2022relational,297,19,3.0654296875
guenther2022relational,297,20,2.8193359375
guenther2022relational,297,21,3.3876953125
guenther2022relational,297,22,3.25537109375
guenther2022relational,297,23,3.3505859375
guenther2022relational,297,24,3.0576171875
guenther2022relational,297,25,2.70947265625
guenther2022relational,297,26,2.1064453125
guenther2022relational,297,27,2.09912109375
guenther2022relational,297,28,1.833984375
guenther2022relational,297,29,2.7685546875
guenther2022relational,297,30,2.42822265625
guenther2022relational,297,31,1.1873779296875
guenther2022relational,297,32,2.041015625
guenther2022relational,297,33,3.4443359375
guenther2022relational,297,34,2.80126953125
guenther2022relational,297,35,2.55078125
guenther2022relational,297,36,3.007080078125
guenther2022relational,297,37,2.859619140625
guenther2022relational,297,38,2.10546875
guenther2022relational,297,39,2.65576171875
guenther2022relational,297,40,2.1884765625
guenther2022relational,297,41,2.4189453125
guenther2022relational,297,42,2.64892578125
guenther2022relational,297,43,2.9345703125
guenther2022relational,297,44,2.66650390625
guenther2022relational,297,45,4.8046875
guenther2022relational,297,46,4.3720703125
guenther2022relational,297,47,4.99267578125
guenther2022relational,297,48,2.2587890625
guenther2022relational,297,49,2.2236328125
guenther2022relational,297,50,2.6318359375
guenther2022relational,297,51,2.6318359375
guenther2022relational,297,52,2.50537109375
guenther2022relational,297,53,2.08984375
guenther2022relational,297,54,2.73388671875
guenther2022relational,298,0,3.3203125
guenther2022relational,298,1,3.65234375
guenther2022relational,298,2,4.38525390625
guenther2022relational,298,3,2.1591796875
guenther2022relational,298,4,3.47265625
guenther2022relational,298,5,4.921875
guenther2022relational,298,6,3.5703125
guenther2022relational,298,7,3.30322265625
guenther2022relational,298,8,2.853515625
guenther2022relational,298,9,3.537109375
guenther2022relational,298,10,2.716796875
guenther2022relational,298,11,3.29296875
guenther2022relational,298,12,2.9970703125
guenther2022relational,298,13,3.255859375
guenther2022relational,298,14,2.7294921875
guenther2022relational,298,15,2.0546875
guenther2022relational,298,16,5.27392578125
guenther2022relational,298,17,3.6376953125
guenther2022relational,298,18,2.19921875
guenther2022relational,298,19,1.568359375
guenther2022relational,298,20,2.11328125
guenther2022relational,298,21,1.873046875
guenther2022relational,298,22,3.5244140625
guenther2022relational,298,23,3.66015625
guenther2022relational,298,24,2.55078125
guenther2022relational,298,25,2.83984375
guenther2022relational,298,26,1.5458984375
guenther2022relational,298,27,2.236328125
guenther2022relational,298,28,5.0537109375
guenther2022relational,298,29,3.8505859375
guenther2022relational,298,30,1.6171875
guenther2022relational,298,31,2.3408203125
guenther2022relational,298,32,3.3037109375
guenther2022relational,298,33,1.9697265625
guenther2022relational,298,34,2.0947265625
guenther2022relational,298,35,1.583984375
guenther2022relational,298,36,1.9306640625
guenther2022relational,298,37,3.470703125
guenther2022relational,298,38,2.595703125
guenther2022relational,298,39,1.61865234375
guenther2022relational,298,40,3.14892578125
guenther2022relational,298,41,1.5205078125
guenther2022relational,298,42,3.37890625
guenther2022relational,298,43,3.19140625
guenther2022relational,298,44,4.15625
guenther2022relational,298,45,5.4453125
guenther2022relational,298,46,3.4501953125
guenther2022relational,298,47,1.2958984375
guenther2022relational,298,48,3.6318359375
guenther2022relational,298,49,1.8486328125
guenther2022relational,298,50,1.8125
guenther2022relational,298,51,2.4423828125
guenther2022relational,298,52,3.90234375
guenther2022relational,298,53,2.41064453125
guenther2022relational,298,54,4.03076171875
guenther2022relational,299,0,5.201171875
guenther2022relational,299,1,5.28076171875
guenther2022relational,299,2,3.142578125
guenther2022relational,299,3,2.70703125
guenther2022relational,299,4,2.0859375
guenther2022relational,299,5,2.2919921875
guenther2022relational,299,6,2.162109375
guenther2022relational,299,7,0.87158203125
guenther2022relational,299,8,3.5068359375
guenther2022relational,299,9,2.701171875
guenther2022relational,299,10,1.66455078125
guenther2022relational,299,11,1.505859375
guenther2022relational,299,12,4.0107421875
guenther2022relational,299,13,2.36572265625
guenther2022relational,299,14,0.8525390625
guenther2022relational,299,15,3.9345703125
guenther2022relational,299,16,2.2451171875
guenther2022relational,299,17,1.65283203125
guenther2022relational,299,18,2.0966796875
guenther2022relational,299,19,2.2626953125
guenther2022relational,299,20,5.03125
guenther2022relational,299,21,3.1171875
guenther2022relational,299,22,5.732421875
guenther2022relational,299,23,1.966796875
guenther2022relational,299,24,1.4453125
guenther2022relational,299,25,1.3037109375
guenther2022relational,299,26,1.2763671875
guenther2022relational,299,27,2.4345703125
guenther2022relational,299,28,1.33203125
guenther2022relational,299,29,2.314453125
guenther2022relational,299,30,4.04638671875
guenther2022relational,299,31,1.2783203125
guenther2022relational,299,32,2.2080078125
guenther2022relational,299,33,1.361328125
guenther2022relational,299,34,7.4921875
guenther2022relational,299,35,3.5751953125
guenther2022relational,299,36,1.384765625
guenther2022relational,299,37,1.3642578125
guenther2022relational,299,38,1.26171875
guenther2022relational,299,39,1.2646484375
guenther2022relational,299,40,4.998046875
guenther2022relational,299,41,5.296875
guenther2022relational,299,42,1.77392578125
guenther2022relational,299,43,7.5712890625
guenther2022relational,299,44,3.304443359375
guenther2022relational,299,45,1.11181640625
guenther2022relational,299,46,3.53564453125
guenther2022relational,299,47,4.9775390625
guenther2022relational,299,48,3.06787109375
guenther2022relational,299,49,3.61328125
guenther2022relational,299,50,2.6845703125
guenther2022relational,299,51,3.023193359375
guenther2022relational,299,52,2.24609375
guenther2022relational,299,53,4.2919921875
guenther2022relational,299,54,1.4951171875
guenther2022relational,300,0,5.515625
guenther2022relational,300,1,1.5703125
guenther2022relational,300,2,1.017578125
guenther2022relational,300,3,5.29296875
guenther2022relational,300,4,2.796875
guenther2022relational,300,5,1.4453125
guenther2022relational,300,6,1.50390625
guenther2022relational,300,7,5.1728515625
guenther2022relational,300,8,4.2890625
guenther2022relational,300,9,5.81640625
guenther2022relational,300,10,3.509765625
guenther2022relational,300,11,1.94921875
guenther2022relational,300,12,3.58642578125
guenther2022relational,300,13,3.01953125
guenther2022relational,300,14,2.73046875
guenther2022relational,300,15,1.92919921875
guenther2022relational,300,16,2.27734375
guenther2022relational,300,17,3.53515625
guenther2022relational,300,18,4.11376953125
guenther2022relational,300,19,2.18359375
guenther2022relational,300,20,2.8232421875
guenther2022relational,300,21,1.7822265625
guenther2022relational,300,22,3.7255859375
guenther2022relational,300,23,2.3232421875
guenther2022relational,300,24,2.01171875
guenther2022relational,300,25,3.413818359375
guenther2022relational,300,26,3.6533203125
guenther2022relational,300,27,2.24267578125
guenther2022relational,300,28,1.92578125
guenther2022relational,300,29,1.80419921875
guenther2022relational,300,30,3.7158203125
guenther2022relational,300,31,4.68701171875
guenther2022relational,300,32,4.109375
guenther2022relational,300,33,5.599609375
guenther2022relational,300,34,1.74658203125
guenther2022relational,300,35,3.7001953125
guenther2022relational,300,36,2.32275390625
guenther2022relational,300,37,2.466796875
guenther2022relational,300,38,3.0400390625
guenther2022relational,300,39,2.30859375
guenther2022relational,300,40,4.8125
guenther2022relational,300,41,1.98046875
guenther2022relational,300,42,4.1083984375
guenther2022relational,300,43,3.1796875
guenther2022relational,300,44,2.349609375
guenther2022relational,300,45,3.9453125
guenther2022relational,300,46,2.92138671875
guenther2022relational,300,47,3.03076171875
guenther2022relational,300,48,1.92626953125
guenther2022relational,300,49,3.609375
guenther2022relational,300,50,1.90087890625
guenther2022relational,300,51,3.20849609375
guenther2022relational,300,52,2.1494140625
guenther2022relational,300,53,2.0009765625
guenther2022relational,300,54,3.158203125
guenther2022relational,301,0,4.671875
guenther2022relational,301,1,3.6953125
guenther2022relational,301,2,4.80078125
guenther2022relational,301,3,3.919921875
guenther2022relational,301,4,4.296875
guenther2022relational,301,5,1.8994140625
guenther2022relational,301,6,2.16796875
guenther2022relational,301,7,4.2607421875
guenther2022relational,301,8,2.08203125
guenther2022relational,301,9,4.01171875
guenther2022relational,301,10,2.142578125
guenther2022relational,301,11,4.080078125
guenther2022relational,301,12,2.056640625
guenther2022relational,301,13,1.90234375
guenther2022relational,301,14,3.419921875
guenther2022relational,301,15,4.4755859375
guenther2022relational,301,16,4.0205078125
guenther2022relational,301,17,2.5673828125
guenther2022relational,301,18,1.35546875
guenther2022relational,301,19,2.869140625
guenther2022relational,301,20,0.917236328125
guenther2022relational,301,21,2.2939453125
guenther2022relational,301,22,1.7861328125
guenther2022relational,301,23,3.4326171875
guenther2022relational,301,24,4.03515625
guenther2022relational,301,25,2.7919921875
guenther2022relational,301,26,2.3388671875
guenther2022relational,301,27,3.0283203125
guenther2022relational,301,28,1.67724609375
guenther2022relational,301,29,3.404296875
guenther2022relational,301,30,3.123046875
guenther2022relational,301,31,1.75537109375
guenther2022relational,301,32,2.01220703125
guenther2022relational,301,33,5.3251953125
guenther2022relational,301,34,3.11083984375
guenther2022relational,301,35,3.75
guenther2022relational,301,36,2.79296875
guenther2022relational,301,37,4.107421875
guenther2022relational,301,38,3.39501953125
guenther2022relational,301,39,3.7314453125
guenther2022relational,301,40,2.826171875
guenther2022relational,301,41,3.8828125
guenther2022relational,301,42,2.1259765625
guenther2022relational,301,43,3.3662109375
guenther2022relational,301,44,3.3564453125
guenther2022relational,301,45,2.5791015625
guenther2022relational,301,46,3.294921875
guenther2022relational,301,47,3.36376953125
guenther2022relational,301,48,2.75390625
guenther2022relational,301,49,3.5546875
guenther2022relational,301,50,3.291015625
guenther2022relational,301,51,2.94140625
guenther2022relational,301,52,2.42578125
guenther2022relational,301,53,1.8837890625
guenther2022relational,301,54,1.87548828125
guenther2022relational,302,0,4.8828125
guenther2022relational,302,1,4.800750732421875
guenther2022relational,302,2,1.5908203125
guenther2022relational,302,3,1.24267578125
guenther2022relational,302,4,2.05078125
guenther2022relational,302,5,3.0419921875
guenther2022relational,302,6,1.826171875
guenther2022relational,302,7,2.099609375
guenther2022relational,302,8,1.3583984375
guenther2022relational,302,9,3.41015625
guenther2022relational,302,10,1.77587890625
guenther2022relational,302,11,1.15869140625
guenther2022relational,302,12,1.4306640625
guenther2022relational,302,13,2.791015625
guenther2022relational,302,14,3.1953125
guenther2022relational,302,15,5.0703125
guenther2022relational,302,16,3.046875
guenther2022relational,302,17,3.08984375
guenther2022relational,302,18,1.0869140625
guenther2022relational,302,19,5.041015625
guenther2022relational,302,20,2.26953125
guenther2022relational,302,21,2.287109375
guenther2022relational,302,22,2.765625
guenther2022relational,302,23,2.6875
guenther2022relational,302,24,2.818359375
guenther2022relational,302,25,2.39453125
guenther2022relational,302,26,1.615234375
guenther2022relational,302,27,3.28515625
guenther2022relational,302,28,4.298828125
guenther2022relational,302,29,5.30078125
guenther2022relational,302,30,3.50390625
guenther2022relational,302,31,2.060546875
guenther2022relational,302,32,2.634765625
guenther2022relational,302,33,2.599609375
guenther2022relational,302,34,1.9462890625
guenther2022relational,302,35,3.810546875
guenther2022relational,302,36,4.3095703125
guenther2022relational,302,37,3.599609375
guenther2022relational,302,38,2.0322265625
guenther2022relational,302,39,3.2705078125
guenther2022relational,302,40,2.87890625
guenther2022relational,302,41,4.1103515625
guenther2022relational,302,42,2.71484375
guenther2022relational,302,43,2.21875
guenther2022relational,302,44,1.994140625
guenther2022relational,302,45,3.75390625
guenther2022relational,302,46,2.10546875
guenther2022relational,302,47,2.44775390625
guenther2022relational,302,48,3.849609375
guenther2022relational,302,49,3.2353515625
guenther2022relational,302,50,2.677734375
guenther2022relational,302,51,2.8359375
guenther2022relational,302,52,3.7216796875
guenther2022relational,302,53,4.337890625
guenther2022relational,302,54,1.15234375
guenther2022relational,303,0,4.84375
guenther2022relational,303,1,3.73828125
guenther2022relational,303,2,4.109375
guenther2022relational,303,3,2.453125
guenther2022relational,303,4,5.038330078125
guenther2022relational,303,5,3.171875
guenther2022relational,303,6,2.65234375
guenther2022relational,303,7,1.65380859375
guenther2022relational,303,8,4.58984375
guenther2022relational,303,9,2.50830078125
guenther2022relational,303,10,4.99951171875
guenther2022relational,303,11,2.658203125
guenther2022relational,303,12,1.9296875
guenther2022relational,303,13,2.25
guenther2022relational,303,14,3.69775390625
guenther2022relational,303,15,1.6279296875
guenther2022relational,303,16,1.6259765625
guenther2022relational,303,17,1.57421875
guenther2022relational,303,18,1.9384765625
guenther2022relational,303,19,1.5048828125
guenther2022relational,303,20,1.22412109375
guenther2022relational,303,21,3.24072265625
guenther2022relational,303,22,3.36767578125
guenther2022relational,303,23,3.27734375
guenther2022relational,303,24,1.8564453125
guenther2022relational,303,25,3.1181640625
guenther2022relational,303,26,3.1083984375
guenther2022relational,303,27,4.498046875
guenther2022relational,303,28,1.3212890625
guenther2022relational,303,29,2.2783203125
guenther2022relational,303,30,3.0224609375
guenther2022relational,303,31,1.46044921875
guenther2022relational,303,32,1.6376953125
guenther2022relational,303,33,2.601318359375
guenther2022relational,303,34,1.335205078125
guenther2022relational,303,35,2.77099609375
guenther2022relational,303,36,0.8787841796875
guenther2022relational,303,37,2.70849609375
guenther2022relational,303,38,2.6220703125
guenther2022relational,303,39,1.29296875
guenther2022relational,303,40,2.788818359375
guenther2022relational,303,41,3.11376953125
guenther2022relational,303,42,1.25830078125
guenther2022relational,303,43,1.382080078125
guenther2022relational,303,44,1.2177734375
guenther2022relational,303,45,1.1455078125
guenther2022relational,303,46,1.48291015625
guenther2022relational,303,47,2.72900390625
guenther2022relational,303,48,0.909423828125
guenther2022relational,303,49,0.94384765625
guenther2022relational,303,50,6.265625
guenther2022relational,303,51,2.3125
guenther2022relational,303,52,1.0751953125
guenther2022relational,303,53,3.18359375
guenther2022relational,303,54,2.4833984375
guenther2022relational,304,0,5.039031982421875
guenther2022relational,304,1,0.81591796875
guenther2022relational,304,2,4.15625
guenther2022relational,304,3,4.09375
guenther2022relational,304,4,3.77734375
guenther2022relational,304,5,2.474609375
guenther2022relational,304,6,2.4482421875
guenther2022relational,304,7,1.9375
guenther2022relational,304,8,0.605224609375
guenther2022relational,304,9,1.3916015625
guenther2022relational,304,10,1.725830078125
guenther2022relational,304,11,1.975830078125
guenther2022relational,304,12,3.9189453125
guenther2022relational,304,13,3.580078125
guenther2022relational,304,14,1.58642578125
guenther2022relational,304,15,1.90771484375
guenther2022relational,304,16,5.3095703125
guenther2022relational,304,17,1.62109375
guenther2022relational,304,18,3.9521484375
guenther2022relational,304,19,3.1962890625
guenther2022relational,304,20,2.79150390625
guenther2022relational,304,21,1.382080078125
guenther2022relational,304,22,3.975830078125
guenther2022relational,304,23,1.4775390625
guenther2022relational,304,24,3.491943359375
guenther2022relational,304,25,4.22412109375
guenther2022relational,304,26,2.413818359375
guenther2022relational,304,27,2.179443359375
guenther2022relational,304,28,4.0595703125
guenther2022relational,304,29,3.2392578125
guenther2022relational,304,30,1.31103515625
guenther2022relational,304,31,2.7342529296875
guenther2022relational,304,32,3.7802734375
guenther2022relational,304,33,3.08251953125
guenther2022relational,304,34,4.685546875
guenther2022relational,304,35,3.38671875
guenther2022relational,304,36,3.14599609375
guenther2022relational,304,37,5.0966796875
guenther2022relational,304,38,4.31201171875
guenther2022relational,304,39,1.7646484375
guenther2022relational,304,40,1.75439453125
guenther2022relational,304,41,3.257080078125
guenther2022relational,304,42,1.44140625
guenther2022relational,304,43,3.85009765625
guenther2022relational,304,44,2.7021484375
guenther2022relational,304,45,1.7001953125
guenther2022relational,304,46,0.9912109375
guenther2022relational,304,47,1.23291015625
guenther2022relational,304,48,1.341796875
guenther2022relational,304,49,2.6064453125
guenther2022relational,304,50,1.7030029296875
guenther2022relational,304,51,2.679443359375
guenther2022relational,304,52,1.56298828125
guenther2022relational,304,53,4.265625
guenther2022relational,304,54,2.74609375
guenther2022relational,305,0,5.2109375
guenther2022relational,305,1,2.5107421875
guenther2022relational,305,2,3.326171875
guenther2022relational,305,3,3.74267578125
guenther2022relational,305,4,3.359375
guenther2022relational,305,5,2.2353515625
guenther2022relational,305,6,1.4345703125
guenther2022relational,305,7,1.2421875
guenther2022relational,305,8,4.390625
guenther2022relational,305,9,2.9609375
guenther2022relational,305,10,4.24609375
guenther2022relational,305,11,3.1669921875
guenther2022relational,305,12,2.4453125
guenther2022relational,305,13,3.37109375
guenther2022relational,305,14,0.9150390625
guenther2022relational,305,15,3.265625
guenther2022relational,305,16,1.859375
guenther2022relational,305,17,2.30859375
guenther2022relational,305,18,3.2265625
guenther2022relational,305,19,1.837890625
guenther2022relational,305,20,1.943359375
guenther2022relational,305,21,3.8359375
guenther2022relational,305,22,3.8837890625
guenther2022relational,305,23,2.00390625
guenther2022relational,305,24,3.150390625
guenther2022relational,305,25,3.4140625
guenther2022relational,305,26,6.431640625
guenther2022relational,305,27,1.3984375
guenther2022relational,305,28,2.0859375
guenther2022relational,305,29,2.3828125
guenther2022relational,305,30,3.9853515625
guenther2022relational,305,31,1.74609375
guenther2022relational,305,32,3.822265625
guenther2022relational,305,33,1.3828125
guenther2022relational,305,34,1.32421875
guenther2022relational,305,35,1.2666015625
guenther2022relational,305,36,4.59912109375
guenther2022relational,305,37,3.5390625
guenther2022relational,305,38,2.77392578125
guenther2022relational,305,39,4.765625
guenther2022relational,305,40,2.390625
guenther2022relational,305,41,4.19140625
guenther2022relational,305,42,3.375
guenther2022relational,305,43,1.486328125
guenther2022relational,305,44,3.19140625
guenther2022relational,305,45,4.689453125
guenther2022relational,305,46,1.0361328125
guenther2022relational,305,47,1.7548828125
guenther2022relational,305,48,2.7568359375
guenther2022relational,305,49,1.33984375
guenther2022relational,305,50,3.83984375
guenther2022relational,305,51,1.291015625
guenther2022relational,305,52,2.27734375
guenther2022relational,305,53,4.8251953125
guenther2022relational,305,54,1.248046875
guenther2022relational,306,0,4.624969482421875
guenther2022relational,306,1,3.05859375
guenther2022relational,306,2,1.28515625
guenther2022relational,306,3,2.5703125
guenther2022relational,306,4,3.80859375
guenther2022relational,306,5,4.06640625
guenther2022relational,306,6,0.705078125
guenther2022relational,306,7,3.62890625
guenther2022relational,306,8,1.26953125
guenther2022relational,306,9,1.98193359375
guenther2022relational,306,10,2.591796875
guenther2022relational,306,11,5.4404296875
guenther2022relational,306,12,2.4658203125
guenther2022relational,306,13,1.09228515625
guenther2022relational,306,14,3.51171875
guenther2022relational,306,15,2.03515625
guenther2022relational,306,16,2.5078125
guenther2022relational,306,17,2.05712890625
guenther2022relational,306,18,1.9521484375
guenther2022relational,306,19,2.2705078125
guenther2022relational,306,20,1.2705078125
guenther2022relational,306,21,2.7470703125
guenther2022relational,306,22,4.0419921875
guenther2022relational,306,23,1.978515625
guenther2022relational,306,24,1.7119140625
guenther2022relational,306,25,4.6103515625
guenther2022relational,306,26,3.55078125
guenther2022relational,306,27,2.4560546875
guenther2022relational,306,28,2.68017578125
guenther2022relational,306,29,2.95751953125
guenther2022relational,306,30,6.513671875
guenther2022relational,306,31,2.625
guenther2022relational,306,32,5.130859375
guenther2022relational,306,33,2.7783203125
guenther2022relational,306,34,4.76025390625
guenther2022relational,306,35,3.3193359375
guenther2022relational,306,36,2.6025390625
guenther2022relational,306,37,3.3876953125
guenther2022relational,306,38,2.1455078125
guenther2022relational,306,39,3.19580078125
guenther2022relational,306,40,2.6513671875
guenther2022relational,306,41,2.916015625
guenther2022relational,306,42,3.9892578125
guenther2022relational,306,43,4.0693359375
guenther2022relational,306,44,1.6298828125
guenther2022relational,306,45,2.5478515625
guenther2022relational,306,46,3.2470703125
guenther2022relational,306,47,2.9599609375
guenther2022relational,306,48,1.2099609375
guenther2022relational,306,49,2.7578125
guenther2022relational,306,50,2.63134765625
guenther2022relational,306,51,4.5712890625
guenther2022relational,306,52,2.1474609375
guenther2022relational,306,53,2.810546875
guenther2022relational,306,54,2.1650390625
guenther2022relational,307,0,2.277313232421875
guenther2022relational,307,1,5.94921875
guenther2022relational,307,2,1.19775390625
guenther2022relational,307,3,2.4140625
guenther2022relational,307,4,2.7607421875
guenther2022relational,307,5,2.1630859375
guenther2022relational,307,6,3.81201171875
guenther2022relational,307,7,2.11083984375
guenther2022relational,307,8,5.64697265625
guenther2022relational,307,9,4.33984375
guenther2022relational,307,10,3.5146484375
guenther2022relational,307,11,2.6865234375
guenther2022relational,307,12,4.6405029296875
guenther2022relational,307,13,2.7342529296875
guenther2022relational,307,14,3.116943359375
guenther2022relational,307,15,3.6708984375
guenther2022relational,307,16,2.7705078125
guenther2022relational,307,17,2.310546875
guenther2022relational,307,18,3.90625
guenther2022relational,307,19,1.9658203125
guenther2022relational,307,20,5.572265625
guenther2022relational,307,21,2.58642578125
guenther2022relational,307,22,3.4150390625
guenther2022relational,307,23,1.5673828125
guenther2022relational,307,24,3.194580078125
guenther2022relational,307,25,4.5155029296875
guenther2022relational,307,26,5.765625
guenther2022relational,307,27,2.7041015625
guenther2022relational,307,28,4.95751953125
guenther2022relational,307,29,2.978515625
guenther2022relational,307,30,2.208984375
guenther2022relational,307,31,1.68115234375
guenther2022relational,307,32,1.89453125
guenther2022relational,307,33,3.2568359375
guenther2022relational,307,34,2.01806640625
guenther2022relational,307,35,1.685546875
guenther2022relational,307,36,2.2705078125
guenther2022relational,307,37,1.1298828125
guenther2022relational,307,38,1.2314453125
guenther2022relational,307,39,4.56640625
guenther2022relational,307,40,2.553955078125
guenther2022relational,307,41,3.123046875
guenther2022relational,307,42,3.08642578125
guenther2022relational,307,43,1.5947265625
guenther2022relational,307,44,1.099609375
guenther2022relational,307,45,2.53662109375
guenther2022relational,307,46,1.29150390625
guenther2022relational,307,47,2.4130859375
guenther2022relational,307,48,2.71826171875
guenther2022relational,307,49,2.5908203125
guenther2022relational,307,50,2.116943359375
guenther2022relational,307,51,3.257568359375
guenther2022relational,307,52,1.50634765625
guenther2022relational,307,53,4.100830078125
guenther2022relational,307,54,2.81787109375
guenther2022relational,308,0,3.515625
guenther2022relational,308,1,0.59326171875
guenther2022relational,308,2,1.51953125
guenther2022relational,308,3,3.2119140625
guenther2022relational,308,4,3.2021484375
guenther2022relational,308,5,2.49609375
guenther2022relational,308,6,1.6951904296875
guenther2022relational,308,7,1.1044921875
guenther2022relational,308,8,1.23046875
guenther2022relational,308,9,3.460205078125
guenther2022relational,308,10,0.970703125
guenther2022relational,308,11,1.034423828125
guenther2022relational,308,12,0.679443359375
guenther2022relational,308,13,4.49951171875
guenther2022relational,308,14,5.90625
guenther2022relational,308,15,4.6220703125
guenther2022relational,308,16,4.30517578125
guenther2022relational,308,17,1.3134765625
guenther2022relational,308,18,0.971923828125
guenther2022relational,308,19,1.06201171875
guenther2022relational,308,20,3.460693359375
guenther2022relational,308,21,2.45751953125
guenther2022relational,308,22,2.583984375
guenther2022relational,308,23,1.6103515625
guenther2022relational,308,24,4.5
guenther2022relational,308,25,1.2646484375
guenther2022relational,308,26,2.84326171875
guenther2022relational,308,27,3.52001953125
guenther2022relational,308,28,4.109375
guenther2022relational,308,29,2.0302734375
guenther2022relational,308,30,3.072265625
guenther2022relational,308,31,4.2342529296875
guenther2022relational,308,32,1.9521484375
guenther2022relational,308,33,2.50390625
guenther2022relational,308,34,5.751953125
guenther2022relational,308,35,2.1025390625
guenther2022relational,308,36,0.90234375
guenther2022relational,308,37,1.03564453125
guenther2022relational,308,38,2.60205078125
guenther2022relational,308,39,0.95361328125
guenther2022relational,308,40,4.4150390625
guenther2022relational,308,41,0.9873046875
guenther2022relational,308,42,2.71484375
guenther2022relational,308,43,1.1689453125
guenther2022relational,308,44,2.49267578125
guenther2022relational,308,45,0.72021484375
guenther2022relational,308,46,0.9990234375
guenther2022relational,308,47,3.29150390625
guenther2022relational,308,48,2.77197265625
guenther2022relational,308,49,0.8271484375
guenther2022relational,308,50,0.74755859375
guenther2022relational,308,51,3.43017578125
guenther2022relational,308,52,0.79150390625
guenther2022relational,308,53,2.33642578125
guenther2022relational,308,54,0.988037109375
guenther2022relational,309,0,4.65625
guenther2022relational,309,1,4.5439453125
guenther2022relational,309,2,2.953125
guenther2022relational,309,3,3.7431640625
guenther2022relational,309,4,3.453125
guenther2022relational,309,5,2.296875
guenther2022relational,309,6,4.26953125
guenther2022relational,309,7,3.9140625
guenther2022relational,309,8,1.4140625
guenther2022relational,309,9,2.607421875
guenther2022relational,309,10,4.5419921875
guenther2022relational,309,11,2.6953125
guenther2022relational,309,12,2.796875
guenther2022relational,309,13,2.8134765625
guenther2022relational,309,14,2.546875
guenther2022relational,309,15,2.302734375
guenther2022relational,309,16,3.39453125
guenther2022relational,309,17,4.3525390625
guenther2022relational,309,18,1.9541015625
guenther2022relational,309,19,3.5859375
guenther2022relational,309,20,2.4140625
guenther2022relational,309,21,3.52734375
guenther2022relational,309,22,2.349609375
guenther2022relational,309,23,2.8984375
guenther2022relational,309,24,2.7841796875
guenther2022relational,309,25,3.1796875
guenther2022relational,309,26,2.25
guenther2022relational,309,27,5.3046875
guenther2022relational,309,28,2.0439453125
guenther2022relational,309,29,3.734375
guenther2022relational,309,30,3.0888671875
guenther2022relational,309,31,3.21875
guenther2022relational,309,32,2.26953125
guenther2022relational,309,33,2.26171875
guenther2022relational,309,34,2.64453125
guenther2022relational,309,35,4.044921875
guenther2022relational,309,36,2.01171875
guenther2022relational,309,37,2.66796875
guenther2022relational,309,38,2.28125
guenther2022relational,309,39,5.1796875
guenther2022relational,309,40,4.55859375
guenther2022relational,309,41,1.6328125
guenther2022relational,309,42,2.85888671875
guenther2022relational,309,43,3.16455078125
guenther2022relational,309,44,2.64453125
guenther2022relational,309,45,2.009765625
guenther2022relational,309,46,1.828125
guenther2022relational,309,47,2.86328125
guenther2022relational,309,48,4.23828125
guenther2022relational,309,49,2.4482421875
guenther2022relational,309,50,1.921875
guenther2022relational,309,51,2.9169921875
guenther2022relational,309,52,3.3291015625
guenther2022relational,309,53,2.5908203125
guenther2022relational,309,54,2.328125
guenther2022relational,310,0,2.875
guenther2022relational,310,1,3.888671875
guenther2022relational,310,2,1.9228515625
guenther2022relational,310,3,3.5703125
guenther2022relational,310,4,3.48046875
guenther2022relational,310,5,3.8720703125
guenther2022relational,310,6,3.4892578125
guenther2022relational,310,7,2.796875
guenther2022relational,310,8,2.5712890625
guenther2022relational,310,9,2.91796875
guenther2022relational,310,10,2.57275390625
guenther2022relational,310,11,5.134765625
guenther2022relational,310,12,2.546875
guenther2022relational,310,13,3.24267578125
guenther2022relational,310,14,3.828125
guenther2022relational,310,15,2.421875
guenther2022relational,310,16,2.783203125
guenther2022relational,310,17,2.955078125
guenther2022relational,310,18,2.412109375
guenther2022relational,310,19,2.6962890625
guenther2022relational,310,20,4.5166015625
guenther2022relational,310,21,2.765625
guenther2022relational,310,22,3.458984375
guenther2022relational,310,23,4.201171875
guenther2022relational,310,24,2.1953125
guenther2022relational,310,25,1.84521484375
guenther2022relational,310,26,2.484375
guenther2022relational,310,27,1.1611328125
guenther2022relational,310,28,2.8671875
guenther2022relational,310,29,2.3212890625
guenther2022relational,310,30,2.83203125
guenther2022relational,310,31,2.8828125
guenther2022relational,310,32,2.8046875
guenther2022relational,310,33,2.1337890625
guenther2022relational,310,34,4.818359375
guenther2022relational,310,35,3.41015625
guenther2022relational,310,36,3.052734375
guenther2022relational,310,37,1.8671875
guenther2022relational,310,38,5.01171875
guenther2022relational,310,39,1.8955078125
guenther2022relational,310,40,2.8076171875
guenther2022relational,310,41,3.40234375
guenther2022relational,310,42,3.76171875
guenther2022relational,310,43,3.1328125
guenther2022relational,310,44,1.607421875
guenther2022relational,310,45,2.8330078125
guenther2022relational,310,46,2.6416015625
guenther2022relational,310,47,2.783203125
guenther2022relational,310,48,3.494140625
guenther2022relational,310,49,2.765625
guenther2022relational,310,50,2.17578125
guenther2022relational,310,51,3.603515625
guenther2022relational,310,52,1.91015625
guenther2022relational,310,53,3.06640625
guenther2022relational,310,54,3.2890625
guenther2022relational,311,0,5.109375
guenther2022relational,311,1,0.7928466796875
guenther2022relational,311,2,5.625
guenther2022relational,311,3,2.2265625
guenther2022relational,311,4,1.578125
guenther2022relational,311,5,2.02734375
guenther2022relational,311,6,2.072265625
guenther2022relational,311,7,1.98828125
guenther2022relational,311,8,5.005859375
guenther2022relational,311,9,1.490234375
guenther2022relational,311,10,0.943359375
guenther2022relational,311,11,2.71484375
guenther2022relational,311,12,2.015625
guenther2022relational,311,13,1.8359375
guenther2022relational,311,14,2.640625
guenther2022relational,311,15,1.240234375
guenther2022relational,311,16,1.8681640625
guenther2022relational,311,17,5.140625
guenther2022relational,311,18,2.26953125
guenther2022relational,311,19,1.884765625
guenther2022relational,311,20,4.3828125
guenther2022relational,311,21,1.708984375
guenther2022relational,311,22,2.8828125
guenther2022relational,311,23,5.6650390625
guenther2022relational,311,24,2.6015625
guenther2022relational,311,25,6.33203125
guenther2022relational,311,26,1.9765625
guenther2022relational,311,27,2.572265625
guenther2022relational,311,28,1.5146484375
guenther2022relational,311,29,2.7783203125
guenther2022relational,311,30,2.58837890625
guenther2022relational,311,31,4.7666015625
guenther2022relational,311,32,1.8564453125
guenther2022relational,311,33,2.9853515625
guenther2022relational,311,34,3.78125
guenther2022relational,311,35,1.5205078125
guenther2022relational,311,36,1.89453125
guenther2022relational,311,37,2.5751953125
guenther2022relational,311,38,1.359375
guenther2022relational,311,39,3.57275390625
guenther2022relational,311,40,3.609375
guenther2022relational,311,41,0.97265625
guenther2022relational,311,42,1.537109375
guenther2022relational,311,43,2.85546875
guenther2022relational,311,44,1.1923828125
guenther2022relational,311,45,3.3818359375
guenther2022relational,311,46,3.6064453125
guenther2022relational,311,47,1.13671875
guenther2022relational,311,48,2.3046875
guenther2022relational,311,49,1.671875
guenther2022relational,311,50,4.361328125
guenther2022relational,311,51,1.4580078125
guenther2022relational,311,52,1.3896484375
guenther2022relational,311,53,5.2275390625
guenther2022relational,311,54,1.444580078125
guenther2022relational,312,0,3.8515625
guenther2022relational,312,1,3.544921875
guenther2022relational,312,2,0.912109375
guenther2022relational,312,3,4.3203125
guenther2022relational,312,4,1.923828125
guenther2022relational,312,5,5.0703125
guenther2022relational,312,6,2.359375
guenther2022relational,312,7,4.783203125
guenther2022relational,312,8,3.2890625
guenther2022relational,312,9,3.2216796875
guenther2022relational,312,10,3.3125
guenther2022relational,312,11,3.5107421875
guenther2022relational,312,12,1.47265625
guenther2022relational,312,13,1.84765625
guenther2022relational,312,14,1.69921875
guenther2022relational,312,15,2.40576171875
guenther2022relational,312,16,2.373046875
guenther2022relational,312,17,2.02734375
guenther2022relational,312,18,1.767578125
guenther2022relational,312,19,2.6982421875
guenther2022relational,312,20,2.38671875
guenther2022relational,312,21,2.3525390625
guenther2022relational,312,22,3.724609375
guenther2022relational,312,23,2.10546875
guenther2022relational,312,24,3.919921875
guenther2022relational,312,25,2.568359375
guenther2022relational,312,26,2.041015625
guenther2022relational,312,27,2.14453125
guenther2022relational,312,28,2.28125
guenther2022relational,312,29,1.984375
guenther2022relational,312,30,2.138671875
guenther2022relational,312,31,3.572265625
guenther2022relational,312,32,3.67578125
guenther2022relational,312,33,3.951171875
guenther2022relational,312,34,1.58203125
guenther2022relational,312,35,3.16796875
guenther2022relational,312,36,3.1640625
guenther2022relational,312,37,2.5703125
guenther2022relational,312,38,1.34765625
guenther2022relational,312,39,4.443359375
guenther2022relational,312,40,1.85546875
guenther2022relational,312,41,3.41015625
guenther2022relational,312,42,0.998046875
guenther2022relational,312,43,2.302734375
guenther2022relational,312,44,1.3662109375
guenther2022relational,312,45,2.595703125
guenther2022relational,312,46,3.66796875
guenther2022relational,312,47,1.884765625
guenther2022relational,312,48,3.7109375
guenther2022relational,312,49,1.134765625
guenther2022relational,312,50,2.513671875
guenther2022relational,312,51,2.30078125
guenther2022relational,312,52,2.787109375
guenther2022relational,312,53,2.32421875
guenther2022relational,312,54,2.8544921875
guenther2022relational,313,0,4.0234375
guenther2022relational,313,1,3.08203125
guenther2022relational,313,2,2.8916015625
guenther2022relational,313,3,3.2822265625
guenther2022relational,313,4,6.109375
guenther2022relational,313,5,3.12890625
guenther2022relational,313,6,4.96875
guenther2022relational,313,7,2.98046875
guenther2022relational,313,8,1.90234375
guenther2022relational,313,9,1.6416015625
guenther2022relational,313,10,1.57421875
guenther2022relational,313,11,4.283203125
guenther2022relational,313,12,2.67578125
guenther2022relational,313,13,2.3046875
guenther2022relational,313,14,5.265625
guenther2022relational,313,15,2.75
guenther2022relational,313,16,4.142578125
guenther2022relational,313,17,2.58984375
guenther2022relational,313,18,1.31640625
guenther2022relational,313,19,1.7744140625
guenther2022relational,313,20,2.6337890625
guenther2022relational,313,21,2.04296875
guenther2022relational,313,22,2.4150390625
guenther2022relational,313,23,0.79931640625
guenther2022relational,313,24,2.8515625
guenther2022relational,313,25,1.65869140625
guenther2022relational,313,26,1.6259765625
guenther2022relational,313,27,1.15234375
guenther2022relational,313,28,3.65234375
guenther2022relational,313,29,2.5439453125
guenther2022relational,313,30,1.26220703125
guenther2022relational,313,31,1.18798828125
guenther2022relational,313,32,3.007080078125
guenther2022relational,313,33,6.06787109375
guenther2022relational,313,34,1.6240234375
guenther2022relational,313,35,2.9326171875
guenther2022relational,313,36,2.49609375
guenther2022relational,313,37,2.132080078125
guenther2022relational,313,38,4.085693359375
guenther2022relational,313,39,1.6552734375
guenther2022relational,313,40,3.54150390625
guenther2022relational,313,41,1.5302734375
guenther2022relational,313,42,3.1787109375
guenther2022relational,313,43,0.97265625
guenther2022relational,313,44,1.15478515625
guenther2022relational,313,45,1.47802734375
guenther2022relational,313,46,1.9833984375
guenther2022relational,313,47,1.296142578125
guenther2022relational,313,48,0.921142578125
guenther2022relational,313,49,3.50537109375
guenther2022relational,313,50,2.03076171875
guenther2022relational,313,51,1.04052734375
guenther2022relational,313,52,3.78076171875
guenther2022relational,313,53,4.27001953125
guenther2022relational,313,54,1.322265625
guenther2022relational,314,0,2.6171875
guenther2022relational,314,1,3.53515625
guenther2022relational,314,2,2.8125
guenther2022relational,314,3,3.43017578125
guenther2022relational,314,4,2.77197265625
guenther2022relational,314,5,3.0234375
guenther2022relational,314,6,3.57421875
guenther2022relational,314,7,4.007080078125
guenther2022relational,314,8,2.08984375
guenther2022relational,314,9,2.4482421875
guenther2022relational,314,10,3.22900390625
guenther2022relational,314,11,2.6181640625
guenther2022relational,314,12,3.27392578125
guenther2022relational,314,13,2.6767578125
guenther2022relational,314,14,1.76806640625
guenther2022relational,314,15,1.36669921875
guenther2022relational,314,16,2.505859375
guenther2022relational,314,17,2.7919921875
guenther2022relational,314,18,3.1142578125
guenther2022relational,314,19,2.86572265625
guenther2022relational,314,20,2.5322265625
guenther2022relational,314,21,1.69384765625
guenther2022relational,314,22,1.48974609375
guenther2022relational,314,23,2.7333984375
guenther2022relational,314,24,2.76025390625
guenther2022relational,314,25,1.8436279296875
guenther2022relational,314,26,2.65576171875
guenther2022relational,314,27,1.21630859375
guenther2022relational,314,28,1.4677734375
guenther2022relational,314,29,2.2177734375
guenther2022relational,314,30,3.3280029296875
guenther2022relational,314,31,1.992156982421875
guenther2022relational,314,32,3.61572265625
guenther2022relational,314,33,1.397705078125
guenther2022relational,314,34,2.2811279296875
guenther2022relational,314,35,1.194580078125
guenther2022relational,314,36,2.398406982421875
guenther2022relational,314,37,1.6396484375
guenther2022relational,314,38,2.179443359375
guenther2022relational,314,39,1.921630859375
guenther2022relational,314,40,1.81787109375
guenther2022relational,314,41,1.890380859375
guenther2022relational,314,42,1.69287109375
guenther2022relational,314,43,1.562255859375
guenther2022relational,314,44,4.289031982421875
guenther2022relational,314,45,2.225830078125
guenther2022relational,314,46,1.96044921875
guenther2022relational,314,47,1.585693359375
guenther2022relational,314,48,1.296630859375
guenther2022relational,314,49,2.12451171875
guenther2022relational,314,50,2.20947265625
guenther2022relational,314,51,2.0458984375
guenther2022relational,314,52,1.445281982421875
guenther2022relational,314,53,5.085693359375
guenther2022relational,314,54,2.351531982421875
guenther2022relational,315,0,6.085906982421875
guenther2022relational,315,1,1.767578125
guenther2022relational,315,2,2.9892578125
guenther2022relational,315,3,1.537109375
guenther2022relational,315,4,4.39453125
guenther2022relational,315,5,3.830078125
guenther2022relational,315,6,0.5662841796875
guenther2022relational,315,7,1.10888671875
guenther2022relational,315,8,2.69140625
guenther2022relational,315,9,4.5791015625
guenther2022relational,315,10,3.5751953125
guenther2022relational,315,11,3.0478515625
guenther2022relational,315,12,2.6083984375
guenther2022relational,315,13,2.14892578125
guenther2022relational,315,14,2.27734375
guenther2022relational,315,15,2.273193359375
guenther2022relational,315,16,2.0791015625
guenther2022relational,315,17,0.9501953125
guenther2022relational,315,18,4.421875
guenther2022relational,315,19,1.632080078125
guenther2022relational,315,20,3.03515625
guenther2022relational,315,21,1.35986328125
guenther2022relational,315,22,3.9189453125
guenther2022relational,315,23,1.9228515625
guenther2022relational,315,24,2.7626953125
guenther2022relational,315,25,3.13330078125
guenther2022relational,315,26,3.0693359375
guenther2022relational,315,27,3.6015625
guenther2022relational,315,28,2.0029296875
guenther2022relational,315,29,1.57275390625
guenther2022relational,315,30,1.2724609375
guenther2022relational,315,31,3.1787109375
guenther2022relational,315,32,4.62109375
guenther2022relational,315,33,3.12109375
guenther2022relational,315,34,1.5927734375
guenther2022relational,315,35,2.3291015625
guenther2022relational,315,36,1.186767578125
guenther2022relational,315,37,3.14892578125
guenther2022relational,315,38,2.119140625
guenther2022relational,315,39,3.52734375
guenther2022relational,315,40,1.8720703125
guenther2022relational,315,41,4.52197265625
guenther2022relational,315,42,1.11328125
guenther2022relational,315,43,3.05517578125
guenther2022relational,315,44,2.193359375
guenther2022relational,315,45,1.69775390625
guenther2022relational,315,46,1.71875
guenther2022relational,315,47,3.220703125
guenther2022relational,315,48,3.7392578125
guenther2022relational,315,49,2.4373779296875
guenther2022relational,315,50,2.78759765625
guenther2022relational,315,51,3.560546875
guenther2022relational,315,52,2.97412109375
guenther2022relational,315,53,1.5361328125
guenther2022relational,315,54,1.31103515625
guenther2022relational,316,0,2.394500732421875
guenther2022relational,316,1,4.513671875
guenther2022relational,316,2,1.90234375
guenther2022relational,316,3,2.7822265625
guenther2022relational,316,4,2.2421875
guenther2022relational,316,5,2.296875
guenther2022relational,316,6,1.74609375
guenther2022relational,316,7,1.173828125
guenther2022relational,316,8,0.9443359375
guenther2022relational,316,9,2.5439453125
guenther2022relational,316,10,1.52734375
guenther2022relational,316,11,6.02734375
guenther2022relational,316,12,1.47802734375
guenther2022relational,316,13,1.553955078125
guenther2022relational,316,14,5.30859375
guenther2022relational,316,15,3.591796875
guenther2022relational,316,16,2.9267578125
guenther2022relational,316,17,3.48046875
guenther2022relational,316,18,3.640625
guenther2022relational,316,19,2.7294921875
guenther2022relational,316,20,3.984375
guenther2022relational,316,21,3.453125
guenther2022relational,316,22,2.2919921875
guenther2022relational,316,23,3.029296875
guenther2022relational,316,24,2.86328125
guenther2022relational,316,25,1.57568359375
guenther2022relational,316,26,2.4580078125
guenther2022relational,316,27,3.6220703125
guenther2022relational,316,28,2.1787109375
guenther2022relational,316,29,2.80322265625
guenther2022relational,316,30,4.28515625
guenther2022relational,316,31,2.232421875
guenther2022relational,316,32,2.31640625
guenther2022relational,316,33,1.755859375
guenther2022relational,316,34,2.2880859375
guenther2022relational,316,35,1.736328125
guenther2022relational,316,36,1.841796875
guenther2022relational,316,37,2.20703125
guenther2022relational,316,38,2.404296875
guenther2022relational,316,39,1.6748046875
guenther2022relational,316,40,2.1005859375
guenther2022relational,316,41,1.265625
guenther2022relational,316,42,5.587890625
guenther2022relational,316,43,4.6220703125
guenther2022relational,316,44,1.7900390625
guenther2022relational,316,45,1.80078125
guenther2022relational,316,46,2.75390625
guenther2022relational,316,47,3.095703125
guenther2022relational,316,48,3.3515625
guenther2022relational,316,49,2.65625
guenther2022relational,316,50,3.236328125
guenther2022relational,316,51,3.0703125
guenther2022relational,316,52,1.8505859375
guenther2022relational,316,53,2.7919921875
guenther2022relational,316,54,1.12451171875
guenther2022relational,317,0,3.8515625
guenther2022relational,317,1,3.55859375
guenther2022relational,317,2,4.3955078125
guenther2022relational,317,3,2.98828125
guenther2022relational,317,4,4.7353515625
guenther2022relational,317,5,2.04736328125
guenther2022relational,317,6,2.27001953125
guenther2022relational,317,7,2.2548828125
guenther2022relational,317,8,3.109375
guenther2022relational,317,9,3.091796875
guenther2022relational,317,10,1.9775390625
guenther2022relational,317,11,1.296875
guenther2022relational,317,12,3.6640625
guenther2022relational,317,13,3.70703125
guenther2022relational,317,14,3.5009765625
guenther2022relational,317,15,2.5517578125
guenther2022relational,317,16,2.966796875
guenther2022relational,317,17,2.599609375
guenther2022relational,317,18,1.2890625
guenther2022relational,317,19,2.46484375
guenther2022relational,317,20,4.013671875
guenther2022relational,317,21,2.99609375
guenther2022relational,317,22,2.0439453125
guenther2022relational,317,23,3.744140625
guenther2022relational,317,24,4.7294921875
guenther2022relational,317,25,1.81787109375
guenther2022relational,317,26,2.58984375
guenther2022relational,317,27,4.224609375
guenther2022relational,317,28,3.1728515625
guenther2022relational,317,29,2.1123046875
guenther2022relational,317,30,3.4169921875
guenther2022relational,317,31,2.84375
guenther2022relational,317,32,2.873046875
guenther2022relational,317,33,2.26953125
guenther2022relational,317,34,2.875
guenther2022relational,317,35,2.52001953125
guenther2022relational,317,36,2.0732421875
guenther2022relational,317,37,4.8603515625
guenther2022relational,317,38,2.89453125
guenther2022relational,317,39,2.0185546875
guenther2022relational,317,40,5.140625
guenther2022relational,317,41,2.52734375
guenther2022relational,317,42,2.462890625
guenther2022relational,317,43,1.7587890625
guenther2022relational,317,44,2.9326171875
guenther2022relational,317,45,2.13037109375
guenther2022relational,317,46,2.19921875
guenther2022relational,317,47,2.88330078125
guenther2022relational,317,48,2.2880859375
guenther2022relational,317,49,3.0078125
guenther2022relational,317,50,1.95703125
guenther2022relational,317,51,1.21875
guenther2022relational,317,52,2.7841796875
guenther2022relational,317,53,2.1376953125
guenther2022relational,317,54,3.4140625
guenther2022relational,318,0,3.316375732421875
guenther2022relational,318,1,6.28076171875
guenther2022relational,318,2,2.0634765625
guenther2022relational,318,3,4.2158203125
guenther2022relational,318,4,3.36328125
guenther2022relational,318,5,3.359375
guenther2022relational,318,6,3.5458984375
guenther2022relational,318,7,1.716796875
guenther2022relational,318,8,4.23828125
guenther2022relational,318,9,3.8984375
guenther2022relational,318,10,2.279296875
guenther2022relational,318,11,2.986328125
guenther2022relational,318,12,4.412109375
guenther2022relational,318,13,2.1455078125
guenther2022relational,318,14,2.23046875
guenther2022relational,318,15,4.30078125
guenther2022relational,318,16,4.0068359375
guenther2022relational,318,17,4.25390625
guenther2022relational,318,18,1.8203125
guenther2022relational,318,19,2.05078125
guenther2022relational,318,20,3.5966796875
guenther2022relational,318,21,3.388671875
guenther2022relational,318,22,2.24609375
guenther2022relational,318,23,2.7900390625
guenther2022relational,318,24,4.0751953125
guenther2022relational,318,25,1.86376953125
guenther2022relational,318,26,3.2470703125
guenther2022relational,318,27,3.296875
guenther2022relational,318,28,3.1416015625
guenther2022relational,318,29,3.29296875
guenther2022relational,318,30,2.8720703125
guenther2022relational,318,31,2.74609375
guenther2022relational,318,32,2.975830078125
guenther2022relational,318,33,2.4140625
guenther2022relational,318,34,2.7255859375
guenther2022relational,318,35,3.71875
guenther2022relational,318,36,1.9921875
guenther2022relational,318,37,3.0390625
guenther2022relational,318,38,2.98828125
guenther2022relational,318,39,3.76953125
guenther2022relational,318,40,2.86474609375
guenther2022relational,318,41,3.04296875
guenther2022relational,318,42,3.33642578125
guenther2022relational,318,43,3.09375
guenther2022relational,318,44,3.5625
guenther2022relational,318,45,2.1328125
guenther2022relational,318,46,3.4482421875
guenther2022relational,318,47,1.98046875
guenther2022relational,318,48,3.513671875
guenther2022relational,318,49,2.029296875
guenther2022relational,318,50,3.28125
guenther2022relational,318,51,3.16015625
guenther2022relational,318,52,4.10546875
guenther2022relational,318,53,1.9609375
guenther2022relational,318,54,2.39453125
guenther2022relational,319,0,3.457000732421875
guenther2022relational,319,1,3.6474609375
guenther2022relational,319,2,2.4228515625
guenther2022relational,319,3,1.2822265625
guenther2022relational,319,4,4.08251953125
guenther2022relational,319,5,1.46630859375
guenther2022relational,319,6,4.220703125
guenther2022relational,319,7,1.2783203125
guenther2022relational,319,8,4.2342529296875
guenther2022relational,319,9,3.5615234375
guenther2022relational,319,10,2.7529296875
guenther2022relational,319,11,3.45849609375
guenther2022relational,319,12,2.41162109375
guenther2022relational,319,13,2.96826171875
guenther2022relational,319,14,1.544921875
guenther2022relational,319,15,1.241943359375
guenther2022relational,319,16,3.62451171875
guenther2022relational,319,17,4.7578125
guenther2022relational,319,18,3.1005859375
guenther2022relational,319,19,3.8251953125
guenther2022relational,319,20,2.87890625
guenther2022relational,319,21,2.359375
guenther2022relational,319,22,2.04443359375
guenther2022relational,319,23,1.0068359375
guenther2022relational,319,24,3.60546875
guenther2022relational,319,25,1.68359375
guenther2022relational,319,26,3.376953125
guenther2022relational,319,27,1.3251953125
guenther2022relational,319,28,4.2939453125
guenther2022relational,319,29,2.060546875
guenther2022relational,319,30,2.6591796875
guenther2022relational,319,31,4.234375
guenther2022relational,319,32,2.8486328125
guenther2022relational,319,33,2.91650390625
guenther2022relational,319,34,1.29638671875
guenther2022relational,319,35,2.6533203125
guenther2022relational,319,36,2.5732421875
guenther2022relational,319,37,2.7578125
guenther2022relational,319,38,3.091796875
guenther2022relational,319,39,3.70458984375
guenther2022relational,319,40,3.17578125
guenther2022relational,319,41,3.3505859375
guenther2022relational,319,42,1.59765625
guenther2022relational,319,43,1.16015625
guenther2022relational,319,44,3.80859375
guenther2022relational,319,45,3.02734375
guenther2022relational,319,46,3.005859375
guenther2022relational,319,47,4.19775390625
guenther2022relational,319,48,2.35400390625
guenther2022relational,319,49,3.66650390625
guenther2022relational,319,50,2.80859375
guenther2022relational,319,51,2.13330078125
guenther2022relational,319,52,2.130859375
guenther2022relational,319,53,1.4580078125
guenther2022relational,319,54,3.666015625
guenther2022relational,320,0,5.398406982421875
guenther2022relational,320,1,4.12109375
guenther2022relational,320,2,1.5517578125
guenther2022relational,320,3,4.0625
guenther2022relational,320,4,2.78515625
guenther2022relational,320,5,4.0546875
guenther2022relational,320,6,3.54296875
guenther2022relational,320,7,3.0859375
guenther2022relational,320,8,3.3505859375
guenther2022relational,320,9,2.02734375
guenther2022relational,320,10,2.0361328125
guenther2022relational,320,11,2.625
guenther2022relational,320,12,2.21484375
guenther2022relational,320,13,2.8125
guenther2022relational,320,14,2.5419921875
guenther2022relational,320,15,3.2890625
guenther2022relational,320,16,1.81640625
guenther2022relational,320,17,3.564453125
guenther2022relational,320,18,2.408203125
guenther2022relational,320,19,4.7890625
guenther2022relational,320,20,2.3720703125
guenther2022relational,320,21,4.40234375
guenther2022relational,320,22,2.3134765625
guenther2022relational,320,23,2.9609375
guenther2022relational,320,24,2.5732421875
guenther2022relational,320,25,1.603515625
guenther2022relational,320,26,4.326171875
guenther2022relational,320,27,2.107421875
guenther2022relational,320,28,4.36328125
guenther2022relational,320,29,2.17626953125
guenther2022relational,320,30,2.0322265625
guenther2022relational,320,31,4.826171875
guenther2022relational,320,32,2.83251953125
guenther2022relational,320,33,3.587890625
guenther2022relational,320,34,2.3408203125
guenther2022relational,320,35,4.9921875
guenther2022relational,320,36,2.1494140625
guenther2022relational,320,37,2.6640625
guenther2022relational,320,38,2.74609375
guenther2022relational,320,39,2.087890625
guenther2022relational,320,40,2.17578125
guenther2022relational,320,41,3.6875
guenther2022relational,320,42,1.7470703125
guenther2022relational,320,43,3.5595703125
guenther2022relational,320,44,1.5966796875
guenther2022relational,320,45,1.49658203125
guenther2022relational,320,46,1.9814453125
guenther2022relational,320,47,3.3828125
guenther2022relational,320,48,2.16015625
guenther2022relational,320,49,1.7763671875
guenther2022relational,320,50,4.576171875
guenther2022relational,320,51,2.37109375
guenther2022relational,320,52,3.3779296875
guenther2022relational,320,53,2.41015625
guenther2022relational,320,54,2.587890625
guenther2022relational,321,0,2.708953857421875
guenther2022relational,321,1,3.767578125
guenther2022relational,321,2,1.95703125
guenther2022relational,321,3,1.39697265625
guenther2022relational,321,4,1.1181640625
guenther2022relational,321,5,0.87939453125
guenther2022relational,321,6,4.466796875
guenther2022relational,321,7,3.435546875
guenther2022relational,321,8,3.953125
guenther2022relational,321,9,0.889892578125
guenther2022relational,321,10,3.3369140625
guenther2022relational,321,11,4.464599609375
guenther2022relational,321,12,1.5048828125
guenther2022relational,321,13,1.46484375
guenther2022relational,321,14,5.0751953125
guenther2022relational,321,15,2.49609375
guenther2022relational,321,16,4.6982421875
guenther2022relational,321,17,3.27392578125
guenther2022relational,321,18,1.4892578125
guenther2022relational,321,19,1.69140625
guenther2022relational,321,20,3.5693359375
guenther2022relational,321,21,2.12109375
guenther2022relational,321,22,2.78564453125
guenther2022relational,321,23,3.76171875
guenther2022relational,321,24,1.7626953125
guenther2022relational,321,25,4.5859375
guenther2022relational,321,26,2.26953125
guenther2022relational,321,27,4.994140625
guenther2022relational,321,28,2.7509765625
guenther2022relational,321,29,2.5107421875
guenther2022relational,321,30,1.68408203125
guenther2022relational,321,31,5.453125
guenther2022relational,321,32,2.4580078125
guenther2022relational,321,33,2.0390625
guenther2022relational,321,34,2.19140625
guenther2022relational,321,35,2.0283203125
guenther2022relational,321,36,5.6416015625
guenther2022relational,321,37,4.9765625
guenther2022relational,321,38,1.83984375
guenther2022relational,321,39,1.7744140625
guenther2022relational,321,40,3.8642578125
guenther2022relational,321,41,3.1015625
guenther2022relational,321,42,1.76953125
guenther2022relational,321,43,3.8759765625
guenther2022relational,321,44,3.35400390625
guenther2022relational,321,45,3.57275390625
guenther2022relational,321,46,1.544921875
guenther2022relational,321,47,2.669921875
guenther2022relational,321,48,2.3662109375
guenther2022relational,321,49,2.2734375
guenther2022relational,321,50,1.30859375
guenther2022relational,321,51,2.93359375
guenther2022relational,321,52,2.734375
guenther2022relational,321,53,3.919921875
guenther2022relational,321,54,6.765625
guenther2022relational,322,0,2.43359375
guenther2022relational,322,1,3.759765625
guenther2022relational,322,2,5.0625
guenther2022relational,322,3,2.96484375
guenther2022relational,322,4,1.9697265625
guenther2022relational,322,5,2.2255859375
guenther2022relational,322,6,2.24609375
guenther2022relational,322,7,2.724609375
guenther2022relational,322,8,2.28662109375
guenther2022relational,322,9,2.030517578125
guenther2022relational,322,10,4.3359375
guenther2022relational,322,11,4.513671875
guenther2022relational,322,12,2.7333984375
guenther2022relational,322,13,5.0517578125
guenther2022relational,322,14,5.46875
guenther2022relational,322,15,1.82861328125
guenther2022relational,322,16,2.9267578125
guenther2022relational,322,17,4.37890625
guenther2022relational,322,18,2.8759765625
guenther2022relational,322,19,3.46484375
guenther2022relational,322,20,3.2705078125
guenther2022relational,322,21,3.669921875
guenther2022relational,322,22,2.458984375
guenther2022relational,322,23,2.93359375
guenther2022relational,322,24,1.3828125
guenther2022relational,322,25,2.08203125
guenther2022relational,322,26,1.57080078125
guenther2022relational,322,27,1.85888671875
guenther2022relational,322,28,2.8291015625
guenther2022relational,322,29,2.9833984375
guenther2022relational,322,30,1.5517578125
guenther2022relational,322,31,1.49267578125
guenther2022relational,322,32,3.7783203125
guenther2022relational,322,33,1.28857421875
guenther2022relational,322,34,4.234375
guenther2022relational,322,35,1.4150390625
guenther2022relational,322,36,1.7568359375
guenther2022relational,322,37,2.65625
guenther2022relational,322,38,2.658203125
guenther2022relational,322,39,5.0751953125
guenther2022relational,322,40,4.1220703125
guenther2022relational,322,41,2.74267578125
guenther2022relational,322,42,3.0205078125
guenther2022relational,322,43,3.33984375
guenther2022relational,322,44,2.478515625
guenther2022relational,322,45,2.2822265625
guenther2022relational,322,46,1.74267578125
guenther2022relational,322,47,4.09765625
guenther2022relational,322,48,2.814453125
guenther2022relational,322,49,1.765625
guenther2022relational,322,50,5.00537109375
guenther2022relational,322,51,1.3916015625
guenther2022relational,322,52,3.46826171875
guenther2022relational,322,53,1.90771484375
guenther2022relational,322,54,1.3173828125
guenther2022relational,323,0,4.476531982421875
guenther2022relational,323,1,2.353515625
guenther2022relational,323,2,0.95068359375
guenther2022relational,323,3,1.71484375
guenther2022relational,323,4,1.86767578125
guenther2022relational,323,5,2.8994140625
guenther2022relational,323,6,1.647705078125
guenther2022relational,323,7,1.25146484375
guenther2022relational,323,8,1.7587890625
guenther2022relational,323,9,3.4013671875
guenther2022relational,323,10,2.7265625
guenther2022relational,323,11,2.4697265625
guenther2022relational,323,12,2.58203125
guenther2022relational,323,13,5.508544921875
guenther2022relational,323,14,1.3798828125
guenther2022relational,323,15,1.7822265625
guenther2022relational,323,16,2.982421875
guenther2022relational,323,17,4.5859375
guenther2022relational,323,18,1.916015625
guenther2022relational,323,19,1.4658203125
guenther2022relational,323,20,1.5830078125
guenther2022relational,323,21,2.8798828125
guenther2022relational,323,22,2.1875
guenther2022relational,323,23,2.3505859375
guenther2022relational,323,24,2.02197265625
guenther2022relational,323,25,3.58251953125
guenther2022relational,323,26,2.9970703125
guenther2022relational,323,27,1.44140625
guenther2022relational,323,28,3.484375
guenther2022relational,323,29,2.505859375
guenther2022relational,323,30,1.677734375
guenther2022relational,323,31,3.4462890625
guenther2022relational,323,32,3.6962890625
guenther2022relational,323,33,2.27197265625
guenther2022relational,323,34,2.8759765625
guenther2022relational,323,35,3.33984375
guenther2022relational,323,36,3.06640625
guenther2022relational,323,37,1.2919921875
guenther2022relational,323,38,4.58251953125
guenther2022relational,323,39,1.5341796875
guenther2022relational,323,40,3.984375
guenther2022relational,323,41,1.56884765625
guenther2022relational,323,42,3.755859375
guenther2022relational,323,43,1.4697265625
guenther2022relational,323,44,1.818359375
guenther2022relational,323,45,4.734375
guenther2022relational,323,46,1.7861328125
guenther2022relational,323,47,1.619140625
guenther2022relational,323,48,1.913330078125
guenther2022relational,323,49,1.873046875
guenther2022relational,323,50,1.26318359375
guenther2022relational,323,51,3.71484375
guenther2022relational,323,52,2.5068359375
guenther2022relational,323,53,1.14453125
guenther2022relational,323,54,1.14892578125
guenther2022relational,324,0,5.0234375
guenther2022relational,324,1,4.140625
guenther2022relational,324,2,2.427734375
guenther2022relational,324,3,3.5751953125
guenther2022relational,324,4,2.0673828125
guenther2022relational,324,5,2.6787109375
guenther2022relational,324,6,2.4189453125
guenther2022relational,324,7,1.6494140625
guenther2022relational,324,8,1.974609375
guenther2022relational,324,9,1.3896484375
guenther2022relational,324,10,1.280517578125
guenther2022relational,324,11,1.0830078125
guenther2022relational,324,12,5.2041015625
guenther2022relational,324,13,4.96484375
guenther2022relational,324,14,3.960205078125
guenther2022relational,324,15,3.1630859375
guenther2022relational,324,16,2.15576171875
guenther2022relational,324,17,3.58251953125
guenther2022relational,324,18,5.3564453125
guenther2022relational,324,19,2.44775390625
guenther2022relational,324,20,3.203125
guenther2022relational,324,21,1.327392578125
guenther2022relational,324,22,2.94384765625
guenther2022relational,324,23,2.73876953125
guenther2022relational,324,24,1.6943359375
guenther2022relational,324,25,3.96484375
guenther2022relational,324,26,4.49072265625
guenther2022relational,324,27,3.882080078125
guenther2022relational,324,28,2.74072265625
guenther2022relational,324,29,3.83984375
guenther2022relational,324,30,1.7264404296875
guenther2022relational,324,31,2.069580078125
guenther2022relational,324,32,3.6708984375
guenther2022relational,324,33,2.27001953125
guenther2022relational,324,34,3.43017578125
guenther2022relational,324,35,3.20947265625
guenther2022relational,324,36,2.64013671875
guenther2022relational,324,37,2.0068359375
guenther2022relational,324,38,4.03076171875
guenther2022relational,324,39,1.873046875
guenther2022relational,324,40,2.6435546875
guenther2022relational,324,41,2.2841796875
guenther2022relational,324,42,1.82275390625
guenther2022relational,324,43,2.460693359375
guenther2022relational,324,44,1.98095703125
guenther2022relational,324,45,3.05322265625
guenther2022relational,324,46,1.960693359375
guenther2022relational,324,47,2.8280029296875
guenther2022relational,324,48,1.69287109375
guenther2022relational,324,49,1.913330078125
guenther2022relational,324,50,2.03759765625
guenther2022relational,324,51,4.291015625
guenther2022relational,324,52,2.3251953125
guenther2022relational,324,53,4.18017578125
guenther2022relational,324,54,3.2314453125
guenther2022relational,325,0,5.40234375
guenther2022relational,325,1,4.17578125
guenther2022relational,325,2,2.4697265625
guenther2022relational,325,3,2.53515625
guenther2022relational,325,4,2.2919921875
guenther2022relational,325,5,1.8193359375
guenther2022relational,325,6,3.03515625
guenther2022relational,325,7,1.1923828125
guenther2022relational,325,8,2.916015625
guenther2022relational,325,9,2.8916015625
guenther2022relational,325,10,3.0205078125
guenther2022relational,325,11,3.20703125
guenther2022relational,325,12,3.5908203125
guenther2022relational,325,13,5.0859375
guenther2022relational,325,14,1.892578125
guenther2022relational,325,15,1.41796875
guenther2022relational,325,16,1.943359375
guenther2022relational,325,17,2.85546875
guenther2022relational,325,18,2.8046875
guenther2022relational,325,19,2.22265625
guenther2022relational,325,20,3.619140625
guenther2022relational,325,21,2.20703125
guenther2022relational,325,22,1.49609375
guenther2022relational,325,23,2.234375
guenther2022relational,325,24,2.748046875
guenther2022relational,325,25,4.63671875
guenther2022relational,325,26,3.04296875
guenther2022relational,325,27,2.94140625
guenther2022relational,325,28,2.126953125
guenther2022relational,325,29,2.505859375
guenther2022relational,325,30,1.5791015625
guenther2022relational,325,31,1.4560546875
guenther2022relational,325,32,2.32421875
guenther2022relational,325,33,5.85546875
guenther2022relational,325,34,3.0947265625
guenther2022relational,325,35,1.62744140625
guenther2022relational,325,36,1.53125
guenther2022relational,325,37,3.5703125
guenther2022relational,325,38,3.2314453125
guenther2022relational,325,39,2.341796875
guenther2022relational,325,40,1.427734375
guenther2022relational,325,41,1.3701171875
guenther2022relational,325,42,2.1015625
guenther2022relational,325,43,2.56640625
guenther2022relational,325,44,1.5234375
guenther2022relational,325,45,2.818359375
guenther2022relational,325,46,1.58203125
guenther2022relational,325,47,2.10546875
guenther2022relational,325,48,2.5390625
guenther2022relational,325,49,2.671875
guenther2022relational,325,50,3.39697265625
guenther2022relational,325,51,1.953125
guenther2022relational,325,52,1.033203125
guenther2022relational,325,53,1.0107421875
guenther2022relational,325,54,5.8095703125
guenther2022relational,326,0,4.808563232421875
guenther2022relational,326,1,4.02392578125
guenther2022relational,326,2,2.67578125
guenther2022relational,326,3,3.044921875
guenther2022relational,326,4,5.79833984375
guenther2022relational,326,5,3.53955078125
guenther2022relational,326,6,3.0
guenther2022relational,326,7,3.16064453125
guenther2022relational,326,8,2.033203125
guenther2022relational,326,9,2.52392578125
guenther2022relational,326,10,2.447265625
guenther2022relational,326,11,2.52001953125
guenther2022relational,326,12,3.5283203125
guenther2022relational,326,13,1.9970703125
guenther2022relational,326,14,2.83984375
guenther2022relational,326,15,1.3134765625
guenther2022relational,326,16,2.8349609375
guenther2022relational,326,17,2.76025390625
guenther2022relational,326,18,1.4998779296875
guenther2022relational,326,19,3.716796875
guenther2022relational,326,20,2.3505859375
guenther2022relational,326,21,3.2392578125
guenther2022relational,326,22,2.9150390625
guenther2022relational,326,23,2.34765625
guenther2022relational,326,24,0.7431640625
guenther2022relational,326,25,3.663818359375
guenther2022relational,326,26,1.685546875
guenther2022relational,326,27,1.69287109375
guenther2022relational,326,28,1.69921875
guenther2022relational,326,29,3.87890625
guenther2022relational,326,30,1.83056640625
guenther2022relational,326,31,2.68359375
guenther2022relational,326,32,2.2001953125
guenther2022relational,326,33,2.6328125
guenther2022relational,326,34,1.2861328125
guenther2022relational,326,35,3.44189453125
guenther2022relational,326,36,1.9423828125
guenther2022relational,326,37,1.41650390625
guenther2022relational,326,38,4.02734375
guenther2022relational,326,39,2.87109375
guenther2022relational,326,40,3.991943359375
guenther2022relational,326,41,3.0146484375
guenther2022relational,326,42,3.7568359375
guenther2022relational,326,43,2.0087890625
guenther2022relational,326,44,2.078125
guenther2022relational,326,45,2.17822265625
guenther2022relational,326,46,1.51416015625
guenther2022relational,326,47,2.60888671875
guenther2022relational,326,48,2.2353515625
guenther2022relational,326,49,3.00146484375
guenther2022relational,326,50,1.3720703125
guenther2022relational,326,51,1.765380859375
guenther2022relational,326,52,2.62109375
guenther2022relational,326,53,1.50634765625
guenther2022relational,326,54,2.99072265625
guenther2022relational,327,0,3.718719482421875
guenther2022relational,327,1,0.31591796875
guenther2022relational,327,2,6.7939453125
guenther2022relational,327,3,4.5517578125
guenther2022relational,327,4,4.9970703125
guenther2022relational,327,5,2.716796875
guenther2022relational,327,6,2.5625
guenther2022relational,327,7,2.1318359375
guenther2022relational,327,8,1.2548828125
guenther2022relational,327,9,1.53515625
guenther2022relational,327,10,1.60107421875
guenther2022relational,327,11,1.11669921875
guenther2022relational,327,12,2.77734375
guenther2022relational,327,13,3.85546875
guenther2022relational,327,14,1.7880859375
guenther2022relational,327,15,2.138671875
guenther2022relational,327,16,0.90673828125
guenther2022relational,327,17,5.775390625
guenther2022relational,327,18,4.470703125
guenther2022relational,327,19,3.02392578125
guenther2022relational,327,20,4.3720703125
guenther2022relational,327,21,3.6943359375
guenther2022relational,327,22,1.91162109375
guenther2022relational,327,23,1.83544921875
guenther2022relational,327,24,3.19189453125
guenther2022relational,327,25,2.16064453125
guenther2022relational,327,26,0.96142578125
guenther2022relational,327,27,4.220703125
guenther2022relational,327,28,3.873046875
guenther2022relational,327,29,2.1171875
guenther2022relational,327,30,1.58251953125
guenther2022relational,327,31,1.429443359375
guenther2022relational,327,32,2.0888671875
guenther2022relational,327,33,4.1005859375
guenther2022relational,327,34,2.241455078125
guenther2022relational,327,35,2.679443359375
guenther2022relational,327,36,1.054656982421875
guenther2022relational,327,37,2.17822265625
guenther2022relational,327,38,2.216796875
guenther2022relational,327,39,2.210693359375
guenther2022relational,327,40,2.58984375
guenther2022relational,327,41,2.05322265625
guenther2022relational,327,42,3.560546875
guenther2022relational,327,43,2.7939453125
guenther2022relational,327,44,3.850830078125
guenther2022relational,327,45,1.5155029296875
guenther2022relational,327,46,4.953125
guenther2022relational,327,47,2.58349609375
guenther2022relational,327,48,1.6923828125
guenther2022relational,327,49,2.06298828125
guenther2022relational,327,50,2.601318359375
guenther2022relational,327,51,2.66064453125
guenther2022relational,327,52,2.79296875
guenther2022relational,327,53,3.039031982421875
guenther2022relational,327,54,4.55078125
guenther2022relational,328,0,2.703094482421875
guenther2022relational,328,1,3.982421875
guenther2022relational,328,2,2.900390625
guenther2022relational,328,3,2.365234375
guenther2022relational,328,4,3.05078125
guenther2022relational,328,5,2.625
guenther2022relational,328,6,3.6103515625
guenther2022relational,328,7,2.1796875
guenther2022relational,328,8,4.42626953125
guenther2022relational,328,9,4.3291015625
guenther2022relational,328,10,2.46875
guenther2022relational,328,11,2.630859375
guenther2022relational,328,12,2.69775390625
guenther2022relational,328,13,3.3515625
guenther2022relational,328,14,3.25390625
guenther2022relational,328,15,2.296875
guenther2022relational,328,16,2.4384765625
guenther2022relational,328,17,3.4873046875
guenther2022relational,328,18,1.29296875
guenther2022relational,328,19,2.57080078125
guenther2022relational,328,20,2.44140625
guenther2022relational,328,21,3.0966796875
guenther2022relational,328,22,3.248046875
guenther2022relational,328,23,3.8779296875
guenther2022relational,328,24,2.59375
guenther2022relational,328,25,2.10546875
guenther2022relational,328,26,3.16015625
guenther2022relational,328,27,2.1962890625
guenther2022relational,328,28,2.185546875
guenther2022relational,328,29,2.9580078125
guenther2022relational,328,30,2.04150390625
guenther2022relational,328,31,3.390625
guenther2022relational,328,32,3.765625
guenther2022relational,328,33,2.8642578125
guenther2022relational,328,34,4.2734375
guenther2022relational,328,35,3.015625
guenther2022relational,328,36,2.7587890625
guenther2022relational,328,37,2.1064453125
guenther2022relational,328,38,4.5
guenther2022relational,328,39,3.3798828125
guenther2022relational,328,40,3.2109375
guenther2022relational,328,41,2.1611328125
guenther2022relational,328,42,2.4033203125
guenther2022relational,328,43,3.0625
guenther2022relational,328,44,1.45361328125
guenther2022relational,328,45,2.6943359375
guenther2022relational,328,46,2.45751953125
guenther2022relational,328,47,2.84375
guenther2022relational,328,48,5.39453125
guenther2022relational,328,49,2.67578125
guenther2022relational,328,50,3.0078125
guenther2022relational,328,51,3.822265625
guenther2022relational,328,52,2.080078125
guenther2022relational,328,53,2.4541015625
guenther2022relational,328,54,3.5107421875
guenther2022relational,329,0,4.101531982421875
guenther2022relational,329,1,0.28271484375
guenther2022relational,329,2,5.4443359375
guenther2022relational,329,3,3.5595703125
guenther2022relational,329,4,3.3564453125
guenther2022relational,329,5,2.33984375
guenther2022relational,329,6,2.1064453125
guenther2022relational,329,7,3.8037109375
guenther2022relational,329,8,6.734375
guenther2022relational,329,9,2.806640625
guenther2022relational,329,10,2.3330078125
guenther2022relational,329,11,2.50537109375
guenther2022relational,329,12,1.765625
guenther2022relational,329,13,2.318359375
guenther2022relational,329,14,3.6044921875
guenther2022relational,329,15,3.421875
guenther2022relational,329,16,3.33984375
guenther2022relational,329,17,3.1220703125
guenther2022relational,329,18,3.33251953125
guenther2022relational,329,19,3.328125
guenther2022relational,329,20,1.662109375
guenther2022relational,329,21,2.7109375
guenther2022relational,329,22,3.00390625
guenther2022relational,329,23,3.12451171875
guenther2022relational,329,24,2.63525390625
guenther2022relational,329,25,2.76953125
guenther2022relational,329,26,2.3203125
guenther2022relational,329,27,2.96875
guenther2022relational,329,28,2.697265625
guenther2022relational,329,29,3.259765625
guenther2022relational,329,30,2.37109375
guenther2022relational,329,31,2.5703125
guenther2022relational,329,32,1.6884765625
guenther2022relational,329,33,5.46484375
guenther2022relational,329,34,1.7353515625
guenther2022relational,329,35,2.34814453125
guenther2022relational,329,36,3.29296875
guenther2022relational,329,37,4.2265625
guenther2022relational,329,38,1.507080078125
guenther2022relational,329,39,2.04296875
guenther2022relational,329,40,1.70703125
guenther2022relational,329,41,2.564453125
guenther2022relational,329,42,2.828125
guenther2022relational,329,43,3.4208984375
guenther2022relational,329,44,2.1630859375
guenther2022relational,329,45,2.80517578125
guenther2022relational,329,46,2.91015625
guenther2022relational,329,47,1.5830078125
guenther2022relational,329,48,1.52734375
guenther2022relational,329,49,1.89453125
guenther2022relational,329,50,5.8466796875
guenther2022relational,329,51,2.279296875
guenther2022relational,329,52,3.8837890625
guenther2022relational,329,53,3.4833984375
guenther2022relational,329,54,2.616455078125
guenther2022relational,330,0,2.093719482421875
guenther2022relational,330,1,2.9609375
guenther2022relational,330,2,1.44140625
guenther2022relational,330,3,5.27001953125
guenther2022relational,330,4,3.203125
guenther2022relational,330,5,4.8818359375
guenther2022relational,330,6,4.5791015625
guenther2022relational,330,7,2.94775390625
guenther2022relational,330,8,2.7158203125
guenther2022relational,330,9,2.7939453125
guenther2022relational,330,10,2.90576171875
guenther2022relational,330,11,3.15234375
guenther2022relational,330,12,4.6220703125
guenther2022relational,330,13,5.8125
guenther2022relational,330,14,2.48046875
guenther2022relational,330,15,2.8388671875
guenther2022relational,330,16,3.4580078125
guenther2022relational,330,17,3.98046875
guenther2022relational,330,18,3.5859375
guenther2022relational,330,19,4.826171875
guenther2022relational,330,20,2.470703125
guenther2022relational,330,21,3.0283203125
guenther2022relational,330,22,1.9228515625
guenther2022relational,330,23,3.953125
guenther2022relational,330,24,3.27587890625
guenther2022relational,330,25,2.4970703125
guenther2022relational,330,26,3.66015625
guenther2022relational,330,27,2.9580078125
guenther2022relational,330,28,1.9189453125
guenther2022relational,330,29,1.94970703125
guenther2022relational,330,30,1.671630859375
guenther2022relational,330,31,2.69775390625
guenther2022relational,330,32,2.71142578125
guenther2022relational,330,33,2.4482421875
guenther2022relational,330,34,2.7119140625
guenther2022relational,330,35,1.86376953125
guenther2022relational,330,36,2.04150390625
guenther2022relational,330,37,1.80859375
guenther2022relational,330,38,2.4033203125
guenther2022relational,330,39,1.6689453125
guenther2022relational,330,40,2.513671875
guenther2022relational,330,41,2.125
guenther2022relational,330,42,3.765625
guenther2022relational,330,43,2.69140625
guenther2022relational,330,44,6.5908203125
guenther2022relational,330,45,1.6103515625
guenther2022relational,330,46,2.1572265625
guenther2022relational,330,47,2.9697265625
guenther2022relational,330,48,2.0654296875
guenther2022relational,330,49,2.955078125
guenther2022relational,330,50,1.6142578125
guenther2022relational,330,51,2.36572265625
guenther2022relational,330,52,1.27783203125
guenther2022relational,330,53,2.95751953125
guenther2022relational,330,54,3.060546875
guenther2022relational,331,0,5.3046875
guenther2022relational,331,1,0.09130859375
guenther2022relational,331,2,0.2998046875
guenther2022relational,331,3,3.14697265625
guenther2022relational,331,4,3.87109375
guenther2022relational,331,5,1.4912109375
guenther2022relational,331,6,1.4033203125
guenther2022relational,331,7,4.5830078125
guenther2022relational,331,8,3.148193359375
guenther2022relational,331,9,1.5517578125
guenther2022relational,331,10,2.4775390625
guenther2022relational,331,11,3.8818359375
guenther2022relational,331,12,4.7607421875
guenther2022relational,331,13,4.091796875
guenther2022relational,331,14,3.62939453125
guenther2022relational,331,15,2.1279296875
guenther2022relational,331,16,2.435546875
guenther2022relational,331,17,2.18017578125
guenther2022relational,331,18,2.1376953125
guenther2022relational,331,19,1.96826171875
guenther2022relational,331,20,2.04736328125
guenther2022relational,331,21,2.4833984375
guenther2022relational,331,22,1.7626953125
guenther2022relational,331,23,4.06787109375
guenther2022relational,331,24,2.507568359375
guenther2022relational,331,25,1.96728515625
guenther2022relational,331,26,1.22314453125
guenther2022relational,331,27,4.9842529296875
guenther2022relational,331,28,2.71826171875
guenther2022relational,331,29,1.40478515625
guenther2022relational,331,30,2.0439453125
guenther2022relational,331,31,2.091796875
guenther2022relational,331,32,2.076171875
guenther2022relational,331,33,2.560546875
guenther2022relational,331,34,1.81982421875
guenther2022relational,331,35,2.788330078125
guenther2022relational,331,36,2.554656982421875
guenther2022relational,331,37,1.49853515625
guenther2022relational,331,38,1.93701171875
guenther2022relational,331,39,1.91064453125
guenther2022relational,331,40,1.906005859375
guenther2022relational,331,41,1.52978515625
guenther2022relational,331,42,3.37451171875
guenther2022relational,331,43,2.05322265625
guenther2022relational,331,44,2.882080078125
guenther2022relational,331,45,1.2889404296875
guenther2022relational,331,46,3.163818359375
guenther2022relational,331,47,1.351531982421875
guenther2022relational,331,48,1.15478515625
guenther2022relational,331,49,1.296844482421875
guenther2022relational,331,50,1.35107421875
guenther2022relational,331,51,2.1248779296875
guenther2022relational,331,52,1.17138671875
guenther2022relational,331,53,2.617156982421875
guenther2022relational,331,54,1.507781982421875
guenther2022relational,332,0,5.8046875
guenther2022relational,332,1,1.280517578125
guenther2022relational,332,2,2.87451171875
guenther2022relational,332,3,3.591796875
guenther2022relational,332,4,3.09765625
guenther2022relational,332,5,3.7333984375
guenther2022relational,332,6,3.47900390625
guenther2022relational,332,7,3.56640625
guenther2022relational,332,8,3.47509765625
guenther2022relational,332,9,4.1943359375
guenther2022relational,332,10,0.8759765625
guenther2022relational,332,11,3.81201171875
guenther2022relational,332,12,3.140625
guenther2022relational,332,13,1.83984375
guenther2022relational,332,14,2.93017578125
guenther2022relational,332,15,2.83251953125
guenther2022relational,332,16,2.716796875
guenther2022relational,332,17,3.39501953125
guenther2022relational,332,18,1.70263671875
guenther2022relational,332,19,3.3876953125
guenther2022relational,332,20,2.11083984375
guenther2022relational,332,21,5.28125
guenther2022relational,332,22,3.6728515625
guenther2022relational,332,23,3.68212890625
guenther2022relational,332,24,1.8203125
guenther2022relational,332,25,2.9267578125
guenther2022relational,332,26,3.62939453125
guenther2022relational,332,27,2.837890625
guenther2022relational,332,28,2.4716796875
guenther2022relational,332,29,2.01513671875
guenther2022relational,332,30,2.45947265625
guenther2022relational,332,31,3.90234375
guenther2022relational,332,32,2.50537109375
guenther2022relational,332,33,1.6513671875
guenther2022relational,332,34,2.2939453125
guenther2022relational,332,35,3.35400390625
guenther2022relational,332,36,2.18017578125
guenther2022relational,332,37,2.3955078125
guenther2022relational,332,38,2.7314453125
guenther2022relational,332,39,2.79150390625
guenther2022relational,332,40,1.77783203125
guenther2022relational,332,41,2.7109375
guenther2022relational,332,42,2.8701171875
guenther2022relational,332,43,1.6787109375
guenther2022relational,332,44,2.41064453125
guenther2022relational,332,45,3.48876953125
guenther2022relational,332,46,2.70849609375
guenther2022relational,332,47,2.33984375
guenther2022relational,332,48,2.33837890625
guenther2022relational,332,49,2.34326171875
guenther2022relational,332,50,1.1326904296875
guenther2022relational,332,51,3.2958984375
guenther2022relational,332,52,2.100830078125
guenther2022relational,332,53,2.57275390625
guenther2022relational,332,54,5.0078125
guenther2022relational,333,0,6.046844482421875
guenther2022relational,333,1,2.52734375
guenther2022relational,333,2,3.046875
guenther2022relational,333,3,2.00390625
guenther2022relational,333,4,3.52734375
guenther2022relational,333,5,2.0
guenther2022relational,333,6,1.181640625
guenther2022relational,333,7,2.33984375
guenther2022relational,333,8,2.421875
guenther2022relational,333,9,1.451171875
guenther2022relational,333,10,2.4765625
guenther2022relational,333,11,1.9404296875
guenther2022relational,333,12,1.115234375
guenther2022relational,333,13,1.8671875
guenther2022relational,333,14,1.62109375
guenther2022relational,333,15,2.2158203125
guenther2022relational,333,16,4.6416015625
guenther2022relational,333,17,1.6064453125
guenther2022relational,333,18,1.2861328125
guenther2022relational,333,19,3.81640625
guenther2022relational,333,20,1.4619140625
guenther2022relational,333,21,1.201171875
guenther2022relational,333,22,3.537109375
guenther2022relational,333,23,1.361328125
guenther2022relational,333,24,2.4921875
guenther2022relational,333,25,2.755859375
guenther2022relational,333,26,3.138671875
guenther2022relational,333,27,1.8427734375
guenther2022relational,333,28,1.142578125
guenther2022relational,333,29,2.51171875
guenther2022relational,333,30,1.23876953125
guenther2022relational,333,31,1.5751953125
guenther2022relational,333,32,1.64111328125
guenther2022relational,333,33,0.9912109375
guenther2022relational,333,34,1.5361328125
guenther2022relational,333,35,0.8475341796875
guenther2022relational,333,36,0.9619140625
guenther2022relational,333,37,4.75390625
guenther2022relational,333,38,0.83544921875
guenther2022relational,333,39,0.854736328125
guenther2022relational,333,40,1.58447265625
guenther2022relational,333,41,3.9267578125
guenther2022relational,333,42,5.241943359375
guenther2022relational,333,43,4.31201171875
guenther2022relational,333,44,2.9482421875
guenther2022relational,333,45,1.94580078125
guenther2022relational,333,46,2.81201171875
guenther2022relational,333,47,1.2802734375
guenther2022relational,333,48,1.3447265625
guenther2022relational,333,49,3.72509765625
guenther2022relational,333,50,1.26171875
guenther2022relational,333,51,0.92236328125
guenther2022relational,333,52,2.22705078125
guenther2022relational,333,53,6.984375
guenther2022relational,333,54,2.21142578125
guenther2022relational,334,0,4.101531982421875
guenther2022relational,334,1,0.537109375
guenther2022relational,334,2,1.90234375
guenther2022relational,334,3,3.421875
guenther2022relational,334,4,2.6533203125
guenther2022relational,334,5,1.8505859375
guenther2022relational,334,6,2.06640625
guenther2022relational,334,7,2.5205078125
guenther2022relational,334,8,3.27099609375
guenther2022relational,334,9,2.1484375
guenther2022relational,334,10,2.384765625
guenther2022relational,334,11,1.2783203125
guenther2022relational,334,12,2.060546875
guenther2022relational,334,13,1.3662109375
guenther2022relational,334,14,2.0869140625
guenther2022relational,334,15,1.091796875
guenther2022relational,334,16,1.2392578125
guenther2022relational,334,17,4.6220703125
guenther2022relational,334,18,2.882080078125
guenther2022relational,334,19,1.9130859375
guenther2022relational,334,20,3.49609375
guenther2022relational,334,21,1.69140625
guenther2022relational,334,22,2.38525390625
guenther2022relational,334,23,1.24951171875
guenther2022relational,334,24,1.7802734375
guenther2022relational,334,25,1.16845703125
guenther2022relational,334,26,2.76953125
guenther2022relational,334,27,2.8505859375
guenther2022relational,334,28,2.431640625
guenther2022relational,334,29,1.7939453125
guenther2022relational,334,30,2.31640625
guenther2022relational,334,31,1.58203125
guenther2022relational,334,32,2.77734375
guenther2022relational,334,33,1.2421875
guenther2022relational,334,34,4.09326171875
guenther2022relational,334,35,3.197265625
guenther2022relational,334,36,2.8701171875
guenther2022relational,334,37,1.8740234375
guenther2022relational,334,38,3.154296875
guenther2022relational,334,39,2.8544921875
guenther2022relational,334,40,3.443359375
guenther2022relational,334,41,1.9345703125
guenther2022relational,334,42,1.2353515625
guenther2022relational,334,43,1.7548828125
guenther2022relational,334,44,5.40625
guenther2022relational,334,45,3.236328125
guenther2022relational,334,46,1.771484375
guenther2022relational,334,47,1.4072265625
guenther2022relational,334,48,1.734375
guenther2022relational,334,49,1.241943359375
guenther2022relational,334,50,1.17578125
guenther2022relational,334,51,3.140625
guenther2022relational,334,52,1.59033203125
guenther2022relational,334,53,2.54150390625
guenther2022relational,334,54,1.42626953125
guenther2022relational,335,0,4.5078125
guenther2022relational,335,1,3.8203125
guenther2022relational,335,2,5.4033203125
guenther2022relational,335,3,2.513671875
guenther2022relational,335,4,2.53564453125
guenther2022relational,335,5,2.150390625
guenther2022relational,335,6,3.1796875
guenther2022relational,335,7,3.3720703125
guenther2022relational,335,8,3.1328125
guenther2022relational,335,9,3.19775390625
guenther2022relational,335,10,3.87890625
guenther2022relational,335,11,4.40234375
guenther2022relational,335,12,3.74609375
guenther2022relational,335,13,2.326171875
guenther2022relational,335,14,2.05859375
guenther2022relational,335,15,2.6953125
guenther2022relational,335,16,3.0
guenther2022relational,335,17,1.390625
guenther2022relational,335,18,3.462890625
guenther2022relational,335,19,2.873046875
guenther2022relational,335,20,1.654296875
guenther2022relational,335,21,3.73828125
guenther2022relational,335,22,3.6953125
guenther2022relational,335,23,4.560546875
guenther2022relational,335,24,4.171875
guenther2022relational,335,25,2.796875
guenther2022relational,335,26,3.2666015625
guenther2022relational,335,27,2.0546875
guenther2022relational,335,28,4.01171875
guenther2022relational,335,29,1.97021484375
guenther2022relational,335,30,2.9296875
guenther2022relational,335,31,1.79296875
guenther2022relational,335,32,1.81640625
guenther2022relational,335,33,3.8359375
guenther2022relational,335,34,2.78515625
guenther2022relational,335,35,1.84326171875
guenther2022relational,335,36,3.2353515625
guenther2022relational,335,37,5.40625
guenther2022relational,335,38,2.14013671875
guenther2022relational,335,39,4.0390625
guenther2022relational,335,40,1.203125
guenther2022relational,335,41,3.2890625
guenther2022relational,335,42,4.28515625
guenther2022relational,335,43,1.02685546875
guenther2022relational,335,44,3.10546875
guenther2022relational,335,45,1.890625
guenther2022relational,335,46,2.919921875
guenther2022relational,335,47,2.8203125
guenther2022relational,335,48,2.55859375
guenther2022relational,335,49,2.466796875
guenther2022relational,335,50,1.56640625
guenther2022relational,335,51,3.4228515625
guenther2022relational,335,52,2.3359375
guenther2022relational,335,53,1.369140625
guenther2022relational,335,54,3.57421875
guenther2022relational,336,0,2.609375
guenther2022relational,336,1,3.8017578125
guenther2022relational,336,2,1.2734375
guenther2022relational,336,3,6.18701171875
guenther2022relational,336,4,2.8828125
guenther2022relational,336,5,2.2421875
guenther2022relational,336,6,1.34228515625
guenther2022relational,336,7,2.7646484375
guenther2022relational,336,8,3.21826171875
guenther2022relational,336,9,1.9892578125
guenther2022relational,336,10,1.4921875
guenther2022relational,336,11,4.1796875
guenther2022relational,336,12,3.2607421875
guenther2022relational,336,13,1.96142578125
guenther2022relational,336,14,3.08447265625
guenther2022relational,336,15,3.9453125
guenther2022relational,336,16,2.607421875
guenther2022relational,336,17,3.4970703125
guenther2022relational,336,18,1.90087890625
guenther2022relational,336,19,2.39892578125
guenther2022relational,336,20,1.77783203125
guenther2022relational,336,21,4.4921875
guenther2022relational,336,22,6.3876953125
guenther2022relational,336,23,1.63525390625
guenther2022relational,336,24,3.6630859375
guenther2022relational,336,25,2.61376953125
guenther2022relational,336,26,2.3193359375
guenther2022relational,336,27,2.4189453125
guenther2022relational,336,28,3.984375
guenther2022relational,336,29,2.359375
guenther2022relational,336,30,2.2734375
guenther2022relational,336,31,1.7353515625
guenther2022relational,336,32,1.5673828125
guenther2022relational,336,33,2.3349609375
guenther2022relational,336,34,2.716796875
guenther2022relational,336,35,1.7724609375
guenther2022relational,336,36,2.24609375
guenther2022relational,336,37,1.7138671875
guenther2022relational,336,38,1.21630859375
guenther2022relational,336,39,1.28271484375
guenther2022relational,336,40,4.0780029296875
guenther2022relational,336,41,1.60546875
guenther2022relational,336,42,4.875
guenther2022relational,336,43,4.14501953125
guenther2022relational,336,44,3.9150390625
guenther2022relational,336,45,1.0556640625
guenther2022relational,336,46,4.3359375
guenther2022relational,336,47,4.0595703125
guenther2022relational,336,48,4.259765625
guenther2022relational,336,49,2.9267578125
guenther2022relational,336,50,1.61328125
guenther2022relational,336,51,3.3974609375
guenther2022relational,336,52,2.859375
guenther2022relational,336,53,1.1767578125
guenther2022relational,336,54,2.33984375
guenther2022relational,337,0,3.304656982421875
guenther2022relational,337,1,4.0625
guenther2022relational,337,2,3.14501953125
guenther2022relational,337,3,3.453125
guenther2022relational,337,4,2.015625
guenther2022relational,337,5,3.4765625
guenther2022relational,337,6,3.1328125
guenther2022relational,337,7,1.625
guenther2022relational,337,8,3.28515625
guenther2022relational,337,9,3.6015625
guenther2022relational,337,10,2.51171875
guenther2022relational,337,11,1.7919921875
guenther2022relational,337,12,1.52734375
guenther2022relational,337,13,2.9892578125
guenther2022relational,337,14,1.685546875
guenther2022relational,337,15,1.541015625
guenther2022relational,337,16,2.50146484375
guenther2022relational,337,17,4.61083984375
guenther2022relational,337,18,1.779296875
guenther2022relational,337,19,2.7578125
guenther2022relational,337,20,2.072265625
guenther2022relational,337,21,2.55517578125
guenther2022relational,337,22,4.359375
guenther2022relational,337,23,3.0595703125
guenther2022relational,337,24,2.95947265625
guenther2022relational,337,25,6.0791015625
guenther2022relational,337,26,3.2626953125
guenther2022relational,337,27,2.5068359375
guenther2022relational,337,28,2.4189453125
guenther2022relational,337,29,1.708984375
guenther2022relational,337,30,3.26025390625
guenther2022relational,337,31,4.265625
guenther2022relational,337,32,2.9423828125
guenther2022relational,337,33,3.1650390625
guenther2022relational,337,34,3.3642578125
guenther2022relational,337,35,2.5107421875
guenther2022relational,337,36,2.080078125
guenther2022relational,337,37,1.734375
guenther2022relational,337,38,4.404296875
guenther2022relational,337,39,3.6103515625
guenther2022relational,337,40,4.640625
guenther2022relational,337,41,2.900390625
guenther2022relational,337,42,1.95703125
guenther2022relational,337,43,3.0703125
guenther2022relational,337,44,4.296875
guenther2022relational,337,45,3.69189453125
guenther2022relational,337,46,2.744140625
guenther2022relational,337,47,3.576171875
guenther2022relational,337,48,3.3271484375
guenther2022relational,337,49,2.859375
guenther2022relational,337,50,2.0
guenther2022relational,337,51,3.185546875
guenther2022relational,337,52,1.6484375
guenther2022relational,337,53,3.1171875
guenther2022relational,337,54,2.7890625
guenther2022relational,338,0,3.734375
guenther2022relational,338,1,6.041015625
guenther2022relational,338,2,4.345458984375
guenther2022relational,338,3,2.2001953125
guenther2022relational,338,4,2.384765625
guenther2022relational,338,5,3.08984375
guenther2022relational,338,6,2.6708984375
guenther2022relational,338,7,3.984375
guenther2022relational,338,8,1.6650390625
guenther2022relational,338,9,3.2734375
guenther2022relational,338,10,2.3046875
guenther2022relational,338,11,2.4228515625
guenther2022relational,338,12,1.662109375
guenther2022relational,338,13,2.17578125
guenther2022relational,338,14,4.3828125
guenther2022relational,338,15,3.86572265625
guenther2022relational,338,16,3.9208984375
guenther2022relational,338,17,3.306640625
guenther2022relational,338,18,2.3369140625
guenther2022relational,338,19,0.984130859375
guenther2022relational,338,20,3.107421875
guenther2022relational,338,21,2.169921875
guenther2022relational,338,22,2.6337890625
guenther2022relational,338,23,1.62890625
guenther2022relational,338,24,2.6064453125
guenther2022relational,338,25,3.48876953125
guenther2022relational,338,26,1.7509765625
guenther2022relational,338,27,2.4130859375
guenther2022relational,338,28,2.17626953125
guenther2022relational,338,29,2.7275390625
guenther2022relational,338,30,1.35107421875
guenther2022relational,338,31,1.43505859375
guenther2022relational,338,32,2.279296875
guenther2022relational,338,33,5.0126953125
guenther2022relational,338,34,1.6845703125
guenther2022relational,338,35,1.083984375
guenther2022relational,338,36,1.01220703125
guenther2022relational,338,37,1.60791015625
guenther2022relational,338,38,0.87939453125
guenther2022relational,338,39,1.554443359375
guenther2022relational,338,40,1.803955078125
guenther2022relational,338,41,2.716796875
guenther2022relational,338,42,0.9150390625
guenther2022relational,338,43,3.3123779296875
guenther2022relational,338,44,1.109130859375
guenther2022relational,338,45,0.857421875
guenther2022relational,338,46,4.5780029296875
guenther2022relational,338,47,2.414031982421875
guenther2022relational,338,48,0.999755859375
guenther2022relational,338,49,1.11376953125
guenther2022relational,338,50,1.546630859375
guenther2022relational,338,51,3.84814453125
guenther2022relational,338,52,0.819580078125
guenther2022relational,338,53,0.820068359375
guenther2022relational,338,54,0.7333984375
guenther2022relational,339,0,2.703094482421875
guenther2022relational,339,1,0.14306640625
guenther2022relational,339,2,8.210693359375
guenther2022relational,339,3,3.6669921875
guenther2022relational,339,4,4.130859375
guenther2022relational,339,5,5.373046875
guenther2022relational,339,6,3.61328125
guenther2022relational,339,7,3.7158203125
guenther2022relational,339,8,1.85546875
guenther2022relational,339,9,2.14501953125
guenther2022relational,339,10,1.50244140625
guenther2022relational,339,11,4.663330078125
guenther2022relational,339,12,2.72705078125
guenther2022relational,339,13,3.796875
guenther2022relational,339,14,2.10400390625
guenther2022relational,339,15,3.30224609375
guenther2022relational,339,16,1.57421875
guenther2022relational,339,17,2.01220703125
guenther2022relational,339,18,3.45947265625
guenther2022relational,339,19,2.935546875
guenther2022relational,339,20,2.9443359375
guenther2022relational,339,21,1.70166015625
guenther2022relational,339,22,3.39208984375
guenther2022relational,339,23,1.7666015625
guenther2022relational,339,24,4.765625
guenther2022relational,339,25,3.1220703125
guenther2022relational,339,26,1.912109375
guenther2022relational,339,27,3.283203125
guenther2022relational,339,28,2.99609375
guenther2022relational,339,29,1.935546875
guenther2022relational,339,30,2.7666015625
guenther2022relational,339,31,5.328125
guenther2022relational,339,32,3.556640625
guenther2022relational,339,33,3.0322265625
guenther2022relational,339,34,4.228515625
guenther2022relational,339,35,1.49169921875
guenther2022relational,339,36,3.435546875
guenther2022relational,339,37,3.46875
guenther2022relational,339,38,3.2216796875
guenther2022relational,339,39,4.2666015625
guenther2022relational,339,40,1.8359375
guenther2022relational,339,41,4.3017578125
guenther2022relational,339,42,2.99462890625
guenther2022relational,339,43,3.775390625
guenther2022relational,339,44,3.02587890625
guenther2022relational,339,45,2.94580078125
guenther2022relational,339,46,1.85546875
guenther2022relational,339,47,1.6005859375
guenther2022relational,339,48,3.48828125
guenther2022relational,339,49,1.7197265625
guenther2022relational,339,50,1.98828125
guenther2022relational,339,51,3.10400390625
guenther2022relational,339,52,3.095703125
guenther2022relational,339,53,3.373046875
guenther2022relational,339,54,2.85205078125
guenther2022relational,340,0,3.722625732421875
guenther2022relational,340,1,4.5
guenther2022relational,340,2,3.234375
guenther2022relational,340,3,2.94921875
guenther2022relational,340,4,3.296875
guenther2022relational,340,5,3.51708984375
guenther2022relational,340,6,3.5068359375
guenther2022relational,340,7,2.25439453125
guenther2022relational,340,8,2.640625
guenther2022relational,340,9,1.63427734375
guenther2022relational,340,10,2.44287109375
guenther2022relational,340,11,1.18994140625
guenther2022relational,340,12,2.1982421875
guenther2022relational,340,13,1.79345703125
guenther2022relational,340,14,3.74609375
guenther2022relational,340,15,2.16650390625
guenther2022relational,340,16,1.80517578125
guenther2022relational,340,17,5.77734375
guenther2022relational,340,18,5.10400390625
guenther2022relational,340,19,3.2958984375
guenther2022relational,340,20,2.365234375
guenther2022relational,340,21,3.62646484375
guenther2022relational,340,22,1.6103515625
guenther2022relational,340,23,1.975830078125
guenther2022relational,340,24,3.873046875
guenther2022relational,340,25,1.505859375
guenther2022relational,340,26,3.3330078125
guenther2022relational,340,27,2.3095703125
guenther2022relational,340,28,3.2197265625
guenther2022relational,340,29,4.3251953125
guenther2022relational,340,30,2.1162109375
guenther2022relational,340,31,2.96875
guenther2022relational,340,32,1.1298828125
guenther2022relational,340,33,3.1201171875
guenther2022relational,340,34,3.322265625
guenther2022relational,340,35,2.96484375
guenther2022relational,340,36,3.85205078125
guenther2022relational,340,37,3.53515625
guenther2022relational,340,38,2.13330078125
guenther2022relational,340,39,2.9755859375
guenther2022relational,340,40,3.6416015625
guenther2022relational,340,41,2.298828125
guenther2022relational,340,42,2.884765625
guenther2022relational,340,43,5.328125
guenther2022relational,340,44,0.83544921875
guenther2022relational,340,45,4.2734375
guenther2022relational,340,46,1.71484375
guenther2022relational,340,47,3.30078125
guenther2022relational,340,48,3.14892578125
guenther2022relational,340,49,1.7578125
guenther2022relational,340,50,3.7041015625
guenther2022relational,340,51,3.033203125
guenther2022relational,340,52,5.109375
guenther2022relational,340,53,2.15234375
guenther2022relational,340,54,2.7421875
guenther2022relational,341,0,1.9921875
guenther2022relational,341,1,5.38671875
guenther2022relational,341,2,2.791015625
guenther2022relational,341,3,3.193359375
guenther2022relational,341,4,2.6328125
guenther2022relational,341,5,2.1962890625
guenther2022relational,341,6,2.70703125
guenther2022relational,341,7,2.9345703125
guenther2022relational,341,8,2.025390625
guenther2022relational,341,9,3.9765625
guenther2022relational,341,10,3.734375
guenther2022relational,341,11,3.28515625
guenther2022relational,341,12,3.71484375
guenther2022relational,341,13,3.0234375
guenther2022relational,341,14,2.03125
guenther2022relational,341,15,5.515625
guenther2022relational,341,16,3.91015625
guenther2022relational,341,17,2.6484375
guenther2022relational,341,18,1.91015625
guenther2022relational,341,19,2.5595703125
guenther2022relational,341,20,2.82080078125
guenther2022relational,341,21,2.146484375
guenther2022relational,341,22,2.2578125
guenther2022relational,341,23,3.56640625
guenther2022relational,341,24,2.509765625
guenther2022relational,341,25,1.111328125
guenther2022relational,341,26,4.39453125
guenther2022relational,341,27,2.94140625
guenther2022relational,341,28,1.77978515625
guenther2022relational,341,29,4.359375
guenther2022relational,341,30,2.3408203125
guenther2022relational,341,31,2.955078125
guenther2022relational,341,32,3.3916015625
guenther2022relational,341,33,3.0546875
guenther2022relational,341,34,2.775390625
guenther2022relational,341,35,2.6220703125
guenther2022relational,341,36,3.4267578125
guenther2022relational,341,37,3.3916015625
guenther2022relational,341,38,2.9072265625
guenther2022relational,341,39,4.53515625
guenther2022relational,341,40,2.30126953125
guenther2022relational,341,41,2.4140625
guenther2022relational,341,42,2.10400390625
guenther2022relational,341,43,2.4794921875
guenther2022relational,341,44,1.8525390625
guenther2022relational,341,45,3.65234375
guenther2022relational,341,46,3.11572265625
guenther2022relational,341,47,2.59326171875
guenther2022relational,341,48,2.43701171875
guenther2022relational,341,49,3.2783203125
guenther2022relational,341,50,4.9189453125
guenther2022relational,341,51,1.8974609375
guenther2022relational,341,52,2.3212890625
guenther2022relational,341,53,1.8232421875
guenther2022relational,341,54,1.73583984375
guenther2022relational,342,0,4.5625
guenther2022relational,342,1,3.4169921875
guenther2022relational,342,2,2.9853515625
guenther2022relational,342,3,1.56298828125
guenther2022relational,342,4,1.39111328125
guenther2022relational,342,5,2.8359375
guenther2022relational,342,6,2.9150390625
guenther2022relational,342,7,1.609375
guenther2022relational,342,8,5.1337890625
guenther2022relational,342,9,3.1630859375
guenther2022relational,342,10,1.88720703125
guenther2022relational,342,11,3.06787109375
guenther2022relational,342,12,2.8193359375
guenther2022relational,342,13,2.90234375
guenther2022relational,342,14,3.6455078125
guenther2022relational,342,15,2.45458984375
guenther2022relational,342,16,0.984344482421875
guenther2022relational,342,17,2.944580078125
guenther2022relational,342,18,4.06201171875
guenther2022relational,342,19,2.1201171875
guenther2022relational,342,20,1.52978515625
guenther2022relational,342,21,3.0595703125
guenther2022relational,342,22,1.7236328125
guenther2022relational,342,23,2.335693359375
guenther2022relational,342,24,2.27197265625
guenther2022relational,342,25,1.66162109375
guenther2022relational,342,26,2.4521484375
guenther2022relational,342,27,1.97509765625
guenther2022relational,342,28,1.28857421875
guenther2022relational,342,29,2.789031982421875
guenther2022relational,342,30,4.27197265625
guenther2022relational,342,31,1.4052734375
guenther2022relational,342,32,1.09765625
guenther2022relational,342,33,5.71875
guenther2022relational,342,34,2.194580078125
guenther2022relational,342,35,4.757080078125
guenther2022relational,342,36,2.42822265625
guenther2022relational,342,37,1.66455078125
guenther2022relational,342,38,3.0458984375
guenther2022relational,342,39,2.498046875
guenther2022relational,342,40,1.71826171875
guenther2022relational,342,41,1.76953125
guenther2022relational,342,42,3.132080078125
guenther2022relational,342,43,2.030517578125
guenther2022relational,342,44,4.0439453125
guenther2022relational,342,45,2.74267578125
guenther2022relational,342,46,0.85693359375
guenther2022relational,342,47,1.44189453125
guenther2022relational,342,48,3.789031982421875
guenther2022relational,342,49,2.41162109375
guenther2022relational,342,50,2.2655029296875
guenther2022relational,342,51,2.71142578125
guenther2022relational,342,52,1.48876953125
guenther2022relational,342,53,2.444580078125
guenther2022relational,342,54,1.7041015625
guenther2022relational,343,0,5.425750732421875
guenther2022relational,343,1,4.77734375
guenther2022relational,343,2,1.374267578125
guenther2022relational,343,3,2.02978515625
guenther2022relational,343,4,3.0155029296875
guenther2022relational,343,5,3.2626953125
guenther2022relational,343,6,3.87939453125
guenther2022relational,343,7,3.554443359375
guenther2022relational,343,8,3.34375
guenther2022relational,343,9,2.4423828125
guenther2022relational,343,10,5.416015625
guenther2022relational,343,11,2.0107421875
guenther2022relational,343,12,2.794921875
guenther2022relational,343,13,3.8642578125
guenther2022relational,343,14,2.6640625
guenther2022relational,343,15,2.43701171875
guenther2022relational,343,16,1.865234375
guenther2022relational,343,17,2.2529296875
guenther2022relational,343,18,1.5361328125
guenther2022relational,343,19,4.90234375
guenther2022relational,343,20,3.09375
guenther2022relational,343,21,2.34765625
guenther2022relational,343,22,1.861328125
guenther2022relational,343,23,2.91015625
guenther2022relational,343,24,2.4296875
guenther2022relational,343,25,1.78515625
guenther2022relational,343,26,2.22265625
guenther2022relational,343,27,4.5205078125
guenther2022relational,343,28,2.3125
guenther2022relational,343,29,1.73095703125
guenther2022relational,343,30,2.267578125
guenther2022relational,343,31,2.806640625
guenther2022relational,343,32,2.99609375
guenther2022relational,343,33,2.81640625
guenther2022relational,343,34,2.263671875
guenther2022relational,343,35,4.2109375
guenther2022relational,343,36,2.412109375
guenther2022relational,343,37,2.78955078125
guenther2022relational,343,38,2.66015625
guenther2022relational,343,39,2.453125
guenther2022relational,343,40,2.015625
guenther2022relational,343,41,3.56640625
guenther2022relational,343,42,2.4951171875
guenther2022relational,343,43,4.5234375
guenther2022relational,343,44,3.798828125
guenther2022relational,343,45,1.349609375
guenther2022relational,343,46,2.58447265625
guenther2022relational,343,47,2.38037109375
guenther2022relational,343,48,2.5400390625
guenther2022relational,343,49,2.4189453125
guenther2022relational,343,50,2.0673828125
guenther2022relational,343,51,3.8876953125
guenther2022relational,343,52,1.890625
guenther2022relational,343,53,2.2109375
guenther2022relational,343,54,2.3046875
guenther2022relational,344,0,2.716796875
guenther2022relational,344,1,4.6728515625
guenther2022relational,344,2,4.0234375
guenther2022relational,344,3,2.4013671875
guenther2022relational,344,4,3.7421875
guenther2022relational,344,5,2.345703125
guenther2022relational,344,6,3.140625
guenther2022relational,344,7,1.4853515625
guenther2022relational,344,8,3.43359375
guenther2022relational,344,9,2.9794921875
guenther2022relational,344,10,2.2353515625
guenther2022relational,344,11,3.3955078125
guenther2022relational,344,12,2.783203125
guenther2022relational,344,13,4.81201171875
guenther2022relational,344,14,2.947265625
guenther2022relational,344,15,1.64794921875
guenther2022relational,344,16,3.3916015625
guenther2022relational,344,17,2.484375
guenther2022relational,344,18,3.12109375
guenther2022relational,344,19,2.4814453125
guenther2022relational,344,20,2.365234375
guenther2022relational,344,21,1.919921875
guenther2022relational,344,22,4.66650390625
guenther2022relational,344,23,3.357421875
guenther2022relational,344,24,2.75
guenther2022relational,344,25,1.072265625
guenther2022relational,344,26,3.29296875
guenther2022relational,344,27,2.47265625
guenther2022relational,344,28,1.70703125
guenther2022relational,344,29,2.44140625
guenther2022relational,344,30,3.2265625
guenther2022relational,344,31,2.78564453125
guenther2022relational,344,32,2.08203125
guenther2022relational,344,33,2.826171875
guenther2022relational,344,34,6.12890625
guenther2022relational,344,35,2.55859375
guenther2022relational,344,36,2.2578125
guenther2022relational,344,37,3.0703125
guenther2022relational,344,38,1.8125
guenther2022relational,344,39,1.01025390625
guenther2022relational,344,40,2.6640625
guenther2022relational,344,41,3.0830078125
guenther2022relational,344,42,5.1875
guenther2022relational,344,43,2.9296875
guenther2022relational,344,44,1.3740234375
guenther2022relational,344,45,2.171875
guenther2022relational,344,46,0.93359375
guenther2022relational,344,47,4.73046875
guenther2022relational,344,48,2.92578125
guenther2022relational,344,49,2.330078125
guenther2022relational,344,50,1.0283203125
guenther2022relational,344,51,2.16796875
guenther2022relational,344,52,1.943359375
guenther2022relational,344,53,1.958984375
guenther2022relational,344,54,2.001953125
guenther2022relational,345,0,3.453125
guenther2022relational,345,1,1.21484375
guenther2022relational,345,2,3.03515625
guenther2022relational,345,3,3.359375
guenther2022relational,345,4,2.671875
guenther2022relational,345,5,2.484375
guenther2022relational,345,6,3.32421875
guenther2022relational,345,7,2.482421875
guenther2022relational,345,8,2.55859375
guenther2022relational,345,9,1.1728515625
guenther2022relational,345,10,0.94140625
guenther2022relational,345,11,3.701171875
guenther2022relational,345,12,1.89453125
guenther2022relational,345,13,1.55078125
guenther2022relational,345,14,1.47265625
guenther2022relational,345,15,1.6953125
guenther2022relational,345,16,2.85546875
guenther2022relational,345,17,1.8515625
guenther2022relational,345,18,4.48828125
guenther2022relational,345,19,3.390625
guenther2022relational,345,20,2.4765625
guenther2022relational,345,21,1.9375
guenther2022relational,345,22,2.45703125
guenther2022relational,345,23,1.6337890625
guenther2022relational,345,24,1.349609375
guenther2022relational,345,25,0.982421875
guenther2022relational,345,26,2.232421875
guenther2022relational,345,27,2.048828125
guenther2022relational,345,28,1.92578125
guenther2022relational,345,29,2.220703125
guenther2022relational,345,30,1.591796875
guenther2022relational,345,31,3.65234375
guenther2022relational,345,32,2.474609375
guenther2022relational,345,33,1.3046875
guenther2022relational,345,34,1.345703125
guenther2022relational,345,35,6.00390625
guenther2022relational,345,36,4.546875
guenther2022relational,345,37,1.388671875
guenther2022relational,345,38,1.09375
guenther2022relational,345,39,1.884765625
guenther2022relational,345,40,4.42578125
guenther2022relational,345,41,3.2421875
guenther2022relational,345,42,2.2265625
guenther2022relational,345,43,1.2880859375
guenther2022relational,345,44,0.955078125
guenther2022relational,345,45,2.205078125
guenther2022relational,345,46,7.126953125
guenther2022relational,345,47,4.125
guenther2022relational,345,48,2.78515625
guenther2022relational,345,49,3.921875
guenther2022relational,345,50,3.572265625
guenther2022relational,345,51,3.5439453125
guenther2022relational,345,52,1.111328125
guenther2022relational,345,53,5.1015625
guenther2022relational,345,54,1.74609375
guenther2022relational,346,0,4.0703125
guenther2022relational,346,1,1.5545654296875
guenther2022relational,346,2,3.3115234375
guenther2022relational,346,3,1.42333984375
guenther2022relational,346,4,3.0556640625
guenther2022relational,346,5,4.4150390625
guenther2022relational,346,6,3.19775390625
guenther2022relational,346,7,3.7802734375
guenther2022relational,346,8,1.460693359375
guenther2022relational,346,9,3.96484375
guenther2022relational,346,10,3.225830078125
guenther2022relational,346,11,2.757568359375
guenther2022relational,346,12,4.67822265625
guenther2022relational,346,13,3.90234375
guenther2022relational,346,14,3.361328125
guenther2022relational,346,15,3.8330078125
guenther2022relational,346,16,2.69921875
guenther2022relational,346,17,3.201171875
guenther2022relational,346,18,2.163330078125
guenther2022relational,346,19,1.76416015625
guenther2022relational,346,20,2.070068359375
guenther2022relational,346,21,2.085205078125
guenther2022relational,346,22,2.085693359375
guenther2022relational,346,23,2.029296875
guenther2022relational,346,24,1.6405029296875
guenther2022relational,346,25,1.8974609375
guenther2022relational,346,26,2.1845703125
guenther2022relational,346,27,1.53857421875
guenther2022relational,346,28,1.318359375
guenther2022relational,346,29,1.139892578125
guenther2022relational,346,30,4.74609375
guenther2022relational,346,31,3.21826171875
guenther2022relational,346,32,1.56103515625
guenther2022relational,346,33,2.5654296875
guenther2022relational,346,34,1.8349609375
guenther2022relational,346,35,1.28076171875
guenther2022relational,346,36,1.11669921875
guenther2022relational,346,37,1.163818359375
guenther2022relational,346,38,3.163818359375
guenther2022relational,346,39,1.093719482421875
guenther2022relational,346,40,6.19921875
guenther2022relational,346,41,2.68212890625
guenther2022relational,346,42,3.8974609375
guenther2022relational,346,43,1.33203125
guenther2022relational,346,44,0.9423828125
guenther2022relational,346,45,0.96435546875
guenther2022relational,346,46,2.576171875
guenther2022relational,346,47,2.4462890625
guenther2022relational,346,48,3.600830078125
guenther2022relational,346,49,0.737548828125
guenther2022relational,346,50,3.435546875
guenther2022relational,346,51,2.15234375
guenther2022relational,346,52,1.0858154296875
guenther2022relational,346,53,1.14794921875
guenther2022relational,346,54,1.09912109375
guenther2022relational,347,0,4.167938232421875
guenther2022relational,347,1,3.97265625
guenther2022relational,347,2,1.87548828125
guenther2022relational,347,3,4.044921875
guenther2022relational,347,4,1.630859375
guenther2022relational,347,5,0.4959716796875
guenther2022relational,347,6,1.25390625
guenther2022relational,347,7,1.4091796875
guenther2022relational,347,8,2.8330078125
guenther2022relational,347,9,5.36376953125
guenther2022relational,347,10,2.8095703125
guenther2022relational,347,11,1.77978515625
guenther2022relational,347,12,3.578125
guenther2022relational,347,13,3.373046875
guenther2022relational,347,14,2.919921875
guenther2022relational,347,15,3.484375
guenther2022relational,347,16,2.74609375
guenther2022relational,347,17,3.1015625
guenther2022relational,347,18,1.259765625
guenther2022relational,347,19,5.287109375
guenther2022relational,347,20,2.85205078125
guenther2022relational,347,21,2.201171875
guenther2022relational,347,22,2.78125
guenther2022relational,347,23,1.9013671875
guenther2022relational,347,24,2.265625
guenther2022relational,347,25,2.62939453125
guenther2022relational,347,26,5.4453125
guenther2022relational,347,27,2.18359375
guenther2022relational,347,28,2.4453125
guenther2022relational,347,29,2.98046875
guenther2022relational,347,30,2.07421875
guenther2022relational,347,31,2.6220703125
guenther2022relational,347,32,1.78515625
guenther2022relational,347,33,1.5185546875
guenther2022relational,347,34,2.67578125
guenther2022relational,347,35,0.896484375
guenther2022relational,347,36,2.06298828125
guenther2022relational,347,37,1.45263671875
guenther2022relational,347,38,2.6416015625
guenther2022relational,347,39,4.78515625
guenther2022relational,347,40,4.921875
guenther2022relational,347,41,1.6591796875
guenther2022relational,347,42,2.59375
guenther2022relational,347,43,2.01953125
guenther2022relational,347,44,2.7666015625
guenther2022relational,347,45,2.2890625
guenther2022relational,347,46,1.66015625
guenther2022relational,347,47,3.779296875
guenther2022relational,347,48,2.783203125
guenther2022relational,347,49,2.380859375
guenther2022relational,347,50,2.556640625
guenther2022relational,347,51,3.060546875
guenther2022relational,347,52,2.1748046875
guenther2022relational,347,53,2.0078125
guenther2022relational,347,54,2.158203125
guenther2022relational,348,0,4.0546875
guenther2022relational,348,1,2.09375
guenther2022relational,348,2,5.857421875
guenther2022relational,348,3,3.0703125
guenther2022relational,348,4,2.63671875
guenther2022relational,348,5,3.27734375
guenther2022relational,348,6,1.96484375
guenther2022relational,348,7,4.517578125
guenther2022relational,348,8,3.275390625
guenther2022relational,348,9,1.953125
guenther2022relational,348,10,2.09765625
guenther2022relational,348,11,4.60546875
guenther2022relational,348,12,2.2734375
guenther2022relational,348,13,4.22265625
guenther2022relational,348,14,2.734375
guenther2022relational,348,15,4.0419921875
guenther2022relational,348,16,3.875
guenther2022relational,348,17,2.07763671875
guenther2022relational,348,18,3.30078125
guenther2022relational,348,19,3.73828125
guenther2022relational,348,20,2.96484375
guenther2022relational,348,21,2.40234375
guenther2022relational,348,22,3.15625
guenther2022relational,348,23,3.79296875
guenther2022relational,348,24,3.1875
guenther2022relational,348,25,2.80078125
guenther2022relational,348,26,1.4814453125
guenther2022relational,348,27,3.046875
guenther2022relational,348,28,3.08984375
guenther2022relational,348,29,2.509765625
guenther2022relational,348,30,2.3046875
guenther2022relational,348,31,3.9345703125
guenther2022relational,348,32,2.6767578125
guenther2022relational,348,33,2.8857421875
guenther2022relational,348,34,2.8291015625
guenther2022relational,348,35,2.5263671875
guenther2022relational,348,36,2.21875
guenther2022relational,348,37,2.84765625
guenther2022relational,348,38,3.19921875
guenther2022relational,348,39,3.39697265625
guenther2022relational,348,40,2.4462890625
guenther2022relational,348,41,3.8564453125
guenther2022relational,348,42,3.1103515625
guenther2022relational,348,43,2.7587890625
guenther2022relational,348,44,2.8515625
guenther2022relational,348,45,3.529296875
guenther2022relational,348,46,3.4228515625
guenther2022relational,348,47,3.1025390625
guenther2022relational,348,48,2.54150390625
guenther2022relational,348,49,2.3720703125
guenther2022relational,348,50,2.46142578125
guenther2022relational,348,51,6.6064453125
guenther2022relational,348,52,2.6767578125
guenther2022relational,348,53,2.607421875
guenther2022relational,348,54,3.7265625
guenther2022relational,349,0,5.09375
guenther2022relational,349,1,2.98828125
guenther2022relational,349,2,4.017578125
guenther2022relational,349,3,2.853515625
guenther2022relational,349,4,2.2265625
guenther2022relational,349,5,2.89697265625
guenther2022relational,349,6,2.279296875
guenther2022relational,349,7,1.8359375
guenther2022relational,349,8,2.736328125
guenther2022relational,349,9,1.01416015625
guenther2022relational,349,10,2.3818359375
guenther2022relational,349,11,2.23046875
guenther2022relational,349,12,2.33203125
guenther2022relational,349,13,2.5556640625
guenther2022relational,349,14,2.59765625
guenther2022relational,349,15,2.322265625
guenther2022relational,349,16,1.73681640625
guenther2022relational,349,17,2.4228515625
guenther2022relational,349,18,1.84375
guenther2022relational,349,19,2.95703125
guenther2022relational,349,20,4.3662109375
guenther2022relational,349,21,2.283203125
guenther2022relational,349,22,2.6044921875
guenther2022relational,349,23,2.51953125
guenther2022relational,349,24,3.54296875
guenther2022relational,349,25,1.630859375
guenther2022relational,349,26,5.4375
guenther2022relational,349,27,2.482421875
guenther2022relational,349,28,4.01171875
guenther2022relational,349,29,4.33251953125
guenther2022relational,349,30,3.322265625
guenther2022relational,349,31,2.6064453125
guenther2022relational,349,32,3.7880859375
guenther2022relational,349,33,2.203125
guenther2022relational,349,34,2.7763671875
guenther2022relational,349,35,1.9775390625
guenther2022relational,349,36,3.2080078125
guenther2022relational,349,37,3.005859375
guenther2022relational,349,38,3.58984375
guenther2022relational,349,39,2.3955078125
guenther2022relational,349,40,2.6416015625
guenther2022relational,349,41,2.75390625
guenther2022relational,349,42,3.0712890625
guenther2022relational,349,43,5.810546875
guenther2022relational,349,44,1.6767578125
guenther2022relational,349,45,3.72265625
guenther2022relational,349,46,2.470703125
guenther2022relational,349,47,1.857421875
guenther2022relational,349,48,3.470703125
guenther2022relational,349,49,2.4599609375
guenther2022relational,349,50,2.1396484375
guenther2022relational,349,51,2.3818359375
guenther2022relational,349,52,1.8740234375
guenther2022relational,349,53,2.9892578125
guenther2022relational,349,54,2.1494140625
guenther2022relational,350,0,4.328094482421875
guenther2022relational,350,1,0.5654296875
guenther2022relational,350,2,9.585693359375
guenther2022relational,350,3,4.890625
guenther2022relational,350,4,3.359375
guenther2022relational,350,5,1.953125
guenther2022relational,350,6,2.125
guenther2022relational,350,7,3.107421875
guenther2022relational,350,8,3.7421875
guenther2022relational,350,9,3.302734375
guenther2022relational,350,10,2.1533203125
guenther2022relational,350,11,1.666015625
guenther2022relational,350,12,1.162109375
guenther2022relational,350,13,1.662109375
guenther2022relational,350,14,1.4609375
guenther2022relational,350,15,2.263671875
guenther2022relational,350,16,3.33642578125
guenther2022relational,350,17,2.716796875
guenther2022relational,350,18,1.3642578125
guenther2022relational,350,19,3.6708984375
guenther2022relational,350,20,2.0009765625
guenther2022relational,350,21,1.6376953125
guenther2022relational,350,22,4.33251953125
guenther2022relational,350,23,3.8193359375
guenther2022relational,350,24,1.48046875
guenther2022relational,350,25,2.30126953125
guenther2022relational,350,26,2.78564453125
guenther2022relational,350,27,2.181640625
guenther2022relational,350,28,2.634765625
guenther2022relational,350,29,1.5966796875
guenther2022relational,350,30,2.04150390625
guenther2022relational,350,31,2.5400390625
guenther2022relational,350,32,2.78076171875
guenther2022relational,350,33,3.64501953125
guenther2022relational,350,34,1.390380859375
guenther2022relational,350,35,2.21826171875
guenther2022relational,350,36,2.132568359375
guenther2022relational,350,37,2.716796875
guenther2022relational,350,38,1.79638671875
guenther2022relational,350,39,1.826171875
guenther2022relational,350,40,2.6240234375
guenther2022relational,350,41,3.1092529296875
guenther2022relational,350,42,2.7978515625
guenther2022relational,350,43,1.9638671875
guenther2022relational,350,44,1.81787109375
guenther2022relational,350,45,3.95751953125
guenther2022relational,350,46,1.419921875
guenther2022relational,350,47,2.069580078125
guenther2022relational,350,48,2.27734375
guenther2022relational,350,49,5.7734375
guenther2022relational,350,50,2.216796875
guenther2022relational,350,51,3.5126953125
guenther2022relational,350,52,3.55517578125
guenther2022relational,350,53,3.828125
guenther2022relational,350,54,3.8359375
guenther2022relational,351,0,3.210906982421875
guenther2022relational,351,1,4.66015625
guenther2022relational,351,2,0.7158203125
guenther2022relational,351,3,3.12646484375
guenther2022relational,351,4,1.318359375
guenther2022relational,351,5,4.138671875
guenther2022relational,351,6,1.46142578125
guenther2022relational,351,7,6.03125
guenther2022relational,351,8,2.9453125
guenther2022relational,351,9,4.84375
guenther2022relational,351,10,3.32421875
guenther2022relational,351,11,3.7783203125
guenther2022relational,351,12,2.44775390625
guenther2022relational,351,13,3.84912109375
guenther2022relational,351,14,2.18359375
guenther2022relational,351,15,3.142578125
guenther2022relational,351,16,3.7109375
guenther2022relational,351,17,2.890625
guenther2022relational,351,18,3.83203125
guenther2022relational,351,19,2.33642578125
guenther2022relational,351,20,3.22265625
guenther2022relational,351,21,2.39453125
guenther2022relational,351,22,3.2919921875
guenther2022relational,351,23,2.5595703125
guenther2022relational,351,24,2.09765625
guenther2022relational,351,25,3.6796875
guenther2022relational,351,26,3.453125
guenther2022relational,351,27,3.125
guenther2022relational,351,28,2.560546875
guenther2022relational,351,29,2.23046875
guenther2022relational,351,30,1.724609375
guenther2022relational,351,31,2.689453125
guenther2022relational,351,32,2.1181640625
guenther2022relational,351,33,4.163330078125
guenther2022relational,351,34,4.75537109375
guenther2022relational,351,35,2.5546875
guenther2022relational,351,36,1.78515625
guenther2022relational,351,37,3.7666015625
guenther2022relational,351,38,2.6875
guenther2022relational,351,39,3.630859375
guenther2022relational,351,40,1.87890625
guenther2022relational,351,41,3.4609375
guenther2022relational,351,42,2.1650390625
guenther2022relational,351,43,3.1005859375
guenther2022relational,351,44,2.6201171875
guenther2022relational,351,45,2.8828125
guenther2022relational,351,46,2.9150390625
guenther2022relational,351,47,4.1796875
guenther2022relational,351,48,2.9853515625
guenther2022relational,351,49,1.98046875
guenther2022relational,351,50,2.33349609375
guenther2022relational,351,51,2.88671875
guenther2022relational,351,52,2.173828125
guenther2022relational,351,53,2.6591796875
guenther2022relational,351,54,2.87890625
guenther2022relational,352,0,4.6484375
guenther2022relational,352,1,4.8779296875
guenther2022relational,352,2,5.2587890625
guenther2022relational,352,3,2.685546875
guenther2022relational,352,4,2.5205078125
guenther2022relational,352,5,2.58984375
guenther2022relational,352,6,2.43017578125
guenther2022relational,352,7,4.54833984375
guenther2022relational,352,8,3.8720703125
guenther2022relational,352,9,2.83984375
guenther2022relational,352,10,2.3505859375
guenther2022relational,352,11,3.39697265625
guenther2022relational,352,12,2.8592529296875
guenther2022relational,352,13,3.18017578125
guenther2022relational,352,14,3.4998779296875
guenther2022relational,352,15,2.4189453125
guenther2022relational,352,16,2.7783203125
guenther2022relational,352,17,3.279296875
guenther2022relational,352,18,2.4345703125
guenther2022relational,352,19,2.3564453125
guenther2022relational,352,20,3.8466796875
guenther2022relational,352,21,2.57080078125
guenther2022relational,352,22,2.5146484375
guenther2022relational,352,23,2.24951171875
guenther2022relational,352,24,2.742156982421875
guenther2022relational,352,25,3.421875
guenther2022relational,352,26,2.26708984375
guenther2022relational,352,27,2.94189453125
guenther2022relational,352,28,3.0673828125
guenther2022relational,352,29,3.5751953125
guenther2022relational,352,30,3.00390625
guenther2022relational,352,31,2.908203125
guenther2022relational,352,32,3.310546875
guenther2022relational,352,33,2.63330078125
guenther2022relational,352,34,3.2861328125
guenther2022relational,352,35,1.79443359375
guenther2022relational,352,36,2.255859375
guenther2022relational,352,37,3.83984375
guenther2022relational,352,38,2.86474609375
guenther2022relational,352,39,1.86181640625
guenther2022relational,352,40,1.6513671875
guenther2022relational,352,41,1.86572265625
guenther2022relational,352,42,3.5068359375
guenther2022relational,352,43,2.58251953125
guenther2022relational,352,44,2.5380859375
guenther2022relational,352,45,2.658203125
guenther2022relational,352,46,2.830078125
guenther2022relational,352,47,2.6640625
guenther2022relational,352,48,4.73583984375
guenther2022relational,352,49,2.64697265625
guenther2022relational,352,50,1.2342529296875
guenther2022relational,352,51,2.2158203125
guenther2022relational,352,52,3.803955078125
guenther2022relational,352,53,6.703125
guenther2022relational,352,54,2.125
guenther2022relational,353,0,2.775390625
guenther2022relational,353,1,2.1787109375
guenther2022relational,353,2,3.779296875
guenther2022relational,353,3,2.61474609375
guenther2022relational,353,4,2.291015625
guenther2022relational,353,5,2.703125
guenther2022relational,353,6,2.05517578125
guenther2022relational,353,7,3.2109375
guenther2022relational,353,8,1.7587890625
guenther2022relational,353,9,3.12890625
guenther2022relational,353,10,4.5400390625
guenther2022relational,353,11,2.166015625
guenther2022relational,353,12,4.31640625
guenther2022relational,353,13,3.2197265625
guenther2022relational,353,14,3.34765625
guenther2022relational,353,15,2.849609375
guenther2022relational,353,16,2.9228515625
guenther2022relational,353,17,2.16015625
guenther2022relational,353,18,1.6884765625
guenther2022relational,353,19,1.74951171875
guenther2022relational,353,20,3.1083984375
guenther2022relational,353,21,1.68701171875
guenther2022relational,353,22,3.1416015625
guenther2022relational,353,23,4.7109375
guenther2022relational,353,24,2.1845703125
guenther2022relational,353,25,2.076171875
guenther2022relational,353,26,5.4375
guenther2022relational,353,27,2.3720703125
guenther2022relational,353,28,3.3916015625
guenther2022relational,353,29,1.6455078125
guenther2022relational,353,30,1.8828125
guenther2022relational,353,31,1.335693359375
guenther2022relational,353,32,1.0439453125
guenther2022relational,353,33,2.4892578125
guenther2022relational,353,34,4.56787109375
guenther2022relational,353,35,3.09326171875
guenther2022relational,353,36,4.2783203125
guenther2022relational,353,37,1.958984375
guenther2022relational,353,38,1.8251953125
guenther2022relational,353,39,1.744140625
guenther2022relational,353,40,3.74072265625
guenther2022relational,353,41,2.24462890625
guenther2022relational,353,42,1.8251953125
guenther2022relational,353,43,2.98876953125
guenther2022relational,353,44,1.4775390625
guenther2022relational,353,45,1.2705078125
guenther2022relational,353,46,1.3818359375
guenther2022relational,353,47,1.77880859375
guenther2022relational,353,48,2.695068359375
guenther2022relational,353,49,1.130859375
guenther2022relational,353,50,2.03076171875
guenther2022relational,353,51,2.43212890625
guenther2022relational,353,52,5.6025390625
guenther2022relational,353,53,3.28955078125
guenther2022relational,353,54,2.319580078125
guenther2022relational,354,0,5.59375
guenther2022relational,354,1,1.2587890625
guenther2022relational,354,2,4.4033203125
guenther2022relational,354,3,4.921875
guenther2022relational,354,4,3.251953125
guenther2022relational,354,5,5.36767578125
guenther2022relational,354,6,3.248046875
guenther2022relational,354,7,2.52734375
guenther2022relational,354,8,2.413330078125
guenther2022relational,354,9,1.94921875
guenther2022relational,354,10,3.273193359375
guenther2022relational,354,11,2.6083984375
guenther2022relational,354,12,0.9569091796875
guenther2022relational,354,13,3.163818359375
guenther2022relational,354,14,3.6533203125
guenther2022relational,354,15,3.373046875
guenther2022relational,354,16,2.3193359375
guenther2022relational,354,17,4.2421875
guenther2022relational,354,18,2.97509765625
guenther2022relational,354,19,3.55322265625
guenther2022relational,354,20,3.16796875
guenther2022relational,354,21,2.57080078125
guenther2022relational,354,22,1.84033203125
guenther2022relational,354,23,1.92431640625
guenther2022relational,354,24,5.23828125
guenther2022relational,354,25,2.32421875
guenther2022relational,354,26,3.4609375
guenther2022relational,354,27,2.3828125
guenther2022relational,354,28,1.8505859375
guenther2022relational,354,29,1.8505859375
guenther2022relational,354,30,2.11083984375
guenther2022relational,354,31,5.388671875
guenther2022relational,354,32,1.6689453125
guenther2022relational,354,33,3.8955078125
guenther2022relational,354,34,1.4658203125
guenther2022relational,354,35,1.35595703125
guenther2022relational,354,36,3.99609375
guenther2022relational,354,37,3.0107421875
guenther2022relational,354,38,1.4755859375
guenther2022relational,354,39,1.35595703125
guenther2022relational,354,40,1.07666015625
guenther2022relational,354,41,3.17822265625
guenther2022relational,354,42,2.78759765625
guenther2022relational,354,43,3.859375
guenther2022relational,354,44,2.638671875
guenther2022relational,354,45,1.31005859375
guenther2022relational,354,46,2.04541015625
guenther2022relational,354,47,1.531005859375
guenther2022relational,354,48,1.1455078125
guenther2022relational,354,49,2.42626953125
guenther2022relational,354,50,2.48974609375
guenther2022relational,354,51,1.12890625
guenther2022relational,354,52,1.248046875
guenther2022relational,354,53,4.7041015625
guenther2022relational,354,54,1.380859375
guenther2022relational,355,0,3.765625
guenther2022relational,355,1,1.271484375
guenther2022relational,355,2,3.685546875
guenther2022relational,355,3,3.09326171875
guenther2022relational,355,4,2.88525390625
guenther2022relational,355,5,5.0146484375
guenther2022relational,355,6,2.48876953125
guenther2022relational,355,7,3.478515625
guenther2022relational,355,8,2.841796875
guenther2022relational,355,9,3.7587890625
guenther2022relational,355,10,3.59814453125
guenther2022relational,355,11,2.820281982421875
guenther2022relational,355,12,2.09912109375
guenther2022relational,355,13,3.5126953125
guenther2022relational,355,14,2.898193359375
guenther2022relational,355,15,2.4345703125
guenther2022relational,355,16,3.57421875
guenther2022relational,355,17,3.3280029296875
guenther2022relational,355,18,2.3896484375
guenther2022relational,355,19,2.694580078125
guenther2022relational,355,20,4.8359375
guenther2022relational,355,21,2.1923828125
guenther2022relational,355,22,4.69287109375
guenther2022relational,355,23,3.6064453125
guenther2022relational,355,24,1.3251953125
guenther2022relational,355,25,2.970703125
guenther2022relational,355,26,3.39501953125
guenther2022relational,355,27,2.41455078125
guenther2022relational,355,28,2.61376953125
guenther2022relational,355,29,1.92236328125
guenther2022relational,355,30,2.7275390625
guenther2022relational,355,31,5.359375
guenther2022relational,355,32,2.82421875
guenther2022relational,355,33,3.0634765625
guenther2022relational,355,34,2.064453125
guenther2022relational,355,35,3.904296875
guenther2022relational,355,36,3.5400390625
guenther2022relational,355,37,2.99072265625
guenther2022relational,355,38,1.91064453125
guenther2022relational,355,39,3.1484375
guenther2022relational,355,40,1.9580078125
guenther2022relational,355,41,3.0595703125
guenther2022relational,355,42,3.623046875
guenther2022relational,355,43,2.38037109375
guenther2022relational,355,44,2.171875
guenther2022relational,355,45,2.982421875
guenther2022relational,355,46,2.12890625
guenther2022relational,355,47,4.1181640625
guenther2022relational,355,48,3.16064453125
guenther2022relational,355,49,2.12890625
guenther2022relational,355,50,2.6708984375
guenther2022relational,355,51,3.08837890625
guenther2022relational,355,52,1.96533203125
guenther2022relational,355,53,3.0693359375
guenther2022relational,355,54,1.9580078125
guenther2022relational,356,0,4.804443359375
guenther2022relational,356,1,3.09375
guenther2022relational,356,2,3.8046875
guenther2022relational,356,3,2.09375
guenther2022relational,356,4,1.38671875
guenther2022relational,356,5,4.0419921875
guenther2022relational,356,6,2.2734375
guenther2022relational,356,7,3.3828125
guenther2022relational,356,8,2.384765625
guenther2022relational,356,9,1.98046875
guenther2022relational,356,10,2.14453125
guenther2022relational,356,11,1.81640625
guenther2022relational,356,12,3.23828125
guenther2022relational,356,13,2.091796875
guenther2022relational,356,14,1.61328125
guenther2022relational,356,15,3.8857421875
guenther2022relational,356,16,2.546875
guenther2022relational,356,17,2.619140625
guenther2022relational,356,18,2.63525390625
guenther2022relational,356,19,4.51171875
guenther2022relational,356,20,3.525390625
guenther2022relational,356,21,3.22265625
guenther2022relational,356,22,3.353515625
guenther2022relational,356,23,3.857421875
guenther2022relational,356,24,2.1796875
guenther2022relational,356,25,1.8984375
guenther2022relational,356,26,5.0068359375
guenther2022relational,356,27,2.4697265625
guenther2022relational,356,28,4.58203125
guenther2022relational,356,29,2.509765625
guenther2022relational,356,30,3.154296875
guenther2022relational,356,31,4.02392578125
guenther2022relational,356,32,2.40234375
guenther2022relational,356,33,3.775390625
guenther2022relational,356,34,2.185546875
guenther2022relational,356,35,2.9892578125
guenther2022relational,356,36,2.23828125
guenther2022relational,356,37,3.20703125
guenther2022relational,356,38,2.3671875
guenther2022relational,356,39,2.416015625
guenther2022relational,356,40,3.275390625
guenther2022relational,356,41,4.640625
guenther2022relational,356,42,1.7578125
guenther2022relational,356,43,1.97705078125
guenther2022relational,356,44,3.4287109375
guenther2022relational,356,45,1.85400390625
guenther2022relational,356,46,2.021484375
guenther2022relational,356,47,4.5703125
guenther2022relational,356,48,3.55517578125
guenther2022relational,356,49,1.9306640625
guenther2022relational,356,50,1.89111328125
guenther2022relational,356,51,3.2158203125
guenther2022relational,356,52,2.451171875
guenther2022relational,356,53,2.30078125
guenther2022relational,356,54,1.9365234375
guenther2022relational,357,0,3.382781982421875
guenther2022relational,357,1,2.17333984375
guenther2022relational,357,2,2.710693359375
guenther2022relational,357,3,3.328125
guenther2022relational,357,4,3.234375
guenther2022relational,357,5,3.77197265625
guenther2022relational,357,6,1.68359375
guenther2022relational,357,7,2.5068359375
guenther2022relational,357,8,1.98046875
guenther2022relational,357,9,2.9765625
guenther2022relational,357,10,2.33203125
guenther2022relational,357,11,2.37890625
guenther2022relational,357,12,2.130859375
guenther2022relational,357,13,2.048828125
guenther2022relational,357,14,2.1953125
guenther2022relational,357,15,3.609375
guenther2022relational,357,16,3.33203125
guenther2022relational,357,17,2.521484375
guenther2022relational,357,18,3.7353515625
guenther2022relational,357,19,5.291015625
guenther2022relational,357,20,2.615234375
guenther2022relational,357,21,2.5419921875
guenther2022relational,357,22,2.796875
guenther2022relational,357,23,2.94921875
guenther2022relational,357,24,2.46484375
guenther2022relational,357,25,2.6728515625
guenther2022relational,357,26,4.716796875
guenther2022relational,357,27,3.27197265625
guenther2022relational,357,28,2.38671875
guenther2022relational,357,29,3.828125
guenther2022relational,357,30,2.6220703125
guenther2022relational,357,31,2.2119140625
guenther2022relational,357,32,3.40576171875
guenther2022relational,357,33,3.1025390625
guenther2022relational,357,34,2.16796875
guenther2022relational,357,35,3.046875
guenther2022relational,357,36,4.078125
guenther2022relational,357,37,2.9609375
guenther2022relational,357,38,2.4970703125
guenther2022relational,357,39,3.0625
guenther2022relational,357,40,1.849609375
guenther2022relational,357,41,3.990234375
guenther2022relational,357,42,1.10546875
guenther2022relational,357,43,3.0546875
guenther2022relational,357,44,3.50830078125
guenther2022relational,357,45,4.8916015625
guenther2022relational,357,46,2.9765625
guenther2022relational,357,47,4.212890625
guenther2022relational,357,48,3.7041015625
guenther2022relational,357,49,2.93359375
guenther2022relational,357,50,2.37109375
guenther2022relational,357,51,2.328125
guenther2022relational,357,52,3.861328125
guenther2022relational,357,53,2.71875
guenther2022relational,357,54,2.01953125
guenther2022relational,358,0,1.99993896484375
guenther2022relational,358,1,0.697265625
guenther2022relational,358,2,4.32275390625
guenther2022relational,358,3,4.787109375
guenther2022relational,358,4,1.5673828125
guenther2022relational,358,5,2.4892578125
guenther2022relational,358,6,3.2275390625
guenther2022relational,358,7,4.2109375
guenther2022relational,358,8,2.7216796875
guenther2022relational,358,9,1.5078125
guenther2022relational,358,10,4.849609375
guenther2022relational,358,11,2.73828125
guenther2022relational,358,12,3.1728515625
guenther2022relational,358,13,2.654296875
guenther2022relational,358,14,3.07421875
guenther2022relational,358,15,2.498046875
guenther2022relational,358,16,1.94140625
guenther2022relational,358,17,3.529296875
guenther2022relational,358,18,2.97705078125
guenther2022relational,358,19,3.05859375
guenther2022relational,358,20,2.486328125
guenther2022relational,358,21,2.6220703125
guenther2022relational,358,22,0.678955078125
guenther2022relational,358,23,3.8505859375
guenther2022relational,358,24,1.8173828125
guenther2022relational,358,25,1.9140625
guenther2022relational,358,26,2.51171875
guenther2022relational,358,27,3.77734375
guenther2022relational,358,28,2.00048828125
guenther2022relational,358,29,3.181640625
guenther2022relational,358,30,1.0888671875
guenther2022relational,358,31,2.3251953125
guenther2022relational,358,32,2.310546875
guenther2022relational,358,33,2.3955078125
guenther2022relational,358,34,1.80078125
guenther2022relational,358,35,2.36328125
guenther2022relational,358,36,3.359375
guenther2022relational,358,37,4.5
guenther2022relational,358,38,3.630859375
guenther2022relational,358,39,1.9921875
guenther2022relational,358,40,2.572265625
guenther2022relational,358,41,1.974609375
guenther2022relational,358,42,2.3291015625
guenther2022relational,358,43,2.5078125
guenther2022relational,358,44,2.95703125
guenther2022relational,358,45,1.0546875
guenther2022relational,358,46,3.927734375
guenther2022relational,358,47,2.650390625
guenther2022relational,358,48,2.0703125
guenther2022relational,358,49,2.333984375
guenther2022relational,358,50,2.26171875
guenther2022relational,358,51,1.7734375
guenther2022relational,358,52,1.58251953125
guenther2022relational,358,53,2.4296875
guenther2022relational,358,54,2.1591796875
guenther2022relational,359,0,4.796875
guenther2022relational,359,1,3.55517578125
guenther2022relational,359,2,0.994140625
guenther2022relational,359,3,3.376953125
guenther2022relational,359,4,1.6982421875
guenther2022relational,359,5,5.45751953125
guenther2022relational,359,6,1.4619140625
guenther2022relational,359,7,2.44921875
guenther2022relational,359,8,5.2734375
guenther2022relational,359,9,2.310546875
guenther2022relational,359,10,1.30859375
guenther2022relational,359,11,3.1796875
guenther2022relational,359,12,2.94921875
guenther2022relational,359,13,4.201171875
guenther2022relational,359,14,3.69921875
guenther2022relational,359,15,3.6591796875
guenther2022relational,359,16,3.0205078125
guenther2022relational,359,17,1.87109375
guenther2022relational,359,18,2.6416015625
guenther2022relational,359,19,2.052734375
guenther2022relational,359,20,5.71875
guenther2022relational,359,21,1.552734375
guenther2022relational,359,22,2.861328125
guenther2022relational,359,23,1.3662109375
guenther2022relational,359,24,1.60546875
guenther2022relational,359,25,2.16796875
guenther2022relational,359,26,2.6328125
guenther2022relational,359,27,2.7109375
guenther2022relational,359,28,2.419921875
guenther2022relational,359,29,3.19921875
guenther2022relational,359,30,2.978515625
guenther2022relational,359,31,2.30517578125
guenther2022relational,359,32,1.71484375
guenther2022relational,359,33,5.685546875
guenther2022relational,359,34,2.515625
guenther2022relational,359,35,1.8515625
guenther2022relational,359,36,2.8505859375
guenther2022relational,359,37,3.072265625
guenther2022relational,359,38,3.037109375
guenther2022relational,359,39,1.38818359375
guenther2022relational,359,40,1.15234375
guenther2022relational,359,41,1.2158203125
guenther2022relational,359,42,3.927734375
guenther2022relational,359,43,2.3037109375
guenther2022relational,359,44,3.2578125
guenther2022relational,359,45,1.85546875
guenther2022relational,359,46,1.18017578125
guenther2022relational,359,47,4.1015625
guenther2022relational,359,48,3.0390625
guenther2022relational,359,49,1.3095703125
guenther2022relational,359,50,2.9482421875
guenther2022relational,359,51,3.3046875
guenther2022relational,359,52,3.49609375
guenther2022relational,359,53,2.341796875
guenther2022relational,359,54,1.041015625
guenther2022relational,360,0,3.53515625
guenther2022relational,360,1,4.091796875
guenther2022relational,360,2,2.83251953125
guenther2022relational,360,3,2.78515625
guenther2022relational,360,4,1.97265625
guenther2022relational,360,5,3.154296875
guenther2022relational,360,6,4.36328125
guenther2022relational,360,7,2.89453125
guenther2022relational,360,8,2.65234375
guenther2022relational,360,9,2.755859375
guenther2022relational,360,10,2.0888671875
guenther2022relational,360,11,2.3388671875
guenther2022relational,360,12,2.49951171875
guenther2022relational,360,13,2.0830078125
guenther2022relational,360,14,3.3984375
guenther2022relational,360,15,1.9736328125
guenther2022relational,360,16,2.31640625
guenther2022relational,360,17,2.4765625
guenther2022relational,360,18,3.5107421875
guenther2022relational,360,19,1.9609375
guenther2022relational,360,20,4.328125
guenther2022relational,360,21,1.984375
guenther2022relational,360,22,4.9541015625
guenther2022relational,360,23,1.6240234375
guenther2022relational,360,24,3.97900390625
guenther2022relational,360,25,1.6611328125
guenther2022relational,360,26,2.916015625
guenther2022relational,360,27,3.890625
guenther2022relational,360,28,1.64501953125
guenther2022relational,360,29,1.8173828125
guenther2022relational,360,30,0.784912109375
guenther2022relational,360,31,1.3720703125
guenther2022relational,360,32,3.015625
guenther2022relational,360,33,2.490234375
guenther2022relational,360,34,6.8095703125
guenther2022relational,360,35,2.9443359375
guenther2022relational,360,36,4.595703125
guenther2022relational,360,37,2.5380859375
guenther2022relational,360,38,3.1640625
guenther2022relational,360,39,2.1298828125
guenther2022relational,360,40,1.1494140625
guenther2022relational,360,41,4.857421875
guenther2022relational,360,42,2.3330078125
guenther2022relational,360,43,2.376953125
guenther2022relational,360,44,1.86865234375
guenther2022relational,360,45,1.499755859375
guenther2022relational,360,46,2.0751953125
guenther2022relational,360,47,2.1591796875
guenther2022relational,360,48,1.6884765625
guenther2022relational,360,49,2.203125
guenther2022relational,360,50,4.4482421875
guenther2022relational,360,51,4.33251953125
guenther2022relational,360,52,2.9853515625
guenther2022relational,360,53,1.8896484375
guenther2022relational,360,54,2.556640625
guenther2022relational,361,0,3.09375
guenther2022relational,361,1,3.10546875
guenther2022relational,361,2,3.478515625
guenther2022relational,361,3,2.76171875
guenther2022relational,361,4,3.7822265625
guenther2022relational,361,5,3.396484375
guenther2022relational,361,6,2.03955078125
guenther2022relational,361,7,3.34375
guenther2022relational,361,8,2.8037109375
guenther2022relational,361,9,2.5234375
guenther2022relational,361,10,2.3095703125
guenther2022relational,361,11,2.89892578125
guenther2022relational,361,12,2.5908203125
guenther2022relational,361,13,2.341796875
guenther2022relational,361,14,2.80712890625
guenther2022relational,361,15,2.69140625
guenther2022relational,361,16,2.7939453125
guenther2022relational,361,17,2.427734375
guenther2022relational,361,18,1.60302734375
guenther2022relational,361,19,5.84375
guenther2022relational,361,20,1.3125
guenther2022relational,361,21,2.978515625
guenther2022relational,361,22,2.763671875
guenther2022relational,361,23,2.5625
guenther2022relational,361,24,2.16796875
guenther2022relational,361,25,2.75
guenther2022relational,361,26,2.265625
guenther2022relational,361,27,1.56640625
guenther2022relational,361,28,2.130859375
guenther2022relational,361,29,3.10546875
guenther2022relational,361,30,1.72265625
guenther2022relational,361,31,2.00048828125
guenther2022relational,361,32,1.6484375
guenther2022relational,361,33,2.578125
guenther2022relational,361,34,1.7607421875
guenther2022relational,361,35,1.61865234375
guenther2022relational,361,36,3.7109375
guenther2022relational,361,37,1.8876953125
guenther2022relational,361,38,3.013671875
guenther2022relational,361,39,1.626953125
guenther2022relational,361,40,0.8623046875
guenther2022relational,361,41,2.42578125
guenther2022relational,361,42,2.9443359375
guenther2022relational,361,43,1.61328125
guenther2022relational,361,44,2.69775390625
guenther2022relational,361,45,3.6171875
guenther2022relational,361,46,2.255859375
guenther2022relational,361,47,3.029296875
guenther2022relational,361,48,3.125
guenther2022relational,361,49,4.712890625
guenther2022relational,361,50,2.83203125
guenther2022relational,361,51,3.04296875
guenther2022relational,361,52,2.7158203125
guenther2022relational,361,53,2.150390625
guenther2022relational,361,54,1.333984375
guenther2022relational,362,0,2.796875
guenther2022relational,362,1,2.3984375
guenther2022relational,362,2,5.5
guenther2022relational,362,3,2.8125
guenther2022relational,362,4,3.966796875
guenther2022relational,362,5,3.685546875
guenther2022relational,362,6,2.03125
guenther2022relational,362,7,3.03125
guenther2022relational,362,8,2.12890625
guenther2022relational,362,9,3.2919921875
guenther2022relational,362,10,3.451171875
guenther2022relational,362,11,2.484375
guenther2022relational,362,12,2.24267578125
guenther2022relational,362,13,2.53564453125
guenther2022relational,362,14,1.87744140625
guenther2022relational,362,15,3.49951171875
guenther2022relational,362,16,2.5634765625
guenther2022relational,362,17,2.5458984375
guenther2022relational,362,18,3.8203125
guenther2022relational,362,19,3.4375
guenther2022relational,362,20,3.6005859375
guenther2022relational,362,21,2.6083984375
guenther2022relational,362,22,3.1044921875
guenther2022relational,362,23,3.1689453125
guenther2022relational,362,24,3.044921875
guenther2022relational,362,25,2.052734375
guenther2022relational,362,26,1.60888671875
guenther2022relational,362,27,2.5234375
guenther2022relational,362,28,2.9921875
guenther2022relational,362,29,1.808349609375
guenther2022relational,362,30,4.4228515625
guenther2022relational,362,31,3.31787109375
guenther2022relational,362,32,2.8330078125
guenther2022relational,362,33,1.96337890625
guenther2022relational,362,34,2.859375
guenther2022relational,362,35,3.4541015625
guenther2022relational,362,36,2.39892578125
guenther2022relational,362,37,3.5
guenther2022relational,362,38,4.02587890625
guenther2022relational,362,39,1.58984375
guenther2022relational,362,40,3.48828125
guenther2022relational,362,41,2.83984375
guenther2022relational,362,42,3.935546875
guenther2022relational,362,43,3.2109375
guenther2022relational,362,44,2.7265625
guenther2022relational,362,45,3.376953125
guenther2022relational,362,46,2.18359375
guenther2022relational,362,47,2.13671875
guenther2022relational,362,48,2.271484375
guenther2022relational,362,49,2.205078125
guenther2022relational,362,50,2.27734375
guenther2022relational,362,51,2.0244140625
guenther2022relational,362,52,2.0166015625
guenther2022relational,362,53,3.00537109375
guenther2022relational,362,54,2.9482421875
guenther2022relational,363,0,2.703094482421875
guenther2022relational,363,1,3.234375
guenther2022relational,363,2,3.556640625
guenther2022relational,363,3,3.80517578125
guenther2022relational,363,4,0.6717529296875
guenther2022relational,363,5,3.06201171875
guenther2022relational,363,6,2.966796875
guenther2022relational,363,7,1.93408203125
guenther2022relational,363,8,2.70751953125
guenther2022relational,363,9,1.451171875
guenther2022relational,363,10,3.4462890625
guenther2022relational,363,11,2.3193359375
guenther2022relational,363,12,2.3193359375
guenther2022relational,363,13,4.4208984375
guenther2022relational,363,14,1.975830078125
guenther2022relational,363,15,3.5859375
guenther2022relational,363,16,3.8134765625
guenther2022relational,363,17,2.86767578125
guenther2022relational,363,18,2.677734375
guenther2022relational,363,19,2.599609375
guenther2022relational,363,20,2.3818359375
guenther2022relational,363,21,1.9912109375
guenther2022relational,363,22,3.3974609375
guenther2022relational,363,23,2.548828125
guenther2022relational,363,24,2.97265625
guenther2022relational,363,25,1.9091796875
guenther2022relational,363,26,1.39501953125
guenther2022relational,363,27,3.55859375
guenther2022relational,363,28,2.4169921875
guenther2022relational,363,29,2.3193359375
guenther2022relational,363,30,2.1083984375
guenther2022relational,363,31,3.578125
guenther2022relational,363,32,2.11767578125
guenther2022relational,363,33,2.7578125
guenther2022relational,363,34,2.654296875
guenther2022relational,363,35,1.50439453125
guenther2022relational,363,36,2.6484375
guenther2022relational,363,37,1.392578125
guenther2022relational,363,38,2.408203125
guenther2022relational,363,39,4.810546875
guenther2022relational,363,40,4.421875
guenther2022relational,363,41,1.685546875
guenther2022relational,363,42,4.427734375
guenther2022relational,363,43,2.3125
guenther2022relational,363,44,1.5830078125
guenther2022relational,363,45,3.103515625
guenther2022relational,363,46,3.5732421875
guenther2022relational,363,47,4.521484375
guenther2022relational,363,48,2.44140625
guenther2022relational,363,49,2.13330078125
guenther2022relational,363,50,2.0673828125
guenther2022relational,363,51,2.74609375
guenther2022relational,363,52,1.62255859375
guenther2022relational,363,53,1.818359375
guenther2022relational,363,54,3.6640625
guenther2022relational,364,0,5.484375
guenther2022relational,364,1,6.0908203125
guenther2022relational,364,2,4.27197265625
guenther2022relational,364,3,2.72705078125
guenther2022relational,364,4,1.78515625
guenther2022relational,364,5,3.4130859375
guenther2022relational,364,6,1.205078125
guenther2022relational,364,7,2.7939453125
guenther2022relational,364,8,2.49462890625
guenther2022relational,364,9,2.646484375
guenther2022relational,364,10,2.2109375
guenther2022relational,364,11,2.15234375
guenther2022relational,364,12,4.3193359375
guenther2022relational,364,13,3.5185546875
guenther2022relational,364,14,2.4580078125
guenther2022relational,364,15,2.2080078125
guenther2022relational,364,16,2.30322265625
guenther2022relational,364,17,2.8212890625
guenther2022relational,364,18,2.6328125
guenther2022relational,364,19,2.65625
guenther2022relational,364,20,2.265625
guenther2022relational,364,21,2.76953125
guenther2022relational,364,22,4.0234375
guenther2022relational,364,23,2.498046875
guenther2022relational,364,24,3.0703125
guenther2022relational,364,25,4.1103515625
guenther2022relational,364,26,2.419921875
guenther2022relational,364,27,4.83984375
guenther2022relational,364,28,2.74609375
guenther2022relational,364,29,5.125
guenther2022relational,364,30,2.2578125
guenther2022relational,364,31,2.2392578125
guenther2022relational,364,32,3.548828125
guenther2022relational,364,33,4.4970703125
guenther2022relational,364,34,2.8525390625
guenther2022relational,364,35,4.0068359375
guenther2022relational,364,36,2.2421875
guenther2022relational,364,37,4.185546875
guenther2022relational,364,38,3.5234375
guenther2022relational,364,39,3.8671875
guenther2022relational,364,40,1.88720703125
guenther2022relational,364,41,3.06201171875
guenther2022relational,364,42,2.275390625
guenther2022relational,364,43,4.859375
guenther2022relational,364,44,3.35205078125
guenther2022relational,364,45,3.01025390625
guenther2022relational,364,46,3.2666015625
guenther2022relational,364,47,2.373046875
guenther2022relational,364,48,2.5703125
guenther2022relational,364,49,3.32421875
guenther2022relational,364,50,3.3515625
guenther2022relational,364,51,1.78759765625
guenther2022relational,364,52,3.1298828125
guenther2022relational,364,53,3.654296875
guenther2022relational,364,54,3.49951171875
guenther2022relational,365,0,3.333953857421875
guenther2022relational,365,1,3.3671875
guenther2022relational,365,2,2.68359375
guenther2022relational,365,3,3.3203125
guenther2022relational,365,4,3.76171875
guenther2022relational,365,5,2.3359375
guenther2022relational,365,6,3.02734375
guenther2022relational,365,7,3.64501953125
guenther2022relational,365,8,2.7666015625
guenther2022relational,365,9,2.75
guenther2022relational,365,10,2.01025390625
guenther2022relational,365,11,2.55859375
guenther2022relational,365,12,3.5732421875
guenther2022relational,365,13,1.5390625
guenther2022relational,365,14,3.517578125
guenther2022relational,365,15,2.478515625
guenther2022relational,365,16,2.30517578125
guenther2022relational,365,17,1.91015625
guenther2022relational,365,18,3.6328125
guenther2022relational,365,19,2.701171875
guenther2022relational,365,20,2.310546875
guenther2022relational,365,21,1.9404296875
guenther2022relational,365,22,3.0439453125
guenther2022relational,365,23,2.083984375
guenther2022relational,365,24,4.962890625
guenther2022relational,365,25,2.27587890625
guenther2022relational,365,26,1.95703125
guenther2022relational,365,27,1.62890625
guenther2022relational,365,28,2.498046875
guenther2022relational,365,29,1.6025390625
guenther2022relational,365,30,5.7666015625
guenther2022relational,365,31,1.25390625
guenther2022relational,365,32,3.4501953125
guenther2022relational,365,33,1.697265625
guenther2022relational,365,34,4.55322265625
guenther2022relational,365,35,1.6220703125
guenther2022relational,365,36,2.1015625
guenther2022relational,365,37,3.662109375
guenther2022relational,365,38,1.7470703125
guenther2022relational,365,39,3.2158203125
guenther2022relational,365,40,2.45458984375
guenther2022relational,365,41,4.53515625
guenther2022relational,365,42,1.880859375
guenther2022relational,365,43,3.6201171875
guenther2022relational,365,44,1.880859375
guenther2022relational,365,45,3.5380859375
guenther2022relational,365,46,3.788330078125
guenther2022relational,365,47,1.4208984375
guenther2022relational,365,48,2.8955078125
guenther2022relational,365,49,1.89111328125
guenther2022relational,365,50,3.6640625
guenther2022relational,365,51,1.4345703125
guenther2022relational,365,52,2.6845703125
guenther2022relational,365,53,3.9189453125
guenther2022relational,365,54,2.8642578125
guenther2022relational,366,0,2.226531982421875
guenther2022relational,366,1,1.361328125
guenther2022relational,366,2,3.79296875
guenther2022relational,366,3,2.6328125
guenther2022relational,366,4,1.3125
guenther2022relational,366,5,2.255859375
guenther2022relational,366,6,3.33203125
guenther2022relational,366,7,6.126953125
guenther2022relational,366,8,4.44140625
guenther2022relational,366,9,2.748046875
guenther2022relational,366,10,2.45751953125
guenther2022relational,366,11,3.3046875
guenther2022relational,366,12,2.296875
guenther2022relational,366,13,2.12109375
guenther2022relational,366,14,2.10546875
guenther2022relational,366,15,1.8671875
guenther2022relational,366,16,2.046875
guenther2022relational,366,17,3.15234375
guenther2022relational,366,18,1.880859375
guenther2022relational,366,19,1.513671875
guenther2022relational,366,20,2.66015625
guenther2022relational,366,21,4.09765625
guenther2022relational,366,22,2.8671875
guenther2022relational,366,23,1.8046875
guenther2022relational,366,24,2.0732421875
guenther2022relational,366,25,3.892578125
guenther2022relational,366,26,4.7080078125
guenther2022relational,366,27,3.41015625
guenther2022relational,366,28,3.0087890625
guenther2022relational,366,29,2.3818359375
guenther2022relational,366,30,1.3720703125
guenther2022relational,366,31,2.3720703125
guenther2022relational,366,32,2.0078125
guenther2022relational,366,33,1.2470703125
guenther2022relational,366,34,2.572265625
guenther2022relational,366,35,0.9677734375
guenther2022relational,366,36,3.513671875
guenther2022relational,366,37,1.4931640625
guenther2022relational,366,38,3.3505859375
guenther2022relational,366,39,1.4228515625
guenther2022relational,366,40,2.5166015625
guenther2022relational,366,41,1.5078125
guenther2022relational,366,42,2.798828125
guenther2022relational,366,43,3.291015625
guenther2022relational,366,44,2.4287109375
guenther2022relational,366,45,2.03125
guenther2022relational,366,46,2.58203125
guenther2022relational,366,47,1.2138671875
guenther2022relational,366,48,1.1435546875
guenther2022relational,366,49,1.1201171875
guenther2022relational,366,50,3.3076171875
guenther2022relational,366,51,1.61181640625
guenther2022relational,366,52,2.97900390625
guenther2022relational,366,53,1.5107421875
guenther2022relational,366,54,2.82275390625
guenther2022relational,367,0,4.554656982421875
guenther2022relational,367,1,4.20458984375
guenther2022relational,367,2,3.056640625
guenther2022relational,367,3,2.6728515625
guenther2022relational,367,4,3.9833984375
guenther2022relational,367,5,2.8359375
guenther2022relational,367,6,2.951171875
guenther2022relational,367,7,2.8046875
guenther2022relational,367,8,2.40087890625
guenther2022relational,367,9,2.3330078125
guenther2022relational,367,10,2.1689453125
guenther2022relational,367,11,2.453125
guenther2022relational,367,12,2.59765625
guenther2022relational,367,13,3.9677734375
guenther2022relational,367,14,2.8466796875
guenther2022relational,367,15,4.5087890625
guenther2022relational,367,16,2.928955078125
guenther2022relational,367,17,1.7919921875
guenther2022relational,367,18,3.5234375
guenther2022relational,367,19,5.046875
guenther2022relational,367,20,2.69775390625
guenther2022relational,367,21,2.0947265625
guenther2022relational,367,22,3.0107421875
guenther2022relational,367,23,3.294921875
guenther2022relational,367,24,2.595703125
guenther2022relational,367,25,3.046875
guenther2022relational,367,26,4.77734375
guenther2022relational,367,27,3.77392578125
guenther2022relational,367,28,1.75830078125
guenther2022relational,367,29,3.7353515625
guenther2022relational,367,30,2.866943359375
guenther2022relational,367,31,1.2490234375
guenther2022relational,367,32,1.998046875
guenther2022relational,367,33,2.5126953125
guenther2022relational,367,34,2.70751953125
guenther2022relational,367,35,3.2734375
guenther2022relational,367,36,2.23876953125
guenther2022relational,367,37,2.77001953125
guenther2022relational,367,38,2.7109375
guenther2022relational,367,39,1.546875
guenther2022relational,367,40,2.13671875
guenther2022relational,367,41,2.5361328125
guenther2022relational,367,42,2.5
guenther2022relational,367,43,1.6181640625
guenther2022relational,367,44,2.7578125
guenther2022relational,367,45,1.890625
guenther2022relational,367,46,1.5869140625
guenther2022relational,367,47,2.2587890625
guenther2022relational,367,48,2.28662109375
guenther2022relational,367,49,2.60400390625
guenther2022relational,367,50,2.07861328125
guenther2022relational,367,51,1.6005859375
guenther2022relational,367,52,1.58349609375
guenther2022relational,367,53,3.1416015625
guenther2022relational,367,54,2.35546875
guenther2022relational,368,0,5.468719482421875
guenther2022relational,368,1,1.03515625
guenther2022relational,368,2,3.609375
guenther2022relational,368,3,2.275390625
guenther2022relational,368,4,2.888671875
guenther2022relational,368,5,2.6640625
guenther2022relational,368,6,2.935546875
guenther2022relational,368,7,1.58203125
guenther2022relational,368,8,4.212890625
guenther2022relational,368,9,3.23046875
guenther2022relational,368,10,2.4765625
guenther2022relational,368,11,2.0546875
guenther2022relational,368,12,2.314453125
guenther2022relational,368,13,2.8046875
guenther2022relational,368,14,4.466796875
guenther2022relational,368,15,2.662109375
guenther2022relational,368,16,2.77734375
guenther2022relational,368,17,2.8203125
guenther2022relational,368,18,3.595703125
guenther2022relational,368,19,2.2421875
guenther2022relational,368,20,4.138671875
guenther2022relational,368,21,3.734375
guenther2022relational,368,22,1.9892578125
guenther2022relational,368,23,4.634765625
guenther2022relational,368,24,2.619140625
guenther2022relational,368,25,5.068359375
guenther2022relational,368,26,3.529296875
guenther2022relational,368,27,3.107421875
guenther2022relational,368,28,1.6904296875
guenther2022relational,368,29,2.48046875
guenther2022relational,368,30,2.9296875
guenther2022relational,368,31,2.4765625
guenther2022relational,368,32,1.9267578125
guenther2022relational,368,33,3.4150390625
guenther2022relational,368,34,2.04296875
guenther2022relational,368,35,5.173828125
guenther2022relational,368,36,3.07421875
guenther2022relational,368,37,3.1708984375
guenther2022relational,368,38,4.84375
guenther2022relational,368,39,2.94921875
guenther2022relational,368,40,2.6845703125
guenther2022relational,368,41,3.5322265625
guenther2022relational,368,42,4.5458984375
guenther2022relational,368,43,2.77099609375
guenther2022relational,368,44,4.6025390625
guenther2022relational,368,45,2.306640625
guenther2022relational,368,46,2.5068359375
guenther2022relational,368,47,3.6640625
guenther2022relational,368,48,3.16015625
guenther2022relational,368,49,2.236328125
guenther2022relational,368,50,3.15234375
guenther2022relational,368,51,3.62890625
guenther2022relational,368,52,3.353515625
guenther2022relational,368,53,1.79541015625
guenther2022relational,368,54,1.56640625
guenther2022relational,369,0,2.33197021484375
guenther2022relational,369,1,4.1787109375
guenther2022relational,369,2,3.1025390625
guenther2022relational,369,3,2.8828125
guenther2022relational,369,4,2.55859375
guenther2022relational,369,5,1.9365234375
guenther2022relational,369,6,1.78955078125
guenther2022relational,369,7,4.46484375
guenther2022relational,369,8,2.7919921875
guenther2022relational,369,9,2.1767578125
guenther2022relational,369,10,2.6875
guenther2022relational,369,11,2.919921875
guenther2022relational,369,12,3.5595703125
guenther2022relational,369,13,3.25390625
guenther2022relational,369,14,3.7734375
guenther2022relational,369,15,2.212890625
guenther2022relational,369,16,2.82958984375
guenther2022relational,369,17,1.9326171875
guenther2022relational,369,18,2.03125
guenther2022relational,369,19,1.1083984375
guenther2022relational,369,20,6.345703125
guenther2022relational,369,21,1.9833984375
guenther2022relational,369,22,1.8447265625
guenther2022relational,369,23,4.46875
guenther2022relational,369,24,5.921875
guenther2022relational,369,25,2.15625
guenther2022relational,369,26,2.818359375
guenther2022relational,369,27,2.2724609375
guenther2022relational,369,28,2.68359375
guenther2022relational,369,29,2.4033203125
guenther2022relational,369,30,4.2705078125
guenther2022relational,369,31,2.05859375
guenther2022relational,369,32,4.607421875
guenther2022relational,369,33,2.00390625
guenther2022relational,369,34,2.08984375
guenther2022relational,369,35,3.3330078125
guenther2022relational,369,36,2.3505859375
guenther2022relational,369,37,1.4736328125
guenther2022relational,369,38,2.5732421875
guenther2022relational,369,39,3.44921875
guenther2022relational,369,40,2.38037109375
guenther2022relational,369,41,2.48583984375
guenther2022relational,369,42,3.703125
guenther2022relational,369,43,1.8857421875
guenther2022relational,369,44,6.79296875
guenther2022relational,369,45,2.2880859375
guenther2022relational,369,46,3.0341796875
guenther2022relational,369,47,4.1416015625
guenther2022relational,369,48,2.150390625
guenther2022relational,369,49,2.625
guenther2022relational,369,50,3.263671875
guenther2022relational,369,51,4.185546875
guenther2022relational,369,52,3.96142578125
guenther2022relational,369,53,2.201171875
guenther2022relational,369,54,2.1953125
guenther2022relational,370,0,5.421875
guenther2022relational,370,1,1.984375
guenther2022relational,370,2,4.45947265625
guenther2022relational,370,3,2.6416015625
guenther2022relational,370,4,2.7900390625
guenther2022relational,370,5,3.59375
guenther2022relational,370,6,2.80517578125
guenther2022relational,370,7,2.3544921875
guenther2022relational,370,8,4.05517578125
guenther2022relational,370,9,3.23046875
guenther2022relational,370,10,2.44775390625
guenther2022relational,370,11,1.82861328125
guenther2022relational,370,12,3.0458984375
guenther2022relational,370,13,1.96875
guenther2022relational,370,14,1.890625
guenther2022relational,370,15,2.0546875
guenther2022relational,370,16,1.92578125
guenther2022relational,370,17,1.5244140625
guenther2022relational,370,18,1.3828125
guenther2022relational,370,19,3.078125
guenther2022relational,370,20,3.7890625
guenther2022relational,370,21,2.7275390625
guenther2022relational,370,22,3.751953125
guenther2022relational,370,23,4.412109375
guenther2022relational,370,24,2.5693359375
guenther2022relational,370,25,2.0869140625
guenther2022relational,370,26,2.63525390625
guenther2022relational,370,27,3.68017578125
guenther2022relational,370,28,4.64892578125
guenther2022relational,370,29,2.8525390625
guenther2022relational,370,30,1.5205078125
guenther2022relational,370,31,2.86328125
guenther2022relational,370,32,4.029296875
guenther2022relational,370,33,3.3359375
guenther2022relational,370,34,3.10400390625
guenther2022relational,370,35,4.9892578125
guenther2022relational,370,36,1.654296875
guenther2022relational,370,37,3.1103515625
guenther2022relational,370,38,1.43017578125
guenther2022relational,370,39,3.369140625
guenther2022relational,370,40,1.447265625
guenther2022relational,370,41,1.4580078125
guenther2022relational,370,42,2.38037109375
guenther2022relational,370,43,2.875
guenther2022relational,370,44,2.54296875
guenther2022relational,370,45,1.64453125
guenther2022relational,370,46,1.92578125
guenther2022relational,370,47,1.921630859375
guenther2022relational,370,48,4.99609375
guenther2022relational,370,49,1.0341796875
guenther2022relational,370,50,3.232421875
guenther2022relational,370,51,1.71630859375
guenther2022relational,370,52,1.22021484375
guenther2022relational,370,53,1.70263671875
guenther2022relational,370,54,4.138671875
guenther2022relational,371,0,6.035125732421875
guenther2022relational,371,1,2.720703125
guenther2022relational,371,2,4.390625
guenther2022relational,371,3,2.6640625
guenther2022relational,371,4,2.16064453125
guenther2022relational,371,5,2.4931640625
guenther2022relational,371,6,1.8408203125
guenther2022relational,371,7,2.33642578125
guenther2022relational,371,8,2.810546875
guenther2022relational,371,9,1.7587890625
guenther2022relational,371,10,3.9296875
guenther2022relational,371,11,3.51171875
guenther2022relational,371,12,3.97900390625
guenther2022relational,371,13,4.4970703125
guenther2022relational,371,14,4.140625
guenther2022relational,371,15,3.5166015625
guenther2022relational,371,16,2.8642578125
guenther2022relational,371,17,2.77734375
guenther2022relational,371,18,2.845703125
guenther2022relational,371,19,3.02734375
guenther2022relational,371,20,2.0986328125
guenther2022relational,371,21,2.51953125
guenther2022relational,371,22,1.6943359375
guenther2022relational,371,23,3.069580078125
guenther2022relational,371,24,2.935546875
guenther2022relational,371,25,1.0078125
guenther2022relational,371,26,3.18359375
guenther2022relational,371,27,1.08349609375
guenther2022relational,371,28,3.49609375
guenther2022relational,371,29,1.9599609375
guenther2022relational,371,30,1.89453125
guenther2022relational,371,31,3.09765625
guenther2022relational,371,32,1.2041015625
guenther2022relational,371,33,1.18408203125
guenther2022relational,371,34,2.5830078125
guenther2022relational,371,35,1.4912109375
guenther2022relational,371,36,3.4072265625
guenther2022relational,371,37,4.2255859375
guenther2022relational,371,38,3.009765625
guenther2022relational,371,39,1.2119140625
guenther2022relational,371,40,1.32861328125
guenther2022relational,371,41,2.212890625
guenther2022relational,371,42,1.5009765625
guenther2022relational,371,43,5.25
guenther2022relational,371,44,3.09375
guenther2022relational,371,45,1.3564453125
guenther2022relational,371,46,1.40673828125
guenther2022relational,371,47,1.09033203125
guenther2022relational,371,48,2.27001953125
guenther2022relational,371,49,2.56640625
guenther2022relational,371,50,1.12109375
guenther2022relational,371,51,0.9169921875
guenther2022relational,371,52,2.568359375
guenther2022relational,371,53,2.5673828125
guenther2022relational,371,54,3.59375
guenther2022relational,372,0,3.433563232421875
guenther2022relational,372,1,4.67333984375
guenther2022relational,372,2,2.720703125
guenther2022relational,372,3,1.3837890625
guenther2022relational,372,4,3.091796875
guenther2022relational,372,5,1.49951171875
guenther2022relational,372,6,2.716796875
guenther2022relational,372,7,2.71484375
guenther2022relational,372,8,2.7080078125
guenther2022relational,372,9,2.8349609375
guenther2022relational,372,10,3.1396484375
guenther2022relational,372,11,3.5380859375
guenther2022relational,372,12,0.8670654296875
guenther2022relational,372,13,2.3466796875
guenther2022relational,372,14,3.1943359375
guenther2022relational,372,15,4.1943359375
guenther2022relational,372,16,2.91650390625
guenther2022relational,372,17,2.2939453125
guenther2022relational,372,18,3.429443359375
guenther2022relational,372,19,2.07080078125
guenther2022relational,372,20,2.9892578125
guenther2022relational,372,21,2.0126953125
guenther2022relational,372,22,3.08984375
guenther2022relational,372,23,2.5068359375
guenther2022relational,372,24,2.257080078125
guenther2022relational,372,25,2.132568359375
guenther2022relational,372,26,1.701171875
guenther2022relational,372,27,1.81982421875
guenther2022relational,372,28,1.83984375
guenther2022relational,372,29,3.6092529296875
guenther2022relational,372,30,3.257293701171875
guenther2022relational,372,31,3.74267578125
guenther2022relational,372,32,2.788330078125
guenther2022relational,372,33,5.00537109375
guenther2022relational,372,34,2.81201171875
guenther2022relational,372,35,2.3193359375
guenther2022relational,372,36,2.279296875
guenther2022relational,372,37,3.569580078125
guenther2022relational,372,38,4.216796875
guenther2022relational,372,39,1.976318359375
guenther2022relational,372,40,2.4052734375
guenther2022relational,372,41,3.3896484375
guenther2022relational,372,42,3.248046875
guenther2022relational,372,43,3.195281982421875
guenther2022relational,372,44,2.7001953125
guenther2022relational,372,45,3.1318359375
guenther2022relational,372,46,2.7783203125
guenther2022relational,372,47,2.841796875
guenther2022relational,372,48,1.850830078125
guenther2022relational,372,49,5.296875
guenther2022relational,372,50,3.78271484375
guenther2022relational,372,51,2.74267578125
guenther2022relational,372,52,2.75439453125
guenther2022relational,372,53,2.4755859375
guenther2022relational,372,54,2.42724609375
guenther2022relational,373,0,2.386688232421875
guenther2022relational,373,1,1.54296875
guenther2022relational,373,2,0.084228515625
guenther2022relational,373,3,3.08447265625
guenther2022relational,373,4,3.83447265625
guenther2022relational,373,5,2.94189453125
guenther2022relational,373,6,2.5419921875
guenther2022relational,373,7,1.50439453125
guenther2022relational,373,8,2.56640625
guenther2022relational,373,9,3.78662109375
guenther2022relational,373,10,2.037109375
guenther2022relational,373,11,5.609375
guenther2022relational,373,12,3.9912109375
guenther2022relational,373,13,2.6337890625
guenther2022relational,373,14,5.81640625
guenther2022relational,373,15,1.9140625
guenther2022relational,373,16,1.70361328125
guenther2022relational,373,17,2.1357421875
guenther2022relational,373,18,1.76318359375
guenther2022relational,373,19,3.0703125
guenther2022relational,373,20,3.1044921875
guenther2022relational,373,21,1.5283203125
guenther2022relational,373,22,4.4345703125
guenther2022relational,373,23,1.25
guenther2022relational,373,24,4.125
guenther2022relational,373,25,1.5673828125
guenther2022relational,373,26,1.76171875
guenther2022relational,373,27,2.515625
guenther2022relational,373,28,2.24267578125
guenther2022relational,373,29,4.25
guenther2022relational,373,30,1.49462890625
guenther2022relational,373,31,3.44921875
guenther2022relational,373,32,2.41015625
guenther2022relational,373,33,1.4267578125
guenther2022relational,373,34,2.4345703125
guenther2022relational,373,35,2.142578125
guenther2022relational,373,36,6.2353515625
guenther2022relational,373,37,4.4609375
guenther2022relational,373,38,1.69140625
guenther2022relational,373,39,1.2509765625
guenther2022relational,373,40,2.169921875
guenther2022relational,373,41,2.177734375
guenther2022relational,373,42,0.792236328125
guenther2022relational,373,43,1.97314453125
guenther2022relational,373,44,3.6728515625
guenther2022relational,373,45,2.51025390625
guenther2022relational,373,46,1.94775390625
guenther2022relational,373,47,2.8818359375
guenther2022relational,373,48,1.60546875
guenther2022relational,373,49,1.5791015625
guenther2022relational,373,50,2.390625
guenther2022relational,373,51,2.46875
guenther2022relational,373,52,1.75
guenther2022relational,373,53,5.5390625
guenther2022relational,373,54,1.3154296875
guenther2022relational,374,0,3.453125
guenther2022relational,374,1,0.775390625
guenther2022relational,374,2,0.196533203125
guenther2022relational,374,3,5.241943359375
guenther2022relational,374,4,2.126953125
guenther2022relational,374,5,1.23974609375
guenther2022relational,374,6,5.24609375
guenther2022relational,374,7,1.5751953125
guenther2022relational,374,8,2.921875
guenther2022relational,374,9,3.80517578125
guenther2022relational,374,10,3.39208984375
guenther2022relational,374,11,2.8720703125
guenther2022relational,374,12,3.7646484375
guenther2022relational,374,13,2.755859375
guenther2022relational,374,14,2.350830078125
guenther2022relational,374,15,2.2392578125
guenther2022relational,374,16,5.2255859375
guenther2022relational,374,17,2.83251953125
guenther2022relational,374,18,2.7421875
guenther2022relational,374,19,4.18017578125
guenther2022relational,374,20,2.19921875
guenther2022relational,374,21,2.04638671875
guenther2022relational,374,22,2.8408203125
guenther2022relational,374,23,2.37109375
guenther2022relational,374,24,0.75830078125
guenther2022relational,374,25,1.4892578125
guenther2022relational,374,26,2.36767578125
guenther2022relational,374,27,2.5791015625
guenther2022relational,374,28,1.529296875
guenther2022relational,374,29,1.38525390625
guenther2022relational,374,30,1.78955078125
guenther2022relational,374,31,3.850830078125
guenther2022relational,374,32,2.5576171875
guenther2022relational,374,33,2.84326171875
guenther2022relational,374,34,1.81982421875
guenther2022relational,374,35,4.03662109375
guenther2022relational,374,36,1.320281982421875
guenther2022relational,374,37,5.5155029296875
guenther2022relational,374,38,1.741455078125
guenther2022relational,374,39,1.146484375
guenther2022relational,374,40,2.06640625
guenther2022relational,374,41,4.1455078125
guenther2022relational,374,42,3.382568359375
guenther2022relational,374,43,2.435546875
guenther2022relational,374,44,1.8514404296875
guenther2022relational,374,45,2.20947265625
guenther2022relational,374,46,1.51220703125
guenther2022relational,374,47,3.179443359375
guenther2022relational,374,48,1.6170654296875
guenther2022relational,374,49,2.74951171875
guenther2022relational,374,50,3.68701171875
guenther2022relational,374,51,2.7030029296875
guenther2022relational,374,52,1.13232421875
guenther2022relational,374,53,3.2030029296875
guenther2022relational,374,54,1.327880859375
guenther2022relational,375,0,5.515594482421875
guenther2022relational,375,1,4.01025390625
guenther2022relational,375,2,1.67626953125
guenther2022relational,375,3,0.8544921875
guenther2022relational,375,4,1.984375
guenther2022relational,375,5,3.17578125
guenther2022relational,375,6,2.9912109375
guenther2022relational,375,7,2.623046875
guenther2022relational,375,8,1.767578125
guenther2022relational,375,9,2.4921875
guenther2022relational,375,10,1.931640625
guenther2022relational,375,11,1.3388671875
guenther2022relational,375,12,1.54296875
guenther2022relational,375,13,3.90625
guenther2022relational,375,14,3.9296875
guenther2022relational,375,15,1.25146484375
guenther2022relational,375,16,1.125
guenther2022relational,375,17,1.63671875
guenther2022relational,375,18,2.22265625
guenther2022relational,375,19,1.272705078125
guenther2022relational,375,20,3.056640625
guenther2022relational,375,21,4.244140625
guenther2022relational,375,22,0.45556640625
guenther2022relational,375,23,3.630859375
guenther2022relational,375,24,1.20849609375
guenther2022relational,375,25,2.826171875
guenther2022relational,375,26,3.076171875
guenther2022relational,375,27,2.029296875
guenther2022relational,375,28,2.98828125
guenther2022relational,375,29,1.037109375
guenther2022relational,375,30,1.09326171875
guenther2022relational,375,31,7.26171875
guenther2022relational,375,32,3.25
guenther2022relational,375,33,2.376953125
guenther2022relational,375,34,6.30078125
guenther2022relational,375,35,3.30859375
guenther2022relational,375,36,1.751953125
guenther2022relational,375,37,2.728515625
guenther2022relational,375,38,2.5859375
guenther2022relational,375,39,4.443359375
guenther2022relational,375,40,2.73046875
guenther2022relational,375,41,2.439453125
guenther2022relational,375,42,2.58447265625
guenther2022relational,375,43,2.8818359375
guenther2022relational,375,44,1.20703125
guenther2022relational,375,45,2.505859375
guenther2022relational,375,46,1.06640625
guenther2022relational,375,47,2.751953125
guenther2022relational,375,48,4.5166015625
guenther2022relational,375,49,2.501953125
guenther2022relational,375,50,2.5703125
guenther2022relational,375,51,4.3359375
guenther2022relational,375,52,1.23046875
guenther2022relational,375,53,0.86669921875
guenther2022relational,375,54,3.419921875
guenther2022relational,376,0,6.937469482421875
guenther2022relational,376,1,4.8544921875
guenther2022relational,376,2,0.7900390625
guenther2022relational,376,3,2.92138671875
guenther2022relational,376,4,2.720703125
guenther2022relational,376,5,2.4912109375
guenther2022relational,376,6,1.22802734375
guenther2022relational,376,7,4.80322265625
guenther2022relational,376,8,2.2490234375
guenther2022relational,376,9,2.0673828125
guenther2022relational,376,10,1.983642578125
guenther2022relational,376,11,1.655517578125
guenther2022relational,376,12,3.4765625
guenther2022relational,376,13,1.819580078125
guenther2022relational,376,14,2.1982421875
guenther2022relational,376,15,4.12451171875
guenther2022relational,376,16,4.14501953125
guenther2022relational,376,17,2.0155029296875
guenther2022relational,376,18,2.945281982421875
guenther2022relational,376,19,3.16162109375
guenther2022relational,376,20,1.054656982421875
guenther2022relational,376,21,2.6092529296875
guenther2022relational,376,22,2.023193359375
guenther2022relational,376,23,2.1708984375
guenther2022relational,376,24,2.742156982421875
guenther2022relational,376,25,2.31201171875
guenther2022relational,376,26,4.7880859375
guenther2022relational,376,27,4.64453125
guenther2022relational,376,28,1.561767578125
guenther2022relational,376,29,2.273193359375
guenther2022relational,376,30,2.054443359375
guenther2022relational,376,31,4.00390625
guenther2022relational,376,32,3.2333984375
guenther2022relational,376,33,1.803955078125
guenther2022relational,376,34,3.15234375
guenther2022relational,376,35,3.24951171875
guenther2022relational,376,36,1.68408203125
guenther2022relational,376,37,1.5205078125
guenther2022relational,376,38,2.54638671875
guenther2022relational,376,39,2.3876953125
guenther2022relational,376,40,2.600830078125
guenther2022relational,376,41,2.33251953125
guenther2022relational,376,42,2.3134765625
guenther2022relational,376,43,1.990234375
guenther2022relational,376,44,2.33447265625
guenther2022relational,376,45,2.8583984375
guenther2022relational,376,46,2.19921875
guenther2022relational,376,47,2.33251953125
guenther2022relational,376,48,3.6396484375
guenther2022relational,376,49,2.054443359375
guenther2022relational,376,50,3.742156982421875
guenther2022relational,376,51,3.18701171875
guenther2022relational,376,52,2.10009765625
guenther2022relational,376,53,3.48388671875
guenther2022relational,376,54,3.866943359375
guenther2022relational,377,0,5.609375
guenther2022relational,377,1,1.486328125
guenther2022relational,377,2,4.8876953125
guenther2022relational,377,3,3.15576171875
guenther2022relational,377,4,1.96826171875
guenther2022relational,377,5,3.13037109375
guenther2022relational,377,6,3.86083984375
guenther2022relational,377,7,2.02099609375
guenther2022relational,377,8,3.015625
guenther2022relational,377,9,3.49267578125
guenther2022relational,377,10,2.4228515625
guenther2022relational,377,11,4.125
guenther2022relational,377,12,1.73046875
guenther2022relational,377,13,3.64453125
guenther2022relational,377,14,4.0166015625
guenther2022relational,377,15,2.2265625
guenther2022relational,377,16,1.814453125
guenther2022relational,377,17,3.587890625
guenther2022relational,377,18,2.29296875
guenther2022relational,377,19,2.14453125
guenther2022relational,377,20,3.0478515625
guenther2022relational,377,21,2.5595703125
guenther2022relational,377,22,2.9453125
guenther2022relational,377,23,4.4296875
guenther2022relational,377,24,1.98828125
guenther2022relational,377,25,1.71484375
guenther2022relational,377,26,2.732421875
guenther2022relational,377,27,1.63671875
guenther2022relational,377,28,1.75390625
guenther2022relational,377,29,3.640625
guenther2022relational,377,30,2.34765625
guenther2022relational,377,31,3.056640625
guenther2022relational,377,32,0.98828125
guenther2022relational,377,33,3.61328125
guenther2022relational,377,34,3.1484375
guenther2022relational,377,35,3.076171875
guenther2022relational,377,36,2.021484375
guenther2022relational,377,37,4.28515625
guenther2022relational,377,38,3.080078125
guenther2022relational,377,39,3.0703125
guenther2022relational,377,40,2.59765625
guenther2022relational,377,41,2.806640625
guenther2022relational,377,42,3.70703125
guenther2022relational,377,43,3.14697265625
guenther2022relational,377,44,2.228515625
guenther2022relational,377,45,2.59765625
guenther2022relational,377,46,1.70703125
guenther2022relational,377,47,2.03125
guenther2022relational,377,48,1.625
guenther2022relational,377,49,2.890625
guenther2022relational,377,50,1.857421875
guenther2022relational,377,51,2.0869140625
guenther2022relational,377,52,4.6962890625
guenther2022relational,377,53,3.9921875
guenther2022relational,377,54,1.369140625
guenther2022relational,378,0,5.484375
guenther2022relational,378,1,4.11328125
guenther2022relational,378,2,2.080078125
guenther2022relational,378,3,3.76171875
guenther2022relational,378,4,1.7978515625
guenther2022relational,378,5,2.60546875
guenther2022relational,378,6,1.3173828125
guenther2022relational,378,7,2.748046875
guenther2022relational,378,8,2.75439453125
guenther2022relational,378,9,2.88525390625
guenther2022relational,378,10,1.6259765625
guenther2022relational,378,11,1.6064453125
guenther2022relational,378,12,3.1982421875
guenther2022relational,378,13,3.8505859375
guenther2022relational,378,14,3.1025390625
guenther2022relational,378,15,4.33251953125
guenther2022relational,378,16,2.88037109375
guenther2022relational,378,17,2.09326171875
guenther2022relational,378,18,2.43212890625
guenther2022relational,378,19,5.046875
guenther2022relational,378,20,2.9775390625
guenther2022relational,378,21,2.9189453125
guenther2022relational,378,22,2.01416015625
guenther2022relational,378,23,4.21142578125
guenther2022relational,378,24,1.632080078125
guenther2022relational,378,25,2.49267578125
guenther2022relational,378,26,2.2880859375
guenther2022relational,378,27,2.02734375
guenther2022relational,378,28,4.68701171875
guenther2022relational,378,29,2.132568359375
guenther2022relational,378,30,1.757568359375
guenther2022relational,378,31,2.11376953125
guenther2022relational,378,32,2.4384765625
guenther2022relational,378,33,7.265625
guenther2022relational,378,34,2.9462890625
guenther2022relational,378,35,3.71484375
guenther2022relational,378,36,2.046875
guenther2022relational,378,37,2.4130859375
guenther2022relational,378,38,3.6953125
guenther2022relational,378,39,2.248046875
guenther2022relational,378,40,2.6640625
guenther2022relational,378,41,3.9404296875
guenther2022relational,378,42,3.16796875
guenther2022relational,378,43,1.15625
guenther2022relational,378,44,3.345703125
guenther2022relational,378,45,3.32421875
guenther2022relational,378,46,4.607421875
guenther2022relational,378,47,2.77734375
guenther2022relational,378,48,3.66162109375
guenther2022relational,378,49,3.255859375
guenther2022relational,378,50,2.916015625
guenther2022relational,378,51,2.7109375
guenther2022relational,378,52,3.341796875
guenther2022relational,378,53,3.498046875
guenther2022relational,378,54,3.3359375
guenther2022relational,379,0,3.093719482421875
guenther2022relational,379,1,3.578125
guenther2022relational,379,2,2.37890625
guenther2022relational,379,3,4.376953125
guenther2022relational,379,4,2.90234375
guenther2022relational,379,5,2.5400390625
guenther2022relational,379,6,4.77734375
guenther2022relational,379,7,4.0078125
guenther2022relational,379,8,2.634765625
guenther2022relational,379,9,3.12890625
guenther2022relational,379,10,3.69921875
guenther2022relational,379,11,2.6328125
guenther2022relational,379,12,2.6962890625
guenther2022relational,379,13,3.099609375
guenther2022relational,379,14,2.03515625
guenther2022relational,379,15,3.8720703125
guenther2022relational,379,16,2.01953125
guenther2022relational,379,17,1.578125
guenther2022relational,379,18,2.6357421875
guenther2022relational,379,19,3.45703125
guenther2022relational,379,20,3.556640625
guenther2022relational,379,21,5.3203125
guenther2022relational,379,22,2.751953125
guenther2022relational,379,23,2.61328125
guenther2022relational,379,24,2.294921875
guenther2022relational,379,25,3.84375
guenther2022relational,379,26,2.240234375
guenther2022relational,379,27,2.3232421875
guenther2022relational,379,28,2.1337890625
guenther2022relational,379,29,1.76953125
guenther2022relational,379,30,1.3486328125
guenther2022relational,379,31,2.6806640625
guenther2022relational,379,32,3.7900390625
guenther2022relational,379,33,1.3212890625
guenther2022relational,379,34,0.69970703125
guenther2022relational,379,35,2.291015625
guenther2022relational,379,36,3.5107421875
guenther2022relational,379,37,2.0283203125
guenther2022relational,379,38,0.984375
guenther2022relational,379,39,4.220703125
guenther2022relational,379,40,3.671875
guenther2022relational,379,41,2.7470703125
guenther2022relational,379,42,1.2861328125
guenther2022relational,379,43,0.95068359375
guenther2022relational,379,44,3.6943359375
guenther2022relational,379,45,3.9970703125
guenther2022relational,379,46,1.530517578125
guenther2022relational,379,47,1.90087890625
guenther2022relational,379,48,1.919921875
guenther2022relational,379,49,1.611328125
guenther2022relational,379,50,4.02099609375
guenther2022relational,379,51,4.658203125
guenther2022relational,379,52,1.6220703125
guenther2022relational,379,53,1.16943359375
guenther2022relational,379,54,0.9970703125
guenther2022relational,380,0,5.71484375
guenther2022relational,380,1,2.43359375
guenther2022relational,380,2,4.5447998046875
guenther2022relational,380,3,2.0986328125
guenther2022relational,380,4,3.263671875
guenther2022relational,380,5,0.7772216796875
guenther2022relational,380,6,2.90576171875
guenther2022relational,380,7,1.5068359375
guenther2022relational,380,8,1.48828125
guenther2022relational,380,9,3.132080078125
guenther2022relational,380,10,1.7030029296875
guenther2022relational,380,11,1.27197265625
guenther2022relational,380,12,3.2958984375
guenther2022relational,380,13,2.451171875
guenther2022relational,380,14,3.9677734375
guenther2022relational,380,15,2.585693359375
guenther2022relational,380,16,5.8203125
guenther2022relational,380,17,3.9775390625
guenther2022relational,380,18,3.28125
guenther2022relational,380,19,2.8603515625
guenther2022relational,380,20,3.0078125
guenther2022relational,380,21,3.63671875
guenther2022relational,380,22,3.439453125
guenther2022relational,380,23,3.560546875
guenther2022relational,380,24,2.47265625
guenther2022relational,380,25,2.9453125
guenther2022relational,380,26,2.5439453125
guenther2022relational,380,27,4.2392578125
guenther2022relational,380,28,3.5400390625
guenther2022relational,380,29,2.3408203125
guenther2022relational,380,30,3.8359375
guenther2022relational,380,31,3.310546875
guenther2022relational,380,32,4.1103515625
guenther2022relational,380,33,2.4189453125
guenther2022relational,380,34,2.654296875
guenther2022relational,380,35,2.224609375
guenther2022relational,380,36,2.6376953125
guenther2022relational,380,37,1.6259765625
guenther2022relational,380,38,2.19775390625
guenther2022relational,380,39,2.95263671875
guenther2022relational,380,40,2.1025390625
guenther2022relational,380,41,2.6142578125
guenther2022relational,380,42,3.134765625
guenther2022relational,380,43,3.80517578125
guenther2022relational,380,44,3.46875
guenther2022relational,380,45,2.38525390625
guenther2022relational,380,46,2.9453125
guenther2022relational,380,47,2.78515625
guenther2022relational,380,48,2.19140625
guenther2022relational,380,49,2.90087890625
guenther2022relational,380,50,1.8203125
guenther2022relational,380,51,2.669921875
guenther2022relational,380,52,2.57421875
guenther2022relational,380,53,2.73828125
guenther2022relational,380,54,2.33984375
guenther2022relational,381,0,3.726531982421875
guenther2022relational,381,1,7.1103515625
guenther2022relational,381,2,4.8905029296875
guenther2022relational,381,3,2.236328125
guenther2022relational,381,4,0.8397216796875
guenther2022relational,381,5,4.14697265625
guenther2022relational,381,6,2.4541015625
guenther2022relational,381,7,2.8662109375
guenther2022relational,381,8,2.67138671875
guenther2022relational,381,9,2.00830078125
guenther2022relational,381,10,3.40625
guenther2022relational,381,11,2.216796875
guenther2022relational,381,12,2.0947265625
guenther2022relational,381,13,1.1728515625
guenther2022relational,381,14,2.2353515625
guenther2022relational,381,15,4.015625
guenther2022relational,381,16,2.291015625
guenther2022relational,381,17,1.7705078125
guenther2022relational,381,18,1.41943359375
guenther2022relational,381,19,1.77490234375
guenther2022relational,381,20,3.132080078125
guenther2022relational,381,21,1.86181640625
guenther2022relational,381,22,3.107421875
guenther2022relational,381,23,3.02392578125
guenther2022relational,381,24,1.9130859375
guenther2022relational,381,25,1.88720703125
guenther2022relational,381,26,4.1494140625
guenther2022relational,381,27,2.1376953125
guenther2022relational,381,28,1.5224609375
guenther2022relational,381,29,1.44921875
guenther2022relational,381,30,2.648193359375
guenther2022relational,381,31,2.08251953125
guenther2022relational,381,32,1.9267578125
guenther2022relational,381,33,2.507568359375
guenther2022relational,381,34,1.591796875
guenther2022relational,381,35,2.384033203125
guenther2022relational,381,36,1.468017578125
guenther2022relational,381,37,3.4521484375
guenther2022relational,381,38,1.5751953125
guenther2022relational,381,39,2.49267578125
guenther2022relational,381,40,3.038330078125
guenther2022relational,381,41,1.46533203125
guenther2022relational,381,42,1.382080078125
guenther2022relational,381,43,1.50048828125
guenther2022relational,381,44,2.303955078125
guenther2022relational,381,45,3.85888671875
guenther2022relational,381,46,4.0703125
guenther2022relational,381,47,3.30859375
guenther2022relational,381,48,5.7880859375
guenther2022relational,381,49,1.1845703125
guenther2022relational,381,50,1.11376953125
guenther2022relational,381,51,3.0517578125
guenther2022relational,381,52,1.296142578125
guenther2022relational,381,53,1.4530029296875
guenther2022relational,381,54,1.67041015625
guenther2022relational,382,0,1.941375732421875
guenther2022relational,382,1,3.13671875
guenther2022relational,382,2,3.573974609375
guenther2022relational,382,3,1.7919921875
guenther2022relational,382,4,2.1337890625
guenther2022relational,382,5,2.8291015625
guenther2022relational,382,6,3.54296875
guenther2022relational,382,7,5.0380859375
guenther2022relational,382,8,2.162109375
guenther2022relational,382,9,3.76953125
guenther2022relational,382,10,3.40234375
guenther2022relational,382,11,3.53125
guenther2022relational,382,12,3.04296875
guenther2022relational,382,13,4.64697265625
guenther2022relational,382,14,2.7666015625
guenther2022relational,382,15,5.37890625
guenther2022relational,382,16,2.662109375
guenther2022relational,382,17,3.14453125
guenther2022relational,382,18,2.73828125
guenther2022relational,382,19,4.90625
guenther2022relational,382,20,3.48046875
guenther2022relational,382,21,2.87109375
guenther2022relational,382,22,2.609375
guenther2022relational,382,23,2.3671875
guenther2022relational,382,24,4.0703125
guenther2022relational,382,25,2.658203125
guenther2022relational,382,26,3.1171875
guenther2022relational,382,27,3.044921875
guenther2022relational,382,28,3.875
guenther2022relational,382,29,3.19140625
guenther2022relational,382,30,1.42578125
guenther2022relational,382,31,1.83984375
guenther2022relational,382,32,3.3837890625
guenther2022relational,382,33,2.84765625
guenther2022relational,382,34,2.69921875
guenther2022relational,382,35,2.6044921875
guenther2022relational,382,36,2.89453125
guenther2022relational,382,37,2.8134765625
guenther2022relational,382,38,3.423828125
guenther2022relational,382,39,3.2265625
guenther2022relational,382,40,4.2294921875
guenther2022relational,382,41,3.3203125
guenther2022relational,382,42,3.216796875
guenther2022relational,382,43,2.0205078125
guenther2022relational,382,44,2.9609375
guenther2022relational,382,45,2.357421875
guenther2022relational,382,46,2.90625
guenther2022relational,382,47,2.7001953125
guenther2022relational,382,48,3.326171875
guenther2022relational,382,49,3.021484375
guenther2022relational,382,50,2.61328125
guenther2022relational,382,51,2.8505859375
guenther2022relational,382,52,2.826171875
guenther2022relational,382,53,2.2255859375
guenther2022relational,382,54,3.298828125
guenther2022relational,383,0,3.281219482421875
guenther2022relational,383,1,3.67333984375
guenther2022relational,383,2,2.61572265625
guenther2022relational,383,3,5.09326171875
guenther2022relational,383,4,3.8251953125
guenther2022relational,383,5,2.38671875
guenther2022relational,383,6,2.95947265625
guenther2022relational,383,7,2.35888671875
guenther2022relational,383,8,2.3330078125
guenther2022relational,383,9,3.1248779296875
guenther2022relational,383,10,2.9580078125
guenther2022relational,383,11,3.34375
guenther2022relational,383,12,2.703125
guenther2022relational,383,13,3.4560546875
guenther2022relational,383,14,2.16796875
guenther2022relational,383,15,2.6982421875
guenther2022relational,383,16,2.3876953125
guenther2022relational,383,17,2.52587890625
guenther2022relational,383,18,3.5205078125
guenther2022relational,383,19,2.95703125
guenther2022relational,383,20,2.9150390625
guenther2022relational,383,21,2.607421875
guenther2022relational,383,22,3.5
guenther2022relational,383,23,2.4453125
guenther2022relational,383,24,2.32275390625
guenther2022relational,383,25,3.0693359375
guenther2022relational,383,26,2.007080078125
guenther2022relational,383,27,2.4736328125
guenther2022relational,383,28,3.1669921875
guenther2022relational,383,29,2.4140625
guenther2022relational,383,30,2.11572265625
guenther2022relational,383,31,2.0322265625
guenther2022relational,383,32,1.84814453125
guenther2022relational,383,33,3.43359375
guenther2022relational,383,34,3.095703125
guenther2022relational,383,35,1.67236328125
guenther2022relational,383,36,2.1982421875
guenther2022relational,383,37,2.669921875
guenther2022relational,383,38,1.2724609375
guenther2022relational,383,39,2.0234375
guenther2022relational,383,40,3.560546875
guenther2022relational,383,41,2.94921875
guenther2022relational,383,42,1.83203125
guenther2022relational,383,43,2.65234375
guenther2022relational,383,44,2.2939453125
guenther2022relational,383,45,2.9404296875
guenther2022relational,383,46,2.22705078125
guenther2022relational,383,47,2.14697265625
guenther2022relational,383,48,2.1767578125
guenther2022relational,383,49,3.2607421875
guenther2022relational,383,50,2.076171875
guenther2022relational,383,51,7.390625
guenther2022relational,383,52,2.1904296875
guenther2022relational,383,53,2.212890625
guenther2022relational,383,54,2.228515625
guenther2022relational,384,0,4.2734375
guenther2022relational,384,1,2.19287109375
guenther2022relational,384,2,4.876953125
guenther2022relational,384,3,2.93017578125
guenther2022relational,384,4,4.2109375
guenther2022relational,384,5,2.2958984375
guenther2022relational,384,6,2.5498046875
guenther2022relational,384,7,3.0751953125
guenther2022relational,384,8,2.6142578125
guenther2022relational,384,9,2.66650390625
guenther2022relational,384,10,2.9697265625
guenther2022relational,384,11,4.443359375
guenther2022relational,384,12,3.10400390625
guenther2022relational,384,13,2.3486328125
guenther2022relational,384,14,1.41455078125
guenther2022relational,384,15,3.7392578125
guenther2022relational,384,16,5.53125
guenther2022relational,384,17,4.007080078125
guenther2022relational,384,18,2.3583984375
guenther2022relational,384,19,2.3720703125
guenther2022relational,384,20,2.8828125
guenther2022relational,384,21,1.179443359375
guenther2022relational,384,22,2.953125
guenther2022relational,384,23,2.404296875
guenther2022relational,384,24,3.7939453125
guenther2022relational,384,25,2.19580078125
guenther2022relational,384,26,3.845703125
guenther2022relational,384,27,2.30322265625
guenther2022relational,384,28,1.9521484375
guenther2022relational,384,29,3.2392578125
guenther2022relational,384,30,3.2216796875
guenther2022relational,384,31,2.5625
guenther2022relational,384,32,2.78759765625
guenther2022relational,384,33,2.87939453125
guenther2022relational,384,34,3.0458984375
guenther2022relational,384,35,4.8984375
guenther2022relational,384,36,1.9150390625
guenther2022relational,384,37,3.0439453125
guenther2022relational,384,38,2.444580078125
guenther2022relational,384,39,1.8798828125
guenther2022relational,384,40,3.069580078125
guenther2022relational,384,41,3.61474609375
guenther2022relational,384,42,2.007568359375
guenther2022relational,384,43,1.741943359375
guenther2022relational,384,44,4.6318359375
guenther2022relational,384,45,2.3592529296875
guenther2022relational,384,46,1.9853515625
guenther2022relational,384,47,1.64892578125
guenther2022relational,384,48,2.029296875
guenther2022relational,384,49,2.87109375
guenther2022relational,384,50,2.11962890625
guenther2022relational,384,51,2.194580078125
guenther2022relational,384,52,1.93603515625
guenther2022relational,384,53,1.7373046875
guenther2022relational,384,54,1.710693359375
guenther2022relational,385,0,4.460906982421875
guenther2022relational,385,1,2.32958984375
guenther2022relational,385,2,2.9306640625
guenther2022relational,385,3,3.4482421875
guenther2022relational,385,4,4.376953125
guenther2022relational,385,5,1.880859375
guenther2022relational,385,6,4.3515625
guenther2022relational,385,7,1.91015625
guenther2022relational,385,8,3.314453125
guenther2022relational,385,9,2.58203125
guenther2022relational,385,10,2.2734375
guenther2022relational,385,11,3.6513671875
guenther2022relational,385,12,1.2392578125
guenther2022relational,385,13,2.380859375
guenther2022relational,385,14,2.5732421875
guenther2022relational,385,15,1.990234375
guenther2022relational,385,16,4.3505859375
guenther2022relational,385,17,2.82421875
guenther2022relational,385,18,2.66796875
guenther2022relational,385,19,1.6337890625
guenther2022relational,385,20,1.78125
guenther2022relational,385,21,2.0146484375
guenther2022relational,385,22,1.56640625
guenther2022relational,385,23,1.388671875
guenther2022relational,385,24,1.51171875
guenther2022relational,385,25,1.31494140625
guenther2022relational,385,26,2.38037109375
guenther2022relational,385,27,5.109375
guenther2022relational,385,28,1.3759765625
guenther2022relational,385,29,2.44775390625
guenther2022relational,385,30,4.0751953125
guenther2022relational,385,31,3.73876953125
guenther2022relational,385,32,1.0869140625
guenther2022relational,385,33,1.12548828125
guenther2022relational,385,34,2.9228515625
guenther2022relational,385,35,1.101318359375
guenther2022relational,385,36,3.600830078125
guenther2022relational,385,37,2.2626953125
guenther2022relational,385,38,2.30126953125
guenther2022relational,385,39,2.73876953125
guenther2022relational,385,40,1.99072265625
guenther2022relational,385,41,7.46875
guenther2022relational,385,42,2.71484375
guenther2022relational,385,43,2.33642578125
guenther2022relational,385,44,1.8486328125
guenther2022relational,385,45,1.29443359375
guenther2022relational,385,46,4.703125
guenther2022relational,385,47,2.0947265625
guenther2022relational,385,48,2.142578125
guenther2022relational,385,49,1.7548828125
guenther2022relational,385,50,5.3251953125
guenther2022relational,385,51,3.7919921875
guenther2022relational,385,52,2.1845703125
guenther2022relational,385,53,1.6162109375
guenther2022relational,385,54,0.97021484375
guenther2022relational,386,0,2.708953857421875
guenther2022relational,386,1,6.3876953125
guenther2022relational,386,2,4.181640625
guenther2022relational,386,3,3.1015625
guenther2022relational,386,4,4.72900390625
guenther2022relational,386,5,2.80322265625
guenther2022relational,386,6,2.5078125
guenther2022relational,386,7,2.197265625
guenther2022relational,386,8,3.18212890625
guenther2022relational,386,9,2.71142578125
guenther2022relational,386,10,2.294921875
guenther2022relational,386,11,5.1669921875
guenther2022relational,386,12,2.896484375
guenther2022relational,386,13,2.21142578125
guenther2022relational,386,14,3.68017578125
guenther2022relational,386,15,2.5830078125
guenther2022relational,386,16,1.921142578125
guenther2022relational,386,17,1.63134765625
guenther2022relational,386,18,1.8798828125
guenther2022relational,386,19,2.79150390625
guenther2022relational,386,20,3.1884765625
guenther2022relational,386,21,1.991943359375
guenther2022relational,386,22,2.39501953125
guenther2022relational,386,23,1.34326171875
guenther2022relational,386,24,0.9490966796875
guenther2022relational,386,25,2.2646484375
guenther2022relational,386,26,3.0693359375
guenther2022relational,386,27,1.06494140625
guenther2022relational,386,28,1.28759765625
guenther2022relational,386,29,1.88720703125
guenther2022relational,386,30,1.42138671875
guenther2022relational,386,31,2.24072265625
guenther2022relational,386,32,1.710693359375
guenther2022relational,386,33,1.616943359375
guenther2022relational,386,34,4.991943359375
guenther2022relational,386,35,3.3592529296875
guenther2022relational,386,36,2.810546875
guenther2022relational,386,37,3.288330078125
guenther2022relational,386,38,1.4287109375
guenther2022relational,386,39,1.9658203125
guenther2022relational,386,40,7.34375
guenther2022relational,386,41,3.7265625
guenther2022relational,386,42,3.01025390625
guenther2022relational,386,43,1.20703125
guenther2022relational,386,44,1.681640625
guenther2022relational,386,45,1.647705078125
guenther2022relational,386,46,1.95361328125
guenther2022relational,386,47,1.531005859375
guenther2022relational,386,48,5.0166015625
guenther2022relational,386,49,1.96826171875
guenther2022relational,386,50,3.1484375
guenther2022relational,386,51,3.5859375
guenther2022relational,386,52,3.328125
guenther2022relational,386,53,2.8095703125
guenther2022relational,386,54,4.2841796875
guenther2022relational,387,0,5.796844482421875
guenther2022relational,387,1,6.77734375
guenther2022relational,387,2,3.9384765625
guenther2022relational,387,3,2.435546875
guenther2022relational,387,4,2.9697265625
guenther2022relational,387,5,2.5703125
guenther2022relational,387,6,2.2158203125
guenther2022relational,387,7,1.81298828125
guenther2022relational,387,8,1.6474609375
guenther2022relational,387,9,0.84228515625
guenther2022relational,387,10,4.0439453125
guenther2022relational,387,11,2.6357421875
guenther2022relational,387,12,3.757080078125
guenther2022relational,387,13,1.654296875
guenther2022relational,387,14,2.507568359375
guenther2022relational,387,15,1.0361328125
guenther2022relational,387,16,3.306640625
guenther2022relational,387,17,4.169921875
guenther2022relational,387,18,4.671875
guenther2022relational,387,19,1.56640625
guenther2022relational,387,20,2.5205078125
guenther2022relational,387,21,2.0478515625
guenther2022relational,387,22,2.591796875
guenther2022relational,387,23,2.41650390625
guenther2022relational,387,24,3.2158203125
guenther2022relational,387,25,3.828125
guenther2022relational,387,26,3.353515625
guenther2022relational,387,27,2.853515625
guenther2022relational,387,28,3.81689453125
guenther2022relational,387,29,2.0751953125
guenther2022relational,387,30,1.8349609375
guenther2022relational,387,31,4.382080078125
guenther2022relational,387,32,1.7783203125
guenther2022relational,387,33,1.78125
guenther2022relational,387,34,3.44140625
guenther2022relational,387,35,3.1748046875
guenther2022relational,387,36,5.857421875
guenther2022relational,387,37,3.3251953125
guenther2022relational,387,38,1.51513671875
guenther2022relational,387,39,4.162109375
guenther2022relational,387,40,2.0234375
guenther2022relational,387,41,2.2333984375
guenther2022relational,387,42,4.3193359375
guenther2022relational,387,43,5.1875
guenther2022relational,387,44,3.8671875
guenther2022relational,387,45,1.8466796875
guenther2022relational,387,46,3.880859375
guenther2022relational,387,47,3.491455078125
guenther2022relational,387,48,2.310546875
guenther2022relational,387,49,2.4130859375
guenther2022relational,387,50,3.59326171875
guenther2022relational,387,51,2.744140625
guenther2022relational,387,52,1.5751953125
guenther2022relational,387,53,3.1826171875
guenther2022relational,387,54,4.84375
guenther2022relational,388,0,2.703094482421875
guenther2022relational,388,1,5.45751953125
guenther2022relational,388,2,4.505859375
guenther2022relational,388,3,2.37451171875
guenther2022relational,388,4,1.44921875
guenther2022relational,388,5,3.4384765625
guenther2022relational,388,6,2.1455078125
guenther2022relational,388,7,3.8154296875
guenther2022relational,388,8,2.19775390625
guenther2022relational,388,9,2.11376953125
guenther2022relational,388,10,4.828125
guenther2022relational,388,11,1.7529296875
guenther2022relational,388,12,4.2783203125
guenther2022relational,388,13,3.2685546875
guenther2022relational,388,14,1.458984375
guenther2022relational,388,15,3.5244140625
guenther2022relational,388,16,1.67138671875
guenther2022relational,388,17,4.7470703125
guenther2022relational,388,18,2.710693359375
guenther2022relational,388,19,2.44189453125
guenther2022relational,388,20,3.65234375
guenther2022relational,388,21,2.71142578125
guenther2022relational,388,22,3.6328125
guenther2022relational,388,23,2.71484375
guenther2022relational,388,24,3.203125
guenther2022relational,388,25,6.5205078125
guenther2022relational,388,26,1.67919921875
guenther2022relational,388,27,2.15234375
guenther2022relational,388,28,3.7705078125
guenther2022relational,388,29,4.35400390625
guenther2022relational,388,30,1.9150390625
guenther2022relational,388,31,2.55126953125
guenther2022relational,388,32,2.8564453125
guenther2022relational,388,33,1.54296875
guenther2022relational,388,34,1.79443359375
guenther2022relational,388,35,2.1318359375
guenther2022relational,388,36,2.90576171875
guenther2022relational,388,37,4.46826171875
guenther2022relational,388,38,1.1873779296875
guenther2022relational,388,39,3.748046875
guenther2022relational,388,40,3.810546875
guenther2022relational,388,41,1.2548828125
guenther2022relational,388,42,4.591796875
guenther2022relational,388,43,1.54638671875
guenther2022relational,388,44,3.225830078125
guenther2022relational,388,45,1.94970703125
guenther2022relational,388,46,2.882080078125
guenther2022relational,388,47,3.5625
guenther2022relational,388,48,2.7705078125
guenther2022relational,388,49,2.689453125
guenther2022relational,388,50,3.38525390625
guenther2022relational,388,51,4.2080078125
guenther2022relational,388,52,3.3408203125
guenther2022relational,388,53,3.654296875
guenther2022relational,388,54,2.16796875
guenther2022relational,389,0,3.7734375
guenther2022relational,389,1,2.61376953125
guenther2022relational,389,2,5.319580078125
guenther2022relational,389,3,5.171875
guenther2022relational,389,4,3.49951171875
guenther2022relational,389,5,2.236328125
guenther2022relational,389,6,2.4453125
guenther2022relational,389,7,3.24609375
guenther2022relational,389,8,3.2578125
guenther2022relational,389,9,3.2578125
guenther2022relational,389,10,3.18212890625
guenther2022relational,389,11,1.91796875
guenther2022relational,389,12,4.3095703125
guenther2022relational,389,13,3.5576171875
guenther2022relational,389,14,2.75390625
guenther2022relational,389,15,2.98828125
guenther2022relational,389,16,4.015625
guenther2022relational,389,17,1.91796875
guenther2022relational,389,18,1.39453125
guenther2022relational,389,19,1.111328125
guenther2022relational,389,20,1.197265625
guenther2022relational,389,21,2.63525390625
guenther2022relational,389,22,3.904296875
guenther2022relational,389,23,2.298828125
guenther2022relational,389,24,2.61328125
guenther2022relational,389,25,3.51171875
guenther2022relational,389,26,3.474609375
guenther2022relational,389,27,2.60546875
guenther2022relational,389,28,2.873046875
guenther2022relational,389,29,2.734375
guenther2022relational,389,30,2.48828125
guenther2022relational,389,31,3.248046875
guenther2022relational,389,32,2.439453125
guenther2022relational,389,33,0.93212890625
guenther2022relational,389,34,2.4296875
guenther2022relational,389,35,1.671875
guenther2022relational,389,36,1.8828125
guenther2022relational,389,37,1.931640625
guenther2022relational,389,38,2.11767578125
guenther2022relational,389,39,2.9775390625
guenther2022relational,389,40,2.1279296875
guenther2022relational,389,41,2.85546875
guenther2022relational,389,42,3.7109375
guenther2022relational,389,43,1.3828125
guenther2022relational,389,44,2.8984375
guenther2022relational,389,45,1.919921875
guenther2022relational,389,46,3.6484375
guenther2022relational,389,47,2.5419921875
guenther2022relational,389,48,1.6318359375
guenther2022relational,389,49,3.7109375
guenther2022relational,389,50,3.1171875
guenther2022relational,389,51,2.740234375
guenther2022relational,389,52,1.76171875
guenther2022relational,389,53,2.59765625
guenther2022relational,389,54,2.95703125
guenther2022relational,390,0,2.226531982421875
guenther2022relational,390,1,6.044921875
guenther2022relational,390,2,2.29296875
guenther2022relational,390,3,3.0703125
guenther2022relational,390,4,1.296875
guenther2022relational,390,5,0.99609375
guenther2022relational,390,6,2.955078125
guenther2022relational,390,7,1.97265625
guenther2022relational,390,8,1.6201171875
guenther2022relational,390,9,3.0224609375
guenther2022relational,390,10,2.369140625
guenther2022relational,390,11,2.35400390625
guenther2022relational,390,12,1.98486328125
guenther2022relational,390,13,1.58251953125
guenther2022relational,390,14,1.99853515625
guenther2022relational,390,15,1.505859375
guenther2022relational,390,16,2.4814453125
guenther2022relational,390,17,2.634765625
guenther2022relational,390,18,3.78271484375
guenther2022relational,390,19,1.947265625
guenther2022relational,390,20,1.341796875
guenther2022relational,390,21,1.8740234375
guenther2022relational,390,22,1.82861328125
guenther2022relational,390,23,1.80126953125
guenther2022relational,390,24,3.600830078125
guenther2022relational,390,25,2.30322265625
guenther2022relational,390,26,4.4892578125
guenther2022relational,390,27,3.5419921875
guenther2022relational,390,28,5.328125
guenther2022relational,390,29,3.0712890625
guenther2022relational,390,30,3.69189453125
guenther2022relational,390,31,2.505859375
guenther2022relational,390,32,2.6064453125
guenther2022relational,390,33,2.0712890625
guenther2022relational,390,34,2.2216796875
guenther2022relational,390,35,3.2421875
guenther2022relational,390,36,1.9033203125
guenther2022relational,390,37,3.1142578125
guenther2022relational,390,38,3.00390625
guenther2022relational,390,39,2.7421875
guenther2022relational,390,40,3.1845703125
guenther2022relational,390,41,2.0185546875
guenther2022relational,390,42,1.4873046875
guenther2022relational,390,43,2.2880859375
guenther2022relational,390,44,1.248046875
guenther2022relational,390,45,2.1708984375
guenther2022relational,390,46,2.6103515625
guenther2022relational,390,47,1.8291015625
guenther2022relational,390,48,5.60546875
guenther2022relational,390,49,4.2900390625
guenther2022relational,390,50,1.6953125
guenther2022relational,390,51,3.63330078125
guenther2022relational,390,52,2.10986328125
guenther2022relational,390,53,3.2734375
guenther2022relational,390,54,3.1005859375
guenther2022relational,391,0,4.148406982421875
guenther2022relational,391,1,3.984375
guenther2022relational,391,2,4.27197265625
guenther2022relational,391,3,2.8583984375
guenther2022relational,391,4,2.29296875
guenther2022relational,391,5,2.568359375
guenther2022relational,391,6,4.66162109375
guenther2022relational,391,7,3.810546875
guenther2022relational,391,8,2.9677734375
guenther2022relational,391,9,2.6962890625
guenther2022relational,391,10,1.90478515625
guenther2022relational,391,11,4.7421875
guenther2022relational,391,12,2.2275390625
guenther2022relational,391,13,2.7109375
guenther2022relational,391,14,2.3662109375
guenther2022relational,391,15,2.8720703125
guenther2022relational,391,16,2.3212890625
guenther2022relational,391,17,2.20751953125
guenther2022relational,391,18,3.8525390625
guenther2022relational,391,19,2.67822265625
guenther2022relational,391,20,2.9833984375
guenther2022relational,391,21,5.015625
guenther2022relational,391,22,2.0263671875
guenther2022relational,391,23,2.11376953125
guenther2022relational,391,24,3.7119140625
guenther2022relational,391,25,2.0986328125
guenther2022relational,391,26,1.943359375
guenther2022relational,391,27,2.7509765625
guenther2022relational,391,28,3.34375
guenther2022relational,391,29,2.70703125
guenther2022relational,391,30,6.554443359375
guenther2022relational,391,31,2.9375
guenther2022relational,391,32,2.12890625
guenther2022relational,391,33,1.9091796875
guenther2022relational,391,34,2.8046875
guenther2022relational,391,35,2.5234375
guenther2022relational,391,36,2.63037109375
guenther2022relational,391,37,2.2041015625
guenther2022relational,391,38,1.8798828125
guenther2022relational,391,39,0.960205078125
guenther2022relational,391,40,3.1328125
guenther2022relational,391,41,3.0927734375
guenther2022relational,391,42,1.87744140625
guenther2022relational,391,43,2.4130859375
guenther2022relational,391,44,3.1640625
guenther2022relational,391,45,1.560546875
guenther2022relational,391,46,5.7587890625
guenther2022relational,391,47,2.49609375
guenther2022relational,391,48,2.0595703125
guenther2022relational,391,49,2.419921875
guenther2022relational,391,50,3.99951171875
guenther2022relational,391,51,2.1494140625
guenther2022relational,391,52,2.24609375
guenther2022relational,391,53,3.30078125
guenther2022relational,391,54,1.5869140625
guenther2022relational,392,0,4.175750732421875
guenther2022relational,392,1,4.75
guenther2022relational,392,2,3.349578857421875
guenther2022relational,392,3,2.93359375
guenther2022relational,392,4,2.2265625
guenther2022relational,392,5,3.3359375
guenther2022relational,392,6,1.6943359375
guenther2022relational,392,7,3.248046875
guenther2022relational,392,8,3.07080078125
guenther2022relational,392,9,3.33447265625
guenther2022relational,392,10,2.81201171875
guenther2022relational,392,11,2.71337890625
guenther2022relational,392,12,2.888671875
guenther2022relational,392,13,2.96484375
guenther2022relational,392,14,2.84912109375
guenther2022relational,392,15,3.560546875
guenther2022relational,392,16,2.58837890625
guenther2022relational,392,17,1.1717529296875
guenther2022relational,392,18,2.2568359375
guenther2022relational,392,19,4.0625
guenther2022relational,392,20,1.9658203125
guenther2022relational,392,21,2.6943359375
guenther2022relational,392,22,2.17138671875
guenther2022relational,392,23,2.0673828125
guenther2022relational,392,24,3.123046875
guenther2022relational,392,25,1.95166015625
guenther2022relational,392,26,1.66162109375
guenther2022relational,392,27,1.68603515625
guenther2022relational,392,28,1.31787109375
guenther2022relational,392,29,2.59326171875
guenther2022relational,392,30,1.8896484375
guenther2022relational,392,31,2.123046875
guenther2022relational,392,32,4.28125
guenther2022relational,392,33,1.054443359375
guenther2022relational,392,34,4.0390625
guenther2022relational,392,35,1.0927734375
guenther2022relational,392,36,3.0791015625
guenther2022relational,392,37,1.03564453125
guenther2022relational,392,38,1.21630859375
guenther2022relational,392,39,2.123046875
guenther2022relational,392,40,2.748046875
guenther2022relational,392,41,1.359130859375
guenther2022relational,392,42,0.89404296875
guenther2022relational,392,43,0.86962890625
guenther2022relational,392,44,2.0780029296875
guenther2022relational,392,45,2.06787109375
guenther2022relational,392,46,1.63134765625
guenther2022relational,392,47,0.84375
guenther2022relational,392,48,3.7880859375
guenther2022relational,392,49,0.85498046875
guenther2022relational,392,50,3.92578125
guenther2022relational,392,51,0.939453125
guenther2022relational,392,52,0.70361328125
guenther2022relational,392,53,1.0234375
guenther2022relational,392,54,1.11669921875
guenther2022relational,393,0,4.70703125
guenther2022relational,393,1,6.01953125
guenther2022relational,393,2,2.4482421875
guenther2022relational,393,3,4.43701171875
guenther2022relational,393,4,2.2314453125
guenther2022relational,393,5,3.8818359375
guenther2022relational,393,6,2.6873779296875
guenther2022relational,393,7,2.513671875
guenther2022relational,393,8,3.1943359375
guenther2022relational,393,9,3.685546875
guenther2022relational,393,10,3.44775390625
guenther2022relational,393,11,2.8623046875
guenther2022relational,393,12,3.59375
guenther2022relational,393,13,2.13037109375
guenther2022relational,393,14,3.123046875
guenther2022relational,393,15,4.1416015625
guenther2022relational,393,16,3.6201171875
guenther2022relational,393,17,3.0908203125
guenther2022relational,393,18,2.9765625
guenther2022relational,393,19,2.265625
guenther2022relational,393,20,2.5224609375
guenther2022relational,393,21,3.1640625
guenther2022relational,393,22,3.0537109375
guenther2022relational,393,23,5.05859375
guenther2022relational,393,24,2.6689453125
guenther2022relational,393,25,4.94140625
guenther2022relational,393,26,3.6806640625
guenther2022relational,393,27,2.91259765625
guenther2022relational,393,28,3.022705078125
guenther2022relational,393,29,2.884765625
guenther2022relational,393,30,2.6904296875
guenther2022relational,393,31,5.0107421875
guenther2022relational,393,32,2.5166015625
guenther2022relational,393,33,2.818359375
guenther2022relational,393,34,2.7568359375
guenther2022relational,393,35,3.78125
guenther2022relational,393,36,1.9892578125
guenther2022relational,393,37,3.80859375
guenther2022relational,393,38,1.8876953125
guenther2022relational,393,39,4.8037109375
guenther2022relational,393,40,2.642578125
guenther2022relational,393,41,2.21142578125
guenther2022relational,393,42,2.8525390625
guenther2022relational,393,43,3.232421875
guenther2022relational,393,44,3.7998046875
guenther2022relational,393,45,5.46875
guenther2022relational,393,46,3.6015625
guenther2022relational,393,47,4.08203125
guenther2022relational,393,48,2.3447265625
guenther2022relational,393,49,3.140625
guenther2022relational,393,50,2.435546875
guenther2022relational,393,51,2.61572265625
guenther2022relational,393,52,3.2626953125
guenther2022relational,393,53,2.91796875
guenther2022relational,393,54,2.7978515625
guenther2022relational,394,0,3.875
guenther2022relational,394,1,1.10546875
guenther2022relational,394,2,3.591796875
guenther2022relational,394,3,2.78125
guenther2022relational,394,4,4.4228515625
guenther2022relational,394,5,3.060546875
guenther2022relational,394,6,4.60400390625
guenther2022relational,394,7,2.1337890625
guenther2022relational,394,8,2.53515625
guenther2022relational,394,9,2.6015625
guenther2022relational,394,10,4.671875
guenther2022relational,394,11,0.509033203125
guenther2022relational,394,12,2.62109375
guenther2022relational,394,13,2.55078125
guenther2022relational,394,14,1.36328125
guenther2022relational,394,15,2.64453125
guenther2022relational,394,16,1.9091796875
guenther2022relational,394,17,2.7041015625
guenther2022relational,394,18,3.23046875
guenther2022relational,394,19,3.26025390625
guenther2022relational,394,20,2.099365234375
guenther2022relational,394,21,2.31787109375
guenther2022relational,394,22,2.193359375
guenther2022relational,394,23,2.166015625
guenther2022relational,394,24,2.76171875
guenther2022relational,394,25,2.2109375
guenther2022relational,394,26,2.5107421875
guenther2022relational,394,27,2.796875
guenther2022relational,394,28,2.037109375
guenther2022relational,394,29,2.8916015625
guenther2022relational,394,30,3.35546875
guenther2022relational,394,31,4.65234375
guenther2022relational,394,32,2.3369140625
guenther2022relational,394,33,2.6171875
guenther2022relational,394,34,4.18359375
guenther2022relational,394,35,2.376953125
guenther2022relational,394,36,3.1376953125
guenther2022relational,394,37,3.6015625
guenther2022relational,394,38,3.1552734375
guenther2022relational,394,39,3.3642578125
guenther2022relational,394,40,2.67578125
guenther2022relational,394,41,3.94775390625
guenther2022relational,394,42,1.6650390625
guenther2022relational,394,43,3.35205078125
guenther2022relational,394,44,1.98828125
guenther2022relational,394,45,3.3251953125
guenther2022relational,394,46,3.044921875
guenther2022relational,394,47,4.1796875
guenther2022relational,394,48,3.220703125
guenther2022relational,394,49,2.0205078125
guenther2022relational,394,50,2.38671875
guenther2022relational,394,51,1.8095703125
guenther2022relational,394,52,2.4296875
guenther2022relational,394,53,2.1904296875
guenther2022relational,394,54,2.5830078125
guenther2022relational,395,0,4.8125
guenther2022relational,395,1,3.4501953125
guenther2022relational,395,2,4.43017578125
guenther2022relational,395,3,5.225830078125
guenther2022relational,395,4,3.951171875
guenther2022relational,395,5,3.0029296875
guenther2022relational,395,6,2.77197265625
guenther2022relational,395,7,2.7978515625
guenther2022relational,395,8,3.06787109375
guenther2022relational,395,9,4.225830078125
guenther2022relational,395,10,2.4658203125
guenther2022relational,395,11,3.86767578125
guenther2022relational,395,12,2.22900390625
guenther2022relational,395,13,3.476531982421875
guenther2022relational,395,14,1.95166015625
guenther2022relational,395,15,3.5439453125
guenther2022relational,395,16,3.00537109375
guenther2022relational,395,17,1.9217529296875
guenther2022relational,395,18,3.7890625
guenther2022relational,395,19,3.25537109375
guenther2022relational,395,20,2.73876953125
guenther2022relational,395,21,4.46875
guenther2022relational,395,22,3.1533203125
guenther2022relational,395,23,3.2392578125
guenther2022relational,395,24,3.3818359375
guenther2022relational,395,25,2.607421875
guenther2022relational,395,26,3.130859375
guenther2022relational,395,27,1.7939453125
guenther2022relational,395,28,3.3525390625
guenther2022relational,395,29,1.3369140625
guenther2022relational,395,30,2.95947265625
guenther2022relational,395,31,2.7529296875
guenther2022relational,395,32,3.28271484375
guenther2022relational,395,33,2.8232421875
guenther2022relational,395,34,2.748046875
guenther2022relational,395,35,2.8408203125
guenther2022relational,395,36,2.3427734375
guenther2022relational,395,37,1.818359375
guenther2022relational,395,38,2.882080078125
guenther2022relational,395,39,1.84619140625
guenther2022relational,395,40,1.75244140625
guenther2022relational,395,41,2.888671875
guenther2022relational,395,42,3.14697265625
guenther2022relational,395,43,2.9833984375
guenther2022relational,395,44,1.9599609375
guenther2022relational,395,45,4.5107421875
guenther2022relational,395,46,2.85205078125
guenther2022relational,395,47,3.8828125
guenther2022relational,395,48,1.62109375
guenther2022relational,395,49,1.437255859375
guenther2022relational,395,50,3.14892578125
guenther2022relational,395,51,1.3955078125
guenther2022relational,395,52,3.9140625
guenther2022relational,395,53,3.0625
guenther2022relational,395,54,1.7763671875
guenther2022relational,396,0,3.234344482421875
guenther2022relational,396,1,6.19140625
guenther2022relational,396,2,0.9375
guenther2022relational,396,3,3.1103515625
guenther2022relational,396,4,4.0263671875
guenther2022relational,396,5,1.8837890625
guenther2022relational,396,6,4.28515625
guenther2022relational,396,7,4.19775390625
guenther2022relational,396,8,3.8046875
guenther2022relational,396,9,2.18359375
guenther2022relational,396,10,2.263671875
guenther2022relational,396,11,2.1953125
guenther2022relational,396,12,4.5390625
guenther2022relational,396,13,1.60546875
guenther2022relational,396,14,3.42578125
guenther2022relational,396,15,2.34375
guenther2022relational,396,16,3.6455078125
guenther2022relational,396,17,3.1689453125
guenther2022relational,396,18,1.2412109375
guenther2022relational,396,19,2.72265625
guenther2022relational,396,20,1.7529296875
guenther2022relational,396,21,3.6318359375
guenther2022relational,396,22,3.46875
guenther2022relational,396,23,2.87890625
guenther2022relational,396,24,2.6689453125
guenther2022relational,396,25,2.642578125
guenther2022relational,396,26,2.87890625
guenther2022relational,396,27,2.7841796875
guenther2022relational,396,28,2.47900390625
guenther2022relational,396,29,3.0126953125
guenther2022relational,396,30,2.6767578125
guenther2022relational,396,31,1.9990234375
guenther2022relational,396,32,1.5439453125
guenther2022relational,396,33,4.3515625
guenther2022relational,396,34,2.4814453125
guenther2022relational,396,35,2.4345703125
guenther2022relational,396,36,2.0029296875
guenther2022relational,396,37,3.689453125
guenther2022relational,396,38,2.33837890625
guenther2022relational,396,39,3.7353515625
guenther2022relational,396,40,1.404296875
guenther2022relational,396,41,4.03955078125
guenther2022relational,396,42,1.865234375
guenther2022relational,396,43,4.2734375
guenther2022relational,396,44,1.39599609375
guenther2022relational,396,45,2.9453125
guenther2022relational,396,46,3.470703125
guenther2022relational,396,47,2.2265625
guenther2022relational,396,48,2.22265625
guenther2022relational,396,49,2.2412109375
guenther2022relational,396,50,2.34765625
guenther2022relational,396,51,4.75390625
guenther2022relational,396,52,3.26025390625
guenther2022relational,396,53,4.48828125
guenther2022relational,396,54,3.58837890625
guenther2022relational,397,0,4.531219482421875
guenther2022relational,397,1,2.2421875
guenther2022relational,397,2,0.73828125
guenther2022relational,397,3,3.3203125
guenther2022relational,397,4,5.15234375
guenther2022relational,397,5,3.2890625
guenther2022relational,397,6,1.095703125
guenther2022relational,397,7,1.79296875
guenther2022relational,397,8,3.828125
guenther2022relational,397,9,3.78125
guenther2022relational,397,10,1.865234375
guenther2022relational,397,11,1.318359375
guenther2022relational,397,12,2.8671875
guenther2022relational,397,13,3.7265625
guenther2022relational,397,14,3.107421875
guenther2022relational,397,15,4.451171875
guenther2022relational,397,16,2.966796875
guenther2022relational,397,17,2.333984375
guenther2022relational,397,18,3.9921875
guenther2022relational,397,19,5.0859375
guenther2022relational,397,20,1.859375
guenther2022relational,397,21,2.0712890625
guenther2022relational,397,22,2.705078125
guenther2022relational,397,23,2.537109375
guenther2022relational,397,24,2.7978515625
guenther2022relational,397,25,1.6171875
guenther2022relational,397,26,1.8447265625
guenther2022relational,397,27,2.21484375
guenther2022relational,397,28,2.705078125
guenther2022relational,397,29,2.96484375
guenther2022relational,397,30,2.923828125
guenther2022relational,397,31,2.828125
guenther2022relational,397,32,2.7265625
guenther2022relational,397,33,4.94140625
guenther2022relational,397,34,4.283203125
guenther2022relational,397,35,4.74609375
guenther2022relational,397,36,4.2109375
guenther2022relational,397,37,2.51953125
guenther2022relational,397,38,1.517578125
guenther2022relational,397,39,1.2265625
guenther2022relational,397,40,2.2255859375
guenther2022relational,397,41,2.2470703125
guenther2022relational,397,42,2.892578125
guenther2022relational,397,43,3.0703125
guenther2022relational,397,44,2.89697265625
guenther2022relational,397,45,2.71142578125
guenther2022relational,397,46,2.2275390625
guenther2022relational,397,47,2.1455078125
guenther2022relational,397,48,1.43798828125
guenther2022relational,397,49,2.2568359375
guenther2022relational,397,50,4.4765625
guenther2022relational,397,51,2.2978515625
guenther2022relational,397,52,3.8232421875
guenther2022relational,397,53,3.951171875
guenther2022relational,397,54,2.8232421875
guenther2022relational,398,0,1.833953857421875
guenther2022relational,398,1,5.99609375
guenther2022relational,398,2,1.92138671875
guenther2022relational,398,3,2.58642578125
guenther2022relational,398,4,2.4375
guenther2022relational,398,5,2.8603515625
guenther2022relational,398,6,5.09375
guenther2022relational,398,7,2.873046875
guenther2022relational,398,8,3.396484375
guenther2022relational,398,9,2.4921875
guenther2022relational,398,10,3.6328125
guenther2022relational,398,11,1.75
guenther2022relational,398,12,2.283203125
guenther2022relational,398,13,5.0625
guenther2022relational,398,14,3.47265625
guenther2022relational,398,15,3.33984375
guenther2022relational,398,16,3.5732421875
guenther2022relational,398,17,4.03662109375
guenther2022relational,398,18,1.931640625
guenther2022relational,398,19,3.375
guenther2022relational,398,20,4.20703125
guenther2022relational,398,21,2.7666015625
guenther2022relational,398,22,3.11328125
guenther2022relational,398,23,5.0419921875
guenther2022relational,398,24,3.98046875
guenther2022relational,398,25,2.484375
guenther2022relational,398,26,2.30859375
guenther2022relational,398,27,2.06640625
guenther2022relational,398,28,3.3984375
guenther2022relational,398,29,2.52734375
guenther2022relational,398,30,1.8984375
guenther2022relational,398,31,3.2890625
guenther2022relational,398,32,3.8251953125
guenther2022relational,398,33,3.26953125
guenther2022relational,398,34,4.951171875
guenther2022relational,398,35,3.0166015625
guenther2022relational,398,36,3.6484375
guenther2022relational,398,37,2.810546875
guenther2022relational,398,38,2.6376953125
guenther2022relational,398,39,3.8857421875
guenther2022relational,398,40,2.44921875
guenther2022relational,398,41,2.697265625
guenther2022relational,398,42,3.6025390625
guenther2022relational,398,43,1.671875
guenther2022relational,398,44,3.22265625
guenther2022relational,398,45,2.79296875
guenther2022relational,398,46,2.662109375
guenther2022relational,398,47,3.81640625
guenther2022relational,398,48,2.8525390625
guenther2022relational,398,49,1.8330078125
guenther2022relational,398,50,3.0625
guenther2022relational,398,51,3.158203125
guenther2022relational,398,52,4.4453125
guenther2022relational,398,53,3.0625
guenther2022relational,398,54,4.0673828125
guenther2022relational,399,0,2.31640625
guenther2022relational,399,1,4.26171875
guenther2022relational,399,2,1.86767578125
guenther2022relational,399,3,4.890625
guenther2022relational,399,4,2.3916015625
guenther2022relational,399,5,3.74609375
guenther2022relational,399,6,2.06640625
guenther2022relational,399,7,2.5126953125
guenther2022relational,399,8,3.16796875
guenther2022relational,399,9,2.3193359375
guenther2022relational,399,10,2.1083984375
guenther2022relational,399,11,1.741943359375
guenther2022relational,399,12,1.29736328125
guenther2022relational,399,13,3.92626953125
guenther2022relational,399,14,1.53662109375
guenther2022relational,399,15,4.34375
guenther2022relational,399,16,1.1533203125
guenther2022relational,399,17,3.2060546875
guenther2022relational,399,18,2.44140625
guenther2022relational,399,19,1.19140625
guenther2022relational,399,20,2.111328125
guenther2022relational,399,21,5.005859375
guenther2022relational,399,22,3.7119140625
guenther2022relational,399,23,3.072265625
guenther2022relational,399,24,4.2275390625
guenther2022relational,399,25,4.984375
guenther2022relational,399,26,2.453125
guenther2022relational,399,27,3.796875
guenther2022relational,399,28,1.12548828125
guenther2022relational,399,29,2.109375
guenther2022relational,399,30,2.04296875
guenther2022relational,399,31,1.896484375
guenther2022relational,399,32,3.1728515625
guenther2022relational,399,33,2.8056640625
guenther2022relational,399,34,2.3291015625
guenther2022relational,399,35,2.9296875
guenther2022relational,399,36,1.2646484375
guenther2022relational,399,37,3.02392578125
guenther2022relational,399,38,2.34814453125
guenther2022relational,399,39,1.48046875
guenther2022relational,399,40,1.076171875
guenther2022relational,399,41,2.0712890625
guenther2022relational,399,42,1.37744140625
guenther2022relational,399,43,1.15087890625
guenther2022relational,399,44,1.189453125
guenther2022relational,399,45,4.12890625
guenther2022relational,399,46,2.2626953125
guenther2022relational,399,47,1.96337890625
guenther2022relational,399,48,2.82080078125
guenther2022relational,399,49,1.5234375
guenther2022relational,399,50,1.94287109375
guenther2022relational,399,51,2.0751953125
guenther2022relational,399,52,1.77392578125
guenther2022relational,399,53,1.16357421875
guenther2022relational,399,54,2.6767578125
guenther2022relational,400,0,2.36328125
guenther2022relational,400,1,2.8671875
guenther2022relational,400,2,3.35888671875
guenther2022relational,400,3,2.4609375
guenther2022relational,400,4,4.5146484375
guenther2022relational,400,5,2.16015625
guenther2022relational,400,6,3.55126953125
guenther2022relational,400,7,2.81640625
guenther2022relational,400,8,2.25537109375
guenther2022relational,400,9,4.2333984375
guenther2022relational,400,10,1.93994140625
guenther2022relational,400,11,2.6396484375
guenther2022relational,400,12,1.0830078125
guenther2022relational,400,13,2.350830078125
guenther2022relational,400,14,3.4217529296875
guenther2022relational,400,15,2.132080078125
guenther2022relational,400,16,1.92919921875
guenther2022relational,400,17,1.593017578125
guenther2022relational,400,18,4.013671875
guenther2022relational,400,19,1.1561279296875
guenther2022relational,400,20,1.98583984375
guenther2022relational,400,21,2.71826171875
guenther2022relational,400,22,3.0467529296875
guenther2022relational,400,23,2.36376953125
guenther2022relational,400,24,2.1873779296875
guenther2022relational,400,25,4.984375
guenther2022relational,400,26,1.874755859375
guenther2022relational,400,27,2.66650390625
guenther2022relational,400,28,1.9833984375
guenther2022relational,400,29,3.091796875
guenther2022relational,400,30,3.39892578125
guenther2022relational,400,31,1.58349609375
guenther2022relational,400,32,2.085693359375
guenther2022relational,400,33,3.53076171875
guenther2022relational,400,34,1.4373779296875
guenther2022relational,400,35,5.24267578125
guenther2022relational,400,36,2.70947265625
guenther2022relational,400,37,3.320281982421875
guenther2022relational,400,38,2.491943359375
guenther2022relational,400,39,1.85107421875
guenther2022relational,400,40,4.335693359375
guenther2022relational,400,41,3.20947265625
guenther2022relational,400,42,1.55322265625
guenther2022relational,400,43,2.94287109375
guenther2022relational,400,44,1.53857421875
guenther2022relational,400,45,2.14892578125
guenther2022relational,400,46,2.3759765625
guenther2022relational,400,47,2.46484375
guenther2022relational,400,48,6.046875
guenther2022relational,400,49,1.349609375
guenther2022relational,400,50,3.92822265625
guenther2022relational,400,51,2.5380859375
guenther2022relational,400,52,4.498046875
guenther2022relational,400,53,2.43701171875
guenther2022relational,400,54,1.3115234375
