experiment,participant_id,item_index,nll
Dymarska2025_associations,1,0,6.5
Dymarska2025_associations,1,1,3.173828125
Dymarska2025_associations,1,2,2.568359375
Dymarska2025_associations,1,3,7.08544921875
Dymarska2025_associations,1,4,17.125
Dymarska2025_associations,1,5,4.7869873046875
Dymarska2025_associations,1,6,9.5625
Dymarska2025_associations,1,7,7.140625
Dymarska2025_associations,1,8,4.4287109375
Dymarska2025_associations,1,9,8.491943359375
Dymarska2025_associations,1,10,8.328125
Dymarska2025_associations,1,11,5.390625
Dymarska2025_associations,1,12,6.71484375
Dymarska2025_associations,1,13,10.0625
Dymarska2025_associations,1,14,8.5673828125
Dymarska2025_associations,1,15,5.2265625
Dymarska2025_associations,1,16,7.9375
Dymarska2025_associations,1,17,4.31640625
Dymarska2025_associations,1,18,8.7431640625
Dymarska2025_associations,1,19,12.220703125
Dymarska2025_associations,1,20,7.75
Dymarska2025_associations,1,21,2.908203125
Dymarska2025_associations,1,22,5.8310546875
Dymarska2025_associations,1,23,3.90625
Dymarska2025_associations,1,24,3.65869140625
Dymarska2025_associations,1,25,3.2421875
Dymarska2025_associations,1,26,6.40625
Dymarska2025_associations,1,27,3.95947265625
Dymarska2025_associations,1,28,3.87353515625
Dymarska2025_associations,1,29,5.09375
Dymarska2025_associations,1,30,9.09326171875
Dymarska2025_associations,1,31,6.0703125
Dymarska2025_associations,1,32,10.921875
Dymarska2025_associations,1,33,9.375
Dymarska2025_associations,1,34,9.0
Dymarska2025_associations,1,35,6.78125
Dymarska2025_associations,1,36,10.046875
Dymarska2025_associations,1,37,11.3280029296875
Dymarska2025_associations,1,38,8.57421875
Dymarska2025_associations,1,39,9.6875
Dymarska2025_associations,1,40,1.0703125
Dymarska2025_associations,1,41,5.8125
Dymarska2025_associations,1,42,7.2890625
Dymarska2025_associations,1,43,4.740234375
Dymarska2025_associations,1,44,6.9375
Dymarska2025_associations,1,45,7.048828125
Dymarska2025_associations,1,46,5.6201171875
Dymarska2025_associations,1,47,11.59375
Dymarska2025_associations,1,48,5.4375
Dymarska2025_associations,1,49,7.36328125
Dymarska2025_associations,1,50,13.03125
Dymarska2025_associations,1,51,6.0625
Dymarska2025_associations,1,52,6.710205078125
Dymarska2025_associations,1,53,6.82763671875
Dymarska2025_associations,1,54,6.617156982421875
Dymarska2025_associations,1,55,5.070281982421875
Dymarska2025_associations,1,56,9.640625
Dymarska2025_associations,1,57,18.3046875
Dymarska2025_associations,1,58,12.9375
Dymarska2025_associations,1,59,4.5625
Dymarska2025_associations,1,60,5.2734375
Dymarska2025_associations,1,61,5.3125
Dymarska2025_associations,1,62,3.8125
Dymarska2025_associations,1,63,8.5
Dymarska2025_associations,1,64,7.414031982421875
Dymarska2025_associations,1,65,4.0
Dymarska2025_associations,1,66,6.80859375
Dymarska2025_associations,1,67,5.24609375
Dymarska2025_associations,1,68,4.48583984375
Dymarska2025_associations,1,69,4.75
Dymarska2025_associations,1,70,11.8984375
Dymarska2025_associations,1,71,8.78125
Dymarska2025_associations,1,72,3.65234375
Dymarska2025_associations,1,73,6.1376953125
Dymarska2025_associations,1,74,5.28125
Dymarska2025_associations,1,75,6.09375
Dymarska2025_associations,1,76,6.904296875
Dymarska2025_associations,1,77,4.0867919921875
Dymarska2025_associations,1,78,6.1640625
Dymarska2025_associations,1,79,8.078125
Dymarska2025_associations,1,80,4.4140625
Dymarska2025_associations,1,81,3.8203125
Dymarska2025_associations,1,82,4.41015625
Dymarska2025_associations,1,83,8.125
Dymarska2025_associations,1,84,2.578125
Dymarska2025_associations,1,85,4.271728515625
Dymarska2025_associations,1,86,6.8203125
Dymarska2025_associations,1,87,5.8125
Dymarska2025_associations,1,88,4.9375
Dymarska2025_associations,1,89,6.25
Dymarska2025_associations,1,90,5.138671875
Dymarska2025_associations,1,91,6.15625
Dymarska2025_associations,1,92,7.3125
Dymarska2025_associations,1,93,4.4814453125
Dymarska2025_associations,1,94,7.65625
Dymarska2025_associations,1,95,9.267578125
Dymarska2025_associations,1,96,5.94775390625
Dymarska2025_associations,1,97,7.09375
Dymarska2025_associations,1,98,6.453125
Dymarska2025_associations,1,99,7.46875
Dymarska2025_associations,1,100,4.56640625
Dymarska2025_associations,1,101,4.109375
Dymarska2025_associations,1,102,5.9375
Dymarska2025_associations,1,103,9.96875
Dymarska2025_associations,1,104,5.78125
Dymarska2025_associations,1,105,5.15234375
Dymarska2025_associations,1,106,7.29296875
Dymarska2025_associations,1,107,5.75
Dymarska2025_associations,1,108,9.6953125
Dymarska2025_associations,1,109,10.3125
Dymarska2025_associations,1,110,4.6953125
Dymarska2025_associations,1,111,4.115234375
Dymarska2025_associations,1,112,8.8203125
Dymarska2025_associations,1,113,5.75
Dymarska2025_associations,1,114,4.5703125
Dymarska2025_associations,1,115,5.13232421875
Dymarska2025_associations,1,116,9.7890625
Dymarska2025_associations,1,117,8.4150390625
Dymarska2025_associations,1,118,6.859375
Dymarska2025_associations,1,119,8.888671875
Dymarska2025_associations,1,120,3.4189453125
Dymarska2025_associations,1,121,11.1171875
Dymarska2025_associations,1,122,5.40625
Dymarska2025_associations,1,123,6.25
Dymarska2025_associations,1,124,6.16162109375
Dymarska2025_associations,1,125,4.53125
Dymarska2025_associations,1,126,7.90625
Dymarska2025_associations,1,127,7.28125
Dymarska2025_associations,1,128,6.26953125
Dymarska2025_associations,1,129,5.5
Dymarska2025_associations,1,130,7.39453125
Dymarska2025_associations,1,131,5.210693359375
Dymarska2025_associations,1,132,5.642578125
Dymarska2025_associations,1,133,5.529296875
Dymarska2025_associations,1,134,4.1875
Dymarska2025_associations,1,135,6.203125
Dymarska2025_associations,1,136,5.2421875
Dymarska2025_associations,1,137,4.5078125
Dymarska2025_associations,1,138,8.6533203125
Dymarska2025_associations,1,139,4.9111328125
Dymarska2025_associations,1,140,3.3193359375
Dymarska2025_associations,1,141,2.1396484375
Dymarska2025_associations,1,142,11.78125
Dymarska2025_associations,1,143,6.41162109375
Dymarska2025_associations,1,144,4.6875
Dymarska2025_associations,1,145,7.515625
Dymarska2025_associations,1,146,6.5
Dymarska2025_associations,1,147,8.11083984375
Dymarska2025_associations,1,148,8.8125
Dymarska2025_associations,1,149,6.296875
Dymarska2025_associations,1,150,4.1279296875
Dymarska2025_associations,1,151,6.410125732421875
Dymarska2025_associations,1,152,7.8359375
Dymarska2025_associations,1,153,4.375
Dymarska2025_associations,1,154,7.20703125
Dymarska2025_associations,1,155,5.375
Dymarska2025_associations,1,156,7.078125
Dymarska2025_associations,1,157,4.75
Dymarska2025_associations,1,158,9.25
Dymarska2025_associations,1,159,7.171875
Dymarska2025_associations,1,160,5.5625
Dymarska2025_associations,1,161,2.17333984375
Dymarska2025_associations,1,162,6.0234375
Dymarska2025_associations,1,163,4.632781982421875
Dymarska2025_associations,1,164,5.242156982421875
Dymarska2025_associations,1,165,8.242156982421875
Dymarska2025_associations,1,166,8.0859375
Dymarska2025_associations,1,167,4.140625
Dymarska2025_associations,1,168,4.621063232421875
Dymarska2025_associations,1,169,6.16015625
Dymarska2025_associations,1,170,8.5625
Dymarska2025_associations,1,171,3.591796875
Dymarska2025_associations,1,172,5.87451171875
Dymarska2025_associations,1,173,4.48046875
Dymarska2025_associations,1,174,7.109375
Dymarska2025_associations,1,175,9.03125
Dymarska2025_associations,1,176,4.69140625
Dymarska2025_associations,1,177,7.0
Dymarska2025_associations,1,178,6.0625
Dymarska2025_associations,1,179,9.59375
Dymarska2025_associations,1,180,10.125
Dymarska2025_associations,1,181,6.125
Dymarska2025_associations,1,182,4.2001953125
Dymarska2025_associations,1,183,7.4228515625
Dymarska2025_associations,1,184,6.41796875
Dymarska2025_associations,1,185,5.30859375
Dymarska2025_associations,1,186,5.9375
Dymarska2025_associations,1,187,3.75390625
Dymarska2025_associations,1,188,5.59130859375
Dymarska2025_associations,1,189,6.1015625
Dymarska2025_associations,1,190,3.0859375
Dymarska2025_associations,1,191,4.74609375
Dymarska2025_associations,1,192,5.8125
Dymarska2025_associations,1,193,3.5458984375
Dymarska2025_associations,1,194,5.681640625
Dymarska2025_associations,1,195,6.88671875
Dymarska2025_associations,1,196,5.710906982421875
Dymarska2025_associations,1,197,3.75390625
Dymarska2025_associations,1,198,8.0390625
Dymarska2025_associations,1,199,6.2607421875
Dymarska2025_associations,2,0,8.828125
Dymarska2025_associations,2,1,9.279296875
Dymarska2025_associations,2,2,2.734375
Dymarska2025_associations,2,3,4.4375
Dymarska2025_associations,2,4,4.888671875
Dymarska2025_associations,2,5,7.5869140625
Dymarska2025_associations,2,6,3.6640625
Dymarska2025_associations,2,7,2.921875
Dymarska2025_associations,2,8,11.12255859375
Dymarska2025_associations,2,9,3.4530029296875
Dymarska2025_associations,2,10,2.648406982421875
Dymarska2025_associations,2,11,3.08154296875
Dymarska2025_associations,2,12,8.3359375
Dymarska2025_associations,2,13,7.58203125
Dymarska2025_associations,2,14,4.9375
Dymarska2025_associations,2,15,8.14453125
Dymarska2025_associations,2,16,10.7655029296875
Dymarska2025_associations,2,17,5.1484375
Dymarska2025_associations,2,18,5.0
Dymarska2025_associations,2,19,3.40625
Dymarska2025_associations,2,20,5.5625
Dymarska2025_associations,2,21,5.16015625
Dymarska2025_associations,2,22,8.0
Dymarska2025_associations,2,23,7.1171875
Dymarska2025_associations,2,24,5.08203125
Dymarska2025_associations,2,25,3.263671875
Dymarska2025_associations,2,26,3.5009765625
Dymarska2025_associations,2,27,9.75
Dymarska2025_associations,2,28,5.270751953125
Dymarska2025_associations,2,29,8.13134765625
Dymarska2025_associations,2,30,6.0
Dymarska2025_associations,2,31,4.605438232421875
Dymarska2025_associations,2,32,11.1875
Dymarska2025_associations,2,33,7.76171875
Dymarska2025_associations,2,34,8.234375
Dymarska2025_associations,2,35,4.77734375
Dymarska2025_associations,2,36,4.2548828125
Dymarska2025_associations,2,37,3.4619140625
Dymarska2025_associations,2,38,6.21484375
Dymarska2025_associations,2,39,3.3046875
Dymarska2025_associations,2,40,7.218505859375
Dymarska2025_associations,2,41,4.031005859375
Dymarska2025_associations,2,42,2.5467529296875
Dymarska2025_associations,2,43,7.65625
Dymarska2025_associations,2,44,5.75
Dymarska2025_associations,2,45,4.45703125
Dymarska2025_associations,2,46,3.94140625
Dymarska2025_associations,2,47,7.4375
Dymarska2025_associations,2,48,5.6875
Dymarska2025_associations,2,49,4.625
Dymarska2025_associations,2,50,4.89697265625
Dymarska2025_associations,2,51,4.25
Dymarska2025_associations,2,52,12.375
Dymarska2025_associations,2,53,6.5859375
Dymarska2025_associations,2,54,8.5625
Dymarska2025_associations,2,55,4.3828125
Dymarska2025_associations,2,56,5.765625
Dymarska2025_associations,2,57,6.427734375
Dymarska2025_associations,2,58,6.7734375
Dymarska2025_associations,2,59,5.1953125
Dymarska2025_associations,2,60,1.146484375
Dymarska2025_associations,2,61,4.049774169921875
Dymarska2025_associations,2,62,3.6396484375
Dymarska2025_associations,2,63,1.56201171875
Dymarska2025_associations,2,64,9.3125
Dymarska2025_associations,2,65,2.5224609375
Dymarska2025_associations,2,66,3.531219482421875
Dymarska2025_associations,2,67,3.40625
Dymarska2025_associations,2,68,7.34375
Dymarska2025_associations,2,69,2.6162109375
Dymarska2025_associations,2,70,4.5400390625
Dymarska2025_associations,2,71,7.734375
Dymarska2025_associations,2,72,14.87451171875
Dymarska2025_associations,2,73,5.947265625
Dymarska2025_associations,2,74,8.5770263671875
Dymarska2025_associations,2,75,6.0537109375
Dymarska2025_associations,2,76,4.9833984375
Dymarska2025_associations,2,77,4.898193359375
Dymarska2025_associations,2,78,3.85546875
Dymarska2025_associations,2,79,7.125
Dymarska2025_associations,2,80,6.866943359375
Dymarska2025_associations,2,81,5.132781982421875
Dymarska2025_associations,2,82,8.953125
Dymarska2025_associations,2,83,3.859375
Dymarska2025_associations,2,84,6.171875
Dymarska2025_associations,2,85,6.625
Dymarska2025_associations,2,86,5.11376953125
Dymarska2025_associations,2,87,4.93701171875
Dymarska2025_associations,2,88,3.1748046875
Dymarska2025_associations,2,89,15.11572265625
Dymarska2025_associations,2,90,7.154296875
Dymarska2025_associations,2,91,3.952117919921875
Dymarska2025_associations,2,92,6.6953125
Dymarska2025_associations,2,93,5.6015625
Dymarska2025_associations,2,94,3.390625
Dymarska2025_associations,2,95,8.984375
Dymarska2025_associations,2,96,4.71484375
Dymarska2025_associations,2,97,11.796875
Dymarska2025_associations,2,98,3.148193359375
Dymarska2025_associations,2,99,5.248046875
Dymarska2025_associations,2,100,1.796844482421875
Dymarska2025_associations,2,101,6.5625
Dymarska2025_associations,2,102,3.28125
Dymarska2025_associations,2,103,3.975830078125
Dymarska2025_associations,2,104,11.0546875
Dymarska2025_associations,2,105,8.4375
Dymarska2025_associations,2,106,4.98828125
Dymarska2025_associations,2,107,1.444580078125
Dymarska2025_associations,2,108,5.3544921875
Dymarska2025_associations,2,109,7.265625
Dymarska2025_associations,2,110,10.773406982421875
Dymarska2025_associations,2,111,4.4920654296875
Dymarska2025_associations,2,112,5.24609375
Dymarska2025_associations,2,113,6.59375
Dymarska2025_associations,2,114,8.42822265625
Dymarska2025_associations,2,115,6.625
Dymarska2025_associations,2,116,2.5
Dymarska2025_associations,2,117,6.490234375
Dymarska2025_associations,2,118,5.826171875
Dymarska2025_associations,2,119,13.39013671875
Dymarska2025_associations,2,120,1.251953125
Dymarska2025_associations,2,121,1.7109375
Dymarska2025_associations,2,122,4.1405029296875
Dymarska2025_associations,2,123,3.048095703125
Dymarska2025_associations,2,124,5.902313232421875
Dymarska2025_associations,2,125,4.888671875
Dymarska2025_associations,2,126,4.58984375
Dymarska2025_associations,2,127,3.4130859375
Dymarska2025_associations,2,128,9.89697265625
Dymarska2025_associations,2,129,8.5546875
Dymarska2025_associations,2,130,4.882293701171875
Dymarska2025_associations,2,131,3.4521484375
Dymarska2025_associations,2,132,11.6796875
Dymarska2025_associations,2,133,2.64599609375
Dymarska2025_associations,2,134,8.9189453125
Dymarska2025_associations,2,135,3.1630859375
Dymarska2025_associations,2,136,2.4404296875
Dymarska2025_associations,2,137,3.296875
Dymarska2025_associations,2,138,5.1875
Dymarska2025_associations,2,139,6.95068359375
Dymarska2025_associations,2,140,3.1015625
Dymarska2025_associations,2,141,2.2261962890625
Dymarska2025_associations,2,142,4.9775390625
Dymarska2025_associations,2,143,4.382781982421875
Dymarska2025_associations,2,144,6.275390625
Dymarska2025_associations,2,145,17.6875
Dymarska2025_associations,2,146,7.33203125
Dymarska2025_associations,2,147,4.533203125
Dymarska2025_associations,2,148,5.4100341796875
Dymarska2025_associations,2,149,4.8046875
Dymarska2025_associations,2,150,4.71484375
Dymarska2025_associations,2,151,12.515625
Dymarska2025_associations,2,152,2.41015625
Dymarska2025_associations,2,153,4.06494140625
Dymarska2025_associations,2,154,3.537078857421875
Dymarska2025_associations,2,155,5.37109375
Dymarska2025_associations,2,156,3.5244140625
Dymarska2025_associations,2,157,6.0537109375
Dymarska2025_associations,2,158,4.4921875
Dymarska2025_associations,2,159,7.296875
Dymarska2025_associations,2,160,6.851531982421875
Dymarska2025_associations,2,161,2.7030029296875
Dymarska2025_associations,2,162,5.6875
Dymarska2025_associations,2,163,4.9375
Dymarska2025_associations,2,164,3.1474609375
Dymarska2025_associations,2,165,5.15625
Dymarska2025_associations,2,166,7.5068359375
Dymarska2025_associations,2,167,4.737274169921875
Dymarska2025_associations,2,168,6.25390625
Dymarska2025_associations,2,169,3.517578125
Dymarska2025_associations,2,170,5.40234375
Dymarska2025_associations,2,171,7.09375
Dymarska2025_associations,2,172,5.6795654296875
Dymarska2025_associations,2,173,4.6875
Dymarska2025_associations,2,174,5.71875
Dymarska2025_associations,2,175,6.21875
Dymarska2025_associations,2,176,8.7772216796875
Dymarska2025_associations,2,177,8.61328125
Dymarska2025_associations,2,178,6.882781982421875
Dymarska2025_associations,2,179,7.445281982421875
Dymarska2025_associations,2,180,2.835205078125
Dymarska2025_associations,2,181,1.32025146484375
Dymarska2025_associations,2,182,1.95703125
Dymarska2025_associations,2,183,4.330078125
Dymarska2025_associations,2,184,6.048828125
Dymarska2025_associations,2,185,8.28125
Dymarska2025_associations,2,186,4.945281982421875
Dymarska2025_associations,2,187,10.625
Dymarska2025_associations,2,188,4.81787109375
Dymarska2025_associations,2,189,4.26953125
Dymarska2025_associations,2,190,5.67578125
Dymarska2025_associations,2,191,5.28515625
Dymarska2025_associations,2,192,5.365234375
Dymarska2025_associations,2,193,6.09375
Dymarska2025_associations,2,194,3.890625
Dymarska2025_associations,2,195,4.80072021484375
Dymarska2025_associations,2,196,3.779296875
Dymarska2025_associations,2,197,8.44287109375
Dymarska2025_associations,2,198,7.71875
Dymarska2025_associations,2,199,7.75
Dymarska2025_associations,3,0,12.09375
Dymarska2025_associations,3,1,8.84326171875
Dymarska2025_associations,3,2,3.78125
Dymarska2025_associations,3,3,8.15625
Dymarska2025_associations,3,4,7.29296875
Dymarska2025_associations,3,5,5.828125
Dymarska2025_associations,3,6,6.046875
Dymarska2025_associations,3,7,7.710784912109375
Dymarska2025_associations,3,8,5.78125
Dymarska2025_associations,3,9,5.732421875
Dymarska2025_associations,3,10,6.6796875
Dymarska2025_associations,3,11,8.01513671875
Dymarska2025_associations,3,12,10.80224609375
Dymarska2025_associations,3,13,4.83203125
Dymarska2025_associations,3,14,7.1953125
Dymarska2025_associations,3,15,10.34375
Dymarska2025_associations,3,16,10.03125
Dymarska2025_associations,3,17,7.640625
Dymarska2025_associations,3,18,4.1640625
Dymarska2025_associations,3,19,6.0625
Dymarska2025_associations,3,20,7.46484375
Dymarska2025_associations,3,21,11.0
Dymarska2025_associations,3,22,6.5625
Dymarska2025_associations,3,23,5.0
Dymarska2025_associations,3,24,11.203125
Dymarska2025_associations,3,25,13.25
Dymarska2025_associations,3,26,6.421875
Dymarska2025_associations,3,27,1.179656982421875
Dymarska2025_associations,3,28,5.5
Dymarska2025_associations,3,29,4.71484375
Dymarska2025_associations,3,30,12.375
Dymarska2025_associations,3,31,7.90625
Dymarska2025_associations,3,32,8.7529296875
Dymarska2025_associations,3,33,6.96484375
Dymarska2025_associations,3,34,4.38671875
Dymarska2025_associations,3,35,4.970703125
Dymarska2025_associations,3,36,6.71875
Dymarska2025_associations,3,37,4.900390625
Dymarska2025_associations,3,38,8.59375
Dymarska2025_associations,3,39,5.875
Dymarska2025_associations,3,40,5.664031982421875
Dymarska2025_associations,3,41,6.6171875
Dymarska2025_associations,3,42,6.234375
Dymarska2025_associations,3,43,9.39453125
Dymarska2025_associations,3,44,5.67578125
Dymarska2025_associations,3,45,7.46875
Dymarska2025_associations,3,46,7.70703125
Dymarska2025_associations,3,47,2.90625
Dymarska2025_associations,3,48,7.34375
Dymarska2025_associations,3,49,6.9765625
Dymarska2025_associations,3,50,2.5703125
Dymarska2025_associations,3,51,9.37890625
Dymarska2025_associations,3,52,9.40625
Dymarska2025_associations,3,53,6.9228515625
Dymarska2025_associations,3,54,4.02001953125
Dymarska2025_associations,3,55,5.06201171875
Dymarska2025_associations,3,56,5.359344482421875
Dymarska2025_associations,3,57,3.7314453125
Dymarska2025_associations,3,58,2.857421875
Dymarska2025_associations,3,59,4.16796875
Dymarska2025_associations,3,60,6.453125
Dymarska2025_associations,3,61,4.664031982421875
Dymarska2025_associations,3,62,5.8515625
Dymarska2025_associations,3,63,3.619140625
Dymarska2025_associations,3,64,4.1875
Dymarska2025_associations,3,65,13.625
Dymarska2025_associations,3,66,4.2537841796875
Dymarska2025_associations,3,67,4.335693359375
Dymarska2025_associations,3,68,7.3125
Dymarska2025_associations,3,69,3.978515625
Dymarska2025_associations,3,70,8.8125
Dymarska2025_associations,3,71,5.1875
Dymarska2025_associations,3,72,5.59375
Dymarska2025_associations,3,73,8.28125
Dymarska2025_associations,3,74,4.2265625
Dymarska2025_associations,3,75,4.375
Dymarska2025_associations,3,76,14.421875
Dymarska2025_associations,3,77,11.75
Dymarska2025_associations,3,78,4.546875
Dymarska2025_associations,3,79,5.5390625
Dymarska2025_associations,3,80,5.5625
Dymarska2025_associations,3,81,7.4375
Dymarska2025_associations,3,82,6.28125
Dymarska2025_associations,3,83,9.21875
Dymarska2025_associations,3,84,6.3662109375
Dymarska2025_associations,3,85,3.41455078125
Dymarska2025_associations,3,86,3.8074951171875
Dymarska2025_associations,3,87,3.47900390625
Dymarska2025_associations,3,88,5.078125
Dymarska2025_associations,3,89,3.2230224609375
Dymarska2025_associations,3,90,3.2225341796875
Dymarska2025_associations,3,91,11.9375
Dymarska2025_associations,3,92,9.171875
Dymarska2025_associations,3,93,8.40625
Dymarska2025_associations,3,94,2.23388671875
Dymarska2025_associations,3,95,5.632568359375
Dymarska2025_associations,3,96,7.4375
Dymarska2025_associations,3,97,4.7578125
Dymarska2025_associations,3,98,8.41015625
Dymarska2025_associations,3,99,7.03125
Dymarska2025_associations,3,100,4.529296875
Dymarska2025_associations,3,101,11.265625
Dymarska2025_associations,3,102,6.4375
Dymarska2025_associations,3,103,10.62451171875
Dymarska2025_associations,3,104,8.3671875
Dymarska2025_associations,3,105,10.0
Dymarska2025_associations,3,106,8.21875
Dymarska2025_associations,3,107,4.57958984375
Dymarska2025_associations,3,108,4.73828125
Dymarska2025_associations,3,109,6.6181640625
Dymarska2025_associations,3,110,2.92578125
Dymarska2025_associations,3,111,2.9375
Dymarska2025_associations,3,112,6.5
Dymarska2025_associations,3,113,8.30859375
Dymarska2025_associations,3,114,5.03125
Dymarska2025_associations,3,115,9.59375
Dymarska2025_associations,3,116,7.09765625
Dymarska2025_associations,3,117,7.0703125
Dymarska2025_associations,3,118,8.5625
Dymarska2025_associations,3,119,7.84375
Dymarska2025_associations,3,120,6.089599609375
Dymarska2025_associations,3,121,9.96875
Dymarska2025_associations,3,122,3.6279296875
Dymarska2025_associations,3,123,8.125
Dymarska2025_associations,3,124,8.96484375
Dymarska2025_associations,3,125,8.0625
Dymarska2025_associations,3,126,6.726318359375
Dymarska2025_associations,3,127,3.7314453125
Dymarska2025_associations,3,128,1.359130859375
Dymarska2025_associations,3,129,4.45703125
Dymarska2025_associations,3,130,6.4375
Dymarska2025_associations,3,131,5.640625
Dymarska2025_associations,3,132,3.58251953125
Dymarska2025_associations,3,133,4.52734375
Dymarska2025_associations,3,134,4.875
Dymarska2025_associations,3,135,6.875
Dymarska2025_associations,3,136,6.46875
Dymarska2025_associations,3,137,3.33837890625
Dymarska2025_associations,3,138,8.09375
Dymarska2025_associations,3,139,3.0703125
Dymarska2025_associations,3,140,6.875
Dymarska2025_associations,3,141,8.6875
Dymarska2025_associations,3,142,5.1875
Dymarska2025_associations,3,143,5.0538330078125
Dymarska2025_associations,3,144,2.28125
Dymarska2025_associations,3,145,10.67578125
Dymarska2025_associations,3,146,4.8125
Dymarska2025_associations,3,147,6.205078125
Dymarska2025_associations,3,148,5.6405029296875
Dymarska2025_associations,3,149,4.3125
Dymarska2025_associations,3,150,1.4765625
Dymarska2025_associations,3,151,4.9208984375
Dymarska2025_associations,3,152,6.443359375
Dymarska2025_associations,3,153,8.5751953125
Dymarska2025_associations,3,154,1.28173828125
Dymarska2025_associations,3,155,7.21875
Dymarska2025_associations,3,156,6.875
Dymarska2025_associations,3,157,5.0625
Dymarska2025_associations,3,158,4.9453125
Dymarska2025_associations,3,159,7.40625
Dymarska2025_associations,3,160,8.75
Dymarska2025_associations,3,161,2.148284912109375
Dymarska2025_associations,3,162,7.6875
Dymarska2025_associations,3,163,10.056640625
Dymarska2025_associations,3,164,7.48046875
Dymarska2025_associations,3,165,14.548583984375
Dymarska2025_associations,3,166,7.96875
Dymarska2025_associations,3,167,8.234375
Dymarska2025_associations,3,168,5.328125
Dymarska2025_associations,3,169,3.4150390625
Dymarska2025_associations,3,170,5.195068359375
Dymarska2025_associations,3,171,11.75
Dymarska2025_associations,3,172,7.767578125
Dymarska2025_associations,3,173,4.00390625
Dymarska2025_associations,4,0,8.9375
Dymarska2025_associations,4,1,6.423828125
Dymarska2025_associations,4,2,5.1357421875
Dymarska2025_associations,4,3,1.56396484375
Dymarska2025_associations,4,4,5.78125
Dymarska2025_associations,4,5,3.340301513671875
Dymarska2025_associations,4,6,1.707000732421875
Dymarska2025_associations,4,7,6.75
Dymarska2025_associations,4,8,2.935546875
Dymarska2025_associations,4,9,8.06640625
Dymarska2025_associations,4,10,13.234375
Dymarska2025_associations,4,11,7.953125
Dymarska2025_associations,4,12,8.3173828125
Dymarska2025_associations,4,13,4.6171875
Dymarska2025_associations,4,14,12.640625
Dymarska2025_associations,4,15,8.26171875
Dymarska2025_associations,4,16,5.15625
Dymarska2025_associations,4,17,11.59375
Dymarska2025_associations,4,18,5.4296875
Dymarska2025_associations,4,19,7.0234375
Dymarska2025_associations,4,20,5.28125
Dymarska2025_associations,4,21,9.828125
Dymarska2025_associations,4,22,9.569580078125
Dymarska2025_associations,4,23,2.4716796875
Dymarska2025_associations,4,24,8.953125
Dymarska2025_associations,4,25,6.5380859375
Dymarska2025_associations,4,26,12.195068359375
Dymarska2025_associations,4,27,10.576141357421875
Dymarska2025_associations,4,28,6.0986328125
Dymarska2025_associations,4,29,7.921875
Dymarska2025_associations,4,30,3.841796875
Dymarska2025_associations,4,31,11.6875
Dymarska2025_associations,4,32,10.828125
Dymarska2025_associations,4,33,6.953125
Dymarska2025_associations,4,34,5.65625
Dymarska2025_associations,4,35,6.671875
Dymarska2025_associations,4,36,10.8905029296875
Dymarska2025_associations,4,37,8.125
Dymarska2025_associations,4,38,8.5155029296875
Dymarska2025_associations,4,39,8.3837890625
Dymarska2025_associations,4,40,5.126953125
Dymarska2025_associations,4,41,2.921875
Dymarska2025_associations,4,42,5.06640625
Dymarska2025_associations,4,43,5.289031982421875
Dymarska2025_associations,4,44,7.265625
Dymarska2025_associations,4,45,7.5
Dymarska2025_associations,4,46,4.9501953125
Dymarska2025_associations,4,47,4.99609375
Dymarska2025_associations,4,48,9.3642578125
Dymarska2025_associations,4,49,4.875
Dymarska2025_associations,4,50,6.21484375
Dymarska2025_associations,4,51,7.46875
Dymarska2025_associations,4,52,5.1015625
Dymarska2025_associations,4,53,7.03759765625
Dymarska2025_associations,4,54,8.070281982421875
Dymarska2025_associations,4,55,9.51953125
Dymarska2025_associations,4,56,12.73828125
Dymarska2025_associations,4,57,13.421875
Dymarska2025_associations,4,58,9.6875
Dymarska2025_associations,4,59,3.904296875
Dymarska2025_associations,4,60,6.75
Dymarska2025_associations,4,61,5.11083984375
Dymarska2025_associations,4,62,11.09375
Dymarska2025_associations,4,63,4.123046875
Dymarska2025_associations,4,64,7.67822265625
Dymarska2025_associations,4,65,5.296875
Dymarska2025_associations,4,66,5.4921875
Dymarska2025_associations,4,67,18.970703125
Dymarska2025_associations,4,68,6.8876953125
Dymarska2025_associations,4,69,5.9375
Dymarska2025_associations,4,70,11.34368896484375
Dymarska2025_associations,4,71,7.3046875
Dymarska2025_associations,4,72,5.87060546875
Dymarska2025_associations,4,73,7.3980712890625
Dymarska2025_associations,4,74,8.25
Dymarska2025_associations,4,75,6.5
Dymarska2025_associations,4,76,4.1591796875
Dymarska2025_associations,4,77,5.107421875
Dymarska2025_associations,4,78,8.530975341796875
Dymarska2025_associations,4,79,2.4599609375
Dymarska2025_associations,4,80,5.6123046875
Dymarska2025_associations,4,81,7.125
Dymarska2025_associations,4,82,10.03125
Dymarska2025_associations,4,83,8.0595703125
Dymarska2025_associations,4,84,8.6171875
Dymarska2025_associations,4,85,5.8026123046875
Dymarska2025_associations,4,86,9.835906982421875
Dymarska2025_associations,4,87,10.083984375
Dymarska2025_associations,4,88,4.498046875
Dymarska2025_associations,4,89,8.3984375
Dymarska2025_associations,4,90,6.765625
Dymarska2025_associations,4,91,9.34375
Dymarska2025_associations,4,92,3.29296875
Dymarska2025_associations,4,93,8.859375
Dymarska2025_associations,4,94,4.507781982421875
Dymarska2025_associations,4,95,4.523193359375
Dymarska2025_associations,4,96,2.1240234375
Dymarska2025_associations,4,97,9.511962890625
Dymarska2025_associations,4,98,5.5625
Dymarska2025_associations,4,99,5.1875
Dymarska2025_associations,4,100,7.875
Dymarska2025_associations,4,101,8.71875
Dymarska2025_associations,4,102,8.44140625
Dymarska2025_associations,4,103,9.9686279296875
Dymarska2025_associations,4,104,8.1611328125
Dymarska2025_associations,4,105,13.1513671875
Dymarska2025_associations,4,106,9.070281982421875
Dymarska2025_associations,4,107,4.6220703125
Dymarska2025_associations,4,108,3.3427734375
Dymarska2025_associations,4,109,6.882781982421875
Dymarska2025_associations,4,110,9.4765625
Dymarska2025_associations,4,111,5.03125
Dymarska2025_associations,4,112,3.703125
Dymarska2025_associations,4,113,6.1875
Dymarska2025_associations,4,114,5.0341796875
Dymarska2025_associations,4,115,3.2265625
Dymarska2025_associations,4,116,9.103515625
Dymarska2025_associations,4,117,9.8828125
Dymarska2025_associations,4,118,5.570281982421875
Dymarska2025_associations,4,119,5.66015625
Dymarska2025_associations,4,120,4.1875
Dymarska2025_associations,4,121,5.523406982421875
Dymarska2025_associations,4,122,8.25
Dymarska2025_associations,4,123,8.4375
Dymarska2025_associations,4,124,5.1328125
Dymarska2025_associations,4,125,5.73828125
Dymarska2025_associations,4,126,12.109375
Dymarska2025_associations,4,127,9.109375
Dymarska2025_associations,4,128,3.42578125
Dymarska2025_associations,4,129,5.669921875
Dymarska2025_associations,4,130,6.1014404296875
Dymarska2025_associations,4,131,6.62109375
Dymarska2025_associations,4,132,16.15625
Dymarska2025_associations,4,133,8.13275146484375
Dymarska2025_associations,4,134,12.0625
Dymarska2025_associations,4,135,6.14892578125
Dymarska2025_associations,4,136,6.39056396484375
Dymarska2025_associations,4,137,2.91796875
Dymarska2025_associations,4,138,8.3095703125
Dymarska2025_associations,4,139,7.62890625
Dymarska2025_associations,4,140,9.59375
Dymarska2025_associations,4,141,9.0
Dymarska2025_associations,4,142,6.171875
Dymarska2025_associations,4,143,6.5546875
Dymarska2025_associations,4,144,10.0
Dymarska2025_associations,4,145,6.350830078125
Dymarska2025_associations,4,146,10.27337646484375
Dymarska2025_associations,4,147,5.90625
Dymarska2025_associations,4,148,11.4794921875
Dymarska2025_associations,4,149,7.203125
Dymarska2025_associations,4,150,7.17822265625
Dymarska2025_associations,4,151,7.421142578125
Dymarska2025_associations,4,152,11.671875
Dymarska2025_associations,4,153,4.625
Dymarska2025_associations,4,154,3.8203125
Dymarska2025_associations,4,155,7.875
Dymarska2025_associations,4,156,10.74169921875
Dymarska2025_associations,4,157,7.1015625
Dymarska2025_associations,4,158,6.828125
Dymarska2025_associations,4,159,7.09375
Dymarska2025_associations,4,160,10.484375
Dymarska2025_associations,4,161,9.796844482421875
Dymarska2025_associations,4,162,5.09375
Dymarska2025_associations,4,163,5.132781982421875
Dymarska2025_associations,4,164,2.828094482421875
Dymarska2025_associations,4,165,6.595703125
Dymarska2025_associations,4,166,7.140625
Dymarska2025_associations,4,167,11.984375
Dymarska2025_associations,4,168,4.793701171875
Dymarska2025_associations,4,169,4.0234375
Dymarska2025_associations,4,170,7.8828125
Dymarska2025_associations,4,171,8.65625
Dymarska2025_associations,4,172,8.3515625
Dymarska2025_associations,4,173,6.09375
Dymarska2025_associations,4,174,8.1441650390625
Dymarska2025_associations,5,0,7.859375
Dymarska2025_associations,5,1,3.484375
Dymarska2025_associations,5,2,11.203125
Dymarska2025_associations,5,3,6.3125
Dymarska2025_associations,5,4,6.63037109375
Dymarska2025_associations,5,5,15.45654296875
Dymarska2025_associations,5,6,6.828125
Dymarska2025_associations,5,7,7.171875
Dymarska2025_associations,5,8,7.71875
Dymarska2025_associations,5,9,8.48828125
Dymarska2025_associations,5,10,8.12109375
Dymarska2025_associations,5,11,7.83349609375
Dymarska2025_associations,5,12,7.390625
Dymarska2025_associations,5,13,11.65625
Dymarska2025_associations,5,14,10.822265625
Dymarska2025_associations,5,15,4.697265625
Dymarska2025_associations,5,16,6.9375
Dymarska2025_associations,5,17,9.125
Dymarska2025_associations,5,18,6.841796875
Dymarska2025_associations,5,19,6.625
Dymarska2025_associations,5,20,6.3125
Dymarska2025_associations,5,21,4.4853515625
Dymarska2025_associations,5,22,4.4375
Dymarska2025_associations,5,23,9.40625
Dymarska2025_associations,5,24,6.90625
Dymarska2025_associations,5,25,8.638671875
Dymarska2025_associations,5,26,5.65625
Dymarska2025_associations,5,27,7.828125
Dymarska2025_associations,5,28,5.875
Dymarska2025_associations,5,29,12.765625
Dymarska2025_associations,5,30,11.0234375
Dymarska2025_associations,5,31,7.546875
Dymarska2025_associations,5,32,6.37109375
Dymarska2025_associations,5,33,5.734375
Dymarska2025_associations,5,34,6.84375
Dymarska2025_associations,5,35,5.220703125
Dymarska2025_associations,5,36,4.7890625
Dymarska2025_associations,5,37,5.703125
Dymarska2025_associations,5,38,9.046875
Dymarska2025_associations,5,39,6.643798828125
Dymarska2025_associations,5,40,5.8125
Dymarska2025_associations,5,41,7.625
Dymarska2025_associations,5,42,8.1640625
Dymarska2025_associations,5,43,9.3203125
Dymarska2025_associations,5,44,9.94189453125
Dymarska2025_associations,5,45,8.6328125
Dymarska2025_associations,5,46,9.75
Dymarska2025_associations,5,47,6.4716796875
Dymarska2025_associations,5,48,3.11376953125
Dymarska2025_associations,5,49,4.062469482421875
Dymarska2025_associations,5,50,3.544921875
Dymarska2025_associations,5,51,5.03125
Dymarska2025_associations,5,52,5.796875
Dymarska2025_associations,5,53,4.9912109375
Dymarska2025_associations,5,54,5.1875
Dymarska2025_associations,5,55,7.80859375
Dymarska2025_associations,5,56,3.9296875
Dymarska2025_associations,5,57,0.693359375
Dymarska2025_associations,5,58,7.3583984375
Dymarska2025_associations,5,59,5.876953125
Dymarska2025_associations,5,60,8.953125
Dymarska2025_associations,5,61,3.7578125
Dymarska2025_associations,5,62,5.3125
Dymarska2025_associations,5,63,9.8125
Dymarska2025_associations,5,64,6.8359375
Dymarska2025_associations,5,65,7.625
Dymarska2025_associations,5,66,7.69140625
Dymarska2025_associations,5,67,6.796875
Dymarska2025_associations,5,68,11.413330078125
Dymarska2025_associations,5,69,4.9920654296875
Dymarska2025_associations,5,70,6.4453125
Dymarska2025_associations,5,71,6.2890625
Dymarska2025_associations,5,72,12.0146484375
Dymarska2025_associations,5,73,4.65625
Dymarska2025_associations,5,74,7.142578125
Dymarska2025_associations,5,75,6.0
Dymarska2025_associations,5,76,5.9375
Dymarska2025_associations,5,77,2.2069091796875
Dymarska2025_associations,5,78,2.11572265625
Dymarska2025_associations,5,79,2.2783203125
Dymarska2025_associations,5,80,2.539031982421875
Dymarska2025_associations,5,81,1.492156982421875
Dymarska2025_associations,5,82,5.647430419921875
Dymarska2025_associations,5,83,7.28125
Dymarska2025_associations,5,84,2.030975341796875
Dymarska2025_associations,5,85,5.5155029296875
Dymarska2025_associations,5,86,7.0078125
Dymarska2025_associations,5,87,7.171875
Dymarska2025_associations,5,88,8.310546875
Dymarska2025_associations,5,89,3.9217529296875
Dymarska2025_associations,5,90,5.3973388671875
Dymarska2025_associations,5,91,10.999267578125
Dymarska2025_associations,5,92,7.65625
Dymarska2025_associations,5,93,8.59375
Dymarska2025_associations,5,94,17.859375
Dymarska2025_associations,5,95,4.375
Dymarska2025_associations,5,96,7.6484375
Dymarska2025_associations,5,97,2.382781982421875
Dymarska2025_associations,5,98,4.695281982421875
Dymarska2025_associations,5,99,4.99951171875
Dymarska2025_associations,5,100,4.45703125
Dymarska2025_associations,5,101,5.6875
Dymarska2025_associations,5,102,6.484375
Dymarska2025_associations,5,103,2.8125
Dymarska2025_associations,5,104,1.7578125
Dymarska2025_associations,5,105,5.355926513671875
Dymarska2025_associations,5,106,6.466796875
Dymarska2025_associations,5,107,5.818359375
Dymarska2025_associations,5,108,6.65576171875
Dymarska2025_associations,5,109,3.080078125
Dymarska2025_associations,5,110,7.5150146484375
Dymarska2025_associations,5,111,7.18505859375
Dymarska2025_associations,5,112,5.6875
Dymarska2025_associations,5,113,4.8828125
Dymarska2025_associations,5,114,3.9921875
Dymarska2025_associations,5,115,14.1962890625
Dymarska2025_associations,5,116,2.516571044921875
Dymarska2025_associations,5,117,5.7030029296875
Dymarska2025_associations,5,118,3.0225830078125
Dymarska2025_associations,5,119,7.109375
Dymarska2025_associations,5,120,7.9228515625
Dymarska2025_associations,5,121,2.91064453125
Dymarska2025_associations,5,122,3.624755859375
Dymarska2025_associations,5,123,3.474578857421875
Dymarska2025_associations,5,124,7.570281982421875
Dymarska2025_associations,5,125,5.8203125
Dymarska2025_associations,5,126,5.322235107421875
Dymarska2025_associations,5,127,4.46875
Dymarska2025_associations,5,128,7.1796875
Dymarska2025_associations,5,129,7.1015625
Dymarska2025_associations,5,130,4.597625732421875
Dymarska2025_associations,5,131,9.5
Dymarska2025_associations,5,132,1.45263671875
Dymarska2025_associations,5,133,2.570281982421875
Dymarska2025_associations,5,134,4.6494140625
Dymarska2025_associations,5,135,2.390625
Dymarska2025_associations,5,136,4.5341796875
Dymarska2025_associations,5,137,5.6875
Dymarska2025_associations,5,138,10.375
Dymarska2025_associations,5,139,4.859375
Dymarska2025_associations,5,140,2.632080078125
Dymarska2025_associations,5,141,3.90625
Dymarska2025_associations,5,142,11.04681396484375
Dymarska2025_associations,5,143,3.3251953125
Dymarska2025_associations,5,144,8.01953125
Dymarska2025_associations,5,145,3.984375
Dymarska2025_associations,5,146,7.46875
Dymarska2025_associations,5,147,7.296875
Dymarska2025_associations,5,148,5.841796875
Dymarska2025_associations,5,149,4.65625
Dymarska2025_associations,5,150,9.2109375
Dymarska2025_associations,5,151,9.828125
Dymarska2025_associations,5,152,8.40625
Dymarska2025_associations,5,153,10.529754638671875
Dymarska2025_associations,5,154,10.28125
Dymarska2025_associations,5,155,7.370849609375
Dymarska2025_associations,5,156,6.6875
Dymarska2025_associations,5,157,8.03125
Dymarska2025_associations,5,158,6.31787109375
Dymarska2025_associations,6,0,8.828125
Dymarska2025_associations,6,1,3.9375
Dymarska2025_associations,6,2,14.820281982421875
Dymarska2025_associations,6,3,9.9375
Dymarska2025_associations,6,4,8.7109375
Dymarska2025_associations,6,5,8.546875
Dymarska2025_associations,6,6,7.8046875
Dymarska2025_associations,6,7,4.4375
Dymarska2025_associations,6,8,1.351531982421875
Dymarska2025_associations,6,9,7.116455078125
Dymarska2025_associations,6,10,15.03515625
Dymarska2025_associations,6,11,8.73046875
Dymarska2025_associations,6,12,8.1396484375
Dymarska2025_associations,6,13,8.625
Dymarska2025_associations,6,14,5.6943359375
Dymarska2025_associations,6,15,17.6640625
Dymarska2025_associations,6,16,6.195159912109375
Dymarska2025_associations,6,17,12.21875
Dymarska2025_associations,6,18,10.18359375
Dymarska2025_associations,6,19,5.5244140625
Dymarska2025_associations,6,20,7.5
Dymarska2025_associations,6,21,5.1640625
Dymarska2025_associations,6,22,8.9375
Dymarska2025_associations,6,23,6.5107421875
Dymarska2025_associations,6,24,7.435546875
Dymarska2025_associations,6,25,4.1484375
Dymarska2025_associations,6,26,8.6873779296875
Dymarska2025_associations,6,27,4.421875
Dymarska2025_associations,6,28,4.34765625
Dymarska2025_associations,6,29,4.26171875
Dymarska2025_associations,6,30,3.7138671875
Dymarska2025_associations,6,31,5.19140625
Dymarska2025_associations,6,32,10.625
Dymarska2025_associations,6,33,8.100830078125
Dymarska2025_associations,6,34,4.8984375
Dymarska2025_associations,6,35,8.15625
Dymarska2025_associations,6,36,4.126953125
Dymarska2025_associations,6,37,7.4920654296875
Dymarska2025_associations,6,38,15.0625
Dymarska2025_associations,6,39,7.46875
Dymarska2025_associations,6,40,7.997314453125
Dymarska2025_associations,6,41,2.0311279296875
Dymarska2025_associations,6,42,5.201171875
Dymarska2025_associations,6,43,5.9375
Dymarska2025_associations,6,44,2.0751953125
Dymarska2025_associations,6,45,4.0
Dymarska2025_associations,6,46,7.44140625
Dymarska2025_associations,6,47,7.15234375
Dymarska2025_associations,6,48,3.8592529296875
Dymarska2025_associations,6,49,7.03125
Dymarska2025_associations,6,50,7.7099609375
Dymarska2025_associations,6,51,5.484375
Dymarska2025_associations,6,52,7.347625732421875
Dymarska2025_associations,6,53,7.576171875
Dymarska2025_associations,6,54,5.6591796875
Dymarska2025_associations,6,55,7.124969482421875
Dymarska2025_associations,6,56,7.957275390625
Dymarska2025_associations,6,57,5.1640625
Dymarska2025_associations,6,58,10.4375
Dymarska2025_associations,6,59,3.64453125
Dymarska2025_associations,6,60,1.41943359375
Dymarska2025_associations,6,61,5.28515625
Dymarska2025_associations,6,62,3.73876953125
Dymarska2025_associations,6,63,6.859375
Dymarska2025_associations,6,64,8.49609375
Dymarska2025_associations,6,65,3.9375
Dymarska2025_associations,6,66,8.9375
Dymarska2025_associations,6,67,6.28662109375
Dymarska2025_associations,6,68,10.04296875
Dymarska2025_associations,6,69,7.125
Dymarska2025_associations,6,70,3.5390625
Dymarska2025_associations,6,71,1.9580078125
Dymarska2025_associations,6,72,6.984375
Dymarska2025_associations,6,73,4.46875
Dymarska2025_associations,6,74,5.275390625
Dymarska2025_associations,6,75,8.40625
Dymarska2025_associations,6,76,6.015625
Dymarska2025_associations,6,77,6.1875
Dymarska2025_associations,6,78,5.958984375
Dymarska2025_associations,6,79,4.36328125
Dymarska2025_associations,6,80,2.1717529296875
Dymarska2025_associations,6,81,6.25
Dymarska2025_associations,6,82,12.90576171875
Dymarska2025_associations,6,83,6.59765625
Dymarska2025_associations,6,84,4.123504638671875
Dymarska2025_associations,6,85,6.76953125
Dymarska2025_associations,6,86,7.40625
Dymarska2025_associations,6,87,10.96142578125
Dymarska2025_associations,6,88,6.710906982421875
Dymarska2025_associations,6,89,6.0
Dymarska2025_associations,6,90,5.671875
Dymarska2025_associations,6,91,10.5
Dymarska2025_associations,6,92,5.2783203125
Dymarska2025_associations,6,93,4.203125
Dymarska2025_associations,6,94,6.96875
Dymarska2025_associations,6,95,6.00537109375
Dymarska2025_associations,6,96,14.24072265625
Dymarska2025_associations,6,97,1.831024169921875
Dymarska2025_associations,6,98,5.625
Dymarska2025_associations,6,99,6.4375
Dymarska2025_associations,6,100,4.5625
Dymarska2025_associations,6,101,7.45654296875
Dymarska2025_associations,6,102,2.640625
Dymarska2025_associations,6,103,8.90625
Dymarska2025_associations,6,104,6.5537109375
Dymarska2025_associations,6,105,9.3232421875
Dymarska2025_associations,6,106,8.763671875
Dymarska2025_associations,6,107,5.240234375
Dymarska2025_associations,6,108,6.84375
Dymarska2025_associations,6,109,2.1015625
Dymarska2025_associations,6,110,8.14697265625
Dymarska2025_associations,6,111,4.635711669921875
Dymarska2025_associations,6,112,3.4697265625
Dymarska2025_associations,6,113,5.9677734375
Dymarska2025_associations,6,114,4.6171875
Dymarska2025_associations,6,115,2.58447265625
Dymarska2025_associations,6,116,5.3125
Dymarska2025_associations,6,117,1.43359375
Dymarska2025_associations,6,118,7.015625
Dymarska2025_associations,6,119,8.748046875
Dymarska2025_associations,6,120,5.140625
Dymarska2025_associations,6,121,8.64453125
Dymarska2025_associations,6,122,5.26171875
Dymarska2025_associations,6,123,10.9375
Dymarska2025_associations,6,124,4.7030029296875
Dymarska2025_associations,6,125,5.4892578125
Dymarska2025_associations,6,126,5.84375
Dymarska2025_associations,6,127,7.765625
Dymarska2025_associations,6,128,3.5849609375
Dymarska2025_associations,6,129,3.140625
Dymarska2025_associations,6,130,8.63818359375
Dymarska2025_associations,6,131,7.476531982421875
Dymarska2025_associations,6,132,9.546875
Dymarska2025_associations,6,133,5.7890625
Dymarska2025_associations,6,134,8.375
Dymarska2025_associations,6,135,6.712890625
Dymarska2025_associations,6,136,7.8203125
Dymarska2025_associations,6,137,4.851531982421875
Dymarska2025_associations,6,138,4.1171875
Dymarska2025_associations,6,139,5.522796630859375
Dymarska2025_associations,6,140,3.79296875
Dymarska2025_associations,6,141,6.921875
Dymarska2025_associations,6,142,3.882080078125
Dymarska2025_associations,6,143,3.864990234375
Dymarska2025_associations,6,144,3.27197265625
Dymarska2025_associations,6,145,3.835784912109375
Dymarska2025_associations,6,146,0.984130859375
Dymarska2025_associations,6,147,2.589813232421875
Dymarska2025_associations,6,148,5.4296875
Dymarska2025_associations,6,149,4.03125
Dymarska2025_associations,6,150,4.5
Dymarska2025_associations,6,151,14.5
Dymarska2025_associations,6,152,11.59375
Dymarska2025_associations,6,153,5.6640625
Dymarska2025_associations,6,154,6.75
Dymarska2025_associations,6,155,8.453125
Dymarska2025_associations,6,156,4.710693359375
Dymarska2025_associations,6,157,5.21875
Dymarska2025_associations,6,158,3.9375
Dymarska2025_associations,6,159,5.19287109375
Dymarska2025_associations,6,160,9.125
Dymarska2025_associations,6,161,9.96875
Dymarska2025_associations,6,162,6.59375
Dymarska2025_associations,6,163,7.076171875
Dymarska2025_associations,6,164,9.09375
Dymarska2025_associations,6,165,8.574066162109375
Dymarska2025_associations,6,166,0.562469482421875
Dymarska2025_associations,6,167,1.796630859375
Dymarska2025_associations,6,168,4.632781982421875
Dymarska2025_associations,6,169,5.0
Dymarska2025_associations,6,170,6.25
Dymarska2025_associations,6,171,10.453125
Dymarska2025_associations,6,172,9.35931396484375
Dymarska2025_associations,6,173,7.625
Dymarska2025_associations,6,174,14.2978515625
Dymarska2025_associations,6,175,9.546875
Dymarska2025_associations,6,176,6.609130859375
Dymarska2025_associations,6,177,9.8671875
Dymarska2025_associations,6,178,4.139617919921875
Dymarska2025_associations,6,179,9.109375
Dymarska2025_associations,6,180,3.27734375
Dymarska2025_associations,6,181,6.0703125
Dymarska2025_associations,6,182,9.2578125
Dymarska2025_associations,6,183,9.04833984375
Dymarska2025_associations,6,184,7.767578125
Dymarska2025_associations,6,185,9.122406005859375
Dymarska2025_associations,7,0,17.46875
Dymarska2025_associations,7,1,9.734375
Dymarska2025_associations,7,2,5.00390625
Dymarska2025_associations,7,3,8.10546875
Dymarska2025_associations,7,4,9.664031982421875
Dymarska2025_associations,7,5,7.0
Dymarska2025_associations,7,6,5.642578125
Dymarska2025_associations,7,7,6.44140625
Dymarska2025_associations,7,8,7.1875
Dymarska2025_associations,7,9,7.71875
Dymarska2025_associations,7,10,7.09375
Dymarska2025_associations,7,11,4.810546875
Dymarska2025_associations,7,12,6.4188232421875
Dymarska2025_associations,7,13,7.025390625
Dymarska2025_associations,7,14,5.94970703125
Dymarska2025_associations,7,15,5.359375
Dymarska2025_associations,7,16,7.921875
Dymarska2025_associations,7,17,5.6875
Dymarska2025_associations,7,18,8.65625
Dymarska2025_associations,7,19,11.3125
Dymarska2025_associations,7,20,11.25
Dymarska2025_associations,7,21,4.8125
Dymarska2025_associations,7,22,8.47802734375
Dymarska2025_associations,7,23,3.887664794921875
Dymarska2025_associations,7,24,6.265625
Dymarska2025_associations,7,25,7.1796875
Dymarska2025_associations,7,26,5.3720703125
Dymarska2025_associations,7,27,3.960205078125
Dymarska2025_associations,7,28,7.625
Dymarska2025_associations,7,29,8.640625
Dymarska2025_associations,7,30,7.38232421875
Dymarska2025_associations,7,31,7.431640625
Dymarska2025_associations,7,32,6.0234375
Dymarska2025_associations,7,33,9.1845703125
Dymarska2025_associations,7,34,11.66015625
Dymarska2025_associations,7,35,13.52587890625
Dymarska2025_associations,7,36,9.21875
Dymarska2025_associations,7,37,12.3125
Dymarska2025_associations,7,38,7.40625
Dymarska2025_associations,7,39,5.0625
Dymarska2025_associations,7,40,1.179443359375
Dymarska2025_associations,7,41,5.46826171875
Dymarska2025_associations,7,42,4.484375
Dymarska2025_associations,7,43,7.421875
Dymarska2025_associations,7,44,6.74951171875
Dymarska2025_associations,7,45,8.42626953125
Dymarska2025_associations,7,46,5.65625
Dymarska2025_associations,7,47,4.873046875
Dymarska2025_associations,7,48,4.28076171875
Dymarska2025_associations,7,49,11.725830078125
Dymarska2025_associations,7,50,4.765625
Dymarska2025_associations,7,51,8.421875
Dymarska2025_associations,7,52,6.4842529296875
Dymarska2025_associations,7,53,9.84375
Dymarska2025_associations,7,54,6.41015625
Dymarska2025_associations,7,55,4.8828125
Dymarska2025_associations,7,56,3.875
Dymarska2025_associations,7,57,14.484375
Dymarska2025_associations,7,58,7.890625
Dymarska2025_associations,7,59,11.15625
Dymarska2025_associations,7,60,5.0625
Dymarska2025_associations,7,61,3.25
Dymarska2025_associations,7,62,3.554443359375
Dymarska2025_associations,7,63,9.109375
Dymarska2025_associations,7,64,8.54443359375
Dymarska2025_associations,7,65,7.978515625
Dymarska2025_associations,7,66,3.513671875
Dymarska2025_associations,7,67,4.590301513671875
Dymarska2025_associations,7,68,3.600830078125
Dymarska2025_associations,7,69,4.7578125
Dymarska2025_associations,7,70,2.953094482421875
Dymarska2025_associations,7,71,4.9140625
Dymarska2025_associations,7,72,0.74462890625
Dymarska2025_associations,7,73,7.875
Dymarska2025_associations,7,74,4.994140625
Dymarska2025_associations,7,75,2.257080078125
Dymarska2025_associations,7,76,1.8045654296875
Dymarska2025_associations,7,77,6.5625
Dymarska2025_associations,7,78,7.294921875
Dymarska2025_associations,7,79,4.390625
Dymarska2025_associations,7,80,6.359375
Dymarska2025_associations,7,81,3.341796875
Dymarska2025_associations,7,82,6.234375
Dymarska2025_associations,7,83,5.1875
Dymarska2025_associations,7,84,2.25
Dymarska2025_associations,7,85,4.685546875
Dymarska2025_associations,7,86,4.35546875
Dymarska2025_associations,7,87,2.92578125
Dymarska2025_associations,7,88,7.1875
Dymarska2025_associations,7,89,4.9609375
Dymarska2025_associations,7,90,10.65625
Dymarska2025_associations,7,91,7.02734375
Dymarska2025_associations,7,92,2.14453125
Dymarska2025_associations,7,93,5.43359375
Dymarska2025_associations,7,94,5.945281982421875
Dymarska2025_associations,7,95,5.265625
Dymarska2025_associations,7,96,5.578125
Dymarska2025_associations,7,97,5.5625
Dymarska2025_associations,7,98,7.078125
Dymarska2025_associations,7,99,4.11767578125
Dymarska2025_associations,7,100,1.1171875
Dymarska2025_associations,7,101,1.3125
Dymarska2025_associations,7,102,7.546875
Dymarska2025_associations,7,103,5.335906982421875
Dymarska2025_associations,7,104,8.92041015625
Dymarska2025_associations,7,105,9.4217529296875
Dymarska2025_associations,7,106,4.24072265625
Dymarska2025_associations,7,107,5.125
Dymarska2025_associations,7,108,8.6875
Dymarska2025_associations,7,109,10.0546875
Dymarska2025_associations,7,110,5.892578125
Dymarska2025_associations,7,111,7.25
Dymarska2025_associations,7,112,6.1053466796875
Dymarska2025_associations,7,113,4.6484375
Dymarska2025_associations,7,114,2.25
Dymarska2025_associations,7,115,10.871063232421875
Dymarska2025_associations,7,116,6.25
Dymarska2025_associations,7,117,6.4580078125
Dymarska2025_associations,7,118,9.859375
Dymarska2025_associations,7,119,4.5068359375
Dymarska2025_associations,7,120,6.8905029296875
Dymarska2025_associations,7,121,4.998046875
Dymarska2025_associations,7,122,5.956787109375
Dymarska2025_associations,7,123,4.9609375
Dymarska2025_associations,7,124,4.546875
Dymarska2025_associations,7,125,3.069580078125
Dymarska2025_associations,7,126,4.1328125
Dymarska2025_associations,7,127,7.6875
Dymarska2025_associations,7,128,3.6092529296875
Dymarska2025_associations,7,129,2.51953125
Dymarska2025_associations,7,130,2.14013671875
Dymarska2025_associations,7,131,1.52337646484375
Dymarska2025_associations,7,132,3.08203125
Dymarska2025_associations,7,133,5.185546875
Dymarska2025_associations,7,134,11.421875
Dymarska2025_associations,7,135,6.1171875
Dymarska2025_associations,7,136,7.748016357421875
Dymarska2025_associations,7,137,7.8916015625
Dymarska2025_associations,7,138,7.8359375
Dymarska2025_associations,7,139,13.03125
Dymarska2025_associations,7,140,7.42822265625
Dymarska2025_associations,7,141,0.0966796875
Dymarska2025_associations,7,142,7.2333984375
Dymarska2025_associations,7,143,7.15234375
Dymarska2025_associations,7,144,5.9530029296875
Dymarska2025_associations,7,145,7.140625
Dymarska2025_associations,7,146,4.2401123046875
Dymarska2025_associations,7,147,3.71875
Dymarska2025_associations,7,148,6.125
Dymarska2025_associations,7,149,7.75
Dymarska2025_associations,7,150,4.59375
Dymarska2025_associations,7,151,6.1875
Dymarska2025_associations,7,152,3.9375
Dymarska2025_associations,7,153,6.75
Dymarska2025_associations,7,154,4.5625
Dymarska2025_associations,7,155,6.15625
Dymarska2025_associations,7,156,2.734375
Dymarska2025_associations,7,157,6.3134765625
Dymarska2025_associations,7,158,7.109375
Dymarska2025_associations,7,159,3.375
Dymarska2025_associations,7,160,2.417938232421875
Dymarska2025_associations,7,161,2.26513671875
Dymarska2025_associations,7,162,4.1015625
Dymarska2025_associations,7,163,4.9169921875
Dymarska2025_associations,7,164,6.8125
Dymarska2025_associations,7,165,5.75
Dymarska2025_associations,7,166,15.611328125
Dymarska2025_associations,7,167,5.7109375
Dymarska2025_associations,7,168,5.4375
Dymarska2025_associations,7,169,7.446014404296875
Dymarska2025_associations,7,170,4.475830078125
Dymarska2025_associations,7,171,5.11328125
Dymarska2025_associations,7,172,8.507781982421875
Dymarska2025_associations,7,173,7.28515625
Dymarska2025_associations,7,174,7.3447265625
Dymarska2025_associations,7,175,2.8201904296875
Dymarska2025_associations,7,176,12.0625
Dymarska2025_associations,7,177,0.125457763671875
Dymarska2025_associations,7,178,15.96875
Dymarska2025_associations,7,179,6.00537109375
Dymarska2025_associations,7,180,8.0625
Dymarska2025_associations,7,181,5.7578125
Dymarska2025_associations,7,182,0.5576171875
Dymarska2025_associations,7,183,6.33203125
Dymarska2025_associations,7,184,4.5078125
Dymarska2025_associations,7,185,3.9375
Dymarska2025_associations,7,186,9.1171875
Dymarska2025_associations,7,187,3.0634765625
Dymarska2025_associations,7,188,7.4501953125
Dymarska2025_associations,7,189,6.7578125
Dymarska2025_associations,7,190,4.46875
Dymarska2025_associations,7,191,8.015625
Dymarska2025_associations,7,192,8.150390625
Dymarska2025_associations,7,193,5.5908203125
Dymarska2025_associations,7,194,8.160125732421875
Dymarska2025_associations,7,195,5.046875
Dymarska2025_associations,7,196,10.75
Dymarska2025_associations,7,197,3.42724609375
Dymarska2025_associations,7,198,7.5
Dymarska2025_associations,7,199,7.65625
Dymarska2025_associations,8,0,12.51953125
Dymarska2025_associations,8,1,10.5625
Dymarska2025_associations,8,2,10.875
Dymarska2025_associations,8,3,4.921875
Dymarska2025_associations,8,4,4.03125
Dymarska2025_associations,8,5,10.625
Dymarska2025_associations,8,6,8.375
Dymarska2025_associations,8,7,5.33984375
Dymarska2025_associations,8,8,7.21875
Dymarska2025_associations,8,9,2.46875
Dymarska2025_associations,8,10,6.7578125
Dymarska2025_associations,8,11,7.163330078125
Dymarska2025_associations,8,12,7.05859375
Dymarska2025_associations,8,13,5.8125
Dymarska2025_associations,8,14,5.78125
Dymarska2025_associations,8,15,3.1640625
Dymarska2025_associations,8,16,5.494140625
Dymarska2025_associations,8,17,5.960784912109375
Dymarska2025_associations,8,18,3.78125
Dymarska2025_associations,8,19,4.89501953125
Dymarska2025_associations,8,20,9.5155029296875
Dymarska2025_associations,8,21,5.725830078125
Dymarska2025_associations,8,22,5.0780029296875
Dymarska2025_associations,8,23,4.410400390625
Dymarska2025_associations,8,24,7.28515625
Dymarska2025_associations,8,25,0.542938232421875
Dymarska2025_associations,8,26,2.75
Dymarska2025_associations,8,27,12.625
Dymarska2025_associations,8,28,2.976531982421875
Dymarska2025_associations,8,29,9.15625
Dymarska2025_associations,8,30,2.904296875
Dymarska2025_associations,8,31,5.1650390625
Dymarska2025_associations,8,32,2.8310546875
Dymarska2025_associations,8,33,3.12890625
Dymarska2025_associations,8,34,3.9375
Dymarska2025_associations,8,35,3.4609375
Dymarska2025_associations,8,36,7.8905029296875
Dymarska2025_associations,8,37,8.1796875
Dymarska2025_associations,8,38,5.75
Dymarska2025_associations,8,39,5.59326171875
Dymarska2025_associations,8,40,3.154296875
Dymarska2025_associations,8,41,6.6171875
Dymarska2025_associations,8,42,7.25
Dymarska2025_associations,8,43,11.09521484375
Dymarska2025_associations,8,44,3.491943359375
Dymarska2025_associations,8,45,4.0224609375
Dymarska2025_associations,8,46,4.265625
Dymarska2025_associations,8,47,2.4541015625
Dymarska2025_associations,8,48,3.154296875
Dymarska2025_associations,8,49,6.75
Dymarska2025_associations,8,50,3.69140625
Dymarska2025_associations,8,51,0.7176513671875
Dymarska2025_associations,8,52,4.29296875
Dymarska2025_associations,8,53,2.0780029296875
Dymarska2025_associations,8,54,2.921875
Dymarska2025_associations,8,55,2.046875
Dymarska2025_associations,8,56,3.8896484375
Dymarska2025_associations,8,57,4.335693359375
Dymarska2025_associations,8,58,2.46875
Dymarska2025_associations,8,59,2.92138671875
Dymarska2025_associations,8,60,8.015625
Dymarska2025_associations,8,61,7.15625
Dymarska2025_associations,8,62,6.62451171875
Dymarska2025_associations,8,63,6.0458984375
Dymarska2025_associations,8,64,2.23431396484375
Dymarska2025_associations,8,65,1.2109375
Dymarska2025_associations,8,66,6.421875
Dymarska2025_associations,8,67,5.25
Dymarska2025_associations,8,68,0.6484375
Dymarska2025_associations,8,69,9.54638671875
Dymarska2025_associations,8,70,7.65625
Dymarska2025_associations,8,71,4.1717529296875
Dymarska2025_associations,8,72,5.03125
Dymarska2025_associations,8,73,5.9295654296875
Dymarska2025_associations,8,74,4.52734375
Dymarska2025_associations,8,75,2.8291015625
Dymarska2025_associations,8,76,10.5936279296875
Dymarska2025_associations,8,77,7.875
Dymarska2025_associations,8,78,4.796875
Dymarska2025_associations,8,79,8.34375
Dymarska2025_associations,8,80,1.7109375
Dymarska2025_associations,8,81,7.25390625
Dymarska2025_associations,8,82,5.3984375
Dymarska2025_associations,8,83,10.65625
Dymarska2025_associations,8,84,7.0234375
Dymarska2025_associations,8,85,12.2342529296875
Dymarska2025_associations,8,86,1.7342529296875
Dymarska2025_associations,8,87,6.773406982421875
Dymarska2025_associations,8,88,7.6484375
Dymarska2025_associations,8,89,6.90576171875
Dymarska2025_associations,8,90,3.9423828125
Dymarska2025_associations,8,91,5.6015625
Dymarska2025_associations,8,92,1.9169921875
Dymarska2025_associations,8,93,5.0908203125
Dymarska2025_associations,8,94,8.703125
Dymarska2025_associations,8,95,2.74951171875
Dymarska2025_associations,8,96,5.546875
Dymarska2025_associations,8,97,2.85400390625
Dymarska2025_associations,8,98,5.8603515625
Dymarska2025_associations,8,99,7.845703125
Dymarska2025_associations,8,100,5.21875
Dymarska2025_associations,8,101,4.779296875
Dymarska2025_associations,8,102,11.15234375
Dymarska2025_associations,8,103,3.93359375
Dymarska2025_associations,8,104,10.21875
Dymarska2025_associations,8,105,8.60546875
Dymarska2025_associations,8,106,3.1328125
Dymarska2025_associations,8,107,7.1875
Dymarska2025_associations,8,108,5.9375
Dymarska2025_associations,8,109,4.640625
Dymarska2025_associations,8,110,3.8125
Dymarska2025_associations,8,111,3.9375
Dymarska2025_associations,8,112,4.929656982421875
Dymarska2025_associations,8,113,4.866943359375
Dymarska2025_associations,8,114,9.0078125
Dymarska2025_associations,8,115,7.28515625
Dymarska2025_associations,8,116,4.875
Dymarska2025_associations,8,117,5.8280029296875
Dymarska2025_associations,8,118,6.13671875
Dymarska2025_associations,8,119,8.164031982421875
Dymarska2025_associations,8,120,6.20556640625
Dymarska2025_associations,8,121,5.3291015625
Dymarska2025_associations,8,122,7.375
Dymarska2025_associations,8,123,2.632080078125
Dymarska2025_associations,8,124,9.40625
Dymarska2025_associations,8,125,6.3125
Dymarska2025_associations,8,126,11.11376953125
Dymarska2025_associations,8,127,12.0
Dymarska2025_associations,8,128,5.2265625
Dymarska2025_associations,8,129,8.875
Dymarska2025_associations,8,130,1.359375
Dymarska2025_associations,8,131,1.22265625
Dymarska2025_associations,8,132,5.46484375
Dymarska2025_associations,8,133,6.0
Dymarska2025_associations,8,134,6.984375
Dymarska2025_associations,8,135,5.8046875
Dymarska2025_associations,8,136,3.96826171875
Dymarska2025_associations,8,137,2.78125
Dymarska2025_associations,8,138,4.648193359375
Dymarska2025_associations,8,139,7.906219482421875
Dymarska2025_associations,8,140,6.21875
Dymarska2025_associations,8,141,5.9061279296875
Dymarska2025_associations,8,142,7.3603515625
Dymarska2025_associations,8,143,4.928955078125
Dymarska2025_associations,9,0,5.5771484375
Dymarska2025_associations,9,1,4.203125
Dymarska2025_associations,9,2,7.05078125
Dymarska2025_associations,9,3,5.8125
Dymarska2025_associations,9,4,5.7333984375
Dymarska2025_associations,9,5,4.206787109375
Dymarska2025_associations,9,6,14.7030029296875
Dymarska2025_associations,9,7,8.21875
Dymarska2025_associations,9,8,15.84375
Dymarska2025_associations,9,9,10.265625
Dymarska2025_associations,9,10,3.9921875
Dymarska2025_associations,9,11,15.81634521484375
Dymarska2025_associations,9,12,6.72021484375
Dymarska2025_associations,9,13,7.9296875
Dymarska2025_associations,9,14,11.953125
Dymarska2025_associations,9,15,6.0703125
Dymarska2025_associations,9,16,4.2607421875
Dymarska2025_associations,9,17,7.0625
Dymarska2025_associations,9,18,17.875
Dymarska2025_associations,9,19,13.5859375
Dymarska2025_associations,9,20,3.84765625
Dymarska2025_associations,9,21,7.94140625
Dymarska2025_associations,9,22,11.306640625
Dymarska2025_associations,9,23,10.30078125
Dymarska2025_associations,9,24,8.125
Dymarska2025_associations,9,25,4.875
Dymarska2025_associations,9,26,4.4541015625
Dymarska2025_associations,9,27,13.75
Dymarska2025_associations,9,28,6.03125
Dymarska2025_associations,9,29,7.1484375
Dymarska2025_associations,9,30,11.125
Dymarska2025_associations,9,31,7.828125
Dymarska2025_associations,9,32,6.3671875
Dymarska2025_associations,9,33,8.7275390625
Dymarska2025_associations,9,34,9.09375
Dymarska2025_associations,9,35,7.25244140625
Dymarska2025_associations,9,36,11.40625
Dymarska2025_associations,9,37,8.96875
Dymarska2025_associations,9,38,2.843475341796875
Dymarska2025_associations,9,39,11.03125
Dymarska2025_associations,9,40,5.625
Dymarska2025_associations,9,41,3.63330078125
Dymarska2025_associations,9,42,5.109344482421875
Dymarska2025_associations,9,43,2.953125
Dymarska2025_associations,9,44,3.40234375
Dymarska2025_associations,9,45,3.607421875
Dymarska2025_associations,9,46,8.695281982421875
Dymarska2025_associations,9,47,7.59375
Dymarska2025_associations,9,48,6.351531982421875
Dymarska2025_associations,9,49,8.275390625
Dymarska2025_associations,9,50,10.69140625
Dymarska2025_associations,9,51,7.28125
Dymarska2025_associations,9,52,6.9189453125
Dymarska2025_associations,9,53,4.01953125
Dymarska2025_associations,9,54,3.914794921875
Dymarska2025_associations,9,55,9.30859375
Dymarska2025_associations,9,56,7.53125
Dymarska2025_associations,9,57,7.65771484375
Dymarska2025_associations,9,58,7.771484375
Dymarska2025_associations,9,59,8.6875
Dymarska2025_associations,9,60,3.507781982421875
Dymarska2025_associations,9,61,4.2236328125
Dymarska2025_associations,9,62,2.695068359375
Dymarska2025_associations,9,63,6.0
Dymarska2025_associations,9,64,12.875
Dymarska2025_associations,9,65,6.198974609375
Dymarska2025_associations,9,66,10.75
Dymarska2025_associations,9,67,9.15625
Dymarska2025_associations,9,68,5.3046875
Dymarska2025_associations,9,69,8.5625
Dymarska2025_associations,9,70,4.0830078125
Dymarska2025_associations,9,71,9.09375
Dymarska2025_associations,9,72,5.1875
Dymarska2025_associations,9,73,9.09375
Dymarska2025_associations,9,74,24.0205078125
Dymarska2025_associations,9,75,9.12841796875
Dymarska2025_associations,9,76,7.085906982421875
Dymarska2025_associations,9,77,8.5
Dymarska2025_associations,9,78,5.095703125
Dymarska2025_associations,9,79,5.6572265625
Dymarska2025_associations,9,80,9.691375732421875
Dymarska2025_associations,9,81,7.46875
Dymarska2025_associations,9,82,6.375
Dymarska2025_associations,9,83,1.71923828125
Dymarska2025_associations,9,84,11.08984375
Dymarska2025_associations,9,85,6.6875
Dymarska2025_associations,9,86,12.65625
Dymarska2025_associations,9,87,5.827880859375
Dymarska2025_associations,9,88,4.962890625
Dymarska2025_associations,9,89,6.953125
Dymarska2025_associations,9,90,7.06689453125
Dymarska2025_associations,9,91,5.1912841796875
Dymarska2025_associations,9,92,6.632080078125
Dymarska2025_associations,9,93,8.8125
Dymarska2025_associations,9,94,8.8359375
Dymarska2025_associations,9,95,5.48828125
Dymarska2025_associations,9,96,7.18359375
Dymarska2025_associations,9,97,6.7578125
Dymarska2025_associations,9,98,3.75
Dymarska2025_associations,9,99,12.2578125
Dymarska2025_associations,9,100,9.74560546875
Dymarska2025_associations,9,101,2.3779296875
Dymarska2025_associations,9,102,7.0
Dymarska2025_associations,9,103,2.4375
Dymarska2025_associations,9,104,6.578125
Dymarska2025_associations,9,105,8.5078125
Dymarska2025_associations,9,106,4.8251953125
Dymarska2025_associations,9,107,6.0625
Dymarska2025_associations,9,108,8.8125
Dymarska2025_associations,9,109,9.0
Dymarska2025_associations,9,110,4.78125
Dymarska2025_associations,9,111,7.027801513671875
Dymarska2025_associations,9,112,6.2342529296875
Dymarska2025_associations,9,113,6.975830078125
Dymarska2025_associations,9,114,4.60125732421875
Dymarska2025_associations,9,115,3.2890625
Dymarska2025_associations,9,116,6.625
Dymarska2025_associations,9,117,4.125
Dymarska2025_associations,9,118,9.7265625
Dymarska2025_associations,9,119,6.251953125
Dymarska2025_associations,9,120,8.40234375
Dymarska2025_associations,9,121,12.84375
Dymarska2025_associations,9,122,5.53515625
Dymarska2025_associations,9,123,3.9100341796875
Dymarska2025_associations,9,124,8.140625
Dymarska2025_associations,9,125,9.72265625
Dymarska2025_associations,9,126,8.5625
Dymarska2025_associations,9,127,5.609375
Dymarska2025_associations,9,128,7.96484375
Dymarska2025_associations,9,129,2.33642578125
Dymarska2025_associations,9,130,4.6953125
Dymarska2025_associations,9,131,7.90625
Dymarska2025_associations,9,132,5.74609375
Dymarska2025_associations,9,133,10.1875
Dymarska2025_associations,9,134,8.65576171875
Dymarska2025_associations,9,135,8.790985107421875
Dymarska2025_associations,9,136,8.0859375
Dymarska2025_associations,9,137,11.7265625
Dymarska2025_associations,9,138,9.875
Dymarska2025_associations,9,139,5.960693359375
Dymarska2025_associations,9,140,2.193359375
Dymarska2025_associations,9,141,3.5634765625
Dymarska2025_associations,9,142,2.0467529296875
Dymarska2025_associations,9,143,5.52001953125
Dymarska2025_associations,9,144,8.8291015625
Dymarska2025_associations,9,145,12.634765625
Dymarska2025_associations,9,146,6.328125
Dymarska2025_associations,9,147,7.40625
Dymarska2025_associations,9,148,13.38671875
Dymarska2025_associations,9,149,7.671875
Dymarska2025_associations,9,150,14.22021484375
Dymarska2025_associations,9,151,11.75
Dymarska2025_associations,9,152,11.9375
Dymarska2025_associations,9,153,10.671875
Dymarska2025_associations,9,154,9.5546875
Dymarska2025_associations,9,155,5.398193359375
Dymarska2025_associations,9,156,9.0234375
Dymarska2025_associations,9,157,6.921875
Dymarska2025_associations,9,158,15.7890625
Dymarska2025_associations,9,159,8.671875
Dymarska2025_associations,9,160,9.34375
Dymarska2025_associations,9,161,7.78125
Dymarska2025_associations,9,162,6.19921875
Dymarska2025_associations,9,163,5.5078125
Dymarska2025_associations,9,164,8.22357177734375
Dymarska2025_associations,9,165,6.0625
Dymarska2025_associations,9,166,8.51318359375
Dymarska2025_associations,9,167,7.59375
Dymarska2025_associations,9,168,5.73046875
Dymarska2025_associations,9,169,6.5625
Dymarska2025_associations,9,170,5.648193359375
Dymarska2025_associations,9,171,9.09375
Dymarska2025_associations,9,172,14.8125
Dymarska2025_associations,9,173,8.875
Dymarska2025_associations,9,174,11.9295654296875
Dymarska2025_associations,9,175,6.0859375
Dymarska2025_associations,9,176,9.9794921875
Dymarska2025_associations,9,177,2.8203125
Dymarska2025_associations,9,178,6.408203125
Dymarska2025_associations,9,179,6.15625
Dymarska2025_associations,9,180,7.22900390625
Dymarska2025_associations,9,181,9.91796875
Dymarska2025_associations,9,182,6.25
Dymarska2025_associations,9,183,4.1103515625
Dymarska2025_associations,9,184,8.40625
Dymarska2025_associations,9,185,5.421875
Dymarska2025_associations,9,186,8.6484375
Dymarska2025_associations,9,187,7.01708984375
Dymarska2025_associations,9,188,7.8125
Dymarska2025_associations,9,189,8.375
Dymarska2025_associations,9,190,7.63671875
Dymarska2025_associations,9,191,6.27294921875
Dymarska2025_associations,9,192,4.25
Dymarska2025_associations,9,193,6.83349609375
Dymarska2025_associations,9,194,4.28125
Dymarska2025_associations,9,195,8.37890625
Dymarska2025_associations,9,196,6.28125
Dymarska2025_associations,10,0,12.9296875
Dymarska2025_associations,10,1,6.7890625
Dymarska2025_associations,10,2,9.75
Dymarska2025_associations,10,3,6.984375
Dymarska2025_associations,10,4,6.375
Dymarska2025_associations,10,5,9.65625
Dymarska2025_associations,10,6,7.796875
Dymarska2025_associations,10,7,5.318359375
Dymarska2025_associations,10,8,13.125
Dymarska2025_associations,10,9,2.7578125
Dymarska2025_associations,10,10,3.1064453125
Dymarska2025_associations,10,11,6.28515625
Dymarska2025_associations,10,12,4.921875
Dymarska2025_associations,10,13,5.147705078125
Dymarska2025_associations,10,14,6.15234375
Dymarska2025_associations,10,15,6.40625
Dymarska2025_associations,10,16,4.125
Dymarska2025_associations,10,17,5.3125
Dymarska2025_associations,10,18,7.53125
Dymarska2025_associations,10,19,5.1248779296875
Dymarska2025_associations,10,20,7.8125
Dymarska2025_associations,10,21,6.59326171875
Dymarska2025_associations,10,22,16.0771484375
Dymarska2025_associations,10,23,2.83984375
Dymarska2025_associations,10,24,4.587890625
Dymarska2025_associations,10,25,6.2734375
Dymarska2025_associations,10,26,5.3349609375
Dymarska2025_associations,10,27,4.2109375
Dymarska2025_associations,10,28,4.3701171875
Dymarska2025_associations,10,29,9.46875
Dymarska2025_associations,10,30,7.65625
Dymarska2025_associations,10,31,5.7890625
Dymarska2025_associations,10,32,4.95068359375
Dymarska2025_associations,10,33,4.8125
Dymarska2025_associations,10,34,6.4248046875
Dymarska2025_associations,10,35,7.343719482421875
Dymarska2025_associations,10,36,9.0
Dymarska2025_associations,10,37,14.46875
Dymarska2025_associations,10,38,6.1875
Dymarska2025_associations,10,39,5.46875
Dymarska2025_associations,10,40,1.6326904296875
Dymarska2025_associations,10,41,6.428680419921875
Dymarska2025_associations,10,42,2.125
Dymarska2025_associations,10,43,14.40625
Dymarska2025_associations,10,44,7.44482421875
Dymarska2025_associations,10,45,8.46484375
Dymarska2025_associations,10,46,4.4375
Dymarska2025_associations,10,47,4.201171875
Dymarska2025_associations,10,48,5.3125
Dymarska2025_associations,10,49,7.265625
Dymarska2025_associations,10,50,3.28515625
Dymarska2025_associations,10,51,7.07806396484375
Dymarska2025_associations,10,52,5.734375
Dymarska2025_associations,10,53,6.904296875
Dymarska2025_associations,10,54,2.749725341796875
Dymarska2025_associations,10,55,7.976531982421875
Dymarska2025_associations,10,56,4.9375
Dymarska2025_associations,10,57,2.470703125
Dymarska2025_associations,10,58,2.585906982421875
Dymarska2025_associations,10,59,3.52734375
Dymarska2025_associations,10,60,8.150390625
Dymarska2025_associations,10,61,5.310546875
Dymarska2025_associations,10,62,6.33984375
Dymarska2025_associations,10,63,4.826171875
Dymarska2025_associations,10,64,3.14453125
Dymarska2025_associations,10,65,9.84375
Dymarska2025_associations,10,66,7.507781982421875
Dymarska2025_associations,10,67,3.609375
Dymarska2025_associations,10,68,4.8759765625
Dymarska2025_associations,10,69,5.90625
Dymarska2025_associations,10,70,6.10546875
Dymarska2025_associations,10,71,6.818359375
Dymarska2025_associations,10,72,8.53515625
Dymarska2025_associations,10,73,9.79052734375
Dymarska2025_associations,10,74,9.2265625
Dymarska2025_associations,10,75,4.40234375
Dymarska2025_associations,10,76,3.58203125
Dymarska2025_associations,10,77,4.5625
Dymarska2025_associations,10,78,5.548828125
Dymarska2025_associations,10,79,4.4609375
Dymarska2025_associations,10,80,7.375
Dymarska2025_associations,10,81,4.6123046875
Dymarska2025_associations,10,82,4.212890625
Dymarska2025_associations,10,83,5.46875
Dymarska2025_associations,10,84,3.859375
Dymarska2025_associations,10,85,1.93701171875
Dymarska2025_associations,10,86,9.007781982421875
Dymarska2025_associations,10,87,14.21875
Dymarska2025_associations,10,88,3.48974609375
Dymarska2025_associations,10,89,10.1796875
Dymarska2025_associations,10,90,9.835906982421875
Dymarska2025_associations,10,91,6.8544921875
Dymarska2025_associations,10,92,7.4921875
Dymarska2025_associations,10,93,3.1278076171875
Dymarska2025_associations,10,94,5.2978515625
Dymarska2025_associations,10,95,11.87451171875
Dymarska2025_associations,10,96,2.52728271484375
Dymarska2025_associations,10,97,5.5604248046875
Dymarska2025_associations,10,98,8.77734375
Dymarska2025_associations,10,99,5.46875
Dymarska2025_associations,10,100,6.265625
Dymarska2025_associations,10,101,1.52294921875
Dymarska2025_associations,10,102,5.2420654296875
Dymarska2025_associations,10,103,4.3358154296875
Dymarska2025_associations,10,104,5.2196044921875
Dymarska2025_associations,10,105,3.5771484375
Dymarska2025_associations,10,106,3.163330078125
Dymarska2025_associations,10,107,3.94140625
Dymarska2025_associations,10,108,7.921875
Dymarska2025_associations,10,109,4.195281982421875
Dymarska2025_associations,10,110,2.50048828125
Dymarska2025_associations,10,111,4.76171875
Dymarska2025_associations,10,112,7.26171875
Dymarska2025_associations,10,113,4.625
Dymarska2025_associations,10,114,4.1875
Dymarska2025_associations,10,115,2.543212890625
Dymarska2025_associations,10,116,6.6376953125
Dymarska2025_associations,10,117,5.03125
Dymarska2025_associations,10,118,5.95263671875
Dymarska2025_associations,10,119,3.09765625
Dymarska2025_associations,10,120,3.51171875
Dymarska2025_associations,10,121,7.8330078125
Dymarska2025_associations,10,122,5.015625
Dymarska2025_associations,10,123,21.3125
Dymarska2025_associations,10,124,6.076171875
Dymarska2025_associations,10,125,3.3125
Dymarska2025_associations,10,126,2.53125
Dymarska2025_associations,10,127,6.46875
Dymarska2025_associations,10,128,3.109375
Dymarska2025_associations,10,129,5.873046875
Dymarska2025_associations,10,130,10.75
Dymarska2025_associations,10,131,12.076171875
Dymarska2025_associations,10,132,2.554656982421875
Dymarska2025_associations,10,133,2.671875
Dymarska2025_associations,10,134,6.126953125
Dymarska2025_associations,10,135,7.390625
Dymarska2025_associations,10,136,6.5625
Dymarska2025_associations,10,137,8.27197265625
Dymarska2025_associations,10,138,6.035125732421875
Dymarska2025_associations,10,139,7.703125
Dymarska2025_associations,10,140,8.8125
Dymarska2025_associations,10,141,4.59375
Dymarska2025_associations,10,142,2.625
Dymarska2025_associations,10,143,5.1405029296875
Dymarska2025_associations,10,144,11.33544921875
Dymarska2025_associations,10,145,3.62890625
Dymarska2025_associations,10,146,11.421875
Dymarska2025_associations,10,147,4.873046875
Dymarska2025_associations,10,148,3.804656982421875
Dymarska2025_associations,10,149,5.521484375
Dymarska2025_associations,10,150,4.46875
Dymarska2025_associations,10,151,3.244140625
Dymarska2025_associations,10,152,7.413055419921875
Dymarska2025_associations,10,153,7.4609375
Dymarska2025_associations,10,154,3.837890625
Dymarska2025_associations,10,155,6.96875
Dymarska2025_associations,10,156,5.82421875
Dymarska2025_associations,10,157,5.5634765625
Dymarska2025_associations,10,158,8.0
Dymarska2025_associations,10,159,6.71484375
Dymarska2025_associations,10,160,3.726531982421875
Dymarska2025_associations,10,161,3.90625
Dymarska2025_associations,10,162,2.33203125
Dymarska2025_associations,10,163,6.841796875
Dymarska2025_associations,10,164,5.18359375
Dymarska2025_associations,10,165,6.0545654296875
Dymarska2025_associations,10,166,4.3046875
Dymarska2025_associations,10,167,3.888671875
Dymarska2025_associations,10,168,6.249969482421875
Dymarska2025_associations,10,169,3.6474609375
Dymarska2025_associations,10,170,6.466796875
Dymarska2025_associations,10,171,3.944580078125
Dymarska2025_associations,10,172,3.9501953125
Dymarska2025_associations,10,173,4.061279296875
Dymarska2025_associations,10,174,4.390625
Dymarska2025_associations,10,175,3.568817138671875
Dymarska2025_associations,10,176,9.2041015625
Dymarska2025_associations,10,177,3.2392578125
Dymarska2025_associations,10,178,3.955047607421875
Dymarska2025_associations,10,179,2.767578125
Dymarska2025_associations,10,180,2.26904296875
Dymarska2025_associations,10,181,3.8125
Dymarska2025_associations,10,182,6.56640625
Dymarska2025_associations,10,183,3.060546875
Dymarska2025_associations,10,184,8.570281982421875
Dymarska2025_associations,10,185,4.08447265625
Dymarska2025_associations,10,186,4.85400390625
Dymarska2025_associations,10,187,5.960906982421875
Dymarska2025_associations,10,188,5.46875
Dymarska2025_associations,10,189,5.55078125
Dymarska2025_associations,10,190,6.21875
Dymarska2025_associations,10,191,8.75
Dymarska2025_associations,10,192,5.195281982421875
Dymarska2025_associations,10,193,10.671875
Dymarska2025_associations,10,194,9.21484375
Dymarska2025_associations,10,195,4.1875
Dymarska2025_associations,10,196,10.90625
Dymarska2025_associations,10,197,1.60546875
Dymarska2025_associations,10,198,6.142578125
Dymarska2025_associations,10,199,7.5078125
Dymarska2025_associations,11,0,6.63671875
Dymarska2025_associations,11,1,14.2109375
Dymarska2025_associations,11,2,7.59375
Dymarska2025_associations,11,3,9.84375
Dymarska2025_associations,11,4,1.427734375
Dymarska2025_associations,11,5,7.9609375
Dymarska2025_associations,11,6,5.25
Dymarska2025_associations,11,7,8.26953125
Dymarska2025_associations,11,8,3.92578125
Dymarska2025_associations,11,9,6.3663330078125
Dymarska2025_associations,11,10,5.291015625
Dymarska2025_associations,11,11,5.70703125
Dymarska2025_associations,11,12,6.320281982421875
Dymarska2025_associations,11,13,5.796875
Dymarska2025_associations,11,14,8.1875
Dymarska2025_associations,11,15,1.09033203125
Dymarska2025_associations,11,16,7.9373779296875
Dymarska2025_associations,11,17,8.5
Dymarska2025_associations,11,18,15.18701171875
Dymarska2025_associations,11,19,4.4375
Dymarska2025_associations,11,20,2.798828125
Dymarska2025_associations,11,21,6.132080078125
Dymarska2025_associations,11,22,5.5703125
Dymarska2025_associations,11,23,11.382568359375
Dymarska2025_associations,11,24,5.453125
Dymarska2025_associations,11,25,7.625
Dymarska2025_associations,11,26,8.4765625
Dymarska2025_associations,11,27,3.05126953125
Dymarska2025_associations,11,28,0.78125
Dymarska2025_associations,11,29,6.484375
Dymarska2025_associations,11,30,10.054443359375
Dymarska2025_associations,11,31,4.944793701171875
Dymarska2025_associations,11,32,11.625
Dymarska2025_associations,11,33,5.15478515625
Dymarska2025_associations,11,34,7.21875
Dymarska2025_associations,11,35,3.45703125
Dymarska2025_associations,11,36,6.548828125
Dymarska2025_associations,11,37,13.609375
Dymarska2025_associations,11,38,3.755859375
Dymarska2025_associations,11,39,4.69140625
Dymarska2025_associations,11,40,6.75
Dymarska2025_associations,11,41,2.81884765625
Dymarska2025_associations,11,42,2.8017578125
Dymarska2025_associations,11,43,2.921875
Dymarska2025_associations,11,44,6.28125
Dymarska2025_associations,11,45,7.3515625
Dymarska2025_associations,11,46,5.70947265625
Dymarska2025_associations,11,47,17.25
Dymarska2025_associations,11,48,8.3798828125
Dymarska2025_associations,11,49,4.12890625
Dymarska2025_associations,11,50,6.74072265625
Dymarska2025_associations,11,51,3.021453857421875
Dymarska2025_associations,11,52,7.70263671875
Dymarska2025_associations,11,53,6.11328125
Dymarska2025_associations,11,54,2.5936279296875
Dymarska2025_associations,11,55,2.87744140625
Dymarska2025_associations,11,56,7.17626953125
Dymarska2025_associations,11,57,3.4326171875
Dymarska2025_associations,11,58,2.92578125
Dymarska2025_associations,11,59,10.0625
Dymarska2025_associations,11,60,4.486328125
Dymarska2025_associations,11,61,7.109375
Dymarska2025_associations,11,62,7.875
Dymarska2025_associations,11,63,3.962890625
Dymarska2025_associations,11,64,14.765625
Dymarska2025_associations,11,65,3.13671875
Dymarska2025_associations,11,66,6.5
Dymarska2025_associations,11,67,3.163818359375
Dymarska2025_associations,11,68,3.47412109375
Dymarska2025_associations,11,69,3.411865234375
Dymarska2025_associations,11,70,9.39892578125
Dymarska2025_associations,11,71,6.953125
Dymarska2025_associations,11,72,5.585205078125
Dymarska2025_associations,11,73,11.32806396484375
Dymarska2025_associations,11,74,4.710693359375
Dymarska2025_associations,11,75,6.685546875
Dymarska2025_associations,11,76,9.461883544921875
Dymarska2025_associations,11,77,6.83984375
Dymarska2025_associations,11,78,4.75
Dymarska2025_associations,11,79,1.15625
Dymarska2025_associations,11,80,4.74072265625
Dymarska2025_associations,11,81,7.8125
Dymarska2025_associations,11,82,5.181121826171875
Dymarska2025_associations,11,83,1.7967529296875
Dymarska2025_associations,11,84,5.87451171875
Dymarska2025_associations,11,85,5.59765625
Dymarska2025_associations,11,86,2.2060546875
Dymarska2025_associations,11,87,3.67626953125
Dymarska2025_associations,11,88,4.65625
Dymarska2025_associations,11,89,3.996551513671875
Dymarska2025_associations,11,90,8.890625
Dymarska2025_associations,11,91,3.8125
Dymarska2025_associations,11,92,14.0234375
Dymarska2025_associations,11,93,17.412109375
Dymarska2025_associations,11,94,3.96875
Dymarska2025_associations,11,95,7.0234375
Dymarska2025_associations,11,96,9.4140625
Dymarska2025_associations,11,97,6.078125
Dymarska2025_associations,11,98,5.421875
Dymarska2025_associations,11,99,4.81640625
Dymarska2025_associations,11,100,5.96875
Dymarska2025_associations,11,101,7.6875
Dymarska2025_associations,11,102,9.90625
Dymarska2025_associations,11,103,8.06787109375
Dymarska2025_associations,11,104,8.46875
Dymarska2025_associations,11,105,3.810546875
Dymarska2025_associations,11,106,6.4765625
Dymarska2025_associations,11,107,2.428955078125
Dymarska2025_associations,11,108,3.09326171875
Dymarska2025_associations,11,109,9.437469482421875
Dymarska2025_associations,11,110,4.625
Dymarska2025_associations,11,111,6.447265625
Dymarska2025_associations,11,112,5.109375
Dymarska2025_associations,11,113,8.75
Dymarska2025_associations,11,114,4.8203125
Dymarska2025_associations,11,115,3.6328125
Dymarska2025_associations,11,116,4.3583984375
Dymarska2025_associations,11,117,5.523406982421875
Dymarska2025_associations,11,118,9.335906982421875
Dymarska2025_associations,11,119,6.125
Dymarska2025_associations,11,120,2.0936279296875
Dymarska2025_associations,11,121,0.364990234375
Dymarska2025_associations,11,122,6.5625
Dymarska2025_associations,11,123,4.453125
Dymarska2025_associations,11,124,7.466796875
Dymarska2025_associations,11,125,2.552734375
Dymarska2025_associations,11,126,7.302734375
Dymarska2025_associations,11,127,7.710693359375
Dymarska2025_associations,11,128,9.21875
Dymarska2025_associations,11,129,9.3046875
Dymarska2025_associations,11,130,2.16259765625
Dymarska2025_associations,11,131,10.6875
Dymarska2025_associations,11,132,6.072265625
Dymarska2025_associations,11,133,5.40625
Dymarska2025_associations,11,134,6.28125
Dymarska2025_associations,11,135,3.3203125
Dymarska2025_associations,11,136,6.33984375
Dymarska2025_associations,11,137,3.679656982421875
Dymarska2025_associations,11,138,8.41845703125
Dymarska2025_associations,11,139,6.8359375
Dymarska2025_associations,11,140,7.90625
Dymarska2025_associations,11,141,7.625
Dymarska2025_associations,11,142,13.421875
Dymarska2025_associations,11,143,7.1190185546875
Dymarska2025_associations,11,144,9.6875
Dymarska2025_associations,11,145,3.671875
Dymarska2025_associations,11,146,5.33984375
Dymarska2025_associations,11,147,6.375
Dymarska2025_associations,11,148,1.265625
Dymarska2025_associations,11,149,6.283203125
Dymarska2025_associations,12,0,14.515625
Dymarska2025_associations,12,1,14.319580078125
Dymarska2025_associations,12,2,6.0
Dymarska2025_associations,12,3,6.88671875
Dymarska2025_associations,12,4,3.76171875
Dymarska2025_associations,12,5,6.10546875
Dymarska2025_associations,12,6,5.828125
Dymarska2025_associations,12,7,7.0400390625
Dymarska2025_associations,12,8,9.0546875
Dymarska2025_associations,12,9,15.62353515625
Dymarska2025_associations,12,10,4.2578125
Dymarska2025_associations,12,11,5.49609375
Dymarska2025_associations,12,12,3.5546875
Dymarska2025_associations,12,13,12.125
Dymarska2025_associations,12,14,10.078094482421875
Dymarska2025_associations,12,15,9.90625
Dymarska2025_associations,12,16,7.125
Dymarska2025_associations,12,17,10.59375
Dymarska2025_associations,12,18,6.6875
Dymarska2025_associations,12,19,8.25
Dymarska2025_associations,12,20,10.453125
Dymarska2025_associations,12,21,4.4364013671875
Dymarska2025_associations,12,22,4.234375
Dymarska2025_associations,12,23,9.875
Dymarska2025_associations,12,24,3.92138671875
Dymarska2025_associations,12,25,5.25634765625
Dymarska2025_associations,12,26,7.75
Dymarska2025_associations,12,27,8.9296875
Dymarska2025_associations,12,28,11.335693359375
Dymarska2025_associations,12,29,7.630859375
Dymarska2025_associations,12,30,9.484375
Dymarska2025_associations,12,31,3.728515625
Dymarska2025_associations,12,32,5.78125
Dymarska2025_associations,12,33,14.99951171875
Dymarska2025_associations,12,34,12.39453125
Dymarska2025_associations,12,35,19.103515625
Dymarska2025_associations,12,36,12.046875
Dymarska2025_associations,12,37,8.84375
Dymarska2025_associations,12,38,10.046875
Dymarska2025_associations,12,39,6.21875
Dymarska2025_associations,12,40,1.148193359375
Dymarska2025_associations,12,41,8.060546875
Dymarska2025_associations,12,42,3.5155029296875
Dymarska2025_associations,12,43,5.1875
Dymarska2025_associations,12,44,4.38671875
Dymarska2025_associations,12,45,10.375
Dymarska2025_associations,12,46,6.248046875
Dymarska2025_associations,12,47,5.625
Dymarska2025_associations,12,48,4.28125
Dymarska2025_associations,12,49,6.65625
Dymarska2025_associations,12,50,4.3251953125
Dymarska2025_associations,12,51,4.35540771484375
Dymarska2025_associations,12,52,4.0673828125
Dymarska2025_associations,12,53,3.28955078125
Dymarska2025_associations,12,54,4.7158203125
Dymarska2025_associations,12,55,4.02734375
Dymarska2025_associations,12,56,4.2958984375
Dymarska2025_associations,12,57,6.75
Dymarska2025_associations,12,58,8.2176513671875
Dymarska2025_associations,12,59,5.0458984375
Dymarska2025_associations,12,60,3.7236328125
Dymarska2025_associations,12,61,1.249969482421875
Dymarska2025_associations,12,62,0.849609375
Dymarska2025_associations,12,63,5.046875
Dymarska2025_associations,12,64,4.757080078125
Dymarska2025_associations,12,65,6.25927734375
Dymarska2025_associations,12,66,6.125
Dymarska2025_associations,12,67,2.210205078125
Dymarska2025_associations,12,68,2.570281982421875
Dymarska2025_associations,12,69,3.59375
Dymarska2025_associations,12,70,5.8125
Dymarska2025_associations,12,71,3.9822998046875
Dymarska2025_associations,12,72,5.476531982421875
Dymarska2025_associations,12,73,2.6865234375
Dymarska2025_associations,12,74,3.9765625
Dymarska2025_associations,12,75,2.5625
Dymarska2025_associations,12,76,3.91015625
Dymarska2025_associations,12,77,2.5576171875
Dymarska2025_associations,12,78,8.65625
Dymarska2025_associations,12,79,6.166015625
Dymarska2025_associations,12,80,6.57421875
Dymarska2025_associations,12,81,12.5625
Dymarska2025_associations,12,82,10.709930419921875
Dymarska2025_associations,12,83,6.845703125
Dymarska2025_associations,12,84,8.75
Dymarska2025_associations,12,85,4.265625
Dymarska2025_associations,12,86,6.859375
Dymarska2025_associations,12,87,6.46484375
Dymarska2025_associations,12,88,1.2265625
Dymarska2025_associations,12,89,5.36328125
Dymarska2025_associations,12,90,6.077880859375
Dymarska2025_associations,12,91,1.234375
Dymarska2025_associations,12,92,4.804656982421875
Dymarska2025_associations,12,93,7.962371826171875
Dymarska2025_associations,12,94,5.487548828125
Dymarska2025_associations,12,95,9.40625
Dymarska2025_associations,12,96,6.78125
Dymarska2025_associations,12,97,6.390625
Dymarska2025_associations,12,98,4.521484375
Dymarska2025_associations,12,99,9.101531982421875
Dymarska2025_associations,12,100,3.99609375
Dymarska2025_associations,12,101,9.5625
Dymarska2025_associations,12,102,3.02734375
Dymarska2025_associations,12,103,9.1875
Dymarska2025_associations,12,104,7.515625
Dymarska2025_associations,12,105,11.734375
Dymarska2025_associations,12,106,9.36474609375
Dymarska2025_associations,12,107,7.45703125
Dymarska2025_associations,12,108,2.6083984375
Dymarska2025_associations,12,109,3.018035888671875
Dymarska2025_associations,12,110,6.0732421875
Dymarska2025_associations,12,111,2.710906982421875
Dymarska2025_associations,12,112,6.26171875
Dymarska2025_associations,12,113,9.95849609375
Dymarska2025_associations,12,114,4.0078125
Dymarska2025_associations,12,115,6.65576171875
Dymarska2025_associations,12,116,3.51171875
Dymarska2025_associations,12,117,4.3671875
Dymarska2025_associations,12,118,8.570281982421875
Dymarska2025_associations,12,119,6.26708984375
Dymarska2025_associations,12,120,9.125
Dymarska2025_associations,12,121,8.98828125
Dymarska2025_associations,12,122,5.75
Dymarska2025_associations,12,123,3.13671875
Dymarska2025_associations,12,124,4.093505859375
Dymarska2025_associations,12,125,4.15625
Dymarska2025_associations,12,126,6.564453125
Dymarska2025_associations,12,127,6.529296875
Dymarska2025_associations,12,128,5.80078125
Dymarska2025_associations,12,129,4.5703125
Dymarska2025_associations,12,130,5.119140625
Dymarska2025_associations,12,131,12.1484375
Dymarska2025_associations,12,132,8.122039794921875
Dymarska2025_associations,12,133,6.25390625
Dymarska2025_associations,12,134,8.4375
Dymarska2025_associations,12,135,6.39404296875
Dymarska2025_associations,12,136,4.9384765625
Dymarska2025_associations,12,137,7.03125
Dymarska2025_associations,12,138,7.1171875
Dymarska2025_associations,12,139,6.4375
Dymarska2025_associations,12,140,2.710906982421875
Dymarska2025_associations,12,141,3.3515625
Dymarska2025_associations,12,142,8.062255859375
Dymarska2025_associations,12,143,6.975830078125
Dymarska2025_associations,12,144,3.80712890625
Dymarska2025_associations,12,145,6.0625
Dymarska2025_associations,12,146,4.625
Dymarska2025_associations,12,147,9.9375
Dymarska2025_associations,12,148,6.7333984375
Dymarska2025_associations,12,149,5.953125
Dymarska2025_associations,12,150,3.03125
Dymarska2025_associations,12,151,4.6259765625
Dymarska2025_associations,12,152,8.482421875
Dymarska2025_associations,12,153,3.8125
Dymarska2025_associations,12,154,8.26171875
Dymarska2025_associations,12,155,8.337890625
Dymarska2025_associations,12,156,8.2967529296875
Dymarska2025_associations,12,157,5.96484375
Dymarska2025_associations,12,158,5.257781982421875
Dymarska2025_associations,12,159,9.20306396484375
Dymarska2025_associations,12,160,2.52734375
Dymarska2025_associations,12,161,16.3319091796875
Dymarska2025_associations,12,162,5.875
Dymarska2025_associations,12,163,4.990203857421875
Dymarska2025_associations,12,164,7.4765625
Dymarska2025_associations,12,165,1.72607421875
Dymarska2025_associations,12,166,6.0625
Dymarska2025_associations,12,167,3.99609375
Dymarska2025_associations,12,168,4.5155029296875
Dymarska2025_associations,12,169,8.203125
Dymarska2025_associations,12,170,7.125
Dymarska2025_associations,12,171,3.0859375
Dymarska2025_associations,12,172,6.625
Dymarska2025_associations,12,173,9.0
Dymarska2025_associations,12,174,8.0146484375
Dymarska2025_associations,12,175,4.390625
Dymarska2025_associations,12,176,4.59765625
Dymarska2025_associations,12,177,7.8125
Dymarska2025_associations,12,178,5.828125
Dymarska2025_associations,12,179,9.78125
Dymarska2025_associations,13,0,11.75
Dymarska2025_associations,13,1,9.46142578125
Dymarska2025_associations,13,2,11.46875
Dymarska2025_associations,13,3,5.42431640625
Dymarska2025_associations,13,4,9.421600341796875
Dymarska2025_associations,13,5,11.0
Dymarska2025_associations,13,6,6.96875
Dymarska2025_associations,13,7,7.5625
Dymarska2025_associations,13,8,7.875
Dymarska2025_associations,13,9,7.3828125
Dymarska2025_associations,13,10,8.265625
Dymarska2025_associations,13,11,6.09375
Dymarska2025_associations,13,12,5.83203125
Dymarska2025_associations,13,13,6.779296875
Dymarska2025_associations,13,14,5.67822265625
Dymarska2025_associations,13,15,7.828125
Dymarska2025_associations,13,16,9.09130859375
Dymarska2025_associations,13,17,5.609375
Dymarska2025_associations,13,18,3.828125
Dymarska2025_associations,13,19,3.11376953125
Dymarska2025_associations,13,20,2.703125
Dymarska2025_associations,13,21,1.7265625
Dymarska2025_associations,13,22,7.560546875
Dymarska2025_associations,13,23,7.835693359375
Dymarska2025_associations,13,24,5.03125
Dymarska2025_associations,13,25,2.8125
Dymarska2025_associations,13,26,4.28125
Dymarska2025_associations,13,27,5.658203125
Dymarska2025_associations,13,28,7.900390625
Dymarska2025_associations,13,29,5.27197265625
Dymarska2025_associations,13,30,5.7919921875
Dymarska2025_associations,13,31,10.283172607421875
Dymarska2025_associations,13,32,4.5
Dymarska2025_associations,13,33,7.632781982421875
Dymarska2025_associations,13,34,8.5
Dymarska2025_associations,13,35,5.953125
Dymarska2025_associations,13,36,2.9140625
Dymarska2025_associations,13,37,8.5390625
Dymarska2025_associations,13,38,8.625
Dymarska2025_associations,13,39,9.11328125
Dymarska2025_associations,13,40,0.624969482421875
Dymarska2025_associations,13,41,8.070281982421875
Dymarska2025_associations,13,42,4.0859375
Dymarska2025_associations,13,43,8.21875
Dymarska2025_associations,13,44,5.873046875
Dymarska2025_associations,13,45,5.09765625
Dymarska2025_associations,13,46,2.1717529296875
Dymarska2025_associations,13,47,3.53125
Dymarska2025_associations,13,48,4.7635498046875
Dymarska2025_associations,13,49,6.804443359375
Dymarska2025_associations,13,50,2.046875
Dymarska2025_associations,13,51,5.830078125
Dymarska2025_associations,13,52,4.77734375
Dymarska2025_associations,13,53,7.34375
Dymarska2025_associations,13,54,5.4853515625
Dymarska2025_associations,13,55,4.77734375
Dymarska2025_associations,13,56,7.96875
Dymarska2025_associations,13,57,5.763671875
Dymarska2025_associations,13,58,6.0078125
Dymarska2025_associations,13,59,5.6484375
Dymarska2025_associations,13,60,1.265594482421875
Dymarska2025_associations,13,61,2.113250732421875
Dymarska2025_associations,13,62,2.4375
Dymarska2025_associations,13,63,2.9443359375
Dymarska2025_associations,13,64,2.8466796875
Dymarska2025_associations,13,65,10.359344482421875
Dymarska2025_associations,13,66,4.585693359375
Dymarska2025_associations,13,67,6.3037109375
Dymarska2025_associations,13,68,4.6181640625
Dymarska2025_associations,13,69,5.65478515625
Dymarska2025_associations,13,70,3.7138671875
Dymarska2025_associations,13,71,1.42181396484375
Dymarska2025_associations,13,72,1.40576171875
Dymarska2025_associations,13,73,6.40625
Dymarska2025_associations,13,74,7.5224609375
Dymarska2025_associations,13,75,3.23974609375
Dymarska2025_associations,13,76,2.94384765625
Dymarska2025_associations,13,77,6.65625
Dymarska2025_associations,13,78,2.523406982421875
Dymarska2025_associations,13,79,7.288543701171875
Dymarska2025_associations,13,80,3.3125
Dymarska2025_associations,13,81,7.1142578125
Dymarska2025_associations,13,82,5.25
Dymarska2025_associations,13,83,0.65234375
Dymarska2025_associations,13,84,3.515625
Dymarska2025_associations,13,85,3.133544921875
Dymarska2025_associations,13,86,3.0538330078125
Dymarska2025_associations,13,87,2.398193359375
Dymarska2025_associations,13,88,6.296875
Dymarska2025_associations,13,89,2.609375
Dymarska2025_associations,13,90,9.3416748046875
Dymarska2025_associations,13,91,3.33447265625
Dymarska2025_associations,13,92,4.531005859375
Dymarska2025_associations,13,93,5.8125
Dymarska2025_associations,13,94,19.849609375
Dymarska2025_associations,13,95,8.78125
Dymarska2025_associations,13,96,8.577117919921875
Dymarska2025_associations,13,97,6.632781982421875
Dymarska2025_associations,13,98,6.0625
Dymarska2025_associations,13,99,10.2333984375
Dymarska2025_associations,13,100,1.3359375
Dymarska2025_associations,13,101,7.65625
Dymarska2025_associations,13,102,11.03125
Dymarska2025_associations,13,103,9.976043701171875
Dymarska2025_associations,13,104,4.28076171875
Dymarska2025_associations,13,105,6.46875
Dymarska2025_associations,13,106,5.218719482421875
Dymarska2025_associations,13,107,12.65625
Dymarska2025_associations,13,108,8.501953125
Dymarska2025_associations,13,109,6.078125
Dymarska2025_associations,13,110,8.299285888671875
Dymarska2025_associations,13,111,4.115234375
Dymarska2025_associations,13,112,9.60546875
Dymarska2025_associations,13,113,5.3125
Dymarska2025_associations,13,114,5.651611328125
Dymarska2025_associations,13,115,5.02734375
Dymarska2025_associations,13,116,1.6484375
Dymarska2025_associations,13,117,6.5
Dymarska2025_associations,13,118,5.65234375
Dymarska2025_associations,13,119,5.763671875
Dymarska2025_associations,13,120,9.6669921875
Dymarska2025_associations,13,121,4.375
Dymarska2025_associations,13,122,8.19140625
Dymarska2025_associations,13,123,11.75
Dymarska2025_associations,13,124,4.999755859375
Dymarska2025_associations,13,125,3.248046875
Dymarska2025_associations,13,126,7.0
Dymarska2025_associations,13,127,12.6746826171875
Dymarska2025_associations,13,128,3.66943359375
Dymarska2025_associations,13,129,5.78125
Dymarska2025_associations,13,130,7.90625
Dymarska2025_associations,13,131,6.60107421875
Dymarska2025_associations,13,132,8.90625
Dymarska2025_associations,13,133,4.03076171875
Dymarska2025_associations,13,134,5.078125
Dymarska2025_associations,13,135,7.9619140625
Dymarska2025_associations,13,136,4.9686279296875
Dymarska2025_associations,13,137,4.07373046875
Dymarska2025_associations,13,138,7.1875
Dymarska2025_associations,13,139,6.3125
Dymarska2025_associations,13,140,2.75
Dymarska2025_associations,13,141,4.75
Dymarska2025_associations,13,142,3.25
Dymarska2025_associations,13,143,5.4375
Dymarska2025_associations,13,144,4.83984375
Dymarska2025_associations,13,145,6.28125
Dymarska2025_associations,13,146,5.085693359375
Dymarska2025_associations,13,147,5.95703125
Dymarska2025_associations,13,148,5.1572265625
Dymarska2025_associations,13,149,3.9295654296875
Dymarska2025_associations,13,150,11.546875
Dymarska2025_associations,13,151,5.8779296875
Dymarska2025_associations,13,152,6.96875
Dymarska2025_associations,13,153,9.48828125
Dymarska2025_associations,13,154,7.5126953125
Dymarska2025_associations,13,155,5.5703125
Dymarska2025_associations,13,156,5.1298828125
Dymarska2025_associations,13,157,9.2615966796875
Dymarska2025_associations,13,158,1.782684326171875
Dymarska2025_associations,13,159,10.046875
Dymarska2025_associations,13,160,4.75
Dymarska2025_associations,13,161,6.1484375
Dymarska2025_associations,13,162,3.63671875
Dymarska2025_associations,13,163,3.2772216796875
Dymarska2025_associations,13,164,5.351531982421875
Dymarska2025_associations,13,165,3.3603515625
Dymarska2025_associations,13,166,3.96875
Dymarska2025_associations,13,167,1.5625
Dymarska2025_associations,13,168,9.4375
Dymarska2025_associations,13,169,5.1640625
Dymarska2025_associations,13,170,5.421875
Dymarska2025_associations,13,171,3.921875
Dymarska2025_associations,13,172,3.6884765625
Dymarska2025_associations,13,173,7.3125
Dymarska2025_associations,13,174,9.2294921875
Dymarska2025_associations,13,175,9.65625
Dymarska2025_associations,13,176,9.9375
Dymarska2025_associations,13,177,3.25
Dymarska2025_associations,13,178,5.80859375
Dymarska2025_associations,13,179,7.1875
Dymarska2025_associations,13,180,3.09375
Dymarska2025_associations,13,181,5.5
Dymarska2025_associations,13,182,3.7655029296875
Dymarska2025_associations,13,183,1.8515625
Dymarska2025_associations,13,184,7.3740234375
Dymarska2025_associations,13,185,9.8203125
Dymarska2025_associations,13,186,9.421875
Dymarska2025_associations,13,187,1.50244140625
Dymarska2025_associations,13,188,3.681640625
Dymarska2025_associations,13,189,6.0625
Dymarska2025_associations,13,190,4.11572265625
Dymarska2025_associations,13,191,10.99267578125
Dymarska2025_associations,13,192,7.83642578125
Dymarska2025_associations,13,193,6.61767578125
Dymarska2025_associations,13,194,2.7373046875
Dymarska2025_associations,13,195,7.61328125
Dymarska2025_associations,13,196,6.921875
Dymarska2025_associations,13,197,10.14501953125
Dymarska2025_associations,13,198,5.671875
Dymarska2025_associations,13,199,11.875
Dymarska2025_associations,14,0,8.828125
Dymarska2025_associations,14,1,10.16015625
Dymarska2025_associations,14,2,7.125
Dymarska2025_associations,14,3,7.1875
Dymarska2025_associations,14,4,7.67626953125
Dymarska2025_associations,14,5,5.30322265625
Dymarska2025_associations,14,6,7.146484375
Dymarska2025_associations,14,7,5.71875
Dymarska2025_associations,14,8,8.75732421875
Dymarska2025_associations,14,9,3.636474609375
Dymarska2025_associations,14,10,4.96875
Dymarska2025_associations,14,11,5.3828125
Dymarska2025_associations,14,12,5.24267578125
Dymarska2025_associations,14,13,8.875
Dymarska2025_associations,14,14,12.241943359375
Dymarska2025_associations,14,15,2.46875
Dymarska2025_associations,14,16,6.4921875
Dymarska2025_associations,14,17,5.9638671875
Dymarska2025_associations,14,18,6.34375
Dymarska2025_associations,14,19,5.40625
Dymarska2025_associations,14,20,7.3603515625
Dymarska2025_associations,14,21,7.5625
Dymarska2025_associations,14,22,4.8173828125
Dymarska2025_associations,14,23,7.5751953125
Dymarska2025_associations,14,24,8.46875
Dymarska2025_associations,14,25,9.070281982421875
Dymarska2025_associations,14,26,19.078125
Dymarska2025_associations,14,27,6.0625
Dymarska2025_associations,14,28,8.968719482421875
Dymarska2025_associations,14,29,10.69775390625
Dymarska2025_associations,14,30,6.811492919921875
Dymarska2025_associations,14,31,12.5
Dymarska2025_associations,14,32,11.4375
Dymarska2025_associations,14,33,9.911956787109375
Dymarska2025_associations,14,34,9.507080078125
Dymarska2025_associations,14,35,19.6951904296875
Dymarska2025_associations,14,36,8.234375
Dymarska2025_associations,14,37,4.8125
Dymarska2025_associations,14,38,7.452392578125
Dymarska2025_associations,14,39,6.875
Dymarska2025_associations,14,40,5.19140625
Dymarska2025_associations,14,41,6.107421875
Dymarska2025_associations,14,42,4.32275390625
Dymarska2025_associations,14,43,4.75
Dymarska2025_associations,14,44,5.4453125
Dymarska2025_associations,14,45,4.375
Dymarska2025_associations,14,46,6.5625
Dymarska2025_associations,14,47,5.66357421875
Dymarska2025_associations,14,48,8.71337890625
Dymarska2025_associations,14,49,13.2890625
Dymarska2025_associations,14,50,6.6953125
Dymarska2025_associations,14,51,6.453125
Dymarska2025_associations,14,52,12.1600341796875
Dymarska2025_associations,14,53,6.1796875
Dymarska2025_associations,14,54,10.0625
Dymarska2025_associations,14,55,7.998046875
Dymarska2025_associations,14,56,6.419677734375
Dymarska2025_associations,14,57,6.044677734375
Dymarska2025_associations,14,58,8.639617919921875
Dymarska2025_associations,14,59,3.87890625
Dymarska2025_associations,14,60,11.164031982421875
Dymarska2025_associations,14,61,5.33203125
Dymarska2025_associations,14,62,3.08203125
Dymarska2025_associations,14,63,8.28125
Dymarska2025_associations,14,64,4.3515625
Dymarska2025_associations,14,65,3.5390625
Dymarska2025_associations,14,66,8.4375
Dymarska2025_associations,14,67,12.109375
Dymarska2025_associations,14,68,7.8125
Dymarska2025_associations,14,69,3.25
Dymarska2025_associations,14,70,9.03515625
Dymarska2025_associations,14,71,8.625
Dymarska2025_associations,14,72,8.69189453125
Dymarska2025_associations,14,73,7.921875
Dymarska2025_associations,14,74,9.03125
Dymarska2025_associations,14,75,7.3017578125
Dymarska2025_associations,14,76,7.3203125
Dymarska2025_associations,14,77,6.3818359375
Dymarska2025_associations,14,78,6.86962890625
Dymarska2025_associations,14,79,5.1396484375
Dymarska2025_associations,14,80,7.40625
Dymarska2025_associations,14,81,5.5078125
Dymarska2025_associations,14,82,5.8125
Dymarska2025_associations,14,83,5.515625
Dymarska2025_associations,14,84,5.3828125
Dymarska2025_associations,14,85,6.109375
Dymarska2025_associations,14,86,6.3671875
Dymarska2025_associations,14,87,2.88671875
Dymarska2025_associations,14,88,2.65234375
Dymarska2025_associations,14,89,5.2294921875
Dymarska2025_associations,14,90,18.03125
Dymarska2025_associations,14,91,6.8125
Dymarska2025_associations,14,92,5.1180419921875
Dymarska2025_associations,14,93,6.507080078125
Dymarska2025_associations,14,94,5.515625
Dymarska2025_associations,14,95,4.210693359375
Dymarska2025_associations,14,96,4.8125
Dymarska2025_associations,14,97,7.5
Dymarska2025_associations,14,98,5.1474609375
Dymarska2025_associations,14,99,6.656219482421875
Dymarska2025_associations,14,100,9.116943359375
Dymarska2025_associations,14,101,5.1728515625
Dymarska2025_associations,14,102,7.22021484375
Dymarska2025_associations,14,103,6.308349609375
Dymarska2025_associations,14,104,10.06640625
Dymarska2025_associations,14,105,2.966796875
Dymarska2025_associations,14,106,6.6015625
Dymarska2025_associations,14,107,6.9375
Dymarska2025_associations,14,108,5.62890625
Dymarska2025_associations,14,109,6.177703857421875
Dymarska2025_associations,14,110,6.08203125
Dymarska2025_associations,14,111,7.390625
Dymarska2025_associations,14,112,6.73583984375
Dymarska2025_associations,14,113,5.5625
Dymarska2025_associations,14,114,3.1875
Dymarska2025_associations,14,115,3.8876953125
Dymarska2025_associations,14,116,6.703125
Dymarska2025_associations,14,117,15.3125
Dymarska2025_associations,14,118,7.8280029296875
Dymarska2025_associations,14,119,8.34765625
Dymarska2025_associations,14,120,3.20458984375
Dymarska2025_associations,14,121,5.864501953125
Dymarska2025_associations,14,122,6.183563232421875
Dymarska2025_associations,14,123,6.078125
Dymarska2025_associations,14,124,7.9375
Dymarska2025_associations,14,125,4.070281982421875
Dymarska2025_associations,14,126,5.287841796875
Dymarska2025_associations,14,127,5.850341796875
Dymarska2025_associations,14,128,4.96875
Dymarska2025_associations,14,129,1.9375
Dymarska2025_associations,14,130,7.65618896484375
Dymarska2025_associations,14,131,5.28515625
Dymarska2025_associations,14,132,3.46875
Dymarska2025_associations,14,133,4.328125
Dymarska2025_associations,14,134,6.139892578125
Dymarska2025_associations,14,135,7.50775146484375
Dymarska2025_associations,14,136,4.4217529296875
Dymarska2025_associations,14,137,2.69384765625
Dymarska2025_associations,14,138,9.866668701171875
Dymarska2025_associations,14,139,10.990203857421875
Dymarska2025_associations,14,140,3.091033935546875
Dymarska2025_associations,14,141,6.3125
Dymarska2025_associations,14,142,10.609375
Dymarska2025_associations,14,143,5.526611328125
Dymarska2025_associations,14,144,5.23486328125
Dymarska2025_associations,14,145,7.148193359375
Dymarska2025_associations,14,146,3.566375732421875
Dymarska2025_associations,14,147,12.9521484375
Dymarska2025_associations,14,148,5.5234375
Dymarska2025_associations,14,149,9.1834716796875
Dymarska2025_associations,14,150,9.14892578125
Dymarska2025_associations,14,151,13.0576171875
Dymarska2025_associations,14,152,2.50537109375
Dymarska2025_associations,14,153,2.648406982421875
Dymarska2025_associations,14,154,12.77099609375
Dymarska2025_associations,14,155,4.2646484375
Dymarska2025_associations,14,156,8.09375
Dymarska2025_associations,14,157,6.125
Dymarska2025_associations,14,158,3.32373046875
Dymarska2025_associations,14,159,6.67919921875
Dymarska2025_associations,14,160,4.96875
Dymarska2025_associations,14,161,7.350830078125
Dymarska2025_associations,14,162,7.1875
Dymarska2025_associations,14,163,16.09375
Dymarska2025_associations,14,164,5.503875732421875
Dymarska2025_associations,14,165,5.575164794921875
Dymarska2025_associations,14,166,6.5
Dymarska2025_associations,14,167,6.92578125
Dymarska2025_associations,14,168,6.06640625
Dymarska2025_associations,14,169,11.765625
Dymarska2025_associations,14,170,5.515625
Dymarska2025_associations,14,171,9.46875
Dymarska2025_associations,14,172,12.734375
Dymarska2025_associations,14,173,1.53076171875
Dymarska2025_associations,14,174,5.734375
Dymarska2025_associations,14,175,7.835906982421875
Dymarska2025_associations,14,176,7.62890625
Dymarska2025_associations,14,177,6.669921875
Dymarska2025_associations,14,178,7.203125
Dymarska2025_associations,14,179,3.6229248046875
Dymarska2025_associations,14,180,5.0
Dymarska2025_associations,14,181,6.0625
Dymarska2025_associations,14,182,8.1875
Dymarska2025_associations,14,183,10.21875
Dymarska2025_associations,14,184,12.15625
Dymarska2025_associations,14,185,6.1346435546875
Dymarska2025_associations,14,186,6.64453125
Dymarska2025_associations,14,187,7.84368896484375
Dymarska2025_associations,14,188,6.1103515625
Dymarska2025_associations,14,189,7.5
Dymarska2025_associations,14,190,6.12109375
Dymarska2025_associations,14,191,10.5
Dymarska2025_associations,15,0,12.572265625
Dymarska2025_associations,15,1,6.625
Dymarska2025_associations,15,2,8.4296875
Dymarska2025_associations,15,3,7.59375
Dymarska2025_associations,15,4,9.203125
Dymarska2025_associations,15,5,5.3515625
Dymarska2025_associations,15,6,10.95703125
Dymarska2025_associations,15,7,7.4140625
Dymarska2025_associations,15,8,6.412841796875
Dymarska2025_associations,15,9,7.412109375
Dymarska2025_associations,15,10,8.734375
Dymarska2025_associations,15,11,7.09765625
Dymarska2025_associations,15,12,5.85546875
Dymarska2025_associations,15,13,4.5625
Dymarska2025_associations,15,14,2.859375
Dymarska2025_associations,15,15,9.90625
Dymarska2025_associations,15,16,3.48046875
Dymarska2025_associations,15,17,4.59375
Dymarska2025_associations,15,18,8.7030029296875
Dymarska2025_associations,15,19,12.875
Dymarska2025_associations,15,20,9.7030029296875
Dymarska2025_associations,15,21,5.765625
Dymarska2025_associations,15,22,9.6826171875
Dymarska2025_associations,15,23,7.533203125
Dymarska2025_associations,15,24,6.8056640625
Dymarska2025_associations,15,25,10.234375
Dymarska2025_associations,15,26,14.328125
Dymarska2025_associations,15,27,8.5078125
Dymarska2025_associations,15,28,6.8125
Dymarska2025_associations,15,29,14.6875
Dymarska2025_associations,15,30,7.78125
Dymarska2025_associations,15,31,6.12109375
Dymarska2025_associations,15,32,0.902099609375
Dymarska2025_associations,15,33,6.3291015625
Dymarska2025_associations,15,34,4.66015625
Dymarska2025_associations,15,35,6.96875
Dymarska2025_associations,15,36,8.46875
Dymarska2025_associations,15,37,5.0
Dymarska2025_associations,15,38,3.570068359375
Dymarska2025_associations,15,39,6.80517578125
Dymarska2025_associations,15,40,15.452880859375
Dymarska2025_associations,15,41,6.765625
Dymarska2025_associations,15,42,7.4375
Dymarska2025_associations,15,43,8.3125
Dymarska2025_associations,15,44,11.991943359375
Dymarska2025_associations,15,45,6.481903076171875
Dymarska2025_associations,15,46,6.164031982421875
Dymarska2025_associations,15,47,10.25
Dymarska2025_associations,15,48,8.27734375
Dymarska2025_associations,15,49,6.25
Dymarska2025_associations,15,50,5.8319091796875
Dymarska2025_associations,15,51,5.976531982421875
Dymarska2025_associations,15,52,2.6717529296875
Dymarska2025_associations,15,53,4.578125
Dymarska2025_associations,15,54,2.413330078125
Dymarska2025_associations,15,55,4.5155029296875
Dymarska2025_associations,15,56,2.414031982421875
Dymarska2025_associations,15,57,2.9365234375
Dymarska2025_associations,15,58,12.21875
Dymarska2025_associations,15,59,8.171875
Dymarska2025_associations,15,60,5.296875
Dymarska2025_associations,15,61,0.46142578125
Dymarska2025_associations,15,62,6.98046875
Dymarska2025_associations,15,63,5.859375
Dymarska2025_associations,15,64,6.09375
Dymarska2025_associations,15,65,5.40625
Dymarska2025_associations,15,66,7.046875
Dymarska2025_associations,15,67,3.05029296875
Dymarska2025_associations,15,68,2.77734375
Dymarska2025_associations,15,69,4.619873046875
Dymarska2025_associations,15,70,3.9140625
Dymarska2025_associations,15,71,3.3125
Dymarska2025_associations,15,72,4.0625
Dymarska2025_associations,15,73,1.8125
Dymarska2025_associations,15,74,2.976318359375
Dymarska2025_associations,15,75,4.6243896484375
Dymarska2025_associations,15,76,13.5
Dymarska2025_associations,15,77,2.859375
Dymarska2025_associations,15,78,7.05078125
Dymarska2025_associations,15,79,7.859375
Dymarska2025_associations,15,80,10.72265625
Dymarska2025_associations,15,81,4.607421875
Dymarska2025_associations,15,82,3.890625
Dymarska2025_associations,15,83,5.663330078125
Dymarska2025_associations,15,84,3.22314453125
Dymarska2025_associations,15,85,3.4281005859375
Dymarska2025_associations,15,86,10.77734375
Dymarska2025_associations,15,87,5.273193359375
Dymarska2025_associations,15,88,8.6875
Dymarska2025_associations,15,89,7.87109375
Dymarska2025_associations,15,90,6.86328125
Dymarska2025_associations,15,91,6.275390625
Dymarska2025_associations,15,92,1.546875
Dymarska2025_associations,15,93,5.5703125
Dymarska2025_associations,15,94,3.796875
Dymarska2025_associations,15,95,9.289031982421875
Dymarska2025_associations,15,96,2.375
Dymarska2025_associations,15,97,6.03125
Dymarska2025_associations,15,98,4.67822265625
Dymarska2025_associations,15,99,9.640380859375
Dymarska2025_associations,15,100,5.2294921875
Dymarska2025_associations,15,101,8.95849609375
Dymarska2025_associations,15,102,14.828125
Dymarska2025_associations,15,103,6.9189453125
Dymarska2025_associations,15,104,2.9267578125
Dymarska2025_associations,15,105,8.65185546875
Dymarska2025_associations,15,106,7.7177734375
Dymarska2025_associations,15,107,16.0625
Dymarska2025_associations,15,108,7.5126953125
Dymarska2025_associations,15,109,8.765625
Dymarska2025_associations,15,110,7.70361328125
Dymarska2025_associations,15,111,10.921875
Dymarska2025_associations,15,112,2.40576171875
Dymarska2025_associations,15,113,2.90234375
Dymarska2025_associations,15,114,5.765625
Dymarska2025_associations,15,115,4.15625
Dymarska2025_associations,15,116,3.4287109375
Dymarska2025_associations,15,117,13.01708984375
Dymarska2025_associations,15,118,4.935546875
Dymarska2025_associations,15,119,21.625
Dymarska2025_associations,15,120,10.779296875
Dymarska2025_associations,15,121,4.0
Dymarska2025_associations,15,122,5.046875
Dymarska2025_associations,15,123,4.7890625
Dymarska2025_associations,15,124,4.875
Dymarska2025_associations,15,125,9.09375
Dymarska2025_associations,15,126,7.33203125
Dymarska2025_associations,15,127,5.20751953125
Dymarska2025_associations,15,128,7.8359375
Dymarska2025_associations,15,129,5.8828125
Dymarska2025_associations,15,130,7.416015625
Dymarska2025_associations,15,131,8.45263671875
Dymarska2025_associations,15,132,4.61328125
Dymarska2025_associations,15,133,7.3349609375
Dymarska2025_associations,15,134,7.9217529296875
Dymarska2025_associations,15,135,3.59375
Dymarska2025_associations,15,136,6.03125
Dymarska2025_associations,15,137,8.375
Dymarska2025_associations,15,138,8.560546875
Dymarska2025_associations,15,139,7.3828125
Dymarska2025_associations,15,140,9.28125
Dymarska2025_associations,15,141,7.87353515625
Dymarska2025_associations,15,142,5.4375
Dymarska2025_associations,15,143,7.0849609375
Dymarska2025_associations,15,144,8.125
Dymarska2025_associations,15,145,4.75
Dymarska2025_associations,15,146,2.130828857421875
Dymarska2025_associations,15,147,6.7041015625
Dymarska2025_associations,15,148,5.1396484375
Dymarska2025_associations,15,149,3.43896484375
Dymarska2025_associations,15,150,3.248046875
Dymarska2025_associations,15,151,8.4375
Dymarska2025_associations,15,152,5.65625
Dymarska2025_associations,15,153,5.9375
Dymarska2025_associations,15,154,9.9217529296875
Dymarska2025_associations,15,155,5.6796875
Dymarska2025_associations,15,156,8.1756591796875
Dymarska2025_associations,15,157,7.565765380859375
Dymarska2025_associations,15,158,3.6756591796875
Dymarska2025_associations,15,159,7.09375
Dymarska2025_associations,15,160,7.5625
Dymarska2025_associations,15,161,5.05859375
Dymarska2025_associations,15,162,4.15625
Dymarska2025_associations,15,163,1.32421875
Dymarska2025_associations,15,164,4.375
Dymarska2025_associations,15,165,5.75
Dymarska2025_associations,15,166,6.390625
Dymarska2025_associations,15,167,11.353515625
Dymarska2025_associations,15,168,9.299285888671875
Dymarska2025_associations,15,169,7.95751953125
Dymarska2025_associations,15,170,2.390625
Dymarska2025_associations,15,171,6.453125
Dymarska2025_associations,15,172,6.71875
Dymarska2025_associations,16,0,10.96875
Dymarska2025_associations,16,1,4.8359375
Dymarska2025_associations,16,2,6.1640625
Dymarska2025_associations,16,3,4.46875
Dymarska2025_associations,16,4,8.1953125
Dymarska2025_associations,16,5,9.69384765625
Dymarska2025_associations,16,6,5.99609375
Dymarska2025_associations,16,7,6.78125
Dymarska2025_associations,16,8,9.18017578125
Dymarska2025_associations,16,9,7.96484375
Dymarska2025_associations,16,10,4.03125
Dymarska2025_associations,16,11,5.708984375
Dymarska2025_associations,16,12,4.94140625
Dymarska2025_associations,16,13,10.296875
Dymarska2025_associations,16,14,4.78125
Dymarska2025_associations,16,15,6.38720703125
Dymarska2025_associations,16,16,7.4375
Dymarska2025_associations,16,17,9.1953125
Dymarska2025_associations,16,18,7.404296875
Dymarska2025_associations,16,19,8.91796875
Dymarska2025_associations,16,20,12.7265625
Dymarska2025_associations,16,21,9.31494140625
Dymarska2025_associations,16,22,5.34375
Dymarska2025_associations,16,23,7.3427734375
Dymarska2025_associations,16,24,5.671875
Dymarska2025_associations,16,25,3.23828125
Dymarska2025_associations,16,26,4.3125
Dymarska2025_associations,16,27,7.4375
Dymarska2025_associations,16,28,2.5625
Dymarska2025_associations,16,29,3.8408203125
Dymarska2025_associations,16,30,7.328125
Dymarska2025_associations,16,31,5.2265625
Dymarska2025_associations,16,32,8.173828125
Dymarska2025_associations,16,33,8.007781982421875
Dymarska2025_associations,16,34,6.8125
Dymarska2025_associations,16,35,2.9150390625
Dymarska2025_associations,16,36,6.45703125
Dymarska2025_associations,16,37,7.828125
Dymarska2025_associations,16,38,5.875
Dymarska2025_associations,16,39,12.5
Dymarska2025_associations,16,40,4.9609375
Dymarska2025_associations,16,41,2.62109375
Dymarska2025_associations,16,42,7.14306640625
Dymarska2025_associations,16,43,6.87890625
Dymarska2025_associations,16,44,7.421875
Dymarska2025_associations,16,45,10.171875
Dymarska2025_associations,16,46,13.5
Dymarska2025_associations,16,47,4.9091796875
Dymarska2025_associations,16,48,5.982421875
Dymarska2025_associations,16,49,8.171875
Dymarska2025_associations,16,50,6.2978515625
Dymarska2025_associations,16,51,4.5625
Dymarska2025_associations,16,52,10.953125
Dymarska2025_associations,16,53,5.288330078125
Dymarska2025_associations,16,54,5.75390625
Dymarska2025_associations,16,55,7.73681640625
Dymarska2025_associations,16,56,6.25
Dymarska2025_associations,16,57,3.7060546875
Dymarska2025_associations,16,58,8.25
Dymarska2025_associations,16,59,8.109375
Dymarska2025_associations,16,60,10.503875732421875
Dymarska2025_associations,16,61,4.072265625
Dymarska2025_associations,16,62,3.84765625
Dymarska2025_associations,16,63,5.4296875
Dymarska2025_associations,16,64,6.296875
Dymarska2025_associations,16,65,6.898193359375
Dymarska2025_associations,16,66,3.81640625
Dymarska2025_associations,16,67,4.804443359375
Dymarska2025_associations,16,68,3.857421875
Dymarska2025_associations,16,69,5.625
Dymarska2025_associations,16,70,4.60888671875
Dymarska2025_associations,16,71,5.689453125
Dymarska2025_associations,16,72,5.79296875
Dymarska2025_associations,16,73,4.638671875
Dymarska2025_associations,16,74,5.0546875
Dymarska2025_associations,16,75,9.265625
Dymarska2025_associations,16,76,11.015625
Dymarska2025_associations,16,77,3.3349609375
Dymarska2025_associations,16,78,12.253662109375
Dymarska2025_associations,16,79,10.203125
Dymarska2025_associations,16,80,3.4296875
Dymarska2025_associations,16,81,4.216796875
Dymarska2025_associations,16,82,5.0078125
Dymarska2025_associations,16,83,7.5625
Dymarska2025_associations,16,84,4.328094482421875
Dymarska2025_associations,16,85,7.84375
Dymarska2025_associations,16,86,7.625
Dymarska2025_associations,16,87,7.0625
Dymarska2025_associations,16,88,11.96875
Dymarska2025_associations,16,89,5.585906982421875
Dymarska2025_associations,16,90,13.1875
Dymarska2025_associations,16,91,10.6875
Dymarska2025_associations,16,92,8.6875
Dymarska2025_associations,16,93,10.078125
Dymarska2025_associations,16,94,6.73583984375
Dymarska2025_associations,16,95,6.25
Dymarska2025_associations,16,96,3.67578125
Dymarska2025_associations,16,97,4.764892578125
Dymarska2025_associations,16,98,5.6796875
Dymarska2025_associations,16,99,5.462890625
Dymarska2025_associations,16,100,3.5760498046875
Dymarska2025_associations,16,101,8.2060546875
Dymarska2025_associations,16,102,7.248046875
Dymarska2025_associations,16,103,2.101531982421875
Dymarska2025_associations,16,104,2.4853515625
Dymarska2025_associations,16,105,6.033203125
Dymarska2025_associations,16,106,10.904296875
Dymarska2025_associations,16,107,10.3125
Dymarska2025_associations,16,108,8.8984375
Dymarska2025_associations,16,109,5.984375
Dymarska2025_associations,16,110,4.5595703125
Dymarska2025_associations,16,111,4.6953125
Dymarska2025_associations,16,112,8.5126953125
Dymarska2025_associations,16,113,7.28125
Dymarska2025_associations,16,114,9.4326171875
Dymarska2025_associations,16,115,8.123046875
Dymarska2025_associations,16,116,11.177703857421875
Dymarska2025_associations,16,117,5.25
Dymarska2025_associations,16,118,5.765625
Dymarska2025_associations,16,119,7.234130859375
Dymarska2025_associations,16,120,5.7841796875
Dymarska2025_associations,16,121,3.453125
Dymarska2025_associations,16,122,7.4970703125
Dymarska2025_associations,16,123,4.375
Dymarska2025_associations,16,124,5.6875
Dymarska2025_associations,16,125,4.761474609375
Dymarska2025_associations,16,126,9.0390625
Dymarska2025_associations,16,127,9.30517578125
Dymarska2025_associations,16,128,5.6396484375
Dymarska2025_associations,16,129,9.515625
Dymarska2025_associations,16,130,9.038330078125
Dymarska2025_associations,16,131,8.953125
Dymarska2025_associations,16,132,9.90625
Dymarska2025_associations,16,133,5.216796875
Dymarska2025_associations,16,134,6.373046875
Dymarska2025_associations,16,135,9.802215576171875
Dymarska2025_associations,16,136,4.9451904296875
Dymarska2025_associations,16,137,7.132781982421875
Dymarska2025_associations,16,138,4.69921875
Dymarska2025_associations,16,139,9.71875
Dymarska2025_associations,16,140,4.23828125
Dymarska2025_associations,16,141,7.92578125
Dymarska2025_associations,16,142,11.0625
Dymarska2025_associations,16,143,7.21875
Dymarska2025_associations,16,144,4.28759765625
Dymarska2025_associations,16,145,7.7490234375
Dymarska2025_associations,16,146,5.253662109375
Dymarska2025_associations,16,147,8.375
Dymarska2025_associations,16,148,7.08447265625
Dymarska2025_associations,16,149,4.546875
Dymarska2025_associations,16,150,8.00390625
Dymarska2025_associations,16,151,3.33203125
Dymarska2025_associations,16,152,5.046875
Dymarska2025_associations,16,153,3.88671875
Dymarska2025_associations,16,154,5.3984375
Dymarska2025_associations,16,155,7.84375
Dymarska2025_associations,16,156,3.5634765625
Dymarska2025_associations,16,157,4.453125
Dymarska2025_associations,16,158,7.3984375
Dymarska2025_associations,16,159,6.3670654296875
Dymarska2025_associations,16,160,6.51953125
Dymarska2025_associations,16,161,2.84765625
Dymarska2025_associations,16,162,5.13671875
Dymarska2025_associations,16,163,6.71142578125
Dymarska2025_associations,16,164,4.9091796875
Dymarska2025_associations,16,165,8.125
Dymarska2025_associations,16,166,3.998046875
Dymarska2025_associations,16,167,5.15625
Dymarska2025_associations,16,168,6.02099609375
Dymarska2025_associations,16,169,7.421875
Dymarska2025_associations,16,170,9.656005859375
Dymarska2025_associations,16,171,5.197265625
Dymarska2025_associations,16,172,11.125
Dymarska2025_associations,16,173,6.757080078125
Dymarska2025_associations,16,174,12.1875
Dymarska2025_associations,16,175,11.640625
Dymarska2025_associations,16,176,6.55517578125
Dymarska2025_associations,16,177,6.875
Dymarska2025_associations,16,178,2.36083984375
Dymarska2025_associations,16,179,5.1474609375
Dymarska2025_associations,16,180,5.4833984375
Dymarska2025_associations,16,181,9.265625
Dymarska2025_associations,16,182,3.2342529296875
Dymarska2025_associations,16,183,6.375
Dymarska2025_associations,16,184,4.37109375
Dymarska2025_associations,16,185,3.873046875
Dymarska2025_associations,16,186,6.656005859375
Dymarska2025_associations,16,187,6.13671875
Dymarska2025_associations,16,188,5.7216796875
Dymarska2025_associations,16,189,10.484375
Dymarska2025_associations,16,190,4.204345703125
Dymarska2025_associations,16,191,5.609375
Dymarska2025_associations,16,192,3.8125
Dymarska2025_associations,16,193,6.796875
Dymarska2025_associations,16,194,4.6875
Dymarska2025_associations,16,195,4.111328125
Dymarska2025_associations,16,196,6.5625
Dymarska2025_associations,17,0,4.6005859375
Dymarska2025_associations,17,1,8.421875
Dymarska2025_associations,17,2,5.1640625
Dymarska2025_associations,17,3,3.8583984375
Dymarska2025_associations,17,4,10.257781982421875
Dymarska2025_associations,17,5,5.134765625
Dymarska2025_associations,17,6,3.53125
Dymarska2025_associations,17,7,7.03125
Dymarska2025_associations,17,8,4.945281982421875
Dymarska2025_associations,17,9,4.5068359375
Dymarska2025_associations,17,10,4.59375
Dymarska2025_associations,17,11,3.31640625
Dymarska2025_associations,17,12,3.240234375
Dymarska2025_associations,17,13,3.70947265625
Dymarska2025_associations,17,14,6.4990234375
Dymarska2025_associations,17,15,6.90234375
Dymarska2025_associations,17,16,13.453125
Dymarska2025_associations,17,17,6.671875
Dymarska2025_associations,17,18,5.97265625
Dymarska2025_associations,17,19,1.3037109375
Dymarska2025_associations,17,20,10.5625
Dymarska2025_associations,17,21,5.953125
Dymarska2025_associations,17,22,10.257781982421875
Dymarska2025_associations,17,23,15.09375
Dymarska2025_associations,17,24,6.921875
Dymarska2025_associations,17,25,11.109375
Dymarska2025_associations,17,26,6.75
Dymarska2025_associations,17,27,6.060546875
Dymarska2025_associations,17,28,9.33984375
Dymarska2025_associations,17,29,9.034912109375
Dymarska2025_associations,17,30,6.34375
Dymarska2025_associations,17,31,5.6708984375
Dymarska2025_associations,17,32,4.11328125
Dymarska2025_associations,17,33,3.61767578125
Dymarska2025_associations,17,34,10.21875
Dymarska2025_associations,17,35,5.35302734375
Dymarska2025_associations,17,36,3.8984375
Dymarska2025_associations,17,37,8.83447265625
Dymarska2025_associations,17,38,9.02734375
Dymarska2025_associations,17,39,7.05078125
Dymarska2025_associations,17,40,3.91015625
Dymarska2025_associations,17,41,4.5
Dymarska2025_associations,17,42,9.5625
Dymarska2025_associations,17,43,7.3125
Dymarska2025_associations,17,44,10.875
Dymarska2025_associations,17,45,7.9453125
Dymarska2025_associations,17,46,4.5780029296875
Dymarska2025_associations,17,47,6.311767578125
Dymarska2025_associations,17,48,7.289031982421875
Dymarska2025_associations,17,49,5.00390625
Dymarska2025_associations,17,50,5.624969482421875
Dymarska2025_associations,17,51,3.5078125
Dymarska2025_associations,17,52,5.91796875
Dymarska2025_associations,17,53,8.7421875
Dymarska2025_associations,17,54,7.9375
Dymarska2025_associations,17,55,3.080047607421875
Dymarska2025_associations,17,56,4.5546875
Dymarska2025_associations,17,57,3.919921875
Dymarska2025_associations,17,58,5.312469482421875
Dymarska2025_associations,17,59,7.5
Dymarska2025_associations,17,60,5.4375
Dymarska2025_associations,17,61,14.609375
Dymarska2025_associations,17,62,10.03515625
Dymarska2025_associations,17,63,9.625
Dymarska2025_associations,17,64,7.609375
Dymarska2025_associations,17,65,5.4453125
Dymarska2025_associations,17,66,10.7001953125
Dymarska2025_associations,17,67,6.39453125
Dymarska2025_associations,17,68,9.40625
Dymarska2025_associations,17,69,10.328125
Dymarska2025_associations,17,70,6.84765625
Dymarska2025_associations,17,71,8.078125
Dymarska2025_associations,17,72,7.703125
Dymarska2025_associations,17,73,2.80712890625
Dymarska2025_associations,17,74,9.359375
Dymarska2025_associations,17,75,10.210906982421875
Dymarska2025_associations,17,76,7.0467529296875
Dymarska2025_associations,17,77,6.625
Dymarska2025_associations,17,78,12.671875
Dymarska2025_associations,17,79,9.0625
Dymarska2025_associations,17,80,5.085693359375
Dymarska2025_associations,17,81,2.697265625
Dymarska2025_associations,17,82,3.7578125
Dymarska2025_associations,17,83,9.945068359375
Dymarska2025_associations,17,84,7.2958984375
Dymarska2025_associations,17,85,6.952850341796875
Dymarska2025_associations,17,86,4.1875
Dymarska2025_associations,17,87,6.203125
Dymarska2025_associations,17,88,5.11572265625
Dymarska2025_associations,17,89,8.4609375
Dymarska2025_associations,17,90,10.4140625
Dymarska2025_associations,17,91,7.01513671875
Dymarska2025_associations,17,92,5.7734375
Dymarska2025_associations,17,93,7.78125
Dymarska2025_associations,17,94,6.1875
Dymarska2025_associations,17,95,4.078125
Dymarska2025_associations,17,96,5.984375
Dymarska2025_associations,17,97,10.28125
Dymarska2025_associations,17,98,8.884765625
Dymarska2025_associations,17,99,8.59375
Dymarska2025_associations,17,100,9.301513671875
Dymarska2025_associations,17,101,3.6953125
Dymarska2025_associations,17,102,3.460784912109375
Dymarska2025_associations,17,103,7.875
Dymarska2025_associations,17,104,7.625
Dymarska2025_associations,17,105,8.75
Dymarska2025_associations,17,106,2.78125
Dymarska2025_associations,17,107,5.6163330078125
Dymarska2025_associations,17,108,6.34326171875
Dymarska2025_associations,17,109,6.7568359375
Dymarska2025_associations,17,110,3.501953125
Dymarska2025_associations,17,111,10.40625
Dymarska2025_associations,17,112,7.98046875
Dymarska2025_associations,17,113,8.1875
Dymarska2025_associations,17,114,5.90625
Dymarska2025_associations,17,115,9.22265625
Dymarska2025_associations,17,116,5.2578125
Dymarska2025_associations,17,117,8.78125
Dymarska2025_associations,17,118,5.3515625
Dymarska2025_associations,17,119,5.0390625
Dymarska2025_associations,17,120,6.859375
Dymarska2025_associations,17,121,2.24609375
Dymarska2025_associations,17,122,3.322265625
Dymarska2025_associations,17,123,5.507781982421875
Dymarska2025_associations,17,124,6.09765625
Dymarska2025_associations,17,125,3.171875
Dymarska2025_associations,17,126,3.97265625
Dymarska2025_associations,17,127,16.359375
Dymarska2025_associations,17,128,4.093719482421875
Dymarska2025_associations,17,129,6.46875
Dymarska2025_associations,17,130,4.304443359375
Dymarska2025_associations,17,131,6.0546875
Dymarska2025_associations,17,132,9.9375
Dymarska2025_associations,17,133,7.765625
Dymarska2025_associations,17,134,12.216796875
Dymarska2025_associations,17,135,11.90625
Dymarska2025_associations,17,136,12.21875
Dymarska2025_associations,17,137,13.21875
Dymarska2025_associations,17,138,4.0625
Dymarska2025_associations,17,139,4.875
Dymarska2025_associations,17,140,1.5244140625
Dymarska2025_associations,17,141,3.67578125
Dymarska2025_associations,17,142,15.78125
Dymarska2025_associations,17,143,10.390625
Dymarska2025_associations,17,144,6.171875
Dymarska2025_associations,17,145,2.8828125
Dymarska2025_associations,17,146,3.6728515625
Dymarska2025_associations,17,147,8.109375
Dymarska2025_associations,17,148,5.515625
Dymarska2025_associations,17,149,5.34375
Dymarska2025_associations,17,150,8.345703125
Dymarska2025_associations,17,151,11.40625
Dymarska2025_associations,17,152,10.0
Dymarska2025_associations,17,153,7.2264404296875
Dymarska2025_associations,17,154,9.21875
Dymarska2025_associations,17,155,6.109375
Dymarska2025_associations,17,156,4.5390625
Dymarska2025_associations,17,157,5.078125
Dymarska2025_associations,17,158,8.15625
Dymarska2025_associations,17,159,4.5975341796875
Dymarska2025_associations,17,160,5.5625
Dymarska2025_associations,17,161,5.15625
Dymarska2025_associations,17,162,17.546875
Dymarska2025_associations,17,163,7.58203125
Dymarska2025_associations,17,164,4.788330078125
Dymarska2025_associations,17,165,8.507781982421875
Dymarska2025_associations,17,166,5.601531982421875
Dymarska2025_associations,17,167,5.82568359375
Dymarska2025_associations,17,168,6.6171875
Dymarska2025_associations,17,169,4.5390625
Dymarska2025_associations,17,170,13.65625
Dymarska2025_associations,17,171,5.2958984375
Dymarska2025_associations,17,172,6.388671875
Dymarska2025_associations,17,173,16.25
Dymarska2025_associations,17,174,17.80859375
Dymarska2025_associations,17,175,8.828125
Dymarska2025_associations,17,176,5.6904296875
Dymarska2025_associations,17,177,8.6875
Dymarska2025_associations,17,178,12.1949462890625
Dymarska2025_associations,17,179,9.109375
Dymarska2025_associations,17,180,3.08984375
Dymarska2025_associations,17,181,4.79931640625
Dymarska2025_associations,17,182,2.0
Dymarska2025_associations,17,183,5.964111328125
Dymarska2025_associations,17,184,4.3046875
Dymarska2025_associations,17,185,3.99755859375
Dymarska2025_associations,17,186,4.82958984375
Dymarska2025_associations,17,187,9.6796875
Dymarska2025_associations,17,188,5.3515625
Dymarska2025_associations,17,189,6.125
Dymarska2025_associations,17,190,6.5625
Dymarska2025_associations,17,191,7.875
Dymarska2025_associations,17,192,9.507781982421875
Dymarska2025_associations,17,193,6.4921875
Dymarska2025_associations,17,194,8.242156982421875
Dymarska2025_associations,17,195,10.109375
Dymarska2025_associations,17,196,6.4296875
Dymarska2025_associations,17,197,9.22265625
Dymarska2025_associations,18,0,6.63671875
Dymarska2025_associations,18,1,5.98046875
Dymarska2025_associations,18,2,2.7041015625
Dymarska2025_associations,18,3,7.195281982421875
Dymarska2025_associations,18,4,8.2421875
Dymarska2025_associations,18,5,11.390625
Dymarska2025_associations,18,6,2.5625
Dymarska2025_associations,18,7,9.875
Dymarska2025_associations,18,8,2.62109375
Dymarska2025_associations,18,9,13.796630859375
Dymarska2025_associations,18,10,5.5
Dymarska2025_associations,18,11,2.3935546875
Dymarska2025_associations,18,12,8.51171875
Dymarska2025_associations,18,13,5.86328125
Dymarska2025_associations,18,14,5.5625
Dymarska2025_associations,18,15,1.9296875
Dymarska2025_associations,18,16,8.8291015625
Dymarska2025_associations,18,17,2.484100341796875
Dymarska2025_associations,18,18,6.5
Dymarska2025_associations,18,19,6.5
Dymarska2025_associations,18,20,7.373046875
Dymarska2025_associations,18,21,4.249755859375
Dymarska2025_associations,18,22,12.007781982421875
Dymarska2025_associations,18,23,7.265625
Dymarska2025_associations,18,24,7.03125
Dymarska2025_associations,18,25,3.01171875
Dymarska2025_associations,18,26,6.8125
Dymarska2025_associations,18,27,9.890625
Dymarska2025_associations,18,28,7.224609375
Dymarska2025_associations,18,29,10.61572265625
Dymarska2025_associations,18,30,7.15625
Dymarska2025_associations,18,31,7.31640625
Dymarska2025_associations,18,32,8.1875
Dymarska2025_associations,18,33,7.09375
Dymarska2025_associations,18,34,9.5
Dymarska2025_associations,18,35,5.03125
Dymarska2025_associations,18,36,8.125
Dymarska2025_associations,18,37,7.0
Dymarska2025_associations,18,38,5.460693359375
Dymarska2025_associations,18,39,10.796875
Dymarska2025_associations,18,40,1.132781982421875
Dymarska2025_associations,18,41,1.6484375
Dymarska2025_associations,18,42,7.24072265625
Dymarska2025_associations,18,43,4.74609375
Dymarska2025_associations,18,44,10.03125
Dymarska2025_associations,18,45,4.65625
Dymarska2025_associations,18,46,9.375
Dymarska2025_associations,18,47,3.29296875
Dymarska2025_associations,18,48,2.71875
Dymarska2025_associations,18,49,4.2470703125
Dymarska2025_associations,18,50,4.75
Dymarska2025_associations,18,51,1.31201171875
Dymarska2025_associations,18,52,4.4375
Dymarska2025_associations,18,53,3.28515625
Dymarska2025_associations,18,54,2.71875
Dymarska2025_associations,18,55,3.9775390625
Dymarska2025_associations,18,56,1.975830078125
Dymarska2025_associations,18,57,6.28515625
Dymarska2025_associations,18,58,9.875
Dymarska2025_associations,18,59,12.453125
Dymarska2025_associations,18,60,5.6875
Dymarska2025_associations,18,61,8.197265625
Dymarska2025_associations,18,62,5.06640625
Dymarska2025_associations,18,63,6.4296875
Dymarska2025_associations,18,64,7.9375
Dymarska2025_associations,18,65,7.59375
Dymarska2025_associations,18,66,7.65625
Dymarska2025_associations,18,67,7.109375
Dymarska2025_associations,18,68,2.205078125
Dymarska2025_associations,18,69,6.4375
Dymarska2025_associations,18,70,6.78125
Dymarska2025_associations,18,71,3.171875
Dymarska2025_associations,18,72,6.171875
Dymarska2025_associations,18,73,5.48828125
Dymarska2025_associations,18,74,6.16650390625
Dymarska2025_associations,18,75,6.335906982421875
Dymarska2025_associations,18,76,7.375
Dymarska2025_associations,18,77,6.78515625
Dymarska2025_associations,18,78,6.4375
Dymarska2025_associations,18,79,7.304656982421875
Dymarska2025_associations,18,80,6.538543701171875
Dymarska2025_associations,18,81,7.4061279296875
Dymarska2025_associations,18,82,4.5751953125
Dymarska2025_associations,18,83,2.8826904296875
Dymarska2025_associations,18,84,4.91650390625
Dymarska2025_associations,18,85,5.241943359375
Dymarska2025_associations,18,86,3.52197265625
Dymarska2025_associations,18,87,11.640625
Dymarska2025_associations,18,88,3.796875
Dymarska2025_associations,18,89,11.625
Dymarska2025_associations,18,90,6.4375
Dymarska2025_associations,18,91,5.7998046875
Dymarska2025_associations,18,92,6.40625
Dymarska2025_associations,18,93,8.921875
Dymarska2025_associations,18,94,7.076171875
Dymarska2025_associations,18,95,3.828125
Dymarska2025_associations,18,96,5.40625
Dymarska2025_associations,18,97,8.75
Dymarska2025_associations,18,98,5.71875
Dymarska2025_associations,18,99,8.4375
Dymarska2025_associations,18,100,6.796875
Dymarska2025_associations,18,101,7.6875
Dymarska2025_associations,18,102,5.632781982421875
Dymarska2025_associations,18,103,3.59326171875
Dymarska2025_associations,18,104,5.75
Dymarska2025_associations,18,105,7.427734375
Dymarska2025_associations,18,106,4.8125
Dymarska2025_associations,18,107,5.08203125
Dymarska2025_associations,18,108,7.107421875
Dymarska2025_associations,18,109,5.5
Dymarska2025_associations,18,110,8.28125
Dymarska2025_associations,18,111,6.5419921875
Dymarska2025_associations,18,112,13.3125
Dymarska2025_associations,18,113,9.28125
Dymarska2025_associations,18,114,7.43359375
Dymarska2025_associations,18,115,6.546875
Dymarska2025_associations,18,116,3.691375732421875
Dymarska2025_associations,18,117,2.56640625
Dymarska2025_associations,18,118,14.203125
Dymarska2025_associations,18,119,6.171875
Dymarska2025_associations,18,120,12.2021484375
Dymarska2025_associations,18,121,7.976531982421875
Dymarska2025_associations,18,122,3.34912109375
Dymarska2025_associations,18,123,1.366943359375
Dymarska2025_associations,18,124,4.34375
Dymarska2025_associations,18,125,8.076141357421875
Dymarska2025_associations,18,126,7.71875
Dymarska2025_associations,18,127,4.5
Dymarska2025_associations,18,128,5.578125
Dymarska2025_associations,18,129,4.0780029296875
Dymarska2025_associations,18,130,6.40234375
Dymarska2025_associations,18,131,7.70166015625
Dymarska2025_associations,18,132,4.5389404296875
Dymarska2025_associations,18,133,5.5
Dymarska2025_associations,18,134,5.8125
Dymarska2025_associations,18,135,3.25
Dymarska2025_associations,18,136,2.61474609375
Dymarska2025_associations,18,137,6.2783203125
Dymarska2025_associations,18,138,7.171875
Dymarska2025_associations,18,139,7.460784912109375
Dymarska2025_associations,18,140,6.9375
Dymarska2025_associations,18,141,7.25
Dymarska2025_associations,18,142,5.851531982421875
Dymarska2025_associations,18,143,7.8984375
Dymarska2025_associations,18,144,6.748046875
Dymarska2025_associations,18,145,11.46875
Dymarska2025_associations,18,146,4.773193359375
Dymarska2025_associations,18,147,4.03076171875
Dymarska2025_associations,18,148,6.0625
Dymarska2025_associations,18,149,3.73974609375
Dymarska2025_associations,18,150,6.5625
Dymarska2025_associations,18,151,2.599609375
Dymarska2025_associations,18,152,6.6832275390625
Dymarska2025_associations,18,153,7.296875
Dymarska2025_associations,18,154,5.5205078125
Dymarska2025_associations,18,155,12.0546875
Dymarska2025_associations,18,156,15.6640625
Dymarska2025_associations,18,157,5.851531982421875
Dymarska2025_associations,18,158,7.59375
Dymarska2025_associations,18,159,7.265625
Dymarska2025_associations,18,160,4.53076171875
Dymarska2025_associations,18,161,3.841796875
Dymarska2025_associations,18,162,7.24609375
Dymarska2025_associations,18,163,3.15625
Dymarska2025_associations,18,164,4.45849609375
Dymarska2025_associations,18,165,7.5859375
Dymarska2025_associations,18,166,2.8779296875
Dymarska2025_associations,18,167,7.859375
Dymarska2025_associations,18,168,4.4375
Dymarska2025_associations,18,169,7.119140625
Dymarska2025_associations,18,170,7.8125
Dymarska2025_associations,18,171,5.6640625
Dymarska2025_associations,18,172,3.2822265625
Dymarska2025_associations,18,173,5.2967529296875
Dymarska2025_associations,18,174,3.7158203125
Dymarska2025_associations,18,175,7.726531982421875
Dymarska2025_associations,18,176,9.71826171875
Dymarska2025_associations,18,177,3.453125
Dymarska2025_associations,18,178,14.37890625
Dymarska2025_associations,18,179,3.2880859375
Dymarska2025_associations,18,180,4.931640625
Dymarska2025_associations,19,0,5.5771484375
Dymarska2025_associations,19,1,4.42578125
Dymarska2025_associations,19,2,5.212890625
Dymarska2025_associations,19,3,5.03125
Dymarska2025_associations,19,4,7.013671875
Dymarska2025_associations,19,5,6.45751953125
Dymarska2025_associations,19,6,5.5311279296875
Dymarska2025_associations,19,7,2.01171875
Dymarska2025_associations,19,8,5.78125
Dymarska2025_associations,19,9,4.4609375
Dymarska2025_associations,19,10,6.78125
Dymarska2025_associations,19,11,3.4295654296875
Dymarska2025_associations,19,12,7.59375
Dymarska2025_associations,19,13,8.2578125
Dymarska2025_associations,19,14,8.90625
Dymarska2025_associations,19,15,4.68359375
Dymarska2025_associations,19,16,6.828125
Dymarska2025_associations,19,17,7.0625
Dymarska2025_associations,19,18,7.0
Dymarska2025_associations,19,19,4.986328125
Dymarska2025_associations,19,20,3.38330078125
Dymarska2025_associations,19,21,8.90625
Dymarska2025_associations,19,22,10.2939453125
Dymarska2025_associations,19,23,8.515625
Dymarska2025_associations,19,24,9.1875
Dymarska2025_associations,19,25,7.5
Dymarska2025_associations,19,26,4.34716796875
Dymarska2025_associations,19,27,4.734375
Dymarska2025_associations,19,28,6.46826171875
Dymarska2025_associations,19,29,10.921875
Dymarska2025_associations,19,30,7.921875
Dymarska2025_associations,19,31,5.3125
Dymarska2025_associations,19,32,8.0625
Dymarska2025_associations,19,33,6.55078125
Dymarska2025_associations,19,34,8.3828125
Dymarska2025_associations,19,35,5.845703125
Dymarska2025_associations,19,36,6.75
Dymarska2025_associations,19,37,10.46484375
Dymarska2025_associations,19,38,4.15576171875
Dymarska2025_associations,19,39,12.2568359375
Dymarska2025_associations,19,40,7.65625
Dymarska2025_associations,19,41,4.84375
Dymarska2025_associations,19,42,6.671875
Dymarska2025_associations,19,43,6.140625
Dymarska2025_associations,19,44,5.45703125
Dymarska2025_associations,19,45,7.28125
Dymarska2025_associations,19,46,7.84375
Dymarska2025_associations,19,47,5.8203125
Dymarska2025_associations,19,48,4.34765625
Dymarska2025_associations,19,49,9.984375
Dymarska2025_associations,19,50,7.0
Dymarska2025_associations,19,51,8.640625
Dymarska2025_associations,19,52,8.515625
Dymarska2025_associations,19,53,6.1875
Dymarska2025_associations,19,54,5.9169921875
Dymarska2025_associations,19,55,15.382781982421875
Dymarska2025_associations,19,56,5.59375
Dymarska2025_associations,19,57,6.4765625
Dymarska2025_associations,19,58,8.25
Dymarska2025_associations,19,59,6.03076171875
Dymarska2025_associations,19,60,15.15625
Dymarska2025_associations,19,61,13.609375
Dymarska2025_associations,19,62,3.7265625
Dymarska2025_associations,19,63,8.0
Dymarska2025_associations,19,64,8.84375
Dymarska2025_associations,19,65,5.71875
Dymarska2025_associations,19,66,3.84326171875
Dymarska2025_associations,19,67,9.960693359375
Dymarska2025_associations,19,68,10.80078125
Dymarska2025_associations,19,69,3.96484375
Dymarska2025_associations,19,70,8.8125
Dymarska2025_associations,19,71,7.577117919921875
Dymarska2025_associations,19,72,10.07421875
Dymarska2025_associations,19,73,3.326171875
Dymarska2025_associations,19,74,9.408203125
Dymarska2025_associations,19,75,6.21875
Dymarska2025_associations,19,76,4.40234375
Dymarska2025_associations,19,77,7.185546875
Dymarska2025_associations,19,78,7.9375
Dymarska2025_associations,19,79,9.888671875
Dymarska2025_associations,19,80,2.36376953125
Dymarska2025_associations,19,81,6.45751953125
Dymarska2025_associations,19,82,7.734375
Dymarska2025_associations,19,83,6.37890625
Dymarska2025_associations,19,84,6.28125
Dymarska2025_associations,19,85,7.7041015625
Dymarska2025_associations,19,86,3.39453125
Dymarska2025_associations,19,87,3.984375
Dymarska2025_associations,19,88,6.89453125
Dymarska2025_associations,19,89,4.09326171875
Dymarska2025_associations,19,90,6.904296875
Dymarska2025_associations,19,91,5.248046875
Dymarska2025_associations,19,92,14.41162109375
Dymarska2025_associations,19,93,6.0078125
Dymarska2025_associations,19,94,10.375
Dymarska2025_associations,19,95,16.75
Dymarska2025_associations,19,96,10.53125
Dymarska2025_associations,19,97,7.097412109375
Dymarska2025_associations,19,98,6.631317138671875
Dymarska2025_associations,19,99,8.75
Dymarska2025_associations,19,100,3.69140625
Dymarska2025_associations,19,101,4.6875
Dymarska2025_associations,19,102,10.265625
Dymarska2025_associations,19,103,13.25
Dymarska2025_associations,19,104,8.515625
Dymarska2025_associations,19,105,8.1298828125
Dymarska2025_associations,19,106,3.20849609375
Dymarska2025_associations,19,107,2.9686279296875
Dymarska2025_associations,19,108,3.203125
Dymarska2025_associations,19,109,5.734375
Dymarska2025_associations,19,110,3.78125
Dymarska2025_associations,19,111,2.392578125
Dymarska2025_associations,19,112,7.24072265625
Dymarska2025_associations,19,113,3.8603515625
Dymarska2025_associations,19,114,6.203125
Dymarska2025_associations,19,115,5.561767578125
Dymarska2025_associations,19,116,5.19921875
Dymarska2025_associations,19,117,7.960693359375
Dymarska2025_associations,19,118,8.375
Dymarska2025_associations,19,119,9.2578125
Dymarska2025_associations,19,120,19.53125
Dymarska2025_associations,19,121,11.890625
Dymarska2025_associations,19,122,8.21875
Dymarska2025_associations,19,123,17.5712890625
Dymarska2025_associations,19,124,8.90625
Dymarska2025_associations,19,125,7.005859375
Dymarska2025_associations,19,126,4.560546875
Dymarska2025_associations,19,127,4.300750732421875
Dymarska2025_associations,19,128,4.5732421875
Dymarska2025_associations,19,129,7.8984375
Dymarska2025_associations,19,130,2.92578125
Dymarska2025_associations,19,131,4.359375
Dymarska2025_associations,19,132,3.11376953125
Dymarska2025_associations,19,133,10.5
Dymarska2025_associations,19,134,8.04296875
Dymarska2025_associations,19,135,6.08984375
Dymarska2025_associations,19,136,6.453125
Dymarska2025_associations,19,137,7.8125
Dymarska2025_associations,19,138,5.8125
Dymarska2025_associations,19,139,7.13671875
Dymarska2025_associations,19,140,5.98046875
Dymarska2025_associations,19,141,7.209228515625
Dymarska2025_associations,19,142,5.908203125
Dymarska2025_associations,19,143,7.1376953125
Dymarska2025_associations,19,144,7.59765625
Dymarska2025_associations,19,145,3.99072265625
Dymarska2025_associations,19,146,3.67578125
Dymarska2025_associations,19,147,6.5859375
Dymarska2025_associations,19,148,5.34375
Dymarska2025_associations,19,149,13.501953125
Dymarska2025_associations,19,150,5.75
Dymarska2025_associations,19,151,4.116943359375
Dymarska2025_associations,19,152,9.915008544921875
Dymarska2025_associations,19,153,8.26953125
Dymarska2025_associations,19,154,3.71875
Dymarska2025_associations,19,155,4.78125
Dymarska2025_associations,19,156,10.419921875
Dymarska2025_associations,19,157,4.90625
Dymarska2025_associations,19,158,3.491455078125
Dymarska2025_associations,19,159,4.375
Dymarska2025_associations,19,160,7.796875
Dymarska2025_associations,19,161,8.21875
Dymarska2025_associations,19,162,5.244140625
Dymarska2025_associations,19,163,7.9375
Dymarska2025_associations,19,164,7.8359375
Dymarska2025_associations,19,165,6.40234375
Dymarska2025_associations,19,166,5.34765625
Dymarska2025_associations,19,167,4.9921875
Dymarska2025_associations,19,168,3.8984375
Dymarska2025_associations,19,169,6.96875
Dymarska2025_associations,19,170,6.73046875
Dymarska2025_associations,19,171,1.91796875
Dymarska2025_associations,19,172,4.21875
Dymarska2025_associations,19,173,2.507781982421875
Dymarska2025_associations,19,174,4.1171875
Dymarska2025_associations,19,175,8.475830078125
Dymarska2025_associations,19,176,8.3125
Dymarska2025_associations,19,177,6.93359375
Dymarska2025_associations,19,178,7.071746826171875
Dymarska2025_associations,19,179,9.3359375
Dymarska2025_associations,19,180,6.0
Dymarska2025_associations,19,181,6.0
Dymarska2025_associations,19,182,5.5703125
Dymarska2025_associations,19,183,3.00390625
Dymarska2025_associations,19,184,9.949188232421875
Dymarska2025_associations,19,185,8.05078125
Dymarska2025_associations,20,0,3.357421875
Dymarska2025_associations,20,1,5.263671875
Dymarska2025_associations,20,2,7.404296875
Dymarska2025_associations,20,3,3.51953125
Dymarska2025_associations,20,4,4.875
Dymarska2025_associations,20,5,3.2569580078125
Dymarska2025_associations,20,6,4.5078125
Dymarska2025_associations,20,7,1.38330078125
Dymarska2025_associations,20,8,2.896453857421875
Dymarska2025_associations,20,9,4.109375
Dymarska2025_associations,20,10,3.25
Dymarska2025_associations,20,11,5.375
Dymarska2025_associations,20,12,5.74609375
Dymarska2025_associations,20,13,4.3905029296875
Dymarska2025_associations,20,14,12.0703125
Dymarska2025_associations,20,15,3.78125
Dymarska2025_associations,20,16,6.857421875
Dymarska2025_associations,20,17,15.09375
Dymarska2025_associations,20,18,8.16064453125
Dymarska2025_associations,20,19,4.818359375
Dymarska2025_associations,20,20,4.43017578125
Dymarska2025_associations,20,21,12.907958984375
Dymarska2025_associations,20,22,7.791015625
Dymarska2025_associations,20,23,7.71875
Dymarska2025_associations,20,24,4.875
Dymarska2025_associations,20,25,3.2314453125
Dymarska2025_associations,20,26,3.140625
Dymarska2025_associations,20,27,4.0076904296875
Dymarska2025_associations,20,28,2.820281982421875
Dymarska2025_associations,20,29,2.67138671875
Dymarska2025_associations,20,30,2.3623046875
Dymarska2025_associations,20,31,5.890380859375
Dymarska2025_associations,20,32,8.748046875
Dymarska2025_associations,20,33,4.935546875
Dymarska2025_associations,20,34,6.8197021484375
Dymarska2025_associations,20,35,10.72412109375
Dymarska2025_associations,20,36,7.9375
Dymarska2025_associations,20,37,7.5390625
Dymarska2025_associations,20,38,7.294921875
Dymarska2025_associations,20,39,8.33984375
Dymarska2025_associations,20,40,4.849609375
Dymarska2025_associations,20,41,7.703125
Dymarska2025_associations,20,42,4.92578125
Dymarska2025_associations,20,43,8.0546875
Dymarska2025_associations,20,44,6.25
Dymarska2025_associations,20,45,8.647705078125
Dymarska2025_associations,20,46,6.73583984375
Dymarska2025_associations,20,47,8.765625
Dymarska2025_associations,20,48,3.4453125
Dymarska2025_associations,20,49,7.1561279296875
Dymarska2025_associations,20,50,5.1591796875
Dymarska2025_associations,20,51,7.1717529296875
Dymarska2025_associations,20,52,9.296875
Dymarska2025_associations,20,53,7.76953125
Dymarska2025_associations,20,54,4.84765625
Dymarska2025_associations,20,55,6.640625
Dymarska2025_associations,20,56,2.9500732421875
Dymarska2025_associations,20,57,4.5155029296875
Dymarska2025_associations,20,58,9.25
Dymarska2025_associations,20,59,12.0087890625
Dymarska2025_associations,20,60,4.9842529296875
Dymarska2025_associations,20,61,5.030975341796875
Dymarska2025_associations,20,62,2.960906982421875
Dymarska2025_associations,20,63,6.093475341796875
Dymarska2025_associations,20,64,5.617156982421875
Dymarska2025_associations,20,65,11.6875
Dymarska2025_associations,20,66,11.3251953125
Dymarska2025_associations,20,67,5.0
Dymarska2025_associations,20,68,11.078125
Dymarska2025_associations,20,69,5.5037841796875
Dymarska2025_associations,20,70,8.1865234375
Dymarska2025_associations,20,71,12.75390625
Dymarska2025_associations,20,72,3.59375
Dymarska2025_associations,20,73,8.109375
Dymarska2025_associations,20,74,6.146484375
Dymarska2025_associations,20,75,7.6015625
Dymarska2025_associations,20,76,3.03515625
Dymarska2025_associations,20,77,9.125
Dymarska2025_associations,20,78,4.98046875
Dymarska2025_associations,20,79,10.40625
Dymarska2025_associations,20,80,8.8125
Dymarska2025_associations,20,81,5.8125
Dymarska2025_associations,20,82,6.589813232421875
Dymarska2025_associations,20,83,3.383056640625
Dymarska2025_associations,20,84,8.710906982421875
Dymarska2025_associations,20,85,7.1025390625
Dymarska2025_associations,20,86,6.6405029296875
Dymarska2025_associations,20,87,5.029296875
Dymarska2025_associations,20,88,4.33203125
Dymarska2025_associations,20,89,8.561737060546875
Dymarska2025_associations,20,90,5.616943359375
Dymarska2025_associations,20,91,6.75
Dymarska2025_associations,20,92,6.6171875
Dymarska2025_associations,20,93,3.609375
Dymarska2025_associations,20,94,7.5546875
Dymarska2025_associations,20,95,3.1502685546875
Dymarska2025_associations,20,96,8.820281982421875
Dymarska2025_associations,20,97,2.595947265625
Dymarska2025_associations,20,98,8.632781982421875
Dymarska2025_associations,20,99,9.421875
Dymarska2025_associations,20,100,3.261688232421875
Dymarska2025_associations,20,101,3.935394287109375
Dymarska2025_associations,20,102,4.09375
Dymarska2025_associations,20,103,6.6015625
Dymarska2025_associations,20,104,4.99951171875
Dymarska2025_associations,20,105,6.578125
Dymarska2025_associations,20,106,5.8408203125
Dymarska2025_associations,20,107,8.125
Dymarska2025_associations,20,108,3.585693359375
Dymarska2025_associations,20,109,4.7353515625
Dymarska2025_associations,20,110,4.6405029296875
Dymarska2025_associations,20,111,8.90625
Dymarska2025_associations,20,112,11.234375
Dymarska2025_associations,20,113,12.66015625
Dymarska2025_associations,20,114,4.819580078125
Dymarska2025_associations,20,115,10.86083984375
Dymarska2025_associations,20,116,6.515625
Dymarska2025_associations,20,117,12.742156982421875
Dymarska2025_associations,20,118,6.08251953125
Dymarska2025_associations,20,119,7.5
Dymarska2025_associations,20,120,8.078125
Dymarska2025_associations,20,121,4.9140625
Dymarska2025_associations,20,122,6.890625
Dymarska2025_associations,20,123,6.507781982421875
Dymarska2025_associations,20,124,6.5390625
Dymarska2025_associations,20,125,6.71875
Dymarska2025_associations,20,126,6.421875
Dymarska2025_associations,20,127,5.83984375
Dymarska2025_associations,20,128,8.50390625
Dymarska2025_associations,20,129,6.69140625
Dymarska2025_associations,20,130,5.875
Dymarska2025_associations,20,131,11.421875
Dymarska2025_associations,20,132,4.022430419921875
Dymarska2025_associations,20,133,7.3388671875
Dymarska2025_associations,20,134,8.515625
Dymarska2025_associations,20,135,8.4453125
Dymarska2025_associations,20,136,2.2421875
Dymarska2025_associations,20,137,12.71875
Dymarska2025_associations,20,138,6.296875
Dymarska2025_associations,20,139,8.0029296875
Dymarska2025_associations,20,140,3.9580078125
Dymarska2025_associations,20,141,6.7734375
Dymarska2025_associations,20,142,3.662078857421875
Dymarska2025_associations,20,143,5.859375
Dymarska2025_associations,20,144,7.9033203125
Dymarska2025_associations,20,145,9.0400390625
Dymarska2025_associations,20,146,11.78515625
Dymarska2025_associations,20,147,7.140625
Dymarska2025_associations,20,148,7.738250732421875
Dymarska2025_associations,20,149,5.291015625
Dymarska2025_associations,20,150,8.95703125
Dymarska2025_associations,20,151,7.03076171875
Dymarska2025_associations,20,152,3.453125
Dymarska2025_associations,20,153,8.96484375
Dymarska2025_associations,20,154,4.7109375
Dymarska2025_associations,20,155,6.01171875
Dymarska2025_associations,20,156,4.6171875
Dymarska2025_associations,20,157,2.60546875
Dymarska2025_associations,20,158,5.25
Dymarska2025_associations,20,159,6.8125
Dymarska2025_associations,20,160,6.445281982421875
Dymarska2025_associations,20,161,11.507293701171875
Dymarska2025_associations,20,162,6.28125
Dymarska2025_associations,20,163,15.710784912109375
Dymarska2025_associations,20,164,5.4375
Dymarska2025_associations,20,165,7.8525390625
Dymarska2025_associations,20,166,3.671875
Dymarska2025_associations,20,167,4.75
Dymarska2025_associations,20,168,9.880859375
Dymarska2025_associations,20,169,8.640594482421875
Dymarska2025_associations,20,170,4.359375
Dymarska2025_associations,20,171,5.923828125
Dymarska2025_associations,20,172,4.085784912109375
Dymarska2025_associations,20,173,3.928466796875
Dymarska2025_associations,20,174,3.123046875
Dymarska2025_associations,20,175,4.1405029296875
Dymarska2025_associations,20,176,8.84375
Dymarska2025_associations,20,177,5.14013671875
Dymarska2025_associations,20,178,6.584930419921875
Dymarska2025_associations,20,179,5.54681396484375
Dymarska2025_associations,20,180,3.8123779296875
Dymarska2025_associations,20,181,8.90625
Dymarska2025_associations,20,182,6.207275390625
Dymarska2025_associations,20,183,6.195281982421875
Dymarska2025_associations,20,184,3.49609375
Dymarska2025_associations,20,185,6.109375
Dymarska2025_associations,20,186,8.148193359375
Dymarska2025_associations,21,0,9.25
Dymarska2025_associations,21,1,6.763671875
Dymarska2025_associations,21,2,9.65625
Dymarska2025_associations,21,3,5.94140625
Dymarska2025_associations,21,4,4.244140625
Dymarska2025_associations,21,5,6.4453125
Dymarska2025_associations,21,6,3.216796875
Dymarska2025_associations,21,7,9.3115234375
Dymarska2025_associations,21,8,5.7109375
Dymarska2025_associations,21,9,3.953125
Dymarska2025_associations,21,10,8.142578125
Dymarska2025_associations,21,11,10.37255859375
Dymarska2025_associations,21,12,11.6171875
Dymarska2025_associations,21,13,6.435302734375
Dymarska2025_associations,21,14,6.59375
Dymarska2025_associations,21,15,4.25
Dymarska2025_associations,21,16,9.6552734375
Dymarska2025_associations,21,17,14.46875
Dymarska2025_associations,21,18,7.671875
Dymarska2025_associations,21,19,9.3095703125
Dymarska2025_associations,21,20,11.515594482421875
Dymarska2025_associations,21,21,11.47265625
Dymarska2025_associations,21,22,7.810546875
Dymarska2025_associations,21,23,3.6328125
Dymarska2025_associations,21,24,6.02734375
Dymarska2025_associations,21,25,9.1953125
Dymarska2025_associations,21,26,5.91015625
Dymarska2025_associations,21,27,6.0
Dymarska2025_associations,21,28,5.564208984375
Dymarska2025_associations,21,29,3.484375
Dymarska2025_associations,21,30,3.71875
Dymarska2025_associations,21,31,7.3125
Dymarska2025_associations,21,32,7.65625
Dymarska2025_associations,21,33,5.769500732421875
Dymarska2025_associations,21,34,7.515625
Dymarska2025_associations,21,35,4.066375732421875
Dymarska2025_associations,21,36,2.98046875
Dymarska2025_associations,21,37,6.93359375
Dymarska2025_associations,21,38,4.625
Dymarska2025_associations,21,39,4.673828125
Dymarska2025_associations,21,40,6.59765625
Dymarska2025_associations,21,41,6.25
Dymarska2025_associations,21,42,8.0
Dymarska2025_associations,21,43,5.671875
Dymarska2025_associations,21,44,4.203125
Dymarska2025_associations,21,45,2.8123779296875
Dymarska2025_associations,21,46,5.875
Dymarska2025_associations,21,47,5.00390625
Dymarska2025_associations,21,48,5.9541015625
Dymarska2025_associations,21,49,6.28125
Dymarska2025_associations,21,50,2.03515625
Dymarska2025_associations,21,51,6.83447265625
Dymarska2025_associations,21,52,7.6845703125
Dymarska2025_associations,21,53,6.65625
Dymarska2025_associations,21,54,8.25
Dymarska2025_associations,21,55,8.91650390625
Dymarska2025_associations,21,56,7.18359375
Dymarska2025_associations,21,57,7.6640625
Dymarska2025_associations,21,58,5.38037109375
Dymarska2025_associations,21,59,6.9842529296875
Dymarska2025_associations,21,60,6.148406982421875
Dymarska2025_associations,21,61,4.22900390625
Dymarska2025_associations,21,62,5.23046875
Dymarska2025_associations,21,63,9.685546875
Dymarska2025_associations,21,64,2.51708984375
Dymarska2025_associations,21,65,9.203125
Dymarska2025_associations,21,66,0.30224609375
Dymarska2025_associations,21,67,3.671875
Dymarska2025_associations,21,68,5.125
Dymarska2025_associations,21,69,0.261688232421875
Dymarska2025_associations,21,70,7.624755859375
Dymarska2025_associations,21,71,9.859375
Dymarska2025_associations,21,72,7.7109375
Dymarska2025_associations,21,73,3.789031982421875
Dymarska2025_associations,21,74,5.185546875
Dymarska2025_associations,21,75,10.0291748046875
Dymarska2025_associations,21,76,14.0625
Dymarska2025_associations,21,77,6.625
Dymarska2025_associations,21,78,10.75
Dymarska2025_associations,21,79,5.09765625
Dymarska2025_associations,21,80,5.90625
Dymarska2025_associations,21,81,4.9656982421875
Dymarska2025_associations,21,82,5.48828125
Dymarska2025_associations,21,83,2.70263671875
Dymarska2025_associations,21,84,9.69140625
Dymarska2025_associations,21,85,5.75390625
Dymarska2025_associations,21,86,7.9765625
Dymarska2025_associations,21,87,8.21875
Dymarska2025_associations,21,88,13.765594482421875
Dymarska2025_associations,21,89,18.3046875
Dymarska2025_associations,21,90,8.86376953125
Dymarska2025_associations,21,91,6.8515625
Dymarska2025_associations,21,92,6.34375
Dymarska2025_associations,21,93,4.44140625
Dymarska2025_associations,21,94,1.156097412109375
Dymarska2025_associations,21,95,7.5625
Dymarska2025_associations,21,96,8.6875
Dymarska2025_associations,21,97,9.09375
Dymarska2025_associations,21,98,6.9375
Dymarska2025_associations,21,99,6.4140625
Dymarska2025_associations,21,100,3.75
Dymarska2025_associations,21,101,6.0341796875
Dymarska2025_associations,21,102,3.16455078125
Dymarska2025_associations,21,103,2.5234375
Dymarska2025_associations,21,104,2.7186279296875
Dymarska2025_associations,21,105,1.769500732421875
Dymarska2025_associations,21,106,8.625
Dymarska2025_associations,21,107,7.44921875
Dymarska2025_associations,21,108,1.569549560546875
Dymarska2025_associations,21,109,8.078125
Dymarska2025_associations,21,110,7.609375
Dymarska2025_associations,21,111,11.2607421875
Dymarska2025_associations,21,112,6.35546875
Dymarska2025_associations,21,113,4.875
Dymarska2025_associations,21,114,9.234375
Dymarska2025_associations,21,115,3.388671875
Dymarska2025_associations,21,116,8.484375
Dymarska2025_associations,21,117,12.7919921875
Dymarska2025_associations,21,118,2.575897216796875
Dymarska2025_associations,21,119,4.138671875
Dymarska2025_associations,21,120,3.6875
Dymarska2025_associations,21,121,2.4375
Dymarska2025_associations,21,122,7.96875
Dymarska2025_associations,21,123,7.375
Dymarska2025_associations,21,124,3.556640625
Dymarska2025_associations,21,125,7.195281982421875
Dymarska2025_associations,21,126,9.0
Dymarska2025_associations,21,127,5.64013671875
Dymarska2025_associations,21,128,6.6875
Dymarska2025_associations,21,129,4.125
Dymarska2025_associations,21,130,4.625
Dymarska2025_associations,21,131,4.45751953125
Dymarska2025_associations,21,132,6.625
Dymarska2025_associations,21,133,9.21630859375
Dymarska2025_associations,21,134,6.478515625
Dymarska2025_associations,21,135,7.023193359375
Dymarska2025_associations,21,136,7.921875
Dymarska2025_associations,21,137,8.5
Dymarska2025_associations,21,138,3.938690185546875
Dymarska2025_associations,21,139,7.74462890625
Dymarska2025_associations,21,140,13.625
Dymarska2025_associations,21,141,3.4033203125
Dymarska2025_associations,21,142,10.7109375
Dymarska2025_associations,21,143,2.8348388671875
Dymarska2025_associations,21,144,13.8154296875
Dymarska2025_associations,21,145,3.07373046875
Dymarska2025_associations,21,146,5.140625
Dymarska2025_associations,21,147,4.831787109375
Dymarska2025_associations,21,148,6.479461669921875
Dymarska2025_associations,21,149,6.10009765625
Dymarska2025_associations,21,150,8.671875
Dymarska2025_associations,21,151,7.30615234375
Dymarska2025_associations,21,152,8.28125
Dymarska2025_associations,21,153,8.7889404296875
Dymarska2025_associations,21,154,1.18701171875
Dymarska2025_associations,21,155,4.9803466796875
Dymarska2025_associations,21,156,6.382781982421875
Dymarska2025_associations,21,157,5.78125
Dymarska2025_associations,21,158,7.3349609375
Dymarska2025_associations,21,159,6.68359375
Dymarska2025_associations,21,160,7.265625
Dymarska2025_associations,21,161,4.0625
Dymarska2025_associations,21,162,1.265625
Dymarska2025_associations,21,163,3.171875
Dymarska2025_associations,21,164,11.6015625
Dymarska2025_associations,21,165,7.95361328125
Dymarska2025_associations,21,166,7.570281982421875
Dymarska2025_associations,21,167,10.785125732421875
Dymarska2025_associations,21,168,11.78125
Dymarska2025_associations,21,169,6.25
Dymarska2025_associations,21,170,6.116943359375
Dymarska2025_associations,21,171,4.890625
Dymarska2025_associations,21,172,15.16796875
Dymarska2025_associations,21,173,5.013671875
Dymarska2025_associations,21,174,9.015625
Dymarska2025_associations,21,175,6.921875
Dymarska2025_associations,21,176,7.8583984375
Dymarska2025_associations,21,177,3.977508544921875
Dymarska2025_associations,21,178,18.5
Dymarska2025_associations,21,179,5.6640625
Dymarska2025_associations,21,180,2.2490234375
Dymarska2025_associations,21,181,6.58251953125
Dymarska2025_associations,21,182,6.9375
Dymarska2025_associations,21,183,9.109375
Dymarska2025_associations,21,184,7.9375
Dymarska2025_associations,21,185,7.171875
Dymarska2025_associations,21,186,2.006591796875
Dymarska2025_associations,21,187,10.375
Dymarska2025_associations,21,188,10.5791015625
Dymarska2025_associations,21,189,5.4775390625
Dymarska2025_associations,21,190,7.396484375
Dymarska2025_associations,21,191,4.9375
Dymarska2025_associations,21,192,4.625
Dymarska2025_associations,21,193,7.3515625
Dymarska2025_associations,21,194,9.21875
Dymarska2025_associations,21,195,5.8916015625
Dymarska2025_associations,21,196,7.3125
Dymarska2025_associations,21,197,4.699188232421875
Dymarska2025_associations,21,198,6.49609375
Dymarska2025_associations,21,199,6.625
Dymarska2025_associations,22,0,12.5703125
Dymarska2025_associations,22,1,10.578125
Dymarska2025_associations,22,2,7.206787109375
Dymarska2025_associations,22,3,13.3359375
Dymarska2025_associations,22,4,5.4453125
Dymarska2025_associations,22,5,7.21875
Dymarska2025_associations,22,6,11.89208984375
Dymarska2025_associations,22,7,7.75
Dymarska2025_associations,22,8,7.2734375
Dymarska2025_associations,22,9,5.640625
Dymarska2025_associations,22,10,4.802734375
Dymarska2025_associations,22,11,6.068359375
Dymarska2025_associations,22,12,4.58203125
Dymarska2025_associations,22,13,7.3046875
Dymarska2025_associations,22,14,10.25
Dymarska2025_associations,22,15,4.6875
Dymarska2025_associations,22,16,8.646484375
Dymarska2025_associations,22,17,3.6171875
Dymarska2025_associations,22,18,6.375
Dymarska2025_associations,22,19,6.34375
Dymarska2025_associations,22,20,15.75
Dymarska2025_associations,22,21,4.77001953125
Dymarska2025_associations,22,22,5.7666015625
Dymarska2025_associations,22,23,9.75
Dymarska2025_associations,22,24,5.810546875
Dymarska2025_associations,22,25,4.375
Dymarska2025_associations,22,26,6.64453125
Dymarska2025_associations,22,27,6.4375
Dymarska2025_associations,22,28,3.28125
Dymarska2025_associations,22,29,5.611328125
Dymarska2025_associations,22,30,2.11572265625
Dymarska2025_associations,22,31,3.5009765625
Dymarska2025_associations,22,32,6.4375
Dymarska2025_associations,22,33,9.6875
Dymarska2025_associations,22,34,5.6875
Dymarska2025_associations,22,35,5.73876953125
Dymarska2025_associations,22,36,4.2568359375
Dymarska2025_associations,22,37,6.59375
Dymarska2025_associations,22,38,5.17333984375
Dymarska2025_associations,22,39,1.835693359375
Dymarska2025_associations,22,40,1.296142578125
Dymarska2025_associations,22,41,3.13671875
Dymarska2025_associations,22,42,11.328125
Dymarska2025_associations,22,43,3.824951171875
Dymarska2025_associations,22,44,9.0146484375
Dymarska2025_associations,22,45,10.947265625
Dymarska2025_associations,22,46,4.6298828125
Dymarska2025_associations,22,47,7.368133544921875
Dymarska2025_associations,22,48,3.078125
Dymarska2025_associations,22,49,6.8046875
Dymarska2025_associations,22,50,9.8280029296875
Dymarska2025_associations,22,51,6.84375
Dymarska2025_associations,22,52,2.80517578125
Dymarska2025_associations,22,53,8.522705078125
Dymarska2025_associations,22,54,6.34375
Dymarska2025_associations,22,55,8.7734375
Dymarska2025_associations,22,56,6.3436279296875
Dymarska2025_associations,22,57,9.78125
Dymarska2025_associations,22,58,4.90625
Dymarska2025_associations,22,59,6.859375
Dymarska2025_associations,22,60,4.6326904296875
Dymarska2025_associations,22,61,3.14208984375
Dymarska2025_associations,22,62,4.467254638671875
Dymarska2025_associations,22,63,10.0311279296875
Dymarska2025_associations,22,64,4.9686279296875
Dymarska2025_associations,22,65,10.835693359375
Dymarska2025_associations,22,66,4.69287109375
Dymarska2025_associations,22,67,2.13330078125
Dymarska2025_associations,22,68,8.708984375
Dymarska2025_associations,22,69,5.0625
Dymarska2025_associations,22,70,8.5751953125
Dymarska2025_associations,22,71,5.31201171875
Dymarska2025_associations,22,72,6.484375
Dymarska2025_associations,22,73,10.0625
Dymarska2025_associations,22,74,5.8125
Dymarska2025_associations,22,75,4.25
Dymarska2025_associations,22,76,10.484375
Dymarska2025_associations,22,77,5.2001953125
Dymarska2025_associations,22,78,2.27734375
Dymarska2025_associations,22,79,1.080078125
Dymarska2025_associations,22,80,2.5155029296875
Dymarska2025_associations,22,81,6.507781982421875
Dymarska2025_associations,22,82,3.46875
Dymarska2025_associations,22,83,6.40625
Dymarska2025_associations,22,84,5.125
Dymarska2025_associations,22,85,4.5155029296875
Dymarska2025_associations,22,86,1.3828125
Dymarska2025_associations,22,87,4.6875
Dymarska2025_associations,22,88,1.5625
Dymarska2025_associations,22,89,5.75
Dymarska2025_associations,22,90,5.6484375
Dymarska2025_associations,22,91,5.8984375
Dymarska2025_associations,22,92,2.257781982421875
Dymarska2025_associations,22,93,6.8125
Dymarska2025_associations,22,94,2.96484375
Dymarska2025_associations,22,95,5.0859375
Dymarska2025_associations,22,96,6.978973388671875
Dymarska2025_associations,22,97,4.0859375
Dymarska2025_associations,22,98,3.984375
Dymarska2025_associations,22,99,6.3125
Dymarska2025_associations,22,100,3.578125
Dymarska2025_associations,22,101,4.96875
Dymarska2025_associations,22,102,4.78125
Dymarska2025_associations,22,103,3.945281982421875
Dymarska2025_associations,22,104,9.1455078125
Dymarska2025_associations,22,105,9.475341796875
Dymarska2025_associations,22,106,6.898406982421875
Dymarska2025_associations,22,107,6.421875
Dymarska2025_associations,22,108,3.289031982421875
Dymarska2025_associations,22,109,5.232421875
Dymarska2025_associations,22,110,6.875
Dymarska2025_associations,22,111,4.007568359375
Dymarska2025_associations,22,112,6.86328125
Dymarska2025_associations,22,113,6.1328125
Dymarska2025_associations,22,114,4.796875
Dymarska2025_associations,22,115,11.5458984375
Dymarska2025_associations,22,116,5.890625
Dymarska2025_associations,22,117,5.156219482421875
Dymarska2025_associations,22,118,5.15234375
Dymarska2025_associations,22,119,7.8466796875
Dymarska2025_associations,22,120,3.65625
Dymarska2025_associations,22,121,4.3671875
Dymarska2025_associations,22,122,3.023193359375
Dymarska2025_associations,22,123,3.128875732421875
Dymarska2025_associations,22,124,4.257080078125
Dymarska2025_associations,22,125,6.546875
Dymarska2025_associations,22,126,5.75
Dymarska2025_associations,22,127,6.3359375
Dymarska2025_associations,22,128,3.2109375
Dymarska2025_associations,22,129,3.429443359375
Dymarska2025_associations,22,130,4.28515625
Dymarska2025_associations,22,131,4.984375
Dymarska2025_associations,22,132,6.476318359375
Dymarska2025_associations,22,133,4.9462890625
Dymarska2025_associations,22,134,4.3515625
Dymarska2025_associations,22,135,2.22900390625
Dymarska2025_associations,22,136,3.9853515625
Dymarska2025_associations,22,137,4.25
Dymarska2025_associations,22,138,2.875
Dymarska2025_associations,22,139,4.29833984375
Dymarska2025_associations,22,140,9.8125
Dymarska2025_associations,22,141,7.101531982421875
Dymarska2025_associations,22,142,6.875
Dymarska2025_associations,22,143,8.5625
Dymarska2025_associations,22,144,7.171630859375
Dymarska2025_associations,22,145,3.2264404296875
Dymarska2025_associations,22,146,3.36962890625
Dymarska2025_associations,22,147,3.996063232421875
Dymarska2025_associations,22,148,3.984375
Dymarska2025_associations,22,149,6.625
Dymarska2025_associations,22,150,12.025848388671875
Dymarska2025_associations,22,151,4.8125
Dymarska2025_associations,22,152,5.25
Dymarska2025_associations,22,153,5.78125
Dymarska2025_associations,22,154,2.8045654296875
Dymarska2025_associations,22,155,1.28125
Dymarska2025_associations,22,156,3.671875
Dymarska2025_associations,22,157,4.1875
Dymarska2025_associations,22,158,5.837890625
Dymarska2025_associations,22,159,7.569580078125
Dymarska2025_associations,22,160,6.271453857421875
Dymarska2025_associations,22,161,4.12109375
Dymarska2025_associations,22,162,6.5
Dymarska2025_associations,22,163,4.209442138671875
Dymarska2025_associations,22,164,4.24951171875
Dymarska2025_associations,22,165,11.66015625
Dymarska2025_associations,22,166,5.009765625
Dymarska2025_associations,22,167,4.15625
Dymarska2025_associations,23,0,12.572265625
Dymarska2025_associations,23,1,10.0078125
Dymarska2025_associations,23,2,8.5625
Dymarska2025_associations,23,3,9.609375
Dymarska2025_associations,23,4,3.7314453125
Dymarska2025_associations,23,5,5.4609375
Dymarska2025_associations,23,6,7.59765625
Dymarska2025_associations,23,7,9.109375
Dymarska2025_associations,23,8,3.3994140625
Dymarska2025_associations,23,9,12.64501953125
Dymarska2025_associations,23,10,9.44921875
Dymarska2025_associations,23,11,6.1044921875
Dymarska2025_associations,23,12,7.625
Dymarska2025_associations,23,13,5.78515625
Dymarska2025_associations,23,14,6.6650390625
Dymarska2025_associations,23,15,6.84375
Dymarska2025_associations,23,16,4.648406982421875
Dymarska2025_associations,23,17,4.50390625
Dymarska2025_associations,23,18,3.828125
Dymarska2025_associations,23,19,4.625
Dymarska2025_associations,23,20,5.810546875
Dymarska2025_associations,23,21,13.3125
Dymarska2025_associations,23,22,7.3125
Dymarska2025_associations,23,23,1.953125
Dymarska2025_associations,23,24,9.03125
Dymarska2025_associations,23,25,9.1708984375
Dymarska2025_associations,23,26,3.25
Dymarska2025_associations,23,27,8.703125
Dymarska2025_associations,23,28,8.1953125
Dymarska2025_associations,23,29,10.671875
Dymarska2025_associations,23,30,8.9375
Dymarska2025_associations,23,31,0.624969482421875
Dymarska2025_associations,23,32,3.6953125
Dymarska2025_associations,23,33,11.84375
Dymarska2025_associations,23,34,4.913330078125
Dymarska2025_associations,23,35,4.444580078125
Dymarska2025_associations,23,36,3.5703125
Dymarska2025_associations,23,37,5.1484375
Dymarska2025_associations,23,38,4.984375
Dymarska2025_associations,23,39,6.984375
Dymarska2025_associations,23,40,6.296875
Dymarska2025_associations,23,41,9.375
Dymarska2025_associations,23,42,5.50390625
Dymarska2025_associations,23,43,11.109375
Dymarska2025_associations,23,44,4.809326171875
Dymarska2025_associations,23,45,2.764892578125
Dymarska2025_associations,23,46,1.164031982421875
Dymarska2025_associations,23,47,2.4375
Dymarska2025_associations,23,48,9.5
Dymarska2025_associations,23,49,6.125
Dymarska2025_associations,23,50,8.03125
Dymarska2025_associations,23,51,6.9375
Dymarska2025_associations,23,52,3.1005859375
Dymarska2025_associations,23,53,5.0517578125
Dymarska2025_associations,23,54,3.34375
Dymarska2025_associations,23,55,5.296875
Dymarska2025_associations,23,56,3.419921875
Dymarska2025_associations,23,57,2.070068359375
Dymarska2025_associations,23,58,2.395477294921875
Dymarska2025_associations,23,59,4.6640625
Dymarska2025_associations,23,60,4.06640625
Dymarska2025_associations,23,61,2.3828125
Dymarska2025_associations,23,62,3.466796875
Dymarska2025_associations,23,63,9.109375
Dymarska2025_associations,23,64,5.9453125
Dymarska2025_associations,23,65,2.26708984375
Dymarska2025_associations,23,66,2.554656982421875
Dymarska2025_associations,23,67,6.75
Dymarska2025_associations,23,68,3.625
Dymarska2025_associations,23,69,5.36572265625
Dymarska2025_associations,23,70,3.125
Dymarska2025_associations,23,71,12.03125
Dymarska2025_associations,23,72,9.59375
Dymarska2025_associations,23,73,6.8125
Dymarska2025_associations,23,74,8.49072265625
Dymarska2025_associations,23,75,3.484375
Dymarska2025_associations,23,76,4.96484375
Dymarska2025_associations,23,77,7.4287109375
Dymarska2025_associations,23,78,11.0625
Dymarska2025_associations,23,79,7.875
Dymarska2025_associations,23,80,6.546875
Dymarska2025_associations,23,81,3.5625
Dymarska2025_associations,23,82,4.5
Dymarska2025_associations,23,83,8.21875
Dymarska2025_associations,23,84,9.1875
Dymarska2025_associations,23,85,3.75
Dymarska2025_associations,23,86,1.015625
Dymarska2025_associations,23,87,9.375
Dymarska2025_associations,23,88,2.023406982421875
Dymarska2025_associations,23,89,6.4765625
Dymarska2025_associations,23,90,7.6875
Dymarska2025_associations,23,91,9.015625
Dymarska2025_associations,23,92,5.603515625
Dymarska2025_associations,23,93,5.8125
Dymarska2025_associations,23,94,8.312255859375
Dymarska2025_associations,23,95,5.3955078125
Dymarska2025_associations,23,96,4.225830078125
Dymarska2025_associations,23,97,4.375
Dymarska2025_associations,23,98,6.3125
Dymarska2025_associations,23,99,3.69140625
Dymarska2025_associations,23,100,4.9530029296875
Dymarska2025_associations,23,101,2.960906982421875
Dymarska2025_associations,23,102,2.85546875
Dymarska2025_associations,23,103,6.765625
Dymarska2025_associations,23,104,6.234375
Dymarska2025_associations,23,105,7.773406982421875
Dymarska2025_associations,23,106,5.34326171875
Dymarska2025_associations,23,107,5.296875
Dymarska2025_associations,23,108,3.84375
Dymarska2025_associations,23,109,2.6240234375
Dymarska2025_associations,23,110,6.0625
Dymarska2025_associations,23,111,2.7030029296875
Dymarska2025_associations,23,112,12.625
Dymarska2025_associations,23,113,6.9990234375
Dymarska2025_associations,23,114,5.203125
Dymarska2025_associations,23,115,3.1298828125
Dymarska2025_associations,23,116,7.1875
Dymarska2025_associations,23,117,7.5458984375
Dymarska2025_associations,23,118,4.5849609375
Dymarska2025_associations,23,119,4.6756591796875
Dymarska2025_associations,23,120,5.0146484375
Dymarska2025_associations,23,121,6.6953125
Dymarska2025_associations,23,122,2.8505859375
Dymarska2025_associations,23,123,6.546875
Dymarska2025_associations,23,124,2.7099609375
Dymarska2025_associations,23,125,4.37890625
Dymarska2025_associations,23,126,5.591796875
Dymarska2025_associations,23,127,6.1405029296875
Dymarska2025_associations,23,128,6.125
Dymarska2025_associations,23,129,5.46875
Dymarska2025_associations,23,130,9.375
Dymarska2025_associations,23,131,6.8125
Dymarska2025_associations,23,132,6.0517578125
Dymarska2025_associations,23,133,4.669921875
Dymarska2025_associations,23,134,6.9921875
Dymarska2025_associations,23,135,6.892578125
Dymarska2025_associations,23,136,7.6875
Dymarska2025_associations,23,137,7.8603515625
Dymarska2025_associations,23,138,6.5546875
Dymarska2025_associations,23,139,7.56640625
Dymarska2025_associations,23,140,5.26953125
Dymarska2025_associations,23,141,5.4189453125
Dymarska2025_associations,23,142,4.941375732421875
Dymarska2025_associations,23,143,5.73828125
Dymarska2025_associations,23,144,3.601531982421875
Dymarska2025_associations,23,145,4.029296875
Dymarska2025_associations,23,146,9.40625
Dymarska2025_associations,23,147,6.0625
Dymarska2025_associations,23,148,3.484375
Dymarska2025_associations,23,149,6.0
Dymarska2025_associations,23,150,7.78125
Dymarska2025_associations,23,151,4.39599609375
Dymarska2025_associations,23,152,9.5
Dymarska2025_associations,23,153,5.1904296875
Dymarska2025_associations,23,154,5.2265625
Dymarska2025_associations,23,155,3.98046875
Dymarska2025_associations,23,156,5.9345703125
Dymarska2025_associations,23,157,6.484375
Dymarska2025_associations,23,158,6.8125
Dymarska2025_associations,23,159,11.433563232421875
Dymarska2025_associations,23,160,7.46826171875
Dymarska2025_associations,23,161,6.07421875
Dymarska2025_associations,23,162,6.04150390625
Dymarska2025_associations,23,163,3.148406982421875
Dymarska2025_associations,23,164,0.896484375
Dymarska2025_associations,23,165,3.312469482421875
Dymarska2025_associations,23,166,16.390625
Dymarska2025_associations,23,167,10.789031982421875
Dymarska2025_associations,23,168,3.90625
Dymarska2025_associations,23,169,23.0625
Dymarska2025_associations,23,170,19.59375
Dymarska2025_associations,23,171,7.625
Dymarska2025_associations,23,172,4.7578125
Dymarska2025_associations,23,173,7.953125
Dymarska2025_associations,23,174,6.6875
Dymarska2025_associations,23,175,5.625
Dymarska2025_associations,23,176,6.16650390625
Dymarska2025_associations,23,177,6.5
Dymarska2025_associations,23,178,10.875
Dymarska2025_associations,23,179,7.3125
Dymarska2025_associations,23,180,21.921875
Dymarska2025_associations,23,181,8.921875
Dymarska2025_associations,23,182,8.5625
Dymarska2025_associations,23,183,5.4375
Dymarska2025_associations,24,0,6.5
Dymarska2025_associations,24,1,6.0048828125
Dymarska2025_associations,24,2,2.5419921875
Dymarska2025_associations,24,3,10.859375
Dymarska2025_associations,24,4,5.84765625
Dymarska2025_associations,24,5,5.546875
Dymarska2025_associations,24,6,9.46484375
Dymarska2025_associations,24,7,4.3525390625
Dymarska2025_associations,24,8,15.09375
Dymarska2025_associations,24,9,10.796875
Dymarska2025_associations,24,10,9.4375
Dymarska2025_associations,24,11,5.9375
Dymarska2025_associations,24,12,8.484375
Dymarska2025_associations,24,13,10.65625
Dymarska2025_associations,24,14,7.5859375
Dymarska2025_associations,24,15,6.635498046875
Dymarska2025_associations,24,16,8.2265625
Dymarska2025_associations,24,17,8.65625
Dymarska2025_associations,24,18,7.7548828125
Dymarska2025_associations,24,19,7.25
Dymarska2025_associations,24,20,2.6455078125
Dymarska2025_associations,24,21,7.375
Dymarska2025_associations,24,22,8.53759765625
Dymarska2025_associations,24,23,4.71875
Dymarska2025_associations,24,24,7.148406982421875
Dymarska2025_associations,24,25,7.84765625
Dymarska2025_associations,24,26,6.5947265625
Dymarska2025_associations,24,27,6.72265625
Dymarska2025_associations,24,28,9.390625
Dymarska2025_associations,24,29,11.84375
Dymarska2025_associations,24,30,6.544921875
Dymarska2025_associations,24,31,9.1875
Dymarska2025_associations,24,32,5.984375
Dymarska2025_associations,24,33,11.9443359375
Dymarska2025_associations,24,34,8.90625
Dymarska2025_associations,24,35,7.03125
Dymarska2025_associations,24,36,7.705078125
Dymarska2025_associations,24,37,5.5390625
Dymarska2025_associations,24,38,8.4287109375
Dymarska2025_associations,24,39,5.71875
Dymarska2025_associations,24,40,1.0546875
Dymarska2025_associations,24,41,2.24609375
Dymarska2025_associations,24,42,3.3828125
Dymarska2025_associations,24,43,5.007781982421875
Dymarska2025_associations,24,44,5.48876953125
Dymarska2025_associations,24,45,4.538330078125
Dymarska2025_associations,24,46,7.21826171875
Dymarska2025_associations,24,47,6.460693359375
Dymarska2025_associations,24,48,8.0546875
Dymarska2025_associations,24,49,7.154296875
Dymarska2025_associations,24,50,5.0419921875
Dymarska2025_associations,24,51,9.140625
Dymarska2025_associations,24,52,5.421875
Dymarska2025_associations,24,53,5.406219482421875
Dymarska2025_associations,24,54,8.205078125
Dymarska2025_associations,24,55,10.28125
Dymarska2025_associations,24,56,9.385711669921875
Dymarska2025_associations,24,57,4.94921875
Dymarska2025_associations,24,58,4.991424560546875
Dymarska2025_associations,24,59,3.23388671875
Dymarska2025_associations,24,60,2.609375
Dymarska2025_associations,24,61,8.625
Dymarska2025_associations,24,62,4.40625
Dymarska2025_associations,24,63,9.1796875
Dymarska2025_associations,24,64,2.7890625
Dymarska2025_associations,24,65,6.6875
Dymarska2025_associations,24,66,10.69580078125
Dymarska2025_associations,24,67,4.2958984375
Dymarska2025_associations,24,68,4.375
Dymarska2025_associations,24,69,3.404296875
Dymarska2025_associations,24,70,8.5390625
Dymarska2025_associations,24,71,8.0234375
Dymarska2025_associations,24,72,5.161376953125
Dymarska2025_associations,24,73,3.732421875
Dymarska2025_associations,24,74,11.34375
Dymarska2025_associations,24,75,7.07275390625
Dymarska2025_associations,24,76,7.531005859375
Dymarska2025_associations,24,77,5.794921875
Dymarska2025_associations,24,78,7.0
Dymarska2025_associations,24,79,2.8671875
Dymarska2025_associations,24,80,11.671875
Dymarska2025_associations,24,81,7.640625
Dymarska2025_associations,24,82,4.210693359375
Dymarska2025_associations,24,83,7.7001953125
Dymarska2025_associations,24,84,3.78564453125
Dymarska2025_associations,24,85,8.929443359375
Dymarska2025_associations,24,86,4.5986328125
Dymarska2025_associations,24,87,6.685546875
Dymarska2025_associations,24,88,6.1875
Dymarska2025_associations,24,89,3.109375
Dymarska2025_associations,24,90,8.46875
Dymarska2025_associations,24,91,7.163330078125
Dymarska2025_associations,24,92,9.3125
Dymarska2025_associations,24,93,9.10546875
Dymarska2025_associations,24,94,3.44970703125
Dymarska2025_associations,24,95,9.83984375
Dymarska2025_associations,24,96,3.16015625
Dymarska2025_associations,24,97,6.091796875
Dymarska2025_associations,24,98,6.5625
Dymarska2025_associations,24,99,7.0625
Dymarska2025_associations,24,100,10.11572265625
Dymarska2025_associations,24,101,6.40625
Dymarska2025_associations,24,102,5.890625
Dymarska2025_associations,24,103,8.0
Dymarska2025_associations,24,104,5.6669921875
Dymarska2025_associations,24,105,4.5234375
Dymarska2025_associations,24,106,7.304443359375
Dymarska2025_associations,24,107,4.83984375
Dymarska2025_associations,24,108,0.83203125
Dymarska2025_associations,24,109,3.23486328125
Dymarska2025_associations,24,110,0.792816162109375
Dymarska2025_associations,24,111,5.7958984375
Dymarska2025_associations,24,112,0.812469482421875
Dymarska2025_associations,24,113,7.70947265625
Dymarska2025_associations,24,114,11.2265625
Dymarska2025_associations,24,115,6.1405029296875
Dymarska2025_associations,24,116,8.39501953125
Dymarska2025_associations,24,117,7.375
Dymarska2025_associations,24,118,8.6328125
Dymarska2025_associations,24,119,6.3125
Dymarska2025_associations,24,120,3.76025390625
Dymarska2025_associations,24,121,6.3592529296875
Dymarska2025_associations,24,122,4.625
Dymarska2025_associations,24,123,10.703125
Dymarska2025_associations,24,124,8.0654296875
Dymarska2025_associations,24,125,3.125
Dymarska2025_associations,24,126,6.125
Dymarska2025_associations,24,127,7.640625
Dymarska2025_associations,24,128,5.46875
Dymarska2025_associations,24,129,7.314453125
Dymarska2025_associations,24,130,6.875
Dymarska2025_associations,24,131,2.7861328125
Dymarska2025_associations,24,132,10.33203125
Dymarska2025_associations,24,133,7.25
Dymarska2025_associations,24,134,8.34375
Dymarska2025_associations,24,135,7.0477294921875
Dymarska2025_associations,24,136,6.375
Dymarska2025_associations,24,137,7.06640625
Dymarska2025_associations,24,138,9.4765625
Dymarska2025_associations,24,139,6.71875
Dymarska2025_associations,24,140,12.984375
Dymarska2025_associations,24,141,5.726531982421875
Dymarska2025_associations,24,142,7.1875
Dymarska2025_associations,24,143,3.7069091796875
Dymarska2025_associations,24,144,7.046875
Dymarska2025_associations,24,145,6.210693359375
Dymarska2025_associations,24,146,5.679443359375
Dymarska2025_associations,24,147,6.45703125
Dymarska2025_associations,24,148,6.1875
Dymarska2025_associations,24,149,2.916015625
Dymarska2025_associations,24,150,6.6640625
Dymarska2025_associations,24,151,4.117431640625
Dymarska2025_associations,24,152,4.8125
Dymarska2025_associations,24,153,2.01171875
Dymarska2025_associations,24,154,7.9296875
Dymarska2025_associations,24,155,6.43359375
Dymarska2025_associations,24,156,5.4833984375
Dymarska2025_associations,24,157,8.6875
Dymarska2025_associations,24,158,4.767578125
Dymarska2025_associations,24,159,6.3896484375
Dymarska2025_associations,24,160,10.25
Dymarska2025_associations,24,161,2.4583740234375
Dymarska2025_associations,24,162,5.39453125
Dymarska2025_associations,24,163,6.109375
Dymarska2025_associations,24,164,6.91015625
Dymarska2025_associations,24,165,5.52734375
Dymarska2025_associations,24,166,8.1875
Dymarska2025_associations,24,167,3.4609375
Dymarska2025_associations,24,168,3.921600341796875
Dymarska2025_associations,24,169,2.6953125
Dymarska2025_associations,24,170,1.7783203125
Dymarska2025_associations,24,171,4.91845703125
Dymarska2025_associations,24,172,9.65234375
Dymarska2025_associations,24,173,6.751953125
Dymarska2025_associations,24,174,6.216796875
Dymarska2025_associations,24,175,2.6328125
Dymarska2025_associations,24,176,7.984375
Dymarska2025_associations,24,177,4.031219482421875
Dymarska2025_associations,24,178,6.4853515625
Dymarska2025_associations,24,179,6.67041015625
Dymarska2025_associations,24,180,7.1444091796875
Dymarska2025_associations,24,181,11.21484375
Dymarska2025_associations,24,182,9.9375
Dymarska2025_associations,24,183,6.48291015625
Dymarska2025_associations,24,184,6.029296875
Dymarska2025_associations,24,185,5.78759765625
Dymarska2025_associations,24,186,3.359375
Dymarska2025_associations,24,187,3.04150390625
Dymarska2025_associations,24,188,4.921844482421875
Dymarska2025_associations,25,0,6.69140625
Dymarska2025_associations,25,1,7.5390625
Dymarska2025_associations,25,2,9.9375
Dymarska2025_associations,25,3,6.58447265625
Dymarska2025_associations,25,4,6.5625
Dymarska2025_associations,25,5,6.28125
Dymarska2025_associations,25,6,4.640625
Dymarska2025_associations,25,7,7.5
Dymarska2025_associations,25,8,5.0849609375
Dymarska2025_associations,25,9,10.65625
Dymarska2025_associations,25,10,11.015625
Dymarska2025_associations,25,11,9.0
Dymarska2025_associations,25,12,9.9140625
Dymarska2025_associations,25,13,5.265625
Dymarska2025_associations,25,14,8.40625
Dymarska2025_associations,25,15,10.0859375
Dymarska2025_associations,25,16,6.826171875
Dymarska2025_associations,25,17,7.89501953125
Dymarska2025_associations,25,18,7.39453125
Dymarska2025_associations,25,19,7.65625
Dymarska2025_associations,25,20,2.6005859375
Dymarska2025_associations,25,21,4.8515625
Dymarska2025_associations,25,22,4.75
Dymarska2025_associations,25,23,6.125
Dymarska2025_associations,25,24,8.0234375
Dymarska2025_associations,25,25,4.125
Dymarska2025_associations,25,26,3.140625
Dymarska2025_associations,25,27,6.4375
Dymarska2025_associations,25,28,7.78125
Dymarska2025_associations,25,29,5.75
Dymarska2025_associations,25,30,6.734375
Dymarska2025_associations,25,31,4.734375
Dymarska2025_associations,25,32,5.5
Dymarska2025_associations,25,33,8.5625
Dymarska2025_associations,25,34,8.1171875
Dymarska2025_associations,25,35,6.75
Dymarska2025_associations,25,36,6.863037109375
Dymarska2025_associations,25,37,5.375
Dymarska2025_associations,25,38,4.25
Dymarska2025_associations,25,39,5.52001953125
Dymarska2025_associations,25,40,1.132781982421875
Dymarska2025_associations,25,41,6.66015625
Dymarska2025_associations,25,42,5.1875
Dymarska2025_associations,25,43,9.28125
Dymarska2025_associations,25,44,6.375
Dymarska2025_associations,25,45,5.98828125
Dymarska2025_associations,25,46,7.453125
Dymarska2025_associations,25,47,6.46875
Dymarska2025_associations,25,48,8.43701171875
Dymarska2025_associations,25,49,6.601531982421875
Dymarska2025_associations,25,50,6.37109375
Dymarska2025_associations,25,51,3.466796875
Dymarska2025_associations,25,52,10.18359375
Dymarska2025_associations,25,53,7.4453125
Dymarska2025_associations,25,54,7.296875
Dymarska2025_associations,25,55,6.03125
Dymarska2025_associations,25,56,5.2158203125
Dymarska2025_associations,25,57,6.265625
Dymarska2025_associations,25,58,7.34375
Dymarska2025_associations,25,59,7.875
Dymarska2025_associations,25,60,9.5546875
Dymarska2025_associations,25,61,7.397705078125
Dymarska2025_associations,25,62,5.31201171875
Dymarska2025_associations,25,63,9.359375
Dymarska2025_associations,25,64,6.8046875
Dymarska2025_associations,25,65,9.625
Dymarska2025_associations,25,66,2.8427734375
Dymarska2025_associations,25,67,4.84375
Dymarska2025_associations,25,68,5.5623779296875
Dymarska2025_associations,25,69,5.2578125
Dymarska2025_associations,25,70,4.703125
Dymarska2025_associations,25,71,3.14453125
Dymarska2025_associations,25,72,7.9375
Dymarska2025_associations,25,73,5.44140625
Dymarska2025_associations,25,74,9.638671875
Dymarska2025_associations,25,75,3.650390625
Dymarska2025_associations,25,76,5.48388671875
Dymarska2025_associations,25,77,5.68701171875
Dymarska2025_associations,25,78,9.890625
Dymarska2025_associations,25,79,7.1875
Dymarska2025_associations,25,80,3.757781982421875
Dymarska2025_associations,25,81,8.5
Dymarska2025_associations,25,82,5.6015625
Dymarska2025_associations,25,83,6.68017578125
Dymarska2025_associations,25,84,10.81201171875
Dymarska2025_associations,25,85,6.5458984375
Dymarska2025_associations,25,86,8.1171875
Dymarska2025_associations,25,87,8.125
Dymarska2025_associations,25,88,6.5625
Dymarska2025_associations,25,89,9.6875
Dymarska2025_associations,25,90,5.90576171875
Dymarska2025_associations,25,91,7.34375
Dymarska2025_associations,25,92,6.5
Dymarska2025_associations,25,93,10.96875
Dymarska2025_associations,25,94,7.828125
Dymarska2025_associations,25,95,5.39453125
Dymarska2025_associations,25,96,7.5
Dymarska2025_associations,25,97,7.203125
Dymarska2025_associations,25,98,6.65625
Dymarska2025_associations,25,99,5.6875
Dymarska2025_associations,25,100,3.5400390625
Dymarska2025_associations,25,101,7.265625
Dymarska2025_associations,25,102,5.36767578125
Dymarska2025_associations,25,103,6.625
Dymarska2025_associations,25,104,4.9375
Dymarska2025_associations,25,105,4.5078125
Dymarska2025_associations,25,106,5.48046875
Dymarska2025_associations,25,107,8.625
Dymarska2025_associations,25,108,7.90625
Dymarska2025_associations,25,109,1.976531982421875
Dymarska2025_associations,25,110,8.859375
Dymarska2025_associations,25,111,7.375
Dymarska2025_associations,25,112,6.296875
Dymarska2025_associations,25,113,8.375
Dymarska2025_associations,25,114,4.875
Dymarska2025_associations,25,115,7.9921875
Dymarska2025_associations,25,116,4.0625
Dymarska2025_associations,25,117,4.265625
Dymarska2025_associations,25,118,7.375
Dymarska2025_associations,25,119,8.1875
Dymarska2025_associations,25,120,8.828125
Dymarska2025_associations,25,121,9.4375
Dymarska2025_associations,25,122,7.43359375
Dymarska2025_associations,25,123,6.2275390625
Dymarska2025_associations,25,124,5.751953125
Dymarska2025_associations,25,125,6.75
Dymarska2025_associations,25,126,5.9375
Dymarska2025_associations,25,127,6.51904296875
Dymarska2025_associations,25,128,3.9140625
Dymarska2025_associations,25,129,11.25
Dymarska2025_associations,25,130,5.796875
Dymarska2025_associations,25,131,5.4375
Dymarska2025_associations,25,132,3.45703125
Dymarska2025_associations,25,133,8.9375
Dymarska2025_associations,25,134,6.703125
Dymarska2025_associations,25,135,7.71875
Dymarska2025_associations,25,136,9.6875
Dymarska2025_associations,25,137,4.6171875
Dymarska2025_associations,25,138,7.257293701171875
Dymarska2025_associations,25,139,4.71875
Dymarska2025_associations,25,140,7.40625
Dymarska2025_associations,25,141,5.33447265625
Dymarska2025_associations,25,142,5.5
Dymarska2025_associations,25,143,4.8587646484375
Dymarska2025_associations,25,144,4.3125
Dymarska2025_associations,25,145,9.0
Dymarska2025_associations,25,146,3.5
Dymarska2025_associations,25,147,10.3515625
Dymarska2025_associations,25,148,7.226318359375
Dymarska2025_associations,25,149,7.5
Dymarska2025_associations,25,150,10.9140625
Dymarska2025_associations,25,151,8.5
Dymarska2025_associations,25,152,3.65625
Dymarska2025_associations,25,153,10.5234375
Dymarska2025_associations,25,154,6.8125
Dymarska2025_associations,25,155,5.75
Dymarska2025_associations,25,156,3.3125
Dymarska2025_associations,25,157,4.53125
Dymarska2025_associations,25,158,7.6875
Dymarska2025_associations,25,159,6.7900390625
Dymarska2025_associations,25,160,10.65625
Dymarska2025_associations,25,161,8.96875
Dymarska2025_associations,25,162,11.125
Dymarska2025_associations,25,163,5.382080078125
Dymarska2025_associations,25,164,11.5234375
Dymarska2025_associations,25,165,10.8779296875
Dymarska2025_associations,25,166,8.73828125
Dymarska2025_associations,25,167,11.1640625
Dymarska2025_associations,25,168,8.0625
Dymarska2025_associations,25,169,9.9765625
Dymarska2025_associations,25,170,6.703125
Dymarska2025_associations,25,171,4.78125
Dymarska2025_associations,25,172,5.484375
Dymarska2025_associations,25,173,10.2734375
Dymarska2025_associations,25,174,8.875
Dymarska2025_associations,25,175,8.03125
Dymarska2025_associations,25,176,7.5625
Dymarska2025_associations,25,177,5.44140625
Dymarska2025_associations,25,178,9.55859375
Dymarska2025_associations,25,179,5.40625
Dymarska2025_associations,25,180,2.35693359375
Dymarska2025_associations,25,181,5.4296875
Dymarska2025_associations,25,182,6.5859375
Dymarska2025_associations,25,183,5.9609375
Dymarska2025_associations,25,184,9.125
Dymarska2025_associations,25,185,6.578125
Dymarska2025_associations,25,186,14.904296875
Dymarska2025_associations,25,187,6.5625
Dymarska2025_associations,25,188,6.671875
Dymarska2025_associations,25,189,6.71875
Dymarska2025_associations,25,190,7.875
Dymarska2025_associations,25,191,6.0625
Dymarska2025_associations,25,192,5.203125
Dymarska2025_associations,25,193,3.96826171875
Dymarska2025_associations,25,194,6.1875
Dymarska2025_associations,25,195,4.6552734375
Dymarska2025_associations,25,196,8.59375
Dymarska2025_associations,25,197,6.021453857421875
Dymarska2025_associations,25,198,8.25
Dymarska2025_associations,25,199,6.0625
Dymarska2025_associations,26,0,3.357421875
Dymarska2025_associations,26,1,3.804443359375
Dymarska2025_associations,26,2,6.71826171875
Dymarska2025_associations,26,3,4.984375
Dymarska2025_associations,26,4,8.75
Dymarska2025_associations,26,5,5.9375
Dymarska2025_associations,26,6,3.74072265625
Dymarska2025_associations,26,7,5.74609375
Dymarska2025_associations,26,8,5.8515625
Dymarska2025_associations,26,9,1.33349609375
Dymarska2025_associations,26,10,2.984344482421875
Dymarska2025_associations,26,11,10.43359375
Dymarska2025_associations,26,12,5.8466796875
Dymarska2025_associations,26,13,16.453125
Dymarska2025_associations,26,14,3.0703125
Dymarska2025_associations,26,15,16.316375732421875
Dymarska2025_associations,26,16,9.96875
Dymarska2025_associations,26,17,15.671875
Dymarska2025_associations,26,18,5.37744140625
Dymarska2025_associations,26,19,8.7646484375
Dymarska2025_associations,26,20,4.125
Dymarska2025_associations,26,21,12.289794921875
Dymarska2025_associations,26,22,3.60009765625
Dymarska2025_associations,26,23,4.65625
Dymarska2025_associations,26,24,6.91015625
Dymarska2025_associations,26,25,4.398193359375
Dymarska2025_associations,26,26,5.88623046875
Dymarska2025_associations,26,27,6.648284912109375
Dymarska2025_associations,26,28,8.875
Dymarska2025_associations,26,29,5.0693359375
Dymarska2025_associations,26,30,3.5771484375
Dymarska2025_associations,26,31,9.625
Dymarska2025_associations,26,32,6.03125
Dymarska2025_associations,26,33,3.0625
Dymarska2025_associations,26,34,3.714813232421875
Dymarska2025_associations,26,35,7.09765625
Dymarska2025_associations,26,36,3.98828125
Dymarska2025_associations,26,37,6.515625
Dymarska2025_associations,26,38,4.4140625
Dymarska2025_associations,26,39,3.2275390625
Dymarska2025_associations,26,40,4.386688232421875
Dymarska2025_associations,26,41,8.820281982421875
Dymarska2025_associations,26,42,10.1875
Dymarska2025_associations,26,43,4.5703125
Dymarska2025_associations,26,44,7.25
Dymarska2025_associations,26,45,6.117156982421875
Dymarska2025_associations,26,46,6.859375
Dymarska2025_associations,26,47,5.875
Dymarska2025_associations,26,48,8.00390625
Dymarska2025_associations,26,49,7.1787109375
Dymarska2025_associations,26,50,7.625
Dymarska2025_associations,26,51,4.4375
Dymarska2025_associations,26,52,3.9921875
Dymarska2025_associations,26,53,6.34375
Dymarska2025_associations,26,54,6.5
Dymarska2025_associations,26,55,11.953125
Dymarska2025_associations,26,56,16.45947265625
Dymarska2025_associations,26,57,8.390625
Dymarska2025_associations,26,58,6.5
Dymarska2025_associations,26,59,4.61083984375
Dymarska2025_associations,26,60,12.4453125
Dymarska2025_associations,26,61,3.37451171875
Dymarska2025_associations,26,62,8.5
Dymarska2025_associations,26,63,3.5
Dymarska2025_associations,26,64,3.984375
Dymarska2025_associations,26,65,5.2578125
Dymarska2025_associations,26,66,6.69921875
Dymarska2025_associations,26,67,8.429656982421875
Dymarska2025_associations,26,68,3.7225341796875
Dymarska2025_associations,26,69,8.828125
Dymarska2025_associations,26,70,2.70703125
Dymarska2025_associations,26,71,6.59375
Dymarska2025_associations,26,72,5.07958984375
Dymarska2025_associations,26,73,2.082489013671875
Dymarska2025_associations,26,74,6.15625
Dymarska2025_associations,26,75,6.779296875
Dymarska2025_associations,26,76,7.421875
Dymarska2025_associations,26,77,5.6923828125
Dymarska2025_associations,26,78,3.84375
Dymarska2025_associations,26,79,2.8251953125
Dymarska2025_associations,26,80,8.1875
Dymarska2025_associations,26,81,3.7412109375
Dymarska2025_associations,26,82,6.3905029296875
Dymarska2025_associations,26,83,10.359375
Dymarska2025_associations,26,84,5.9609375
Dymarska2025_associations,26,85,8.5595703125
Dymarska2025_associations,26,86,18.18359375
Dymarska2025_associations,26,87,10.28125
Dymarska2025_associations,26,88,4.49609375
Dymarska2025_associations,26,89,4.375
Dymarska2025_associations,26,90,1.928955078125
Dymarska2025_associations,26,91,4.4647216796875
Dymarska2025_associations,26,92,4.4530029296875
Dymarska2025_associations,26,93,14.92578125
Dymarska2025_associations,26,94,3.96875
Dymarska2025_associations,26,95,4.023193359375
Dymarska2025_associations,26,96,7.22265625
Dymarska2025_associations,26,97,7.59375
Dymarska2025_associations,26,98,3.5
Dymarska2025_associations,26,99,8.273193359375
Dymarska2025_associations,26,100,3.46484375
Dymarska2025_associations,26,101,4.498504638671875
Dymarska2025_associations,26,102,5.841796875
Dymarska2025_associations,26,103,3.453125
Dymarska2025_associations,26,104,4.955078125
Dymarska2025_associations,26,105,6.140625
Dymarska2025_associations,26,106,0.55078125
Dymarska2025_associations,26,107,2.188232421875
Dymarska2025_associations,26,108,3.04296875
Dymarska2025_associations,26,109,3.61328125
Dymarska2025_associations,26,110,7.078125
Dymarska2025_associations,26,111,4.75
Dymarska2025_associations,26,112,4.804656982421875
Dymarska2025_associations,26,113,3.1619873046875
Dymarska2025_associations,26,114,4.49609375
Dymarska2025_associations,26,115,8.19140625
Dymarska2025_associations,26,116,4.757781982421875
Dymarska2025_associations,26,117,6.4609375
Dymarska2025_associations,26,118,4.751953125
Dymarska2025_associations,26,119,5.7498779296875
Dymarska2025_associations,26,120,6.57421875
Dymarska2025_associations,26,121,6.087890625
Dymarska2025_associations,26,122,5.437255859375
Dymarska2025_associations,26,123,9.5625
Dymarska2025_associations,26,124,9.65625
Dymarska2025_associations,26,125,8.0078125
Dymarska2025_associations,26,126,8.2890625
Dymarska2025_associations,26,127,13.232177734375
Dymarska2025_associations,26,128,3.9217529296875
Dymarska2025_associations,26,129,5.335784912109375
Dymarska2025_associations,26,130,1.64453125
Dymarska2025_associations,26,131,3.04638671875
Dymarska2025_associations,26,132,4.976531982421875
Dymarska2025_associations,26,133,9.1982421875
Dymarska2025_associations,26,134,9.5
Dymarska2025_associations,26,135,4.345703125
Dymarska2025_associations,26,136,3.534881591796875
Dymarska2025_associations,26,137,5.49609375
Dymarska2025_associations,26,138,4.392547607421875
Dymarska2025_associations,26,139,6.796875
Dymarska2025_associations,26,140,6.0623779296875
Dymarska2025_associations,26,141,3.49609375
Dymarska2025_associations,26,142,5.2342529296875
Dymarska2025_associations,26,143,4.382781982421875
Dymarska2025_associations,26,144,6.7890625
Dymarska2025_associations,26,145,6.0625
Dymarska2025_associations,26,146,3.7412109375
Dymarska2025_associations,26,147,2.880859375
Dymarska2025_associations,26,148,19.5791015625
Dymarska2025_associations,26,149,4.37451171875
Dymarska2025_associations,26,150,2.859375
Dymarska2025_associations,26,151,2.55224609375
Dymarska2025_associations,26,152,7.445281982421875
Dymarska2025_associations,26,153,9.046875
Dymarska2025_associations,26,154,12.25
Dymarska2025_associations,26,155,7.9217529296875
Dymarska2025_associations,26,156,9.25
Dymarska2025_associations,26,157,6.6875
Dymarska2025_associations,26,158,9.390625
Dymarska2025_associations,26,159,8.1875
Dymarska2025_associations,26,160,7.390625
Dymarska2025_associations,26,161,4.15625
Dymarska2025_associations,26,162,5.1796875
Dymarska2025_associations,26,163,12.921875
Dymarska2025_associations,26,164,7.9921875
Dymarska2025_associations,26,165,6.0780029296875
Dymarska2025_associations,26,166,2.710906982421875
Dymarska2025_associations,26,167,19.070281982421875
Dymarska2025_associations,26,168,9.203125
Dymarska2025_associations,26,169,11.078125
Dymarska2025_associations,26,170,4.257781982421875
Dymarska2025_associations,26,171,1.2421875
Dymarska2025_associations,26,172,4.21875
Dymarska2025_associations,26,173,6.109375
Dymarska2025_associations,26,174,4.6326904296875
Dymarska2025_associations,26,175,2.5458984375
Dymarska2025_associations,26,176,8.125
Dymarska2025_associations,26,177,5.375
Dymarska2025_associations,26,178,3.875
Dymarska2025_associations,26,179,6.30322265625
Dymarska2025_associations,26,180,4.828125
Dymarska2025_associations,26,181,5.50390625
Dymarska2025_associations,26,182,5.656219482421875
Dymarska2025_associations,26,183,2.78125
Dymarska2025_associations,26,184,5.21875
Dymarska2025_associations,26,185,9.2529296875
Dymarska2025_associations,26,186,15.0
Dymarska2025_associations,26,187,9.109375
Dymarska2025_associations,26,188,6.0799560546875
Dymarska2025_associations,26,189,2.841796875
Dymarska2025_associations,27,0,8.828125
Dymarska2025_associations,27,1,10.46875
Dymarska2025_associations,27,2,9.4189453125
Dymarska2025_associations,27,3,8.59375
Dymarska2025_associations,27,4,15.3162841796875
Dymarska2025_associations,27,5,7.73828125
Dymarska2025_associations,27,6,20.7578125
Dymarska2025_associations,27,7,6.0625
Dymarska2025_associations,27,8,6.1875
Dymarska2025_associations,27,9,4.05078125
Dymarska2025_associations,27,10,9.68359375
Dymarska2025_associations,27,11,7.28125
Dymarska2025_associations,27,12,7.76953125
Dymarska2025_associations,27,13,3.3125
Dymarska2025_associations,27,14,4.96875
Dymarska2025_associations,27,15,10.0546875
Dymarska2025_associations,27,16,11.59375
Dymarska2025_associations,27,17,8.5780029296875
Dymarska2025_associations,27,18,7.84375
Dymarska2025_associations,27,19,0.2294921875
Dymarska2025_associations,27,20,7.859375
Dymarska2025_associations,27,21,6.5419921875
Dymarska2025_associations,27,22,7.296875
Dymarska2025_associations,27,23,7.576171875
Dymarska2025_associations,27,24,13.126953125
Dymarska2025_associations,27,25,7.05078125
Dymarska2025_associations,27,26,6.888671875
Dymarska2025_associations,27,27,5.574188232421875
Dymarska2025_associations,27,28,5.03515625
Dymarska2025_associations,27,29,8.703125
Dymarska2025_associations,27,30,10.453125
Dymarska2025_associations,27,31,5.27294921875
Dymarska2025_associations,27,32,7.140625
Dymarska2025_associations,27,33,5.9375
Dymarska2025_associations,27,34,6.546875
Dymarska2025_associations,27,35,3.632568359375
Dymarska2025_associations,27,36,5.15625
Dymarska2025_associations,27,37,5.1455078125
Dymarska2025_associations,27,38,3.001953125
Dymarska2025_associations,27,39,8.5
Dymarska2025_associations,27,40,7.788543701171875
Dymarska2025_associations,27,41,4.876220703125
Dymarska2025_associations,27,42,2.5623779296875
Dymarska2025_associations,27,43,4.53125
Dymarska2025_associations,27,44,7.163330078125
Dymarska2025_associations,27,45,6.65625
Dymarska2025_associations,27,46,5.15625
Dymarska2025_associations,27,47,7.817626953125
Dymarska2025_associations,27,48,2.7886962890625
Dymarska2025_associations,27,49,6.4921875
Dymarska2025_associations,27,50,7.96875
Dymarska2025_associations,27,51,6.875
Dymarska2025_associations,27,52,7.078125
Dymarska2025_associations,27,53,3.070068359375
Dymarska2025_associations,27,54,8.8280029296875
Dymarska2025_associations,27,55,8.575653076171875
Dymarska2025_associations,27,56,6.0625
Dymarska2025_associations,27,57,4.015625
Dymarska2025_associations,27,58,8.5
Dymarska2025_associations,27,59,5.296875
Dymarska2025_associations,27,60,6.632080078125
Dymarska2025_associations,27,61,3.17181396484375
Dymarska2025_associations,27,62,5.546875
Dymarska2025_associations,27,63,4.71875
Dymarska2025_associations,27,64,6.453125
Dymarska2025_associations,27,65,11.343475341796875
Dymarska2025_associations,27,66,4.525390625
Dymarska2025_associations,27,67,4.03564453125
Dymarska2025_associations,27,68,9.87890625
Dymarska2025_associations,27,69,7.0517578125
Dymarska2025_associations,27,70,10.054046630859375
Dymarska2025_associations,27,71,2.8427734375
Dymarska2025_associations,27,72,5.65625
Dymarska2025_associations,27,73,8.5625
Dymarska2025_associations,27,74,0.98828125
Dymarska2025_associations,27,75,4.4375
Dymarska2025_associations,27,76,2.875
Dymarska2025_associations,27,77,5.654296875
Dymarska2025_associations,27,78,4.28515625
Dymarska2025_associations,27,79,8.109344482421875
Dymarska2025_associations,27,80,7.45703125
Dymarska2025_associations,27,81,6.0
Dymarska2025_associations,27,82,8.652099609375
Dymarska2025_associations,27,83,3.859375
Dymarska2025_associations,27,84,3.802734375
Dymarska2025_associations,27,85,7.890625
Dymarska2025_associations,27,86,4.163330078125
Dymarska2025_associations,27,87,7.44921875
Dymarska2025_associations,27,88,7.46875
Dymarska2025_associations,27,89,6.8125
Dymarska2025_associations,27,90,7.53125
Dymarska2025_associations,27,91,7.99072265625
Dymarska2025_associations,27,92,6.328125
Dymarska2025_associations,27,93,9.71875
Dymarska2025_associations,27,94,7.63671875
Dymarska2025_associations,27,95,3.5194091796875
Dymarska2025_associations,27,96,4.1484375
Dymarska2025_associations,27,97,2.53118896484375
Dymarska2025_associations,27,98,8.375
Dymarska2025_associations,27,99,5.353515625
Dymarska2025_associations,27,100,4.1083984375
Dymarska2025_associations,27,101,3.17626953125
Dymarska2025_associations,27,102,7.5654296875
Dymarska2025_associations,27,103,3.71875
Dymarska2025_associations,27,104,7.73046875
Dymarska2025_associations,27,105,2.572265625
Dymarska2025_associations,27,106,2.791961669921875
Dymarska2025_associations,27,107,4.8125
Dymarska2025_associations,27,108,3.4930419921875
Dymarska2025_associations,27,109,5.44140625
Dymarska2025_associations,27,110,2.394500732421875
Dymarska2025_associations,27,111,7.7734375
Dymarska2025_associations,27,112,6.9375
Dymarska2025_associations,27,113,5.40625
Dymarska2025_associations,27,114,1.2265625
Dymarska2025_associations,27,115,1.56640625
Dymarska2025_associations,27,116,4.23388671875
Dymarska2025_associations,27,117,5.6982421875
Dymarska2025_associations,27,118,4.3125
Dymarska2025_associations,27,119,2.390625
Dymarska2025_associations,27,120,6.276611328125
Dymarska2025_associations,27,121,8.467987060546875
Dymarska2025_associations,27,122,4.65625
Dymarska2025_associations,27,123,6.08984375
Dymarska2025_associations,27,124,9.3125
Dymarska2025_associations,27,125,5.7392578125
Dymarska2025_associations,27,126,7.59375
Dymarska2025_associations,27,127,4.966796875
Dymarska2025_associations,27,128,7.6639404296875
Dymarska2025_associations,27,129,6.33251953125
Dymarska2025_associations,27,130,7.234375
Dymarska2025_associations,27,131,5.296875
Dymarska2025_associations,27,132,6.046875
Dymarska2025_associations,27,133,5.9375
Dymarska2025_associations,27,134,6.6875
Dymarska2025_associations,27,135,4.726531982421875
Dymarska2025_associations,27,136,8.945281982421875
Dymarska2025_associations,27,137,4.1025390625
Dymarska2025_associations,27,138,5.78759765625
Dymarska2025_associations,27,139,7.4140625
Dymarska2025_associations,27,140,8.7333984375
Dymarska2025_associations,27,141,7.828125
Dymarska2025_associations,27,142,3.8427734375
Dymarska2025_associations,27,143,3.56689453125
Dymarska2025_associations,27,144,5.64453125
Dymarska2025_associations,27,145,6.421875
Dymarska2025_associations,27,146,8.625
Dymarska2025_associations,27,147,5.26513671875
Dymarska2025_associations,27,148,12.109375
Dymarska2025_associations,27,149,2.184326171875
Dymarska2025_associations,27,150,6.015625
Dymarska2025_associations,27,151,3.3905029296875
Dymarska2025_associations,27,152,5.00634765625
Dymarska2025_associations,27,153,9.53125
Dymarska2025_associations,27,154,10.46875
Dymarska2025_associations,27,155,1.18701171875
Dymarska2025_associations,27,156,5.203125
Dymarska2025_associations,27,157,2.359344482421875
Dymarska2025_associations,27,158,6.929443359375
Dymarska2025_associations,27,159,15.8125
Dymarska2025_associations,27,160,6.75
Dymarska2025_associations,27,161,6.1875
Dymarska2025_associations,27,162,7.2421875
Dymarska2025_associations,27,163,4.15625
Dymarska2025_associations,27,164,4.6171875
Dymarska2025_associations,27,165,9.046875
Dymarska2025_associations,27,166,8.945281982421875
Dymarska2025_associations,27,167,8.375
Dymarska2025_associations,27,168,4.1328125
Dymarska2025_associations,27,169,10.6796875
Dymarska2025_associations,27,170,9.39892578125
Dymarska2025_associations,27,171,9.4375
Dymarska2025_associations,27,172,4.90625
Dymarska2025_associations,27,173,4.80859375
Dymarska2025_associations,27,174,0.78509521484375
Dymarska2025_associations,27,175,2.100830078125
Dymarska2025_associations,27,176,5.6875
Dymarska2025_associations,27,177,8.44921875
Dymarska2025_associations,27,178,3.880126953125
Dymarska2025_associations,27,179,8.31396484375
Dymarska2025_associations,27,180,11.0
Dymarska2025_associations,27,181,5.45703125
Dymarska2025_associations,27,182,3.648406982421875
Dymarska2025_associations,27,183,5.53125
Dymarska2025_associations,27,184,7.6875
Dymarska2025_associations,27,185,4.9217529296875
Dymarska2025_associations,27,186,14.73046875
Dymarska2025_associations,27,187,10.125
Dymarska2025_associations,27,188,4.435546875
Dymarska2025_associations,27,189,12.53125
Dymarska2025_associations,27,190,7.1875
Dymarska2025_associations,27,191,4.78271484375
Dymarska2025_associations,27,192,5.9375
Dymarska2025_associations,27,193,7.53125
Dymarska2025_associations,28,0,12.951171875
Dymarska2025_associations,28,1,11.576171875
Dymarska2025_associations,28,2,7.148193359375
Dymarska2025_associations,28,3,12.71875
Dymarska2025_associations,28,4,6.16015625
Dymarska2025_associations,28,5,5.0908203125
Dymarska2025_associations,28,6,9.44921875
Dymarska2025_associations,28,7,9.9609375
Dymarska2025_associations,28,8,8.1875
Dymarska2025_associations,28,9,7.6875
Dymarska2025_associations,28,10,3.265625
Dymarska2025_associations,28,11,19.71875
Dymarska2025_associations,28,12,17.77734375
Dymarska2025_associations,28,13,7.875
Dymarska2025_associations,28,14,13.685516357421875
Dymarska2025_associations,28,15,6.9375
Dymarska2025_associations,28,16,11.1873779296875
Dymarska2025_associations,28,17,10.1123046875
Dymarska2025_associations,28,18,10.15625
Dymarska2025_associations,28,19,7.28125
Dymarska2025_associations,28,20,3.390625
Dymarska2025_associations,28,21,13.625
Dymarska2025_associations,28,22,7.17578125
Dymarska2025_associations,28,23,10.65625
Dymarska2025_associations,28,24,6.125
Dymarska2025_associations,28,25,7.6875
Dymarska2025_associations,28,26,8.408203125
Dymarska2025_associations,28,27,8.1875
Dymarska2025_associations,28,28,8.119140625
Dymarska2025_associations,28,29,7.6875
Dymarska2025_associations,28,30,9.40625
Dymarska2025_associations,28,31,11.55029296875
Dymarska2025_associations,28,32,12.5780029296875
Dymarska2025_associations,28,33,7.234375
Dymarska2025_associations,28,34,7.30859375
Dymarska2025_associations,28,35,3.8095703125
Dymarska2025_associations,28,36,6.765625
Dymarska2025_associations,28,37,5.765625
Dymarska2025_associations,28,38,7.140625
Dymarska2025_associations,28,39,9.734375
Dymarska2025_associations,28,40,16.5
Dymarska2025_associations,28,41,7.4140625
Dymarska2025_associations,28,42,7.03125
Dymarska2025_associations,28,43,4.984375
Dymarska2025_associations,28,44,4.005859375
Dymarska2025_associations,28,45,7.138671875
Dymarska2025_associations,28,46,6.419921875
Dymarska2025_associations,28,47,6.4765625
Dymarska2025_associations,28,48,4.1328125
Dymarska2025_associations,28,49,5.910125732421875
Dymarska2025_associations,28,50,9.998046875
Dymarska2025_associations,28,51,5.93310546875
Dymarska2025_associations,28,52,6.5625
Dymarska2025_associations,28,53,8.882293701171875
Dymarska2025_associations,28,54,11.626953125
Dymarska2025_associations,28,55,7.275360107421875
Dymarska2025_associations,28,56,7.71875
Dymarska2025_associations,28,57,7.84375
Dymarska2025_associations,28,58,12.220703125
Dymarska2025_associations,28,59,6.181640625
Dymarska2025_associations,28,60,7.36572265625
Dymarska2025_associations,28,61,15.238037109375
Dymarska2025_associations,28,62,7.25
Dymarska2025_associations,28,63,2.874267578125
Dymarska2025_associations,28,64,10.03125
Dymarska2025_associations,28,65,6.828125
Dymarska2025_associations,28,66,4.7919921875
Dymarska2025_associations,28,67,2.7255859375
Dymarska2025_associations,28,68,10.28955078125
Dymarska2025_associations,28,69,8.38671875
Dymarska2025_associations,28,70,7.40625
Dymarska2025_associations,28,71,7.625
Dymarska2025_associations,28,72,4.8125
Dymarska2025_associations,28,73,7.0078125
Dymarska2025_associations,28,74,8.3065185546875
Dymarska2025_associations,28,75,10.90625
Dymarska2025_associations,28,76,13.804656982421875
Dymarska2025_associations,28,77,8.2890625
Dymarska2025_associations,28,78,4.046875
Dymarska2025_associations,28,79,10.4609375
Dymarska2025_associations,28,80,8.882781982421875
Dymarska2025_associations,28,81,8.43359375
Dymarska2025_associations,28,82,7.62109375
Dymarska2025_associations,28,83,3.779296875
Dymarska2025_associations,28,84,7.125
Dymarska2025_associations,28,85,7.6357421875
Dymarska2025_associations,28,86,9.9765625
Dymarska2025_associations,28,87,10.65625
Dymarska2025_associations,28,88,8.3125
Dymarska2025_associations,28,89,12.193359375
Dymarska2025_associations,28,90,11.375
Dymarska2025_associations,28,91,11.6015625
Dymarska2025_associations,28,92,15.19775390625
Dymarska2025_associations,28,93,16.0360107421875
Dymarska2025_associations,28,94,5.9754638671875
Dymarska2025_associations,28,95,6.638916015625
Dymarska2025_associations,28,96,6.65625
Dymarska2025_associations,28,97,7.625
Dymarska2025_associations,28,98,12.927734375
Dymarska2025_associations,28,99,9.44921875
Dymarska2025_associations,28,100,4.0
Dymarska2025_associations,28,101,20.44921875
Dymarska2025_associations,28,102,7.921875
Dymarska2025_associations,28,103,6.296875
Dymarska2025_associations,28,104,6.1728515625
Dymarska2025_associations,28,105,5.475830078125
Dymarska2025_associations,28,106,7.34375
Dymarska2025_associations,28,107,4.65625
Dymarska2025_associations,28,108,11.1875
Dymarska2025_associations,28,109,11.390625
Dymarska2025_associations,28,110,6.08203125
Dymarska2025_associations,28,111,10.53125
Dymarska2025_associations,28,112,6.90625
Dymarska2025_associations,28,113,7.5194091796875
Dymarska2025_associations,28,114,6.646484375
Dymarska2025_associations,28,115,6.9375
Dymarska2025_associations,28,116,3.0546875
Dymarska2025_associations,28,117,6.337890625
Dymarska2025_associations,28,118,5.4217529296875
Dymarska2025_associations,28,119,11.875
Dymarska2025_associations,28,120,5.597625732421875
Dymarska2025_associations,28,121,5.8203125
Dymarska2025_associations,28,122,7.109375
Dymarska2025_associations,28,123,7.0
Dymarska2025_associations,28,124,5.71875
Dymarska2025_associations,28,125,3.671875
Dymarska2025_associations,28,126,6.0546875
Dymarska2025_associations,28,127,9.6875
Dymarska2025_associations,28,128,5.328094482421875
Dymarska2025_associations,28,129,7.93359375
Dymarska2025_associations,28,130,6.75
Dymarska2025_associations,28,131,9.34765625
Dymarska2025_associations,28,132,4.203125
Dymarska2025_associations,28,133,8.734375
Dymarska2025_associations,28,134,6.55462646484375
Dymarska2025_associations,28,135,8.421875
Dymarska2025_associations,28,136,2.3076171875
Dymarska2025_associations,28,137,5.6826171875
Dymarska2025_associations,28,138,11.6953125
Dymarska2025_associations,28,139,7.765625
Dymarska2025_associations,28,140,6.3623046875
Dymarska2025_associations,28,141,11.59375
Dymarska2025_associations,28,142,5.90625
Dymarska2025_associations,28,143,9.5166015625
Dymarska2025_associations,28,144,16.0234375
Dymarska2025_associations,28,145,8.5283203125
Dymarska2025_associations,28,146,26.203125
Dymarska2025_associations,28,147,4.125
Dymarska2025_associations,28,148,8.0
Dymarska2025_associations,28,149,5.789031982421875
Dymarska2025_associations,28,150,3.3240966796875
Dymarska2025_associations,28,151,5.73431396484375
Dymarska2025_associations,28,152,8.921600341796875
Dymarska2025_associations,28,153,6.215789794921875
Dymarska2025_associations,29,0,3.341796875
Dymarska2025_associations,29,1,1.2646484375
Dymarska2025_associations,29,2,4.3232421875
Dymarska2025_associations,29,3,5.4287109375
Dymarska2025_associations,29,4,5.8125
Dymarska2025_associations,29,5,3.886688232421875
Dymarska2025_associations,29,6,5.466796875
Dymarska2025_associations,29,7,4.186767578125
Dymarska2025_associations,29,8,6.210906982421875
Dymarska2025_associations,29,9,3.75
Dymarska2025_associations,29,10,7.298828125
Dymarska2025_associations,29,11,4.5810546875
Dymarska2025_associations,29,12,2.8828125
Dymarska2025_associations,29,13,5.09375
Dymarska2025_associations,29,14,11.43359375
Dymarska2025_associations,29,15,8.375
Dymarska2025_associations,29,16,5.7421875
Dymarska2025_associations,29,17,5.0126953125
Dymarska2025_associations,29,18,9.9228515625
Dymarska2025_associations,29,19,3.4217529296875
Dymarska2025_associations,29,20,11.361083984375
Dymarska2025_associations,29,21,7.625
Dymarska2025_associations,29,22,10.1484375
Dymarska2025_associations,29,23,8.125
Dymarska2025_associations,29,24,5.69140625
Dymarska2025_associations,29,25,4.6083984375
Dymarska2025_associations,29,26,6.390625
Dymarska2025_associations,29,27,5.398193359375
Dymarska2025_associations,29,28,4.28955078125
Dymarska2025_associations,29,29,7.015625
Dymarska2025_associations,29,30,4.3984375
Dymarska2025_associations,29,31,2.9140625
Dymarska2025_associations,29,32,2.21875
Dymarska2025_associations,29,33,4.373046875
Dymarska2025_associations,29,34,6.9169921875
Dymarska2025_associations,29,35,10.95703125
Dymarska2025_associations,29,36,8.296875
Dymarska2025_associations,29,37,3.375
Dymarska2025_associations,29,38,3.138671875
Dymarska2025_associations,29,39,6.3338623046875
Dymarska2025_associations,29,40,3.125
Dymarska2025_associations,29,41,2.0625
Dymarska2025_associations,29,42,3.554656982421875
Dymarska2025_associations,29,43,3.7655029296875
Dymarska2025_associations,29,44,5.15625
Dymarska2025_associations,29,45,10.0625
Dymarska2025_associations,29,46,3.14013671875
Dymarska2025_associations,29,47,8.35546875
Dymarska2025_associations,29,48,6.951171875
Dymarska2025_associations,29,49,6.578125
Dymarska2025_associations,29,50,6.684814453125
Dymarska2025_associations,29,51,9.32275390625
Dymarska2025_associations,29,52,5.593505859375
Dymarska2025_associations,29,53,7.390625
Dymarska2025_associations,29,54,7.09375
Dymarska2025_associations,29,55,6.828125
Dymarska2025_associations,29,56,4.9482421875
Dymarska2025_associations,29,57,6.125
Dymarska2025_associations,29,58,6.140625
Dymarska2025_associations,29,59,5.5
Dymarska2025_associations,29,60,2.78125
Dymarska2025_associations,29,61,7.21484375
Dymarska2025_associations,29,62,13.625
Dymarska2025_associations,29,63,5.2576904296875
Dymarska2025_associations,29,64,13.47412109375
Dymarska2025_associations,29,65,8.03125
Dymarska2025_associations,29,66,4.77880859375
Dymarska2025_associations,29,67,5.2001953125
Dymarska2025_associations,29,68,5.734375
Dymarska2025_associations,29,69,6.578125
Dymarska2025_associations,29,70,4.97265625
Dymarska2025_associations,29,71,8.375
Dymarska2025_associations,29,72,8.8125
Dymarska2025_associations,29,73,7.16796875
Dymarska2025_associations,29,74,5.9375
Dymarska2025_associations,29,75,10.71875
Dymarska2025_associations,29,76,6.40625
Dymarska2025_associations,29,77,7.148406982421875
Dymarska2025_associations,29,78,3.2119140625
Dymarska2025_associations,29,79,8.7578125
Dymarska2025_associations,29,80,9.12890625
Dymarska2025_associations,29,81,5.263916015625
Dymarska2025_associations,29,82,5.1875
Dymarska2025_associations,29,83,5.56634521484375
Dymarska2025_associations,29,84,3.91796875
Dymarska2025_associations,29,85,2.773406982421875
Dymarska2025_associations,29,86,4.2030029296875
Dymarska2025_associations,29,87,6.3280029296875
Dymarska2025_associations,29,88,5.47314453125
Dymarska2025_associations,29,89,7.015625
Dymarska2025_associations,29,90,6.0078125
Dymarska2025_associations,29,91,6.5703125
Dymarska2025_associations,29,92,9.125
Dymarska2025_associations,29,93,3.6015625
Dymarska2025_associations,29,94,10.25
Dymarska2025_associations,29,95,5.1875
Dymarska2025_associations,29,96,4.5625
Dymarska2025_associations,29,97,6.375
Dymarska2025_associations,29,98,7.765625
Dymarska2025_associations,29,99,6.19140625
Dymarska2025_associations,29,100,5.93017578125
Dymarska2025_associations,29,101,3.669921875
Dymarska2025_associations,29,102,6.375
Dymarska2025_associations,29,103,2.0
Dymarska2025_associations,29,104,3.2197265625
Dymarska2025_associations,29,105,3.8017578125
Dymarska2025_associations,29,106,5.59375
Dymarska2025_associations,29,107,3.4842529296875
Dymarska2025_associations,29,108,2.341796875
Dymarska2025_associations,29,109,9.755859375
Dymarska2025_associations,29,110,11.328125
Dymarska2025_associations,29,111,7.375
Dymarska2025_associations,29,112,9.546875
Dymarska2025_associations,29,113,3.3984375
Dymarska2025_associations,29,114,3.724609375
Dymarska2025_associations,29,115,7.5078125
Dymarska2025_associations,29,116,5.4462890625
Dymarska2025_associations,29,117,9.890625
Dymarska2025_associations,29,118,6.02001953125
Dymarska2025_associations,29,119,2.15625
Dymarska2025_associations,29,120,4.5155029296875
Dymarska2025_associations,29,121,7.917724609375
Dymarska2025_associations,29,122,8.640625
Dymarska2025_associations,29,123,8.08984375
Dymarska2025_associations,29,124,3.0517578125
Dymarska2025_associations,29,125,7.65625
Dymarska2025_associations,29,126,3.01708984375
Dymarska2025_associations,29,127,2.34326171875
Dymarska2025_associations,29,128,5.937469482421875
Dymarska2025_associations,29,129,6.390625
Dymarska2025_associations,29,130,3.8740234375
Dymarska2025_associations,29,131,1.859344482421875
Dymarska2025_associations,29,132,9.6875
Dymarska2025_associations,29,133,3.005859375
Dymarska2025_associations,29,134,7.9375
Dymarska2025_associations,29,135,7.00390625
Dymarska2025_associations,29,136,6.421875
Dymarska2025_associations,29,137,7.708984375
Dymarska2025_associations,29,138,4.93359375
Dymarska2025_associations,29,139,10.453125
Dymarska2025_associations,29,140,4.28125
Dymarska2025_associations,29,141,3.806640625
Dymarska2025_associations,29,142,9.28125
Dymarska2025_associations,29,143,6.307861328125
Dymarska2025_associations,29,144,1.48046875
Dymarska2025_associations,29,145,9.7890625
Dymarska2025_associations,29,146,5.03125
Dymarska2025_associations,29,147,6.140625
Dymarska2025_associations,29,148,7.18359375
Dymarska2025_associations,29,149,7.0625
Dymarska2025_associations,29,150,8.97265625
Dymarska2025_associations,29,151,6.5546875
Dymarska2025_associations,29,152,7.0699462890625
Dymarska2025_associations,29,153,2.685546875
Dymarska2025_associations,29,154,5.75
Dymarska2025_associations,29,155,3.0126953125
Dymarska2025_associations,29,156,6.570159912109375
Dymarska2025_associations,29,157,2.341796875
Dymarska2025_associations,29,158,5.578125
Dymarska2025_associations,29,159,8.98388671875
Dymarska2025_associations,30,0,11.75
Dymarska2025_associations,30,1,7.1875
Dymarska2025_associations,30,2,7.890625
Dymarska2025_associations,30,3,8.69775390625
Dymarska2025_associations,30,4,6.921875
Dymarska2025_associations,30,5,3.5947265625
Dymarska2025_associations,30,6,5.96875
Dymarska2025_associations,30,7,9.060546875
Dymarska2025_associations,30,8,8.55126953125
Dymarska2025_associations,30,9,5.53125
Dymarska2025_associations,30,10,8.61865234375
Dymarska2025_associations,30,11,7.109375
Dymarska2025_associations,30,12,6.83984375
Dymarska2025_associations,30,13,8.1875
Dymarska2025_associations,30,14,7.875
Dymarska2025_associations,30,15,8.716796875
Dymarska2025_associations,30,16,7.3671875
Dymarska2025_associations,30,17,6.310546875
Dymarska2025_associations,30,18,7.125
Dymarska2025_associations,30,19,7.21875
Dymarska2025_associations,30,20,9.58251953125
Dymarska2025_associations,30,21,12.046875
Dymarska2025_associations,30,22,7.078125
Dymarska2025_associations,30,23,8.7724609375
Dymarska2025_associations,30,24,5.1484375
Dymarska2025_associations,30,25,6.890625
Dymarska2025_associations,30,26,9.92822265625
Dymarska2025_associations,30,27,8.249969482421875
Dymarska2025_associations,30,28,6.0625
Dymarska2025_associations,30,29,3.998046875
Dymarska2025_associations,30,30,9.3515625
Dymarska2025_associations,30,31,8.765625
Dymarska2025_associations,30,32,11.36328125
Dymarska2025_associations,30,33,10.71875
Dymarska2025_associations,30,34,8.484375
Dymarska2025_associations,30,35,7.96875
Dymarska2025_associations,30,36,7.796875
Dymarska2025_associations,30,37,9.0537109375
Dymarska2025_associations,30,38,12.15625
Dymarska2025_associations,30,39,8.3125
Dymarska2025_associations,30,40,1.82568359375
Dymarska2025_associations,30,41,3.578125
Dymarska2025_associations,30,42,8.171875
Dymarska2025_associations,30,43,6.421875
Dymarska2025_associations,30,44,4.687255859375
Dymarska2025_associations,30,45,4.9521484375
Dymarska2025_associations,30,46,5.75048828125
Dymarska2025_associations,30,47,3.636199951171875
Dymarska2025_associations,30,48,6.69140625
Dymarska2025_associations,30,49,8.4375
Dymarska2025_associations,30,50,5.703125
Dymarska2025_associations,30,51,5.7646484375
Dymarska2025_associations,30,52,9.539031982421875
Dymarska2025_associations,30,53,9.757659912109375
Dymarska2025_associations,30,54,10.884765625
Dymarska2025_associations,30,55,7.9375
Dymarska2025_associations,30,56,11.78125
Dymarska2025_associations,30,57,11.171875
Dymarska2025_associations,30,58,6.53125
Dymarska2025_associations,30,59,9.4842529296875
Dymarska2025_associations,30,60,2.12451171875
Dymarska2025_associations,30,61,6.91357421875
Dymarska2025_associations,30,62,6.3828125
Dymarska2025_associations,30,63,5.42822265625
Dymarska2025_associations,30,64,4.1875
Dymarska2025_associations,30,65,3.08203125
Dymarska2025_associations,30,66,4.55322265625
Dymarska2025_associations,30,67,5.390625
Dymarska2025_associations,30,68,5.0400390625
Dymarska2025_associations,30,69,5.38671875
Dymarska2025_associations,30,70,4.2978515625
Dymarska2025_associations,30,71,4.828125
Dymarska2025_associations,30,72,8.5390625
Dymarska2025_associations,30,73,6.34765625
Dymarska2025_associations,30,74,3.95947265625
Dymarska2025_associations,30,75,9.8515625
Dymarska2025_associations,30,76,7.05126953125
Dymarska2025_associations,30,77,12.125
Dymarska2025_associations,30,78,8.046875
Dymarska2025_associations,30,79,6.6875
Dymarska2025_associations,30,80,2.288818359375
Dymarska2025_associations,30,81,6.0
Dymarska2025_associations,30,82,4.53076171875
Dymarska2025_associations,30,83,2.54681396484375
Dymarska2025_associations,30,84,4.359375
Dymarska2025_associations,30,85,6.601531982421875
Dymarska2025_associations,30,86,3.046875
Dymarska2025_associations,30,87,3.015625
Dymarska2025_associations,30,88,7.85791015625
Dymarska2025_associations,30,89,5.0078125
Dymarska2025_associations,30,90,5.853515625
Dymarska2025_associations,30,91,4.080078125
Dymarska2025_associations,30,92,5.25
Dymarska2025_associations,30,93,5.27734375
Dymarska2025_associations,30,94,5.875
Dymarska2025_associations,30,95,4.25
Dymarska2025_associations,30,96,7.15625
Dymarska2025_associations,30,97,8.625
Dymarska2025_associations,30,98,3.841796875
Dymarska2025_associations,30,99,4.25
Dymarska2025_associations,30,100,1.2265625
Dymarska2025_associations,30,101,9.320281982421875
Dymarska2025_associations,30,102,9.5546875
Dymarska2025_associations,30,103,7.0859375
Dymarska2025_associations,30,104,2.328125
Dymarska2025_associations,30,105,6.375
Dymarska2025_associations,30,106,5.609375
Dymarska2025_associations,30,107,12.0955810546875
Dymarska2025_associations,30,108,11.210693359375
Dymarska2025_associations,30,109,7.46875
Dymarska2025_associations,30,110,6.873046875
Dymarska2025_associations,30,111,6.34375
Dymarska2025_associations,30,112,8.3818359375
Dymarska2025_associations,30,113,5.4501953125
Dymarska2025_associations,30,114,4.40234375
Dymarska2025_associations,30,115,19.84375
Dymarska2025_associations,30,116,8.4931640625
Dymarska2025_associations,30,117,9.5625
Dymarska2025_associations,30,118,7.21875
Dymarska2025_associations,30,119,5.54833984375
Dymarska2025_associations,30,120,1.476531982421875
Dymarska2025_associations,30,121,3.0126953125
Dymarska2025_associations,30,122,2.914031982421875
Dymarska2025_associations,30,123,6.45751953125
Dymarska2025_associations,30,124,1.6865234375
Dymarska2025_associations,30,125,7.5625
Dymarska2025_associations,30,126,6.125
Dymarska2025_associations,30,127,6.109375
Dymarska2025_associations,30,128,8.046875
Dymarska2025_associations,30,129,9.232421875
Dymarska2025_associations,30,130,6.538330078125
Dymarska2025_associations,30,131,7.296875
Dymarska2025_associations,30,132,4.6015625
Dymarska2025_associations,30,133,2.70703125
Dymarska2025_associations,30,134,10.4375
Dymarska2025_associations,30,135,5.0625
Dymarska2025_associations,30,136,9.3125
Dymarska2025_associations,30,137,5.2734375
Dymarska2025_associations,30,138,9.5
Dymarska2025_associations,30,139,4.499847412109375
Dymarska2025_associations,30,140,2.90625
Dymarska2025_associations,30,141,9.3671875
Dymarska2025_associations,30,142,4.1875
Dymarska2025_associations,30,143,7.109375
Dymarska2025_associations,30,144,4.044921875
Dymarska2025_associations,30,145,6.21875
Dymarska2025_associations,30,146,8.125
Dymarska2025_associations,30,147,7.906005859375
Dymarska2025_associations,30,148,4.546875
Dymarska2025_associations,30,149,9.625
Dymarska2025_associations,30,150,10.3856201171875
Dymarska2025_associations,30,151,4.603515625
Dymarska2025_associations,30,152,8.9140625
Dymarska2025_associations,30,153,5.265625
Dymarska2025_associations,30,154,7.5
Dymarska2025_associations,30,155,10.03125
Dymarska2025_associations,30,156,10.40625
Dymarska2025_associations,30,157,4.21826171875
Dymarska2025_associations,30,158,9.437255859375
Dymarska2025_associations,30,159,9.830078125
Dymarska2025_associations,30,160,2.73828125
Dymarska2025_associations,30,161,8.90625
Dymarska2025_associations,30,162,4.4320068359375
Dymarska2025_associations,30,163,9.8359375
Dymarska2025_associations,30,164,1.8701171875
Dymarska2025_associations,30,165,7.09375
Dymarska2025_associations,30,166,8.194549560546875
Dymarska2025_associations,30,167,5.87890625
Dymarska2025_associations,30,168,8.81884765625
Dymarska2025_associations,30,169,5.859375
Dymarska2025_associations,30,170,6.8203125
Dymarska2025_associations,30,171,5.4296875
Dymarska2025_associations,30,172,5.62451171875
Dymarska2025_associations,30,173,7.125
Dymarska2025_associations,30,174,6.123046875
Dymarska2025_associations,30,175,4.83203125
Dymarska2025_associations,30,176,1.03515625
Dymarska2025_associations,30,177,5.0703125
Dymarska2025_associations,30,178,3.004852294921875
Dymarska2025_associations,30,179,6.59375
Dymarska2025_associations,30,180,10.1875
Dymarska2025_associations,30,181,6.09375
Dymarska2025_associations,30,182,2.3447265625
Dymarska2025_associations,30,183,7.375
Dymarska2025_associations,30,184,7.304656982421875
Dymarska2025_associations,30,185,5.419921875
Dymarska2025_associations,30,186,5.15380859375
Dymarska2025_associations,30,187,4.966796875
Dymarska2025_associations,30,188,4.429443359375
Dymarska2025_associations,30,189,9.21875
Dymarska2025_associations,30,190,12.421875
Dymarska2025_associations,30,191,6.400390625
Dymarska2025_associations,30,192,8.43359375
Dymarska2025_associations,30,193,7.0390625
Dymarska2025_associations,30,194,13.140625
Dymarska2025_associations,30,195,3.443359375
Dymarska2025_associations,31,0,4.6005859375
Dymarska2025_associations,31,1,6.326171875
Dymarska2025_associations,31,2,2.37109375
Dymarska2025_associations,31,3,3.089813232421875
Dymarska2025_associations,31,4,3.2626953125
Dymarska2025_associations,31,5,9.75
Dymarska2025_associations,31,6,1.76171875
Dymarska2025_associations,31,7,5.007781982421875
Dymarska2025_associations,31,8,8.421875
Dymarska2025_associations,31,9,5.609375
Dymarska2025_associations,31,10,3.93896484375
Dymarska2025_associations,31,11,5.382781982421875
Dymarska2025_associations,31,12,9.107421875
Dymarska2025_associations,31,13,8.328125
Dymarska2025_associations,31,14,6.28125
Dymarska2025_associations,31,15,9.59375
Dymarska2025_associations,31,16,4.9375
Dymarska2025_associations,31,17,6.08154296875
Dymarska2025_associations,31,18,8.84375
Dymarska2025_associations,31,19,6.171875
Dymarska2025_associations,31,20,9.038330078125
Dymarska2025_associations,31,21,5.9375
Dymarska2025_associations,31,22,3.16650390625
Dymarska2025_associations,31,23,9.375
Dymarska2025_associations,31,24,9.15625
Dymarska2025_associations,31,25,10.125
Dymarska2025_associations,31,26,4.458984375
Dymarska2025_associations,31,27,7.7080078125
Dymarska2025_associations,31,28,5.04150390625
Dymarska2025_associations,31,29,14.75
Dymarska2025_associations,31,30,7.875
Dymarska2025_associations,31,31,11.5
Dymarska2025_associations,31,32,7.061767578125
Dymarska2025_associations,31,33,26.66015625
Dymarska2025_associations,31,34,3.306640625
Dymarska2025_associations,31,35,5.964324951171875
Dymarska2025_associations,31,36,5.640625
Dymarska2025_associations,31,37,5.625
Dymarska2025_associations,31,38,3.564453125
Dymarska2025_associations,31,39,5.07568359375
Dymarska2025_associations,31,40,3.046875
Dymarska2025_associations,31,41,2.8984375
Dymarska2025_associations,31,42,5.970703125
Dymarska2025_associations,31,43,9.921875
Dymarska2025_associations,31,44,4.251922607421875
Dymarska2025_associations,31,45,4.03515625
Dymarska2025_associations,31,46,5.50390625
Dymarska2025_associations,31,47,5.4375
Dymarska2025_associations,31,48,5.28076171875
Dymarska2025_associations,31,49,8.65625
Dymarska2025_associations,31,50,10.61328125
Dymarska2025_associations,31,51,9.484375
Dymarska2025_associations,31,52,15.234130859375
Dymarska2025_associations,31,53,9.14056396484375
Dymarska2025_associations,31,54,7.5078125
Dymarska2025_associations,31,55,7.546875
Dymarska2025_associations,31,56,10.06640625
Dymarska2025_associations,31,57,9.9375
Dymarska2025_associations,31,58,8.0625
Dymarska2025_associations,31,59,10.3125
Dymarska2025_associations,31,60,9.64453125
Dymarska2025_associations,31,61,6.234375
Dymarska2025_associations,31,62,7.2783203125
Dymarska2025_associations,31,63,7.359375
Dymarska2025_associations,31,64,6.9921875
Dymarska2025_associations,31,65,4.515625
Dymarska2025_associations,31,66,6.882781982421875
Dymarska2025_associations,31,67,2.408203125
Dymarska2025_associations,31,68,2.270477294921875
Dymarska2025_associations,31,69,5.077880859375
Dymarska2025_associations,31,70,25.51953125
Dymarska2025_associations,31,71,5.28125
Dymarska2025_associations,31,72,12.09326171875
Dymarska2025_associations,31,73,3.37890625
Dymarska2025_associations,31,74,5.328125
Dymarska2025_associations,31,75,6.25
Dymarska2025_associations,31,76,7.90625
Dymarska2025_associations,31,77,6.6328125
Dymarska2025_associations,31,78,4.56640625
Dymarska2025_associations,31,79,6.671844482421875
Dymarska2025_associations,31,80,4.693359375
Dymarska2025_associations,31,81,5.953125
Dymarska2025_associations,31,82,11.0625
Dymarska2025_associations,31,83,9.859375
Dymarska2025_associations,31,84,4.6484375
Dymarska2025_associations,31,85,9.1953125
Dymarska2025_associations,31,86,9.601531982421875
Dymarska2025_associations,31,87,9.132781982421875
Dymarska2025_associations,31,88,10.3280029296875
Dymarska2025_associations,31,89,3.788818359375
Dymarska2025_associations,31,90,3.8671875
Dymarska2025_associations,31,91,8.015625
Dymarska2025_associations,31,92,6.71875
Dymarska2025_associations,31,93,10.46875
Dymarska2025_associations,31,94,4.6170654296875
Dymarska2025_associations,31,95,5.6005859375
Dymarska2025_associations,31,96,5.15625
Dymarska2025_associations,31,97,11.59375
Dymarska2025_associations,31,98,10.328125
Dymarska2025_associations,31,99,5.265625
Dymarska2025_associations,31,100,6.4271240234375
Dymarska2025_associations,31,101,7.28125
Dymarska2025_associations,31,102,4.2783203125
Dymarska2025_associations,31,103,5.375
Dymarska2025_associations,31,104,8.6875
Dymarska2025_associations,31,105,7.28125
Dymarska2025_associations,31,106,6.09912109375
Dymarska2025_associations,31,107,4.226043701171875
Dymarska2025_associations,31,108,5.140594482421875
Dymarska2025_associations,31,109,4.6875
Dymarska2025_associations,31,110,4.9217529296875
Dymarska2025_associations,31,111,5.17138671875
Dymarska2025_associations,31,112,5.84375
Dymarska2025_associations,31,113,8.65625
Dymarska2025_associations,31,114,4.535125732421875
Dymarska2025_associations,31,115,8.28125
Dymarska2025_associations,31,116,6.0625
Dymarska2025_associations,31,117,6.6875
Dymarska2025_associations,31,118,9.376708984375
Dymarska2025_associations,31,119,5.25
Dymarska2025_associations,31,120,5.009765625
Dymarska2025_associations,31,121,6.765594482421875
Dymarska2025_associations,31,122,1.837890625
Dymarska2025_associations,31,123,14.875
Dymarska2025_associations,31,124,9.1484375
Dymarska2025_associations,31,125,7.19140625
Dymarska2025_associations,31,126,6.09375
Dymarska2025_associations,31,127,4.375
Dymarska2025_associations,31,128,6.984375
Dymarska2025_associations,31,129,14.34375
Dymarska2025_associations,31,130,5.078125
Dymarska2025_associations,31,131,8.953125
Dymarska2025_associations,31,132,4.8984375
Dymarska2025_associations,31,133,7.607421875
Dymarska2025_associations,31,134,7.0
Dymarska2025_associations,31,135,7.8125
Dymarska2025_associations,31,136,7.5
Dymarska2025_associations,31,137,7.8125
Dymarska2025_associations,31,138,8.25439453125
Dymarska2025_associations,31,139,3.9375
Dymarska2025_associations,31,140,10.2265625
Dymarska2025_associations,31,141,26.1875
Dymarska2025_associations,31,142,4.320281982421875
Dymarska2025_associations,31,143,3.859375
Dymarska2025_associations,31,144,7.19921875
Dymarska2025_associations,31,145,9.12451171875
Dymarska2025_associations,31,146,5.484375
Dymarska2025_associations,31,147,5.689453125
Dymarska2025_associations,31,148,10.09375
Dymarska2025_associations,31,149,6.2967529296875
Dymarska2025_associations,31,150,5.24267578125
Dymarska2025_associations,31,151,4.294921875
Dymarska2025_associations,31,152,4.875
Dymarska2025_associations,31,153,7.8125
Dymarska2025_associations,31,154,6.78125
Dymarska2025_associations,31,155,6.1875
Dymarska2025_associations,31,156,2.701171875
Dymarska2025_associations,31,157,14.9580078125
Dymarska2025_associations,31,158,14.828125
Dymarska2025_associations,31,159,9.0625
Dymarska2025_associations,31,160,9.59375
Dymarska2025_associations,31,161,9.03125
Dymarska2025_associations,31,162,2.4140625
Dymarska2025_associations,31,163,5.64306640625
Dymarska2025_associations,31,164,11.65234375
Dymarska2025_associations,31,165,8.977783203125
Dymarska2025_associations,31,166,6.5693359375
Dymarska2025_associations,31,167,6.306640625
Dymarska2025_associations,31,168,7.78125
Dymarska2025_associations,31,169,6.9501953125
Dymarska2025_associations,31,170,8.984375
Dymarska2025_associations,31,171,6.578125
Dymarska2025_associations,31,172,7.270263671875
Dymarska2025_associations,31,173,11.04296875
Dymarska2025_associations,31,174,8.46875
Dymarska2025_associations,31,175,4.5
Dymarska2025_associations,31,176,7.3125
Dymarska2025_associations,31,177,5.625
Dymarska2025_associations,31,178,5.65625
Dymarska2025_associations,31,179,4.59375
Dymarska2025_associations,31,180,6.75
Dymarska2025_associations,31,181,7.65625
Dymarska2025_associations,32,0,5.4912109375
Dymarska2025_associations,32,1,7.0625
Dymarska2025_associations,32,2,22.61328125
Dymarska2025_associations,32,3,13.34375
Dymarska2025_associations,32,4,5.5
Dymarska2025_associations,32,5,4.7080078125
Dymarska2025_associations,32,6,4.91015625
Dymarska2025_associations,32,7,6.431640625
Dymarska2025_associations,32,8,1.4912109375
Dymarska2025_associations,32,9,9.4208984375
Dymarska2025_associations,32,10,5.90234375
Dymarska2025_associations,32,11,8.9375
Dymarska2025_associations,32,12,7.796875
Dymarska2025_associations,32,13,5.366943359375
Dymarska2025_associations,32,14,5.478515625
Dymarska2025_associations,32,15,3.21826171875
Dymarska2025_associations,32,16,5.05859375
Dymarska2025_associations,32,17,4.390625
Dymarska2025_associations,32,18,5.39453125
Dymarska2025_associations,32,19,5.3466796875
Dymarska2025_associations,32,20,6.71875
Dymarska2025_associations,32,21,6.788330078125
Dymarska2025_associations,32,22,6.28125
Dymarska2025_associations,32,23,7.31787109375
Dymarska2025_associations,32,24,7.234375
Dymarska2025_associations,32,25,7.599578857421875
Dymarska2025_associations,32,26,3.7578125
Dymarska2025_associations,32,27,6.75
Dymarska2025_associations,32,28,5.625
Dymarska2025_associations,32,29,5.203094482421875
Dymarska2025_associations,32,30,3.125
Dymarska2025_associations,32,31,6.3671875
Dymarska2025_associations,32,32,8.546875
Dymarska2025_associations,32,33,7.0625
Dymarska2025_associations,32,34,6.17529296875
Dymarska2025_associations,32,35,6.5703125
Dymarska2025_associations,32,36,6.01171875
Dymarska2025_associations,32,37,5.87548828125
Dymarska2025_associations,32,38,4.632781982421875
Dymarska2025_associations,32,39,14.303955078125
Dymarska2025_associations,32,40,7.203125
Dymarska2025_associations,32,41,6.15625
Dymarska2025_associations,32,42,6.625
Dymarska2025_associations,32,43,2.742156982421875
Dymarska2025_associations,32,44,6.34375
Dymarska2025_associations,32,45,5.89990234375
Dymarska2025_associations,32,46,9.625
Dymarska2025_associations,32,47,3.3984375
Dymarska2025_associations,32,48,15.26171875
Dymarska2025_associations,32,49,12.734375
Dymarska2025_associations,32,50,12.640625
Dymarska2025_associations,32,51,8.0078125
Dymarska2025_associations,32,52,9.748046875
Dymarska2025_associations,32,53,8.382781982421875
Dymarska2025_associations,32,54,10.6484375
Dymarska2025_associations,32,55,10.4375
Dymarska2025_associations,32,56,7.439453125
Dymarska2025_associations,32,57,5.125
Dymarska2025_associations,32,58,4.125
Dymarska2025_associations,32,59,9.689453125
Dymarska2025_associations,32,60,6.2421875
Dymarska2025_associations,32,61,9.4287109375
Dymarska2025_associations,32,62,10.171875
Dymarska2025_associations,32,63,7.78118896484375
Dymarska2025_associations,32,64,6.0009765625
Dymarska2025_associations,32,65,11.0
Dymarska2025_associations,32,66,8.4140625
Dymarska2025_associations,32,67,1.859375
Dymarska2025_associations,32,68,3.310546875
Dymarska2025_associations,32,69,5.850830078125
Dymarska2025_associations,32,70,15.58984375
Dymarska2025_associations,32,71,12.882080078125
Dymarska2025_associations,32,72,5.34375
Dymarska2025_associations,32,73,7.5087890625
Dymarska2025_associations,32,74,14.763671875
Dymarska2025_associations,32,75,5.2655029296875
Dymarska2025_associations,32,76,10.3271484375
Dymarska2025_associations,32,77,7.15625
Dymarska2025_associations,32,78,9.070068359375
Dymarska2025_associations,32,79,7.671875
Dymarska2025_associations,32,80,6.15234375
Dymarska2025_associations,32,81,7.515625
Dymarska2025_associations,32,82,4.296875
Dymarska2025_associations,32,83,3.89453125
Dymarska2025_associations,32,84,3.01953125
Dymarska2025_associations,32,85,4.1708984375
Dymarska2025_associations,32,86,14.4404296875
Dymarska2025_associations,32,87,7.914031982421875
Dymarska2025_associations,32,88,7.46875
Dymarska2025_associations,32,89,4.553680419921875
Dymarska2025_associations,32,90,2.80859375
Dymarska2025_associations,32,91,7.394500732421875
Dymarska2025_associations,32,92,5.24951171875
Dymarska2025_associations,32,93,4.9375
Dymarska2025_associations,32,94,10.796875
Dymarska2025_associations,32,95,6.005859375
Dymarska2025_associations,32,96,6.765625
Dymarska2025_associations,32,97,8.484375
Dymarska2025_associations,32,98,5.5701904296875
Dymarska2025_associations,32,99,3.6005859375
Dymarska2025_associations,32,100,3.75830078125
Dymarska2025_associations,32,101,8.90234375
Dymarska2025_associations,32,102,8.0428466796875
Dymarska2025_associations,32,103,12.109375
Dymarska2025_associations,32,104,5.65625
Dymarska2025_associations,32,105,14.343719482421875
Dymarska2025_associations,32,106,7.81640625
Dymarska2025_associations,32,107,2.0
Dymarska2025_associations,32,108,1.890472412109375
Dymarska2025_associations,32,109,4.3984375
Dymarska2025_associations,32,110,8.140625
Dymarska2025_associations,32,111,10.1015625
Dymarska2025_associations,32,112,3.6474609375
Dymarska2025_associations,32,113,3.0234375
Dymarska2025_associations,32,114,5.279296875
Dymarska2025_associations,32,115,3.738250732421875
Dymarska2025_associations,32,116,11.125
Dymarska2025_associations,32,117,15.8038330078125
Dymarska2025_associations,32,118,7.3125
Dymarska2025_associations,32,119,4.36328125
Dymarska2025_associations,32,120,8.9375
Dymarska2025_associations,32,121,6.03125
Dymarska2025_associations,32,122,3.546875
Dymarska2025_associations,32,123,3.491943359375
Dymarska2025_associations,32,124,5.677734375
Dymarska2025_associations,32,125,7.3818359375
Dymarska2025_associations,32,126,5.625
Dymarska2025_associations,32,127,8.1640625
Dymarska2025_associations,32,128,4.6591796875
Dymarska2025_associations,32,129,15.1956787109375
Dymarska2025_associations,32,130,12.892578125
Dymarska2025_associations,32,131,3.00390625
Dymarska2025_associations,32,132,9.36572265625
Dymarska2025_associations,32,133,4.3125
Dymarska2025_associations,32,134,4.555908203125
Dymarska2025_associations,32,135,7.5
Dymarska2025_associations,32,136,6.94140625
Dymarska2025_associations,32,137,10.0
Dymarska2025_associations,32,138,5.810546875
Dymarska2025_associations,32,139,1.66015625
Dymarska2025_associations,32,140,9.0
Dymarska2025_associations,32,141,5.491943359375
Dymarska2025_associations,32,142,4.123046875
Dymarska2025_associations,32,143,5.609375
Dymarska2025_associations,32,144,7.0537109375
Dymarska2025_associations,32,145,8.638671875
Dymarska2025_associations,32,146,3.890625
Dymarska2025_associations,32,147,23.25
Dymarska2025_associations,32,148,7.9375
Dymarska2025_associations,32,149,5.9921875
Dymarska2025_associations,32,150,6.5546875
Dymarska2025_associations,32,151,10.45068359375
Dymarska2025_associations,33,0,9.6875
Dymarska2025_associations,33,1,8.125
Dymarska2025_associations,33,2,5.4530029296875
Dymarska2025_associations,33,3,7.1875
Dymarska2025_associations,33,4,9.445281982421875
Dymarska2025_associations,33,5,9.4609375
Dymarska2025_associations,33,6,7.5
Dymarska2025_associations,33,7,6.65625
Dymarska2025_associations,33,8,5.25
Dymarska2025_associations,33,9,7.05908203125
Dymarska2025_associations,33,10,8.99951171875
Dymarska2025_associations,33,11,7.875
Dymarska2025_associations,33,12,7.46484375
Dymarska2025_associations,33,13,6.779296875
Dymarska2025_associations,33,14,8.609375
Dymarska2025_associations,33,15,8.03125
Dymarska2025_associations,33,16,4.25
Dymarska2025_associations,33,17,12.65625
Dymarska2025_associations,33,18,6.84375
Dymarska2025_associations,33,19,8.6875
Dymarska2025_associations,33,20,7.66650390625
Dymarska2025_associations,33,21,4.70751953125
Dymarska2025_associations,33,22,6.62890625
Dymarska2025_associations,33,23,4.757781982421875
Dymarska2025_associations,33,24,14.453125
Dymarska2025_associations,33,25,8.296875
Dymarska2025_associations,33,26,5.375
Dymarska2025_associations,33,27,6.76171875
Dymarska2025_associations,33,28,9.34375
Dymarska2025_associations,33,29,7.75
Dymarska2025_associations,33,30,2.40234375
Dymarska2025_associations,33,31,7.1455078125
Dymarska2025_associations,33,32,6.90625
Dymarska2025_associations,33,33,3.97900390625
Dymarska2025_associations,33,34,8.2166748046875
Dymarska2025_associations,33,35,8.6875
Dymarska2025_associations,33,36,7.195281982421875
Dymarska2025_associations,33,37,7.859375
Dymarska2025_associations,33,38,12.25
Dymarska2025_associations,33,39,1.21044921875
Dymarska2025_associations,33,40,3.9609375
Dymarska2025_associations,33,41,4.62451171875
Dymarska2025_associations,33,42,3.341796875
Dymarska2025_associations,33,43,5.007781982421875
Dymarska2025_associations,33,44,5.0751953125
Dymarska2025_associations,33,45,8.515625
Dymarska2025_associations,33,46,9.40625
Dymarska2025_associations,33,47,7.109375
Dymarska2025_associations,33,48,3.453125
Dymarska2025_associations,33,49,6.21875
Dymarska2025_associations,33,50,6.984375
Dymarska2025_associations,33,51,6.796875
Dymarska2025_associations,33,52,3.74993896484375
Dymarska2025_associations,33,53,11.40625
Dymarska2025_associations,33,54,7.3359375
Dymarska2025_associations,33,55,5.1875
Dymarska2025_associations,33,56,5.5654296875
Dymarska2025_associations,33,57,6.984375
Dymarska2025_associations,33,58,7.640106201171875
Dymarska2025_associations,33,59,6.8748779296875
Dymarska2025_associations,33,60,4.21875
Dymarska2025_associations,33,61,4.3280029296875
Dymarska2025_associations,33,62,3.867156982421875
Dymarska2025_associations,33,63,4.8203125
Dymarska2025_associations,33,64,3.8125
Dymarska2025_associations,33,65,7.8359375
Dymarska2025_associations,33,66,8.44140625
Dymarska2025_associations,33,67,3.163818359375
Dymarska2025_associations,33,68,6.54296875
Dymarska2025_associations,33,69,6.375
Dymarska2025_associations,33,70,5.96875
Dymarska2025_associations,33,71,5.83984375
Dymarska2025_associations,33,72,7.96875
Dymarska2025_associations,33,73,3.265625
Dymarska2025_associations,33,74,9.703125
Dymarska2025_associations,33,75,6.7578125
Dymarska2025_associations,33,76,5.8818359375
Dymarska2025_associations,33,77,11.875
Dymarska2025_associations,33,78,5.78515625
Dymarska2025_associations,33,79,3.015625
Dymarska2025_associations,33,80,6.601531982421875
Dymarska2025_associations,33,81,17.5625
Dymarska2025_associations,33,82,5.8125
Dymarska2025_associations,33,83,3.515625
Dymarska2025_associations,33,84,7.09375
Dymarska2025_associations,33,85,5.75
Dymarska2025_associations,33,86,11.265625
Dymarska2025_associations,33,87,1.6328125
Dymarska2025_associations,33,88,3.41015625
Dymarska2025_associations,33,89,6.5625
Dymarska2025_associations,33,90,4.5234375
Dymarska2025_associations,33,91,5.50390625
Dymarska2025_associations,33,92,3.5625
Dymarska2025_associations,33,93,3.8125
Dymarska2025_associations,33,94,7.2108154296875
Dymarska2025_associations,33,95,7.15625
Dymarska2025_associations,33,96,4.21826171875
Dymarska2025_associations,33,97,7.609375
Dymarska2025_associations,33,98,8.26171875
Dymarska2025_associations,33,99,6.859375
Dymarska2025_associations,33,100,9.87890625
Dymarska2025_associations,33,101,5.7578125
Dymarska2025_associations,33,102,6.4375
Dymarska2025_associations,33,103,9.75
Dymarska2025_associations,33,104,3.46875
Dymarska2025_associations,33,105,8.78125
Dymarska2025_associations,33,106,6.49609375
Dymarska2025_associations,33,107,2.2177734375
Dymarska2025_associations,33,108,1.546844482421875
Dymarska2025_associations,33,109,10.507781982421875
Dymarska2025_associations,33,110,7.57958984375
Dymarska2025_associations,33,111,2.998046875
Dymarska2025_associations,33,112,4.406219482421875
Dymarska2025_associations,33,113,3.0703125
Dymarska2025_associations,33,114,7.328125
Dymarska2025_associations,33,115,4.5859375
Dymarska2025_associations,33,116,6.90234375
Dymarska2025_associations,33,117,9.0
Dymarska2025_associations,33,118,6.25
Dymarska2025_associations,33,119,9.6875
Dymarska2025_associations,33,120,6.6064453125
Dymarska2025_associations,33,121,8.125
Dymarska2025_associations,33,122,9.40625
Dymarska2025_associations,33,123,8.9375
Dymarska2025_associations,33,124,8.855438232421875
Dymarska2025_associations,33,125,8.25
Dymarska2025_associations,33,126,8.015625
Dymarska2025_associations,33,127,3.142578125
Dymarska2025_associations,33,128,6.999969482421875
Dymarska2025_associations,33,129,7.640625
Dymarska2025_associations,33,130,6.4228515625
Dymarska2025_associations,33,131,6.03125
Dymarska2025_associations,33,132,4.5810546875
Dymarska2025_associations,33,133,4.05322265625
Dymarska2025_associations,33,134,5.1328125
Dymarska2025_associations,33,135,6.6669921875
Dymarska2025_associations,33,136,7.58544921875
Dymarska2025_associations,33,137,8.484375
Dymarska2025_associations,33,138,7.49609375
Dymarska2025_associations,33,139,8.125
Dymarska2025_associations,33,140,6.0703125
Dymarska2025_associations,33,141,7.296875
Dymarska2025_associations,33,142,9.521484375
Dymarska2025_associations,33,143,6.3125
Dymarska2025_associations,33,144,7.97265625
Dymarska2025_associations,33,145,7.9453125
Dymarska2025_associations,33,146,8.005859375
Dymarska2025_associations,33,147,2.015594482421875
Dymarska2025_associations,33,148,3.60888671875
Dymarska2025_associations,33,149,4.07080078125
Dymarska2025_associations,33,150,6.539031982421875
Dymarska2025_associations,33,151,2.62109375
Dymarska2025_associations,33,152,7.874969482421875
Dymarska2025_associations,33,153,5.183349609375
Dymarska2025_associations,33,154,3.5078125
Dymarska2025_associations,33,155,6.796875
Dymarska2025_associations,33,156,6.640625
Dymarska2025_associations,33,157,4.974609375
Dymarska2025_associations,33,158,3.578125
Dymarska2025_associations,33,159,3.9296875
Dymarska2025_associations,33,160,5.625
Dymarska2025_associations,33,161,4.2421875
Dymarska2025_associations,33,162,8.7421875
Dymarska2025_associations,33,163,3.560546875
Dymarska2025_associations,33,164,5.36328125
Dymarska2025_associations,33,165,6.8125
Dymarska2025_associations,33,166,5.453125
Dymarska2025_associations,33,167,4.34375
Dymarska2025_associations,33,168,1.734375
Dymarska2025_associations,33,169,5.90625
Dymarska2025_associations,33,170,0.759765625
Dymarska2025_associations,33,171,6.1484375
Dymarska2025_associations,33,172,6.69921875
Dymarska2025_associations,33,173,6.560546875
Dymarska2025_associations,33,174,7.203125
Dymarska2025_associations,33,175,9.2880859375
Dymarska2025_associations,33,176,3.57666015625
Dymarska2025_associations,33,177,12.1953125
Dymarska2025_associations,33,178,8.80078125
Dymarska2025_associations,33,179,5.9130859375
Dymarska2025_associations,33,180,8.3125
Dymarska2025_associations,33,181,5.837890625
Dymarska2025_associations,33,182,5.7890625
Dymarska2025_associations,33,183,5.498046875
Dymarska2025_associations,34,0,12.171875
Dymarska2025_associations,34,1,11.671875
Dymarska2025_associations,34,2,15.1171875
Dymarska2025_associations,34,3,4.69140625
Dymarska2025_associations,34,4,1.7734375
Dymarska2025_associations,34,5,7.15625
Dymarska2025_associations,34,6,4.7578125
Dymarska2025_associations,34,7,6.90625
Dymarska2025_associations,34,8,9.654296875
Dymarska2025_associations,34,9,4.94140625
Dymarska2025_associations,34,10,9.3603515625
Dymarska2025_associations,34,11,10.0
Dymarska2025_associations,34,12,6.327239990234375
Dymarska2025_associations,34,13,11.171875
Dymarska2025_associations,34,14,5.15625
Dymarska2025_associations,34,15,6.9970703125
Dymarska2025_associations,34,16,5.5078125
Dymarska2025_associations,34,17,4.65234375
Dymarska2025_associations,34,18,8.15625
Dymarska2025_associations,34,19,5.3828125
Dymarska2025_associations,34,20,13.626922607421875
Dymarska2025_associations,34,21,3.765625
Dymarska2025_associations,34,22,5.01953125
Dymarska2025_associations,34,23,6.98828125
Dymarska2025_associations,34,24,10.5667724609375
Dymarska2025_associations,34,25,6.14013671875
Dymarska2025_associations,34,26,15.52197265625
Dymarska2025_associations,34,27,8.265625
Dymarska2025_associations,34,28,7.8125
Dymarska2025_associations,34,29,6.5625
Dymarska2025_associations,34,30,3.874969482421875
Dymarska2025_associations,34,31,7.921875
Dymarska2025_associations,34,32,4.080078125
Dymarska2025_associations,34,33,8.4853515625
Dymarska2025_associations,34,34,7.1875
Dymarska2025_associations,34,35,5.8203125
Dymarska2025_associations,34,36,8.484375
Dymarska2025_associations,34,37,7.23388671875
Dymarska2025_associations,34,38,7.3671875
Dymarska2025_associations,34,39,4.03125
Dymarska2025_associations,34,40,8.190673828125
Dymarska2025_associations,34,41,2.0467529296875
Dymarska2025_associations,34,42,3.75390625
Dymarska2025_associations,34,43,4.7666015625
Dymarska2025_associations,34,44,3.47265625
Dymarska2025_associations,34,45,7.0625
Dymarska2025_associations,34,46,3.39599609375
Dymarska2025_associations,34,47,5.0419921875
Dymarska2025_associations,34,48,7.109375
Dymarska2025_associations,34,49,7.5185546875
Dymarska2025_associations,34,50,12.875
Dymarska2025_associations,34,51,4.828125
Dymarska2025_associations,34,52,5.953125
Dymarska2025_associations,34,53,8.560546875
Dymarska2025_associations,34,54,5.30859375
Dymarska2025_associations,34,55,10.375
Dymarska2025_associations,34,56,8.125
Dymarska2025_associations,34,57,6.1875
Dymarska2025_associations,34,58,4.14501953125
Dymarska2025_associations,34,59,5.875
Dymarska2025_associations,34,60,1.093505859375
Dymarska2025_associations,34,61,3.69775390625
Dymarska2025_associations,34,62,5.515625
Dymarska2025_associations,34,63,13.658203125
Dymarska2025_associations,34,64,4.021484375
Dymarska2025_associations,34,65,10.71875
Dymarska2025_associations,34,66,1.99169921875
Dymarska2025_associations,34,67,6.71875
Dymarska2025_associations,34,68,5.2109375
Dymarska2025_associations,34,69,9.09765625
Dymarska2025_associations,34,70,6.921875
Dymarska2025_associations,34,71,5.36328125
Dymarska2025_associations,34,72,2.541015625
Dymarska2025_associations,34,73,6.25
Dymarska2025_associations,34,74,0.34326171875
Dymarska2025_associations,34,75,2.078125
Dymarska2025_associations,34,76,3.60931396484375
Dymarska2025_associations,34,77,0.490234375
Dymarska2025_associations,34,78,5.56640625
Dymarska2025_associations,34,79,5.927734375
Dymarska2025_associations,34,80,1.7030029296875
Dymarska2025_associations,34,81,6.87890625
Dymarska2025_associations,34,82,6.8828125
Dymarska2025_associations,34,83,4.796875
Dymarska2025_associations,34,84,5.429443359375
Dymarska2025_associations,34,85,13.5107421875
Dymarska2025_associations,34,86,6.015625
Dymarska2025_associations,34,87,6.90625
Dymarska2025_associations,34,88,6.5625
Dymarska2025_associations,34,89,7.0234375
Dymarska2025_associations,34,90,7.765625
Dymarska2025_associations,34,91,8.13671875
Dymarska2025_associations,34,92,5.828125
Dymarska2025_associations,34,93,7.890625
Dymarska2025_associations,34,94,8.632781982421875
Dymarska2025_associations,34,95,5.28125
Dymarska2025_associations,34,96,5.58203125
Dymarska2025_associations,34,97,7.015625
Dymarska2025_associations,34,98,13.94140625
Dymarska2025_associations,34,99,4.40625
Dymarska2025_associations,34,100,1.46484375
Dymarska2025_associations,34,101,2.21484375
Dymarska2025_associations,34,102,2.539031982421875
Dymarska2025_associations,34,103,29.2353515625
Dymarska2025_associations,34,104,4.498046875
Dymarska2025_associations,34,105,4.46875
Dymarska2025_associations,34,106,1.710662841796875
Dymarska2025_associations,34,107,3.53076171875
Dymarska2025_associations,34,108,6.3280029296875
Dymarska2025_associations,34,109,4.375
Dymarska2025_associations,34,110,5.228485107421875
Dymarska2025_associations,34,111,7.2490234375
Dymarska2025_associations,34,112,7.734375
Dymarska2025_associations,34,113,6.2890625
Dymarska2025_associations,34,114,3.73046875
Dymarska2025_associations,34,115,5.89453125
Dymarska2025_associations,34,116,5.296875
Dymarska2025_associations,34,117,7.28125
Dymarska2025_associations,34,118,3.39453125
Dymarska2025_associations,34,119,5.77734375
Dymarska2025_associations,34,120,3.835205078125
Dymarska2025_associations,34,121,7.125
Dymarska2025_associations,34,122,3.1015625
Dymarska2025_associations,34,123,7.546630859375
Dymarska2025_associations,34,124,6.6015625
Dymarska2025_associations,34,125,8.1015625
Dymarska2025_associations,34,126,4.330078125
Dymarska2025_associations,34,127,5.01171875
Dymarska2025_associations,34,128,7.6767578125
Dymarska2025_associations,34,129,5.837890625
Dymarska2025_associations,34,130,10.96875
Dymarska2025_associations,34,131,6.0859375
Dymarska2025_associations,34,132,6.21875
Dymarska2025_associations,34,133,8.4921875
Dymarska2025_associations,34,134,5.926727294921875
Dymarska2025_associations,34,135,4.630859375
Dymarska2025_associations,34,136,4.27734375
Dymarska2025_associations,34,137,5.55859375
Dymarska2025_associations,34,138,10.0625
Dymarska2025_associations,34,139,2.71875
Dymarska2025_associations,34,140,5.5625
Dymarska2025_associations,34,141,8.788818359375
Dymarska2025_associations,34,142,2.47021484375
Dymarska2025_associations,34,143,4.3291015625
Dymarska2025_associations,34,144,5.140625
Dymarska2025_associations,34,145,8.06201171875
Dymarska2025_associations,34,146,8.87890625
Dymarska2025_associations,34,147,9.84375
Dymarska2025_associations,34,148,7.123046875
Dymarska2025_associations,34,149,6.328125
Dymarska2025_associations,34,150,6.6171875
Dymarska2025_associations,34,151,0.8974609375
Dymarska2025_associations,34,152,6.1689453125
Dymarska2025_associations,34,153,4.507781982421875
Dymarska2025_associations,34,154,10.453125
Dymarska2025_associations,34,155,8.734375
Dymarska2025_associations,34,156,7.795867919921875
Dymarska2025_associations,34,157,10.28125
Dymarska2025_associations,34,158,3.62890625
Dymarska2025_associations,34,159,5.11279296875
Dymarska2025_associations,34,160,1.92724609375
Dymarska2025_associations,34,161,1.921844482421875
Dymarska2025_associations,34,162,4.212890625
Dymarska2025_associations,34,163,1.765625
Dymarska2025_associations,34,164,6.460693359375
Dymarska2025_associations,34,165,6.3125
Dymarska2025_associations,34,166,2.0
Dymarska2025_associations,34,167,5.78515625
Dymarska2025_associations,34,168,9.0
Dymarska2025_associations,34,169,6.67578125
Dymarska2025_associations,34,170,10.4443359375
Dymarska2025_associations,34,171,7.0
Dymarska2025_associations,34,172,7.8046875
Dymarska2025_associations,34,173,9.9375
Dymarska2025_associations,34,174,5.31201171875
Dymarska2025_associations,34,175,6.96875
Dymarska2025_associations,34,176,4.734130859375
Dymarska2025_associations,34,177,4.421875
Dymarska2025_associations,34,178,6.34375
Dymarska2025_associations,34,179,6.53125
Dymarska2025_associations,34,180,2.585693359375
Dymarska2025_associations,34,181,1.42181396484375
Dymarska2025_associations,34,182,6.84375
Dymarska2025_associations,34,183,9.0068359375
Dymarska2025_associations,34,184,6.56640625
Dymarska2025_associations,34,185,4.47607421875
Dymarska2025_associations,34,186,9.908203125
Dymarska2025_associations,34,187,9.875
Dymarska2025_associations,34,188,3.947265625
Dymarska2025_associations,34,189,3.59375
Dymarska2025_associations,34,190,7.9375
Dymarska2025_associations,34,191,6.78125
Dymarska2025_associations,34,192,5.25
Dymarska2025_associations,34,193,4.136688232421875
Dymarska2025_associations,34,194,6.6640625
Dymarska2025_associations,34,195,7.9375
Dymarska2025_associations,34,196,5.33984375
Dymarska2025_associations,34,197,6.89453125
Dymarska2025_associations,34,198,3.05078125
Dymarska2025_associations,34,199,4.9130859375
Dymarska2025_associations,35,0,8.828125
Dymarska2025_associations,35,1,22.703125
Dymarska2025_associations,35,2,7.37890625
Dymarska2025_associations,35,3,6.4609375
Dymarska2025_associations,35,4,6.921875
Dymarska2025_associations,35,5,6.498046875
Dymarska2025_associations,35,6,8.875
Dymarska2025_associations,35,7,17.09375
Dymarska2025_associations,35,8,7.75390625
Dymarska2025_associations,35,9,1.562469482421875
Dymarska2025_associations,35,10,1.2669677734375
Dymarska2025_associations,35,11,5.78662109375
Dymarska2025_associations,35,12,4.125
Dymarska2025_associations,35,13,4.75
Dymarska2025_associations,35,14,6.681640625
Dymarska2025_associations,35,15,3.34375
Dymarska2025_associations,35,16,0.46087646484375
Dymarska2025_associations,35,17,5.703125
Dymarska2025_associations,35,18,5.88671875
Dymarska2025_associations,35,19,6.56640625
Dymarska2025_associations,35,20,2.9912109375
Dymarska2025_associations,35,21,6.53125
Dymarska2025_associations,35,22,6.0
Dymarska2025_associations,35,23,6.75341796875
Dymarska2025_associations,35,24,3.875
Dymarska2025_associations,35,25,3.91015625
Dymarska2025_associations,35,26,3.02197265625
Dymarska2025_associations,35,27,8.201171875
Dymarska2025_associations,35,28,10.179656982421875
Dymarska2025_associations,35,29,8.46484375
Dymarska2025_associations,35,30,2.80859375
Dymarska2025_associations,35,31,10.4375
Dymarska2025_associations,35,32,6.7322998046875
Dymarska2025_associations,35,33,10.85546875
Dymarska2025_associations,35,34,3.4296875
Dymarska2025_associations,35,35,5.8125
Dymarska2025_associations,35,36,2.859375
Dymarska2025_associations,35,37,9.1875
Dymarska2025_associations,35,38,8.0
Dymarska2025_associations,35,39,6.96875
Dymarska2025_associations,35,40,7.749725341796875
Dymarska2025_associations,35,41,8.125
Dymarska2025_associations,35,42,7.5625
Dymarska2025_associations,35,43,5.45263671875
Dymarska2025_associations,35,44,4.734130859375
Dymarska2025_associations,35,45,11.21875
Dymarska2025_associations,35,46,3.3837890625
Dymarska2025_associations,35,47,4.2783203125
Dymarska2025_associations,35,48,4.4375
Dymarska2025_associations,35,49,5.53125
Dymarska2025_associations,35,50,4.59375
Dymarska2025_associations,35,51,4.96484375
Dymarska2025_associations,35,52,3.54833984375
Dymarska2025_associations,35,53,6.21875
Dymarska2025_associations,35,54,3.5
Dymarska2025_associations,35,55,4.4453125
Dymarska2025_associations,35,56,3.85009765625
Dymarska2025_associations,35,57,5.4375
Dymarska2025_associations,35,58,6.226043701171875
Dymarska2025_associations,35,59,6.984375
Dymarska2025_associations,35,60,1.311767578125
Dymarska2025_associations,35,61,1.9288330078125
Dymarska2025_associations,35,62,2.117156982421875
Dymarska2025_associations,35,63,8.109375
Dymarska2025_associations,35,64,4.241943359375
Dymarska2025_associations,35,65,3.1240234375
Dymarska2025_associations,35,66,3.0986328125
Dymarska2025_associations,35,67,4.96484375
Dymarska2025_associations,35,68,5.171875
Dymarska2025_associations,35,69,3.1640625
Dymarska2025_associations,35,70,4.8203125
Dymarska2025_associations,35,71,0.34228515625
Dymarska2025_associations,35,72,8.78076171875
Dymarska2025_associations,35,73,6.83984375
Dymarska2025_associations,35,74,6.02392578125
Dymarska2025_associations,35,75,8.359375
Dymarska2025_associations,35,76,8.5
Dymarska2025_associations,35,77,5.5625
Dymarska2025_associations,35,78,12.984375
Dymarska2025_associations,35,79,4.6875
Dymarska2025_associations,35,80,8.5
Dymarska2025_associations,35,81,3.828125
Dymarska2025_associations,35,82,5.20751953125
Dymarska2025_associations,35,83,5.515625
Dymarska2025_associations,35,84,6.65234375
Dymarska2025_associations,35,85,5.40234375
Dymarska2025_associations,35,86,8.30078125
Dymarska2025_associations,35,87,5.703125
Dymarska2025_associations,35,88,5.5625
Dymarska2025_associations,35,89,5.1405029296875
Dymarska2025_associations,35,90,11.1875
Dymarska2025_associations,35,91,4.58203125
Dymarska2025_associations,35,92,7.96875
Dymarska2025_associations,35,93,8.732421875
Dymarska2025_associations,35,94,3.9287109375
Dymarska2025_associations,35,95,2.69287109375
Dymarska2025_associations,35,96,7.59375
Dymarska2025_associations,35,97,8.359375
Dymarska2025_associations,35,98,5.515625
Dymarska2025_associations,35,99,7.47216796875
Dymarska2025_associations,35,100,2.875
Dymarska2025_associations,35,101,1.8828125
Dymarska2025_associations,35,102,9.25
Dymarska2025_associations,35,103,14.125
Dymarska2025_associations,35,104,2.7021484375
Dymarska2025_associations,35,105,2.353515625
Dymarska2025_associations,35,106,2.421875
Dymarska2025_associations,35,107,11.460906982421875
Dymarska2025_associations,35,108,5.68359375
Dymarska2025_associations,35,109,7.125
Dymarska2025_associations,35,110,1.609375
Dymarska2025_associations,35,111,9.074188232421875
Dymarska2025_associations,35,112,5.5625
Dymarska2025_associations,35,113,3.640625
Dymarska2025_associations,35,114,1.796875
Dymarska2025_associations,35,115,3.59765625
Dymarska2025_associations,35,116,3.5625
Dymarska2025_associations,35,117,7.15625
Dymarska2025_associations,35,118,6.8125
Dymarska2025_associations,35,119,10.625
Dymarska2025_associations,35,120,5.2265625
Dymarska2025_associations,35,121,4.6287841796875
Dymarska2025_associations,35,122,4.4375
Dymarska2025_associations,35,123,16.65625
Dymarska2025_associations,35,124,6.0126953125
Dymarska2025_associations,35,125,4.39453125
Dymarska2025_associations,35,126,8.82421875
Dymarska2025_associations,35,127,6.921875
Dymarska2025_associations,35,128,3.7498779296875
Dymarska2025_associations,35,129,6.8671875
Dymarska2025_associations,35,130,4.18212890625
Dymarska2025_associations,35,131,7.0
Dymarska2025_associations,35,132,6.554443359375
Dymarska2025_associations,35,133,10.90625
Dymarska2025_associations,35,134,6.24267578125
Dymarska2025_associations,35,135,12.67919921875
Dymarska2025_associations,35,136,6.3125
Dymarska2025_associations,35,137,2.1875
Dymarska2025_associations,35,138,7.4375
Dymarska2025_associations,35,139,6.890625
Dymarska2025_associations,35,140,4.8515625
Dymarska2025_associations,35,141,2.02294921875
Dymarska2025_associations,35,142,3.1796875
Dymarska2025_associations,35,143,2.0059814453125
Dymarska2025_associations,35,144,3.513916015625
Dymarska2025_associations,35,145,4.748046875
Dymarska2025_associations,35,146,4.74267578125
Dymarska2025_associations,35,147,4.706512451171875
Dymarska2025_associations,35,148,6.03125
Dymarska2025_associations,35,149,6.6875
Dymarska2025_associations,35,150,5.25
Dymarska2025_associations,35,151,8.5
Dymarska2025_associations,35,152,4.09375
Dymarska2025_associations,35,153,7.625
Dymarska2025_associations,35,154,4.6171875
Dymarska2025_associations,35,155,7.328125
Dymarska2025_associations,35,156,6.934906005859375
Dymarska2025_associations,35,157,6.3271484375
Dymarska2025_associations,35,158,8.8515625
Dymarska2025_associations,35,159,3.345703125
Dymarska2025_associations,35,160,1.71826171875
Dymarska2025_associations,35,161,5.375
Dymarska2025_associations,35,162,3.4305419921875
Dymarska2025_associations,35,163,4.375
Dymarska2025_associations,35,164,2.9375
Dymarska2025_associations,35,165,9.25
Dymarska2025_associations,35,166,17.6875
Dymarska2025_associations,35,167,3.9998779296875
Dymarska2025_associations,35,168,3.46875
Dymarska2025_associations,35,169,9.8143310546875
Dymarska2025_associations,35,170,5.6796875
Dymarska2025_associations,35,171,3.33984375
Dymarska2025_associations,35,172,5.03076171875
Dymarska2025_associations,35,173,12.628875732421875
Dymarska2025_associations,35,174,11.189453125
Dymarska2025_associations,35,175,4.8203125
Dymarska2025_associations,35,176,12.1015625
Dymarska2025_associations,35,177,8.25
Dymarska2025_associations,35,178,13.0
Dymarska2025_associations,35,179,2.95703125
Dymarska2025_associations,35,180,2.741455078125
Dymarska2025_associations,35,181,1.42181396484375
Dymarska2025_associations,35,182,7.2655029296875
Dymarska2025_associations,35,183,4.84375
Dymarska2025_associations,35,184,12.375
Dymarska2025_associations,35,185,7.5625
Dymarska2025_associations,35,186,7.54150390625
Dymarska2025_associations,35,187,8.046875
Dymarska2025_associations,35,188,10.625
Dymarska2025_associations,35,189,6.671875
Dymarska2025_associations,35,190,5.557861328125
Dymarska2025_associations,35,191,13.15625
Dymarska2025_associations,35,192,7.2998046875
Dymarska2025_associations,35,193,6.968475341796875
Dymarska2025_associations,35,194,9.5703125
Dymarska2025_associations,35,195,7.390594482421875
Dymarska2025_associations,35,196,4.9765625
Dymarska2025_associations,35,197,4.875
Dymarska2025_associations,35,198,5.671875
Dymarska2025_associations,35,199,9.384735107421875
Dymarska2025_associations,36,0,6.63671875
Dymarska2025_associations,36,1,3.828125
Dymarska2025_associations,36,2,3.15625
Dymarska2025_associations,36,3,6.484375
Dymarska2025_associations,36,4,5.4530029296875
Dymarska2025_associations,36,5,4.97265625
Dymarska2025_associations,36,6,4.1279296875
Dymarska2025_associations,36,7,4.9287109375
Dymarska2025_associations,36,8,9.80078125
Dymarska2025_associations,36,9,8.0
Dymarska2025_associations,36,10,9.046875
Dymarska2025_associations,36,11,5.6328125
Dymarska2025_associations,36,12,8.53125
Dymarska2025_associations,36,13,2.515625
Dymarska2025_associations,36,14,6.890625
Dymarska2025_associations,36,15,13.92578125
Dymarska2025_associations,36,16,10.046875
Dymarska2025_associations,36,17,6.23046875
Dymarska2025_associations,36,18,10.4842529296875
Dymarska2025_associations,36,19,4.21875
Dymarska2025_associations,36,20,6.8369140625
Dymarska2025_associations,36,21,1.78955078125
Dymarska2025_associations,36,22,3.96875
Dymarska2025_associations,36,23,6.46630859375
Dymarska2025_associations,36,24,7.78125
Dymarska2025_associations,36,25,7.5546875
Dymarska2025_associations,36,26,11.8984375
Dymarska2025_associations,36,27,1.804656982421875
Dymarska2025_associations,36,28,3.944305419921875
Dymarska2025_associations,36,29,4.695281982421875
Dymarska2025_associations,36,30,7.54296875
Dymarska2025_associations,36,31,8.79150390625
Dymarska2025_associations,36,32,6.359375
Dymarska2025_associations,36,33,4.077362060546875
Dymarska2025_associations,36,34,8.3544921875
Dymarska2025_associations,36,35,5.765625
Dymarska2025_associations,36,36,7.41162109375
Dymarska2025_associations,36,37,4.498291015625
Dymarska2025_associations,36,38,3.070281982421875
Dymarska2025_associations,36,39,7.929656982421875
Dymarska2025_associations,36,40,9.424072265625
Dymarska2025_associations,36,41,6.4208984375
Dymarska2025_associations,36,42,8.140625
Dymarska2025_associations,36,43,4.3592529296875
Dymarska2025_associations,36,44,9.35400390625
Dymarska2025_associations,36,45,10.4375
Dymarska2025_associations,36,46,6.6953125
Dymarska2025_associations,36,47,3.763671875
Dymarska2025_associations,36,48,4.46875
Dymarska2025_associations,36,49,2.5703125
Dymarska2025_associations,36,50,3.53466796875
Dymarska2025_associations,36,51,6.5859375
Dymarska2025_associations,36,52,4.88671875
Dymarska2025_associations,36,53,5.6162109375
Dymarska2025_associations,36,54,5.96875
Dymarska2025_associations,36,55,8.21875
Dymarska2025_associations,36,56,8.625
Dymarska2025_associations,36,57,3.5185546875
Dymarska2025_associations,36,58,6.69287109375
Dymarska2025_associations,36,59,8.5703125
Dymarska2025_associations,36,60,4.25
Dymarska2025_associations,36,61,3.218505859375
Dymarska2025_associations,36,62,5.41015625
Dymarska2025_associations,36,63,10.921875
Dymarska2025_associations,36,64,4.56787109375
Dymarska2025_associations,36,65,4.866943359375
Dymarska2025_associations,36,66,10.6298828125
Dymarska2025_associations,36,67,2.82861328125
Dymarska2025_associations,36,68,8.125
Dymarska2025_associations,36,69,6.134765625
Dymarska2025_associations,36,70,9.0625
Dymarska2025_associations,36,71,7.97216796875
Dymarska2025_associations,36,72,5.58984375
Dymarska2025_associations,36,73,7.9375
Dymarska2025_associations,36,74,3.2783203125
Dymarska2025_associations,36,75,6.65625
Dymarska2025_associations,36,76,21.0546875
Dymarska2025_associations,36,77,5.0625
Dymarska2025_associations,36,78,6.5625
Dymarska2025_associations,36,79,2.546875
Dymarska2025_associations,36,80,4.65625
Dymarska2025_associations,36,81,4.71875
Dymarska2025_associations,36,82,5.57763671875
Dymarska2025_associations,36,83,3.207977294921875
Dymarska2025_associations,36,84,7.960693359375
Dymarska2025_associations,36,85,5.921875
Dymarska2025_associations,36,86,8.890625
Dymarska2025_associations,36,87,4.119140625
Dymarska2025_associations,36,88,4.109375
Dymarska2025_associations,36,89,8.8828125
Dymarska2025_associations,36,90,8.3203125
Dymarska2025_associations,36,91,4.56982421875
Dymarska2025_associations,36,92,5.90234375
Dymarska2025_associations,36,93,7.890625
Dymarska2025_associations,36,94,6.34375
Dymarska2025_associations,36,95,3.884765625
Dymarska2025_associations,36,96,7.31640625
Dymarska2025_associations,36,97,5.17578125
Dymarska2025_associations,36,98,5.663330078125
Dymarska2025_associations,36,99,3.33837890625
Dymarska2025_associations,36,100,7.1640625
Dymarska2025_associations,36,101,3.86767578125
Dymarska2025_associations,36,102,4.5625
Dymarska2025_associations,36,103,5.734344482421875
Dymarska2025_associations,36,104,5.7890625
Dymarska2025_associations,36,105,6.560546875
Dymarska2025_associations,36,106,4.5078125
Dymarska2025_associations,36,107,13.875
Dymarska2025_associations,36,108,1.6014404296875
Dymarska2025_associations,36,109,9.6025390625
Dymarska2025_associations,36,110,7.3330078125
Dymarska2025_associations,36,111,3.897705078125
Dymarska2025_associations,36,112,3.67578125
Dymarska2025_associations,36,113,6.320281982421875
Dymarska2025_associations,36,114,6.515625
Dymarska2025_associations,36,115,3.44921875
Dymarska2025_associations,36,116,8.90625
Dymarska2025_associations,36,117,8.5
Dymarska2025_associations,36,118,6.609375
Dymarska2025_associations,36,119,5.546875
Dymarska2025_associations,36,120,1.8271484375
Dymarska2025_associations,36,121,5.65234375
Dymarska2025_associations,36,122,3.507781982421875
Dymarska2025_associations,36,123,7.671875
Dymarska2025_associations,36,124,3.6513671875
Dymarska2025_associations,36,125,5.935546875
Dymarska2025_associations,36,126,9.05517578125
Dymarska2025_associations,36,127,2.44921875
Dymarska2025_associations,36,128,5.71875
Dymarska2025_associations,36,129,2.5546875
Dymarska2025_associations,36,130,5.6875
Dymarska2025_associations,36,131,5.288818359375
Dymarska2025_associations,36,132,5.058563232421875
Dymarska2025_associations,36,133,8.81787109375
Dymarska2025_associations,36,134,12.304443359375
Dymarska2025_associations,36,135,10.3427734375
Dymarska2025_associations,36,136,6.53125
Dymarska2025_associations,36,137,6.9375
Dymarska2025_associations,36,138,3.439453125
Dymarska2025_associations,36,139,2.308563232421875
Dymarska2025_associations,36,140,1.63720703125
Dymarska2025_associations,36,141,3.11328125
Dymarska2025_associations,36,142,2.7451171875
Dymarska2025_associations,36,143,3.7646484375
Dymarska2025_associations,36,144,4.0155029296875
Dymarska2025_associations,36,145,6.46875
Dymarska2025_associations,36,146,9.46484375
Dymarska2025_associations,36,147,5.890625
Dymarska2025_associations,36,148,6.55859375
Dymarska2025_associations,36,149,3.15234375
Dymarska2025_associations,36,150,6.671875
Dymarska2025_associations,36,151,1.8828125
Dymarska2025_associations,36,152,4.414031982421875
Dymarska2025_associations,36,153,7.8134765625
Dymarska2025_associations,36,154,3.76171875
Dymarska2025_associations,36,155,5.749755859375
Dymarska2025_associations,36,156,3.898406982421875
Dymarska2025_associations,36,157,7.1640625
Dymarska2025_associations,37,0,5.5771484375
Dymarska2025_associations,37,1,4.654296875
Dymarska2025_associations,37,2,3.197235107421875
Dymarska2025_associations,37,3,3.75537109375
Dymarska2025_associations,37,4,5.09375
Dymarska2025_associations,37,5,3.5478515625
Dymarska2025_associations,37,6,11.87109375
Dymarska2025_associations,37,7,2.789031982421875
Dymarska2025_associations,37,8,4.2841796875
Dymarska2025_associations,37,9,8.5
Dymarska2025_associations,37,10,7.74609375
Dymarska2025_associations,37,11,4.42578125
Dymarska2025_associations,37,12,5.953125
Dymarska2025_associations,37,13,8.78125
Dymarska2025_associations,37,14,10.65625
Dymarska2025_associations,37,15,10.08251953125
Dymarska2025_associations,37,16,6.75
Dymarska2025_associations,37,17,3.99853515625
Dymarska2025_associations,37,18,6.78125
Dymarska2025_associations,37,19,6.2734375
Dymarska2025_associations,37,20,4.0478515625
Dymarska2025_associations,37,21,7.23486328125
Dymarska2025_associations,37,22,7.21875
Dymarska2025_associations,37,23,7.3759765625
Dymarska2025_associations,37,24,3.445281982421875
Dymarska2025_associations,37,25,5.2841796875
Dymarska2025_associations,37,26,9.3984375
Dymarska2025_associations,37,27,3.66650390625
Dymarska2025_associations,37,28,8.0029296875
Dymarska2025_associations,37,29,9.781219482421875
Dymarska2025_associations,37,30,10.34375
Dymarska2025_associations,37,31,3.69140625
Dymarska2025_associations,37,32,4.11328125
Dymarska2025_associations,37,33,4.6328125
Dymarska2025_associations,37,34,7.15625
Dymarska2025_associations,37,35,6.069580078125
Dymarska2025_associations,37,36,4.73046875
Dymarska2025_associations,37,37,4.4375
Dymarska2025_associations,37,38,5.91796875
Dymarska2025_associations,37,39,6.0625
Dymarska2025_associations,37,40,4.689422607421875
Dymarska2025_associations,37,41,9.40625
Dymarska2025_associations,37,42,5.447265625
Dymarska2025_associations,37,43,6.9375
Dymarska2025_associations,37,44,6.625
Dymarska2025_associations,37,45,6.8125
Dymarska2025_associations,37,46,9.6875
Dymarska2025_associations,37,47,10.65625
Dymarska2025_associations,37,48,7.265625
Dymarska2025_associations,37,49,5.1875
Dymarska2025_associations,37,50,6.9375
Dymarska2025_associations,37,51,7.9375
Dymarska2025_associations,37,52,4.796875
Dymarska2025_associations,37,53,9.21875
Dymarska2025_associations,37,54,5.84375
Dymarska2025_associations,37,55,5.9375
Dymarska2025_associations,37,56,10.265625
Dymarska2025_associations,37,57,7.015625
Dymarska2025_associations,37,58,6.203125
Dymarska2025_associations,37,59,6.1416015625
Dymarska2025_associations,37,60,8.046875
Dymarska2025_associations,37,61,4.328125
Dymarska2025_associations,37,62,2.1171875
Dymarska2025_associations,37,63,4.40625
Dymarska2025_associations,37,64,5.31787109375
Dymarska2025_associations,37,65,3.5751953125
Dymarska2025_associations,37,66,7.03125
Dymarska2025_associations,37,67,5.7109375
Dymarska2025_associations,37,68,3.9609375
Dymarska2025_associations,37,69,7.6171875
Dymarska2025_associations,37,70,8.350830078125
Dymarska2025_associations,37,71,5.42333984375
Dymarska2025_associations,37,72,5.5546875
Dymarska2025_associations,37,73,7.375
Dymarska2025_associations,37,74,8.75
Dymarska2025_associations,37,75,6.4375
Dymarska2025_associations,37,76,2.84375
Dymarska2025_associations,37,77,5.695281982421875
Dymarska2025_associations,37,78,5.171875
Dymarska2025_associations,37,79,6.4375
Dymarska2025_associations,37,80,13.5
Dymarska2025_associations,37,81,7.0390625
Dymarska2025_associations,37,82,1.8515625
Dymarska2025_associations,37,83,2.84375
Dymarska2025_associations,37,84,6.8828125
Dymarska2025_associations,37,85,5.23828125
Dymarska2025_associations,37,86,3.7342529296875
Dymarska2025_associations,37,87,6.84375
Dymarska2025_associations,37,88,14.96875
Dymarska2025_associations,37,89,7.857421875
Dymarska2025_associations,37,90,9.5625
Dymarska2025_associations,37,91,3.375
Dymarska2025_associations,37,92,5.341796875
Dymarska2025_associations,37,93,7.52734375
Dymarska2025_associations,37,94,12.671875
Dymarska2025_associations,37,95,4.327880859375
Dymarska2025_associations,37,96,4.16796875
Dymarska2025_associations,37,97,9.734375
Dymarska2025_associations,37,98,9.4375
Dymarska2025_associations,37,99,9.328125
Dymarska2025_associations,37,100,9.8125
Dymarska2025_associations,37,101,8.210693359375
Dymarska2025_associations,37,102,5.171875
Dymarska2025_associations,37,103,3.487274169921875
Dymarska2025_associations,37,104,8.01171875
Dymarska2025_associations,37,105,5.015625
Dymarska2025_associations,37,106,8.78125
Dymarska2025_associations,37,107,4.27294921875
Dymarska2025_associations,37,108,5.265625
Dymarska2025_associations,37,109,5.671875
Dymarska2025_associations,37,110,4.75
Dymarska2025_associations,37,111,5.90625
Dymarska2025_associations,37,112,5.741455078125
Dymarska2025_associations,37,113,4.53515625
Dymarska2025_associations,37,114,5.4375
Dymarska2025_associations,37,115,7.1015625
Dymarska2025_associations,37,116,11.5625
Dymarska2025_associations,37,117,5.0693359375
Dymarska2025_associations,37,118,4.41796875
Dymarska2025_associations,37,119,6.9375
Dymarska2025_associations,37,120,5.6484375
Dymarska2025_associations,37,121,4.515625
Dymarska2025_associations,37,122,1.724609375
Dymarska2025_associations,37,123,7.59912109375
Dymarska2025_associations,37,124,5.578094482421875
Dymarska2025_associations,37,125,2.132781982421875
Dymarska2025_associations,37,126,3.1103515625
Dymarska2025_associations,37,127,3.6092529296875
Dymarska2025_associations,37,128,18.5654296875
Dymarska2025_associations,37,129,4.3330078125
Dymarska2025_associations,37,130,4.611328125
Dymarska2025_associations,37,131,9.59375
Dymarska2025_associations,37,132,5.20703125
Dymarska2025_associations,37,133,4.683563232421875
Dymarska2025_associations,37,134,3.6279296875
Dymarska2025_associations,37,135,5.890625
Dymarska2025_associations,37,136,11.069580078125
Dymarska2025_associations,37,137,8.1376953125
Dymarska2025_associations,37,138,8.8125
Dymarska2025_associations,37,139,2.59375
Dymarska2025_associations,37,140,8.625
Dymarska2025_associations,37,141,9.3125
Dymarska2025_associations,37,142,8.441162109375
Dymarska2025_associations,37,143,4.730712890625
Dymarska2025_associations,37,144,4.091796875
Dymarska2025_associations,37,145,6.796875
Dymarska2025_associations,37,146,10.78125
Dymarska2025_associations,37,147,9.75
Dymarska2025_associations,37,148,8.390625
Dymarska2025_associations,37,149,5.5
Dymarska2025_associations,37,150,16.0
Dymarska2025_associations,37,151,15.375
Dymarska2025_associations,37,152,8.62451171875
Dymarska2025_associations,37,153,7.6875
Dymarska2025_associations,37,154,5.062469482421875
Dymarska2025_associations,37,155,10.34375
Dymarska2025_associations,37,156,6.375
Dymarska2025_associations,37,157,8.4814453125
Dymarska2025_associations,37,158,8.0
Dymarska2025_associations,37,159,4.5859375
Dymarska2025_associations,37,160,6.109375
Dymarska2025_associations,37,161,6.3125
Dymarska2025_associations,37,162,6.9375
Dymarska2025_associations,37,163,8.734375
Dymarska2025_associations,37,164,5.5546875
Dymarska2025_associations,37,165,6.96484375
Dymarska2025_associations,37,166,4.046875
Dymarska2025_associations,37,167,6.773193359375
Dymarska2025_associations,37,168,3.875
Dymarska2025_associations,37,169,5.435546875
Dymarska2025_associations,37,170,2.69140625
Dymarska2025_associations,37,171,5.4560546875
Dymarska2025_associations,37,172,3.8125
Dymarska2025_associations,37,173,4.978515625
Dymarska2025_associations,37,174,8.12646484375
Dymarska2025_associations,37,175,4.7734375
Dymarska2025_associations,37,176,10.46240234375
Dymarska2025_associations,37,177,4.71484375
Dymarska2025_associations,37,178,4.288330078125
Dymarska2025_associations,38,0,10.701171875
Dymarska2025_associations,38,1,8.59375
Dymarska2025_associations,38,2,2.65625
Dymarska2025_associations,38,3,6.9375
Dymarska2025_associations,38,4,4.09326171875
Dymarska2025_associations,38,5,9.3125
Dymarska2025_associations,38,6,7.578125
Dymarska2025_associations,38,7,7.625
Dymarska2025_associations,38,8,2.86279296875
Dymarska2025_associations,38,9,9.09375
Dymarska2025_associations,38,10,5.9608154296875
Dymarska2025_associations,38,11,4.71875
Dymarska2025_associations,38,12,7.3280029296875
Dymarska2025_associations,38,13,7.140625
Dymarska2025_associations,38,14,8.7578125
Dymarska2025_associations,38,15,3.140625
Dymarska2025_associations,38,16,6.884765625
Dymarska2025_associations,38,17,4.45703125
Dymarska2025_associations,38,18,3.4295654296875
Dymarska2025_associations,38,19,4.294921875
Dymarska2025_associations,38,20,6.21875
Dymarska2025_associations,38,21,11.40625
Dymarska2025_associations,38,22,5.5625
Dymarska2025_associations,38,23,5.0546875
Dymarska2025_associations,38,24,7.375
Dymarska2025_associations,38,25,7.4530029296875
Dymarska2025_associations,38,26,6.841796875
Dymarska2025_associations,38,27,5.5791015625
Dymarska2025_associations,38,28,7.9600830078125
Dymarska2025_associations,38,29,1.6639404296875
Dymarska2025_associations,38,30,6.25
Dymarska2025_associations,38,31,4.7353515625
Dymarska2025_associations,38,32,9.1484375
Dymarska2025_associations,38,33,8.1171875
Dymarska2025_associations,38,34,7.55078125
Dymarska2025_associations,38,35,2.380859375
Dymarska2025_associations,38,36,4.1875
Dymarska2025_associations,38,37,11.0
Dymarska2025_associations,38,38,4.21875
Dymarska2025_associations,38,39,5.54443359375
Dymarska2025_associations,38,40,8.328125
Dymarska2025_associations,38,41,1.053955078125
Dymarska2025_associations,38,42,2.73828125
Dymarska2025_associations,38,43,6.351531982421875
Dymarska2025_associations,38,44,3.4129638671875
Dymarska2025_associations,38,45,5.388671875
Dymarska2025_associations,38,46,6.701171875
Dymarska2025_associations,38,47,2.647705078125
Dymarska2025_associations,38,48,3.3583984375
Dymarska2025_associations,38,49,5.375
Dymarska2025_associations,38,50,3.615234375
Dymarska2025_associations,38,51,6.6796875
Dymarska2025_associations,38,52,5.546875
Dymarska2025_associations,38,53,4.181640625
Dymarska2025_associations,38,54,3.58984375
Dymarska2025_associations,38,55,8.84375
Dymarska2025_associations,38,56,5.1279296875
Dymarska2025_associations,38,57,5.2685546875
Dymarska2025_associations,38,58,8.01953125
Dymarska2025_associations,38,59,5.936737060546875
Dymarska2025_associations,38,60,10.18359375
Dymarska2025_associations,38,61,4.5
Dymarska2025_associations,38,62,7.54296875
Dymarska2025_associations,38,63,6.9482421875
Dymarska2025_associations,38,64,3.9541015625
Dymarska2025_associations,38,65,6.1953125
Dymarska2025_associations,38,66,6.75
Dymarska2025_associations,38,67,5.482421875
Dymarska2025_associations,38,68,5.796875
Dymarska2025_associations,38,69,5.16796875
Dymarska2025_associations,38,70,5.35546875
Dymarska2025_associations,38,71,2.0625
Dymarska2025_associations,38,72,5.05078125
Dymarska2025_associations,38,73,2.991943359375
Dymarska2025_associations,38,74,4.0780029296875
Dymarska2025_associations,38,75,2.92138671875
Dymarska2025_associations,38,76,3.6561279296875
Dymarska2025_associations,38,77,2.671875
Dymarska2025_associations,38,78,1.470703125
Dymarska2025_associations,38,79,5.632293701171875
Dymarska2025_associations,38,80,3.740234375
Dymarska2025_associations,38,81,2.9599609375
Dymarska2025_associations,38,82,4.63427734375
Dymarska2025_associations,38,83,5.7626953125
Dymarska2025_associations,38,84,3.015625
Dymarska2025_associations,38,85,5.9793701171875
Dymarska2025_associations,38,86,1.90625
Dymarska2025_associations,38,87,4.382781982421875
Dymarska2025_associations,38,88,3.28955078125
Dymarska2025_associations,38,89,3.65625
Dymarska2025_associations,38,90,6.145477294921875
Dymarska2025_associations,38,91,2.984375
Dymarska2025_associations,38,92,6.819580078125
Dymarska2025_associations,38,93,7.966796875
Dymarska2025_associations,38,94,3.0126953125
Dymarska2025_associations,38,95,4.46875
Dymarska2025_associations,38,96,6.50390625
Dymarska2025_associations,38,97,7.600830078125
Dymarska2025_associations,38,98,9.84375
Dymarska2025_associations,38,99,5.7890625
Dymarska2025_associations,38,100,7.140625
Dymarska2025_associations,38,101,8.9140625
Dymarska2025_associations,38,102,2.86328125
Dymarska2025_associations,38,103,7.533203125
Dymarska2025_associations,38,104,3.80517578125
Dymarska2025_associations,38,105,5.17578125
Dymarska2025_associations,38,106,7.057586669921875
Dymarska2025_associations,38,107,2.405242919921875
Dymarska2025_associations,38,108,1.92156982421875
Dymarska2025_associations,38,109,1.955047607421875
Dymarska2025_associations,38,110,5.0595703125
Dymarska2025_associations,38,111,4.975830078125
Dymarska2025_associations,38,112,8.796875
Dymarska2025_associations,38,113,6.156005859375
Dymarska2025_associations,38,114,2.955078125
Dymarska2025_associations,38,115,3.007659912109375
Dymarska2025_associations,38,116,6.53125
Dymarska2025_associations,38,117,5.976531982421875
Dymarska2025_associations,38,118,2.28759765625
Dymarska2025_associations,38,119,2.8797607421875
Dymarska2025_associations,38,120,2.22412109375
Dymarska2025_associations,38,121,8.3818359375
Dymarska2025_associations,38,122,7.8203125
Dymarska2025_associations,38,123,7.8125
Dymarska2025_associations,38,124,9.703125
Dymarska2025_associations,38,125,3.03076171875
Dymarska2025_associations,38,126,1.46087646484375
Dymarska2025_associations,38,127,9.5625
Dymarska2025_associations,38,128,7.2119140625
Dymarska2025_associations,38,129,4.1875
Dymarska2025_associations,38,130,9.875
Dymarska2025_associations,38,131,4.81787109375
Dymarska2025_associations,38,132,8.25
Dymarska2025_associations,38,133,7.6591796875
Dymarska2025_associations,38,134,14.578125
Dymarska2025_associations,38,135,10.5
Dymarska2025_associations,38,136,6.46875
Dymarska2025_associations,38,137,5.83203125
Dymarska2025_associations,38,138,4.55712890625
Dymarska2025_associations,38,139,2.710205078125
Dymarska2025_associations,38,140,9.4140625
Dymarska2025_associations,38,141,11.2625732421875
Dymarska2025_associations,38,142,7.75
Dymarska2025_associations,38,143,4.55322265625
Dymarska2025_associations,38,144,4.904296875
Dymarska2025_associations,39,0,13.234375
Dymarska2025_associations,39,1,11.515625
Dymarska2025_associations,39,2,3.86962890625
Dymarska2025_associations,39,3,6.90625
Dymarska2025_associations,39,4,6.359375
Dymarska2025_associations,39,5,6.19921875
Dymarska2025_associations,39,6,5.072265625
Dymarska2025_associations,39,7,3.09375
Dymarska2025_associations,39,8,1.1796875
Dymarska2025_associations,39,9,4.28125
Dymarska2025_associations,39,10,7.35546875
Dymarska2025_associations,39,11,14.5625
Dymarska2025_associations,39,12,9.42822265625
Dymarska2025_associations,39,13,6.288330078125
Dymarska2025_associations,39,14,4.75
Dymarska2025_associations,39,15,7.06640625
Dymarska2025_associations,39,16,8.39892578125
Dymarska2025_associations,39,17,7.95263671875
Dymarska2025_associations,39,18,6.60546875
Dymarska2025_associations,39,19,5.625
Dymarska2025_associations,39,20,4.5155029296875
Dymarska2025_associations,39,21,8.632781982421875
Dymarska2025_associations,39,22,5.615234375
Dymarska2025_associations,39,23,11.44921875
Dymarska2025_associations,39,24,7.477294921875
Dymarska2025_associations,39,25,12.109375
Dymarska2025_associations,39,26,8.765625
Dymarska2025_associations,39,27,2.921875
Dymarska2025_associations,39,28,0.769500732421875
Dymarska2025_associations,39,29,3.74609375
Dymarska2025_associations,39,30,7.0
Dymarska2025_associations,39,31,7.494873046875
Dymarska2025_associations,39,32,6.94384765625
Dymarska2025_associations,39,33,3.296875
Dymarska2025_associations,39,34,6.046875
Dymarska2025_associations,39,35,3.992034912109375
Dymarska2025_associations,39,36,7.32025146484375
Dymarska2025_associations,39,37,16.0859375
Dymarska2025_associations,39,38,5.281219482421875
Dymarska2025_associations,39,39,6.3193359375
Dymarska2025_associations,39,40,9.625
Dymarska2025_associations,39,41,7.953125
Dymarska2025_associations,39,42,6.4609375
Dymarska2025_associations,39,43,5.75
Dymarska2025_associations,39,44,4.664031982421875
Dymarska2025_associations,39,45,4.59375
Dymarska2025_associations,39,46,1.4686279296875
Dymarska2025_associations,39,47,2.734375
Dymarska2025_associations,39,48,5.220703125
Dymarska2025_associations,39,49,6.765625
Dymarska2025_associations,39,50,9.384765625
Dymarska2025_associations,39,51,4.163543701171875
Dymarska2025_associations,39,52,4.197509765625
Dymarska2025_associations,39,53,8.15625
Dymarska2025_associations,39,54,9.875
Dymarska2025_associations,39,55,7.515625
Dymarska2025_associations,39,56,7.28125
Dymarska2025_associations,39,57,5.7421875
Dymarska2025_associations,39,58,3.6728515625
Dymarska2025_associations,39,59,1.5155029296875
Dymarska2025_associations,39,60,4.8592529296875
Dymarska2025_associations,39,61,8.15625
Dymarska2025_associations,39,62,2.8983154296875
Dymarska2025_associations,39,63,6.3280029296875
Dymarska2025_associations,39,64,1.2420654296875
Dymarska2025_associations,39,65,2.46875
Dymarska2025_associations,39,66,6.83642578125
Dymarska2025_associations,39,67,8.087890625
Dymarska2025_associations,39,68,2.71875
Dymarska2025_associations,39,69,3.9677734375
Dymarska2025_associations,39,70,6.281219482421875
Dymarska2025_associations,39,71,8.41943359375
Dymarska2025_associations,39,72,4.015625
Dymarska2025_associations,39,73,3.538543701171875
Dymarska2025_associations,39,74,8.921875
Dymarska2025_associations,39,75,7.0732421875
Dymarska2025_associations,39,76,2.0
Dymarska2025_associations,39,77,5.257781982421875
Dymarska2025_associations,39,78,5.3125
Dymarska2025_associations,39,79,9.84375
Dymarska2025_associations,39,80,4.58984375
Dymarska2025_associations,39,81,5.67822265625
Dymarska2025_associations,39,82,1.4140625
Dymarska2025_associations,39,83,5.234375
Dymarska2025_associations,39,84,7.6875
Dymarska2025_associations,39,85,3.523406982421875
Dymarska2025_associations,39,86,5.148895263671875
Dymarska2025_associations,39,87,11.9833984375
Dymarska2025_associations,39,88,11.09375
Dymarska2025_associations,39,89,4.208953857421875
Dymarska2025_associations,39,90,8.604461669921875
Dymarska2025_associations,39,91,8.6875
Dymarska2025_associations,39,92,5.9158935546875
Dymarska2025_associations,39,93,1.3203125
Dymarska2025_associations,39,94,2.77734375
Dymarska2025_associations,39,95,4.15625
Dymarska2025_associations,39,96,3.1561279296875
Dymarska2025_associations,39,97,2.71484375
Dymarska2025_associations,39,98,12.21875
Dymarska2025_associations,39,99,7.875
Dymarska2025_associations,39,100,3.828125
Dymarska2025_associations,39,101,3.9609375
Dymarska2025_associations,39,102,3.8154296875
Dymarska2025_associations,39,103,5.265625
Dymarska2025_associations,39,104,9.466796875
Dymarska2025_associations,39,105,12.5625
Dymarska2025_associations,39,106,12.375
Dymarska2025_associations,39,107,4.507781982421875
Dymarska2025_associations,39,108,6.5
Dymarska2025_associations,39,109,8.90625
Dymarska2025_associations,39,110,4.3125
Dymarska2025_associations,39,111,4.380859375
Dymarska2025_associations,39,112,5.70751953125
Dymarska2025_associations,39,113,7.9384765625
Dymarska2025_associations,39,114,6.25390625
Dymarska2025_associations,39,115,5.0428466796875
Dymarska2025_associations,39,116,5.978515625
Dymarska2025_associations,39,117,5.46435546875
Dymarska2025_associations,39,118,4.90625
Dymarska2025_associations,39,119,7.71875
Dymarska2025_associations,39,120,6.09375
Dymarska2025_associations,39,121,5.8359375
Dymarska2025_associations,39,122,6.205078125
Dymarska2025_associations,39,123,5.625
Dymarska2025_associations,39,124,5.923828125
Dymarska2025_associations,39,125,8.0517578125
Dymarska2025_associations,39,126,7.419921875
Dymarska2025_associations,39,127,3.55859375
Dymarska2025_associations,39,128,3.2850341796875
Dymarska2025_associations,39,129,2.38134765625
Dymarska2025_associations,39,130,8.3125
Dymarska2025_associations,39,131,3.4453125
Dymarska2025_associations,39,132,0.759765625
Dymarska2025_associations,39,133,6.5166015625
Dymarska2025_associations,39,134,5.9140625
Dymarska2025_associations,39,135,4.1015625
Dymarska2025_associations,39,136,8.58251953125
Dymarska2025_associations,39,137,5.75
Dymarska2025_associations,39,138,2.02734375
Dymarska2025_associations,39,139,8.90625
Dymarska2025_associations,39,140,8.4072265625
Dymarska2025_associations,39,141,8.453125
Dymarska2025_associations,39,142,2.359375
Dymarska2025_associations,39,143,3.0623779296875
Dymarska2025_associations,39,144,8.913330078125
Dymarska2025_associations,39,145,8.541015625
Dymarska2025_associations,39,146,5.015625
Dymarska2025_associations,39,147,7.748046875
Dymarska2025_associations,39,148,7.3125
Dymarska2025_associations,39,149,5.47021484375
Dymarska2025_associations,39,150,5.921875
Dymarska2025_associations,40,0,6.5625
Dymarska2025_associations,40,1,3.15234375
Dymarska2025_associations,40,2,5.890625
Dymarska2025_associations,40,3,3.75390625
Dymarska2025_associations,40,4,6.84375
Dymarska2025_associations,40,5,7.015625
Dymarska2025_associations,40,6,3.05078125
Dymarska2025_associations,40,7,7.6484375
Dymarska2025_associations,40,8,13.09375
Dymarska2025_associations,40,9,5.8671875
Dymarska2025_associations,40,10,4.5625
Dymarska2025_associations,40,11,8.328125
Dymarska2025_associations,40,12,5.5
Dymarska2025_associations,40,13,6.2069091796875
Dymarska2025_associations,40,14,9.625
Dymarska2025_associations,40,15,4.183563232421875
Dymarska2025_associations,40,16,6.4892578125
Dymarska2025_associations,40,17,5.125
Dymarska2025_associations,40,18,1.5693359375
Dymarska2025_associations,40,19,4.6015625
Dymarska2025_associations,40,20,2.14892578125
Dymarska2025_associations,40,21,5.43505859375
Dymarska2025_associations,40,22,4.2900390625
Dymarska2025_associations,40,23,8.7412109375
Dymarska2025_associations,40,24,6.92333984375
Dymarska2025_associations,40,25,3.812225341796875
Dymarska2025_associations,40,26,10.859375
Dymarska2025_associations,40,27,8.90625
Dymarska2025_associations,40,28,6.71875
Dymarska2025_associations,40,29,4.9765625
Dymarska2025_associations,40,30,0.87109375
Dymarska2025_associations,40,31,7.9521484375
Dymarska2025_associations,40,32,6.69775390625
Dymarska2025_associations,40,33,4.8828125
Dymarska2025_associations,40,34,2.46484375
Dymarska2025_associations,40,35,5.921875
Dymarska2025_associations,40,36,6.78515625
Dymarska2025_associations,40,37,3.84814453125
Dymarska2025_associations,40,38,3.819580078125
Dymarska2025_associations,40,39,9.5
Dymarska2025_associations,40,40,6.390625
Dymarska2025_associations,40,41,8.744140625
Dymarska2025_associations,40,42,6.43359375
Dymarska2025_associations,40,43,4.694793701171875
Dymarska2025_associations,40,44,1.0780029296875
Dymarska2025_associations,40,45,2.8359375
Dymarska2025_associations,40,46,8.21484375
Dymarska2025_associations,40,47,7.41015625
Dymarska2025_associations,40,48,8.90234375
Dymarska2025_associations,40,49,8.5701904296875
Dymarska2025_associations,40,50,5.367034912109375
Dymarska2025_associations,40,51,4.23046875
Dymarska2025_associations,40,52,4.564453125
Dymarska2025_associations,40,53,7.72509765625
Dymarska2025_associations,40,54,5.1875
Dymarska2025_associations,40,55,5.0
Dymarska2025_associations,40,56,2.267578125
Dymarska2025_associations,40,57,4.148193359375
Dymarska2025_associations,40,58,8.553955078125
Dymarska2025_associations,40,59,6.625
Dymarska2025_associations,40,60,11.28125
Dymarska2025_associations,40,61,5.101531982421875
Dymarska2025_associations,40,62,5.70703125
Dymarska2025_associations,40,63,2.85888671875
Dymarska2025_associations,40,64,7.525390625
Dymarska2025_associations,40,65,4.78125
Dymarska2025_associations,40,66,5.65234375
Dymarska2025_associations,40,67,4.3876953125
Dymarska2025_associations,40,68,3.132293701171875
Dymarska2025_associations,40,69,5.326171875
Dymarska2025_associations,40,70,3.0869140625
Dymarska2025_associations,40,71,5.6875
Dymarska2025_associations,40,72,3.7724609375
Dymarska2025_associations,40,73,5.6376953125
Dymarska2025_associations,40,74,4.11767578125
Dymarska2025_associations,40,75,4.875
Dymarska2025_associations,40,76,3.230926513671875
Dymarska2025_associations,40,77,7.6875
Dymarska2025_associations,40,78,8.5
Dymarska2025_associations,40,79,7.158203125
Dymarska2025_associations,40,80,9.576171875
Dymarska2025_associations,40,81,4.84375
Dymarska2025_associations,40,82,5.6162109375
Dymarska2025_associations,40,83,2.7001953125
Dymarska2025_associations,40,84,8.265625
Dymarska2025_associations,40,85,5.625
Dymarska2025_associations,40,86,4.87890625
Dymarska2025_associations,40,87,3.046875
Dymarska2025_associations,40,88,4.1015625
Dymarska2025_associations,40,89,3.2109375
Dymarska2025_associations,40,90,4.640625
Dymarska2025_associations,40,91,10.640625
Dymarska2025_associations,40,92,5.485321044921875
Dymarska2025_associations,40,93,3.05078125
Dymarska2025_associations,40,94,3.28125
Dymarska2025_associations,40,95,0.76171875
Dymarska2025_associations,40,96,3.63671875
Dymarska2025_associations,40,97,3.3115234375
Dymarska2025_associations,40,98,5.374969482421875
Dymarska2025_associations,40,99,7.8125
Dymarska2025_associations,40,100,4.1875
Dymarska2025_associations,40,101,7.125
Dymarska2025_associations,40,102,3.4375
Dymarska2025_associations,40,103,4.216796875
Dymarska2025_associations,40,104,3.041015625
Dymarska2025_associations,40,105,6.467742919921875
Dymarska2025_associations,40,106,6.0625
Dymarska2025_associations,40,107,5.6875
Dymarska2025_associations,40,108,3.574188232421875
Dymarska2025_associations,40,109,7.1875
Dymarska2025_associations,40,110,7.1650390625
Dymarska2025_associations,40,111,4.28125
Dymarska2025_associations,40,112,3.123046875
Dymarska2025_associations,40,113,5.69140625
Dymarska2025_associations,40,114,9.5994873046875
Dymarska2025_associations,40,115,4.1630859375
Dymarska2025_associations,40,116,3.7666015625
Dymarska2025_associations,40,117,6.83447265625
Dymarska2025_associations,40,118,5.695281982421875
Dymarska2025_associations,40,119,3.67578125
Dymarska2025_associations,40,120,2.875
Dymarska2025_associations,40,121,5.609375
Dymarska2025_associations,40,122,5.29296875
Dymarska2025_associations,40,123,5.9296875
Dymarska2025_associations,40,124,10.03125
Dymarska2025_associations,40,125,3.445281982421875
Dymarska2025_associations,40,126,5.328125
Dymarska2025_associations,40,127,5.091796875
Dymarska2025_associations,40,128,3.9609375
Dymarska2025_associations,40,129,1.5810546875
Dymarska2025_associations,40,130,1.5234375
Dymarska2025_associations,40,131,3.990234375
Dymarska2025_associations,40,132,3.509765625
Dymarska2025_associations,40,133,7.125
Dymarska2025_associations,40,134,5.734375
Dymarska2025_associations,40,135,2.9853515625
Dymarska2025_associations,40,136,4.625
Dymarska2025_associations,40,137,8.40625
Dymarska2025_associations,40,138,7.0
Dymarska2025_associations,40,139,3.19921875
Dymarska2025_associations,40,140,4.68359375
Dymarska2025_associations,40,141,8.84375
