experiment,participant_id,item_index,nll
hilton2021_comprehension,001,0,2.984375
hilton2021_comprehension,001,1,0.82421875
hilton2021_comprehension,001,2,0.51953125
hilton2021_comprehension,001,3,1.078125
hilton2021_comprehension,001,4,1.5703125
hilton2021_comprehension,001,5,0.470703125
hilton2021_comprehension,001,6,0.80078125
hilton2021_comprehension,001,7,0.2890625
hilton2021_comprehension,001,8,0.2421875
hilton2021_comprehension,001,9,0.248046875
hilton2021_comprehension,001,10,0.19140625
hilton2021_comprehension,001,11,1.609375
hilton2021_comprehension,001,12,0.1455078125
hilton2021_comprehension,001,13,0.060546875
hilton2021_comprehension,001,14,0.76171875
hilton2021_comprehension,001,15,1.6015625
hilton2021_comprehension,001,16,0.0458984375
hilton2021_comprehension,001,17,0.8359375
hilton2021_comprehension,001,18,0.70703125
hilton2021_comprehension,001,19,0.2041015625
hilton2021_comprehension,001,20,1.8125
hilton2021_comprehension,001,21,0.578125
hilton2021_comprehension,001,22,1.0546875
hilton2021_comprehension,001,23,0.05322265625
hilton2021_comprehension,001,24,0.2041015625
hilton2021_comprehension,001,25,0.69921875
hilton2021_comprehension,001,26,0.03076171875
hilton2021_comprehension,001,27,0.390625
hilton2021_comprehension,001,28,0.060546875
hilton2021_comprehension,001,29,0.390625
hilton2021_comprehension,001,30,0.060546875
hilton2021_comprehension,001,31,0.828125
hilton2021_comprehension,001,32,0.0458984375
hilton2021_comprehension,001,33,0.8984375
hilton2021_comprehension,001,34,0.11767578125
hilton2021_comprehension,001,35,0.5234375
hilton2021_comprehension,001,36,0.5234375
hilton2021_comprehension,001,37,1.3125
hilton2021_comprehension,001,38,1.3125
hilton2021_comprehension,001,39,0.3515625
hilton2021_comprehension,001,40,1.0546875
hilton2021_comprehension,001,41,0.8984375
hilton2021_comprehension,001,42,0.12451171875
hilton2021_comprehension,001,43,0.0966796875
hilton2021_comprehension,001,44,0.023193359375
hilton2021_comprehension,001,45,2.234375
hilton2021_comprehension,001,46,0.11083984375
hilton2021_comprehension,001,47,1.5
hilton2021_comprehension,001,48,0.08251953125
hilton2021_comprehension,001,49,10.1875
hilton2021_comprehension,001,50,0.8984375
hilton2021_comprehension,001,51,1.265625
hilton2021_comprehension,001,52,0.1318359375
hilton2021_comprehension,001,53,0.8515625
hilton2021_comprehension,001,54,0.271484375
hilton2021_comprehension,001,55,0.08984375
hilton2021_comprehension,001,56,1.8203125
hilton2021_comprehension,001,57,0.546875
hilton2021_comprehension,001,58,0.1982421875
hilton2021_comprehension,001,59,0.36328125
hilton2021_comprehension,001,60,0.400390625
hilton2021_comprehension,001,61,0.138671875
hilton2021_comprehension,001,62,0.72265625
hilton2021_comprehension,001,63,0.52734375
hilton2021_comprehension,001,64,0.69921875
hilton2021_comprehension,001,65,1.421875
hilton2021_comprehension,001,66,1.8203125
hilton2021_comprehension,001,67,0.98046875
hilton2021_comprehension,001,68,0.19140625
hilton2021_comprehension,001,69,0.7734375
hilton2021_comprehension,001,70,0.36328125
hilton2021_comprehension,001,71,0.306640625
hilton2021_comprehension,001,72,0.91015625
hilton2021_comprehension,002,0,0.68359375
hilton2021_comprehension,002,1,1.1484375
hilton2021_comprehension,002,2,0.65234375
hilton2021_comprehension,002,3,0.76953125
hilton2021_comprehension,002,4,0.2294921875
hilton2021_comprehension,002,5,1.171875
hilton2021_comprehension,002,6,0.40625
hilton2021_comprehension,002,7,1.078125
hilton2021_comprehension,002,8,0.1845703125
hilton2021_comprehension,002,9,0.76953125
hilton2021_comprehension,002,10,1.078125
hilton2021_comprehension,002,11,0.48046875
hilton2021_comprehension,002,12,0.39453125
hilton2021_comprehension,002,13,1.0625
hilton2021_comprehension,002,14,0.578125
hilton2021_comprehension,002,15,0.4765625
hilton2021_comprehension,002,16,0.578125
hilton2021_comprehension,002,17,0.0751953125
hilton2021_comprehension,002,18,0.1787109375
hilton2021_comprehension,002,19,2.015625
hilton2021_comprehension,002,20,0.431640625
hilton2021_comprehension,002,21,0.2294921875
hilton2021_comprehension,002,22,0.69140625
hilton2021_comprehension,002,23,0.2294921875
hilton2021_comprehension,002,24,0.03076171875
hilton2021_comprehension,002,25,0.5234375
hilton2021_comprehension,002,26,0.4765625
hilton2021_comprehension,002,27,0.1650390625
hilton2021_comprehension,002,28,0.0458984375
hilton2021_comprehension,002,29,0.69140625
hilton2021_comprehension,002,30,0.060546875
hilton2021_comprehension,002,31,0.1787109375
hilton2021_comprehension,002,32,1.703125
hilton2021_comprehension,002,33,0.12451171875
hilton2021_comprehension,002,34,0.90234375
hilton2021_comprehension,002,35,0.06787109375
hilton2021_comprehension,002,36,0.283203125
hilton2021_comprehension,002,37,0.0751953125
hilton2021_comprehension,002,38,0.7578125
hilton2021_comprehension,002,39,0.69140625
hilton2021_comprehension,002,40,0.1455078125
hilton2021_comprehension,002,41,0.431640625
hilton2021_comprehension,002,42,0.2294921875
hilton2021_comprehension,002,43,0.52734375
hilton2021_comprehension,002,44,0.1455078125
hilton2021_comprehension,002,45,0.22265625
hilton2021_comprehension,002,46,0.283203125
hilton2021_comprehension,002,47,0.1318359375
hilton2021_comprehension,002,48,0.9765625
hilton2021_comprehension,002,49,0.3125
hilton2021_comprehension,002,50,0.05322265625
hilton2021_comprehension,002,51,0.12451171875
hilton2021_comprehension,002,52,0.69140625
hilton2021_comprehension,002,53,0.828125
hilton2021_comprehension,002,54,0.22265625
hilton2021_comprehension,002,55,1.140625
hilton2021_comprehension,002,56,2.015625
hilton2021_comprehension,002,57,0.4765625
hilton2021_comprehension,002,58,0.03076171875
hilton2021_comprehension,002,59,0.06787109375
hilton2021_comprehension,002,60,0.023193359375
hilton2021_comprehension,002,61,0.1455078125
hilton2021_comprehension,002,62,0.10400390625
hilton2021_comprehension,002,63,0.22265625
hilton2021_comprehension,002,64,0.08984375
hilton2021_comprehension,002,65,0.5234375
hilton2021_comprehension,002,66,0.023193359375
hilton2021_comprehension,002,67,0.390625
hilton2021_comprehension,002,68,0.6328125
hilton2021_comprehension,002,69,0.390625
hilton2021_comprehension,002,70,0.828125
hilton2021_comprehension,002,71,0.0155029296875
hilton2021_comprehension,002,72,0.0155029296875
hilton2021_comprehension,003,0,2.90625
hilton2021_comprehension,003,1,0.63671875
hilton2021_comprehension,003,2,0.294921875
hilton2021_comprehension,003,3,0.1455078125
hilton2021_comprehension,003,4,0.2294921875
hilton2021_comprehension,003,5,0.0966796875
hilton2021_comprehension,003,6,0.2294921875
hilton2021_comprehension,003,7,0.22265625
hilton2021_comprehension,003,8,0.03076171875
hilton2021_comprehension,003,9,0.05322265625
hilton2021_comprehension,003,10,0.25390625
hilton2021_comprehension,003,11,1.140625
hilton2021_comprehension,003,12,3.171875
hilton2021_comprehension,003,13,0.65234375
hilton2021_comprehension,003,14,0.1982421875
hilton2021_comprehension,003,15,0.060546875
hilton2021_comprehension,003,16,0.65234375
hilton2021_comprehension,003,17,0.2109375
hilton2021_comprehension,003,18,1.8125
hilton2021_comprehension,003,19,1.3203125
hilton2021_comprehension,003,20,1.703125
hilton2021_comprehension,003,21,0.1845703125
hilton2021_comprehension,003,22,0.2890625
hilton2021_comprehension,003,23,0.390625
hilton2021_comprehension,003,24,0.0751953125
hilton2021_comprehension,003,25,0.1455078125
hilton2021_comprehension,003,26,0.83203125
hilton2021_comprehension,003,27,0.32421875
hilton2021_comprehension,003,28,0.1318359375
hilton2021_comprehension,003,29,0.69921875
hilton2021_comprehension,003,30,0.2890625
hilton2021_comprehension,003,31,1.140625
hilton2021_comprehension,003,32,0.0458984375
hilton2021_comprehension,003,33,1.5
hilton2021_comprehension,003,34,6.625
hilton2021_comprehension,003,35,0.3359375
hilton2021_comprehension,003,36,0.060546875
hilton2021_comprehension,003,37,0.138671875
hilton2021_comprehension,003,38,1.7421875
hilton2021_comprehension,003,39,1.6328125
hilton2021_comprehension,003,40,0.8984375
hilton2021_comprehension,003,41,0.369140625
hilton2021_comprehension,003,42,1.3515625
hilton2021_comprehension,003,43,0.11767578125
hilton2021_comprehension,003,44,0.03076171875
hilton2021_comprehension,003,45,1.25
hilton2021_comprehension,003,46,0.05322265625
hilton2021_comprehension,003,47,0.72265625
hilton2021_comprehension,003,48,0.11767578125
hilton2021_comprehension,003,49,0.060546875
hilton2021_comprehension,003,50,0.6875
hilton2021_comprehension,003,51,0.3125
hilton2021_comprehension,003,52,0.158203125
hilton2021_comprehension,003,53,1.71875
hilton2021_comprehension,003,54,2.03125
hilton2021_comprehension,003,55,0.171875
hilton2021_comprehension,003,56,0.3359375
hilton2021_comprehension,003,57,0.0966796875
hilton2021_comprehension,003,58,0.93359375
hilton2021_comprehension,003,59,1.1015625
hilton2021_comprehension,003,60,0.59375
hilton2021_comprehension,003,61,0.11767578125
hilton2021_comprehension,003,62,0.2890625
hilton2021_comprehension,003,63,0.73828125
hilton2021_comprehension,003,64,0.400390625
hilton2021_comprehension,003,65,2.375
hilton2021_comprehension,003,66,0.78515625
hilton2021_comprehension,003,67,1.234375
hilton2021_comprehension,003,68,1.25
hilton2021_comprehension,003,69,1.328125
hilton2021_comprehension,003,70,1.5234375
hilton2021_comprehension,003,71,0.08251953125
hilton2021_comprehension,003,72,0.57421875
hilton2021_comprehension,004,0,0.81640625
hilton2021_comprehension,004,1,0.859375
hilton2021_comprehension,004,2,1.203125
hilton2021_comprehension,004,3,0.92578125
hilton2021_comprehension,004,4,0.1787109375
hilton2021_comprehension,004,5,1.625
hilton2021_comprehension,004,6,0.11767578125
hilton2021_comprehension,004,7,0.306640625
hilton2021_comprehension,004,8,0.37890625
hilton2021_comprehension,004,9,2.8125
hilton2021_comprehension,004,10,0.55859375
hilton2021_comprehension,004,11,0.4609375
hilton2021_comprehension,004,12,0.431640625
hilton2021_comprehension,004,13,1.625
hilton2021_comprehension,004,14,0.9921875
hilton2021_comprehension,004,15,0.283203125
hilton2021_comprehension,004,16,0.1650390625
hilton2021_comprehension,004,17,0.435546875
hilton2021_comprehension,004,18,0.83203125
hilton2021_comprehension,004,19,0.318359375
hilton2021_comprehension,004,20,0.431640625
hilton2021_comprehension,004,21,0.90234375
hilton2021_comprehension,004,22,0.1318359375
hilton2021_comprehension,004,23,1.8125
hilton2021_comprehension,004,24,0.3515625
hilton2021_comprehension,004,25,0.2421875
hilton2021_comprehension,004,26,0.1318359375
hilton2021_comprehension,004,27,1.140625
hilton2021_comprehension,004,28,2.578125
hilton2021_comprehension,004,29,0.1845703125
hilton2021_comprehension,004,30,0.10400390625
hilton2021_comprehension,004,31,1.2265625
hilton2021_comprehension,004,32,0.3515625
hilton2021_comprehension,004,33,0.1650390625
hilton2021_comprehension,004,34,0.58203125
hilton2021_comprehension,004,35,0.1318359375
hilton2021_comprehension,004,36,1.40625
hilton2021_comprehension,004,37,0.2294921875
hilton2021_comprehension,004,38,0.578125
hilton2021_comprehension,004,39,1.0546875
hilton2021_comprehension,004,40,0.11767578125
hilton2021_comprehension,004,41,0.390625
hilton2021_comprehension,004,42,1.40625
hilton2021_comprehension,004,43,1.0546875
hilton2021_comprehension,004,44,0.8359375
hilton2021_comprehension,004,45,0.11767578125
hilton2021_comprehension,004,46,0.25390625
hilton2021_comprehension,004,47,0.3125
hilton2021_comprehension,004,48,0.158203125
hilton2021_comprehension,004,49,0.318359375
hilton2021_comprehension,004,50,0.283203125
hilton2021_comprehension,004,51,0.283203125
hilton2021_comprehension,004,52,0.1318359375
hilton2021_comprehension,004,53,0.578125
hilton2021_comprehension,004,54,0.038330078125
hilton2021_comprehension,004,55,0.4765625
hilton2021_comprehension,004,56,0.7578125
hilton2021_comprehension,004,57,0.2294921875
hilton2021_comprehension,004,58,1.703125
hilton2021_comprehension,004,59,0.3125
hilton2021_comprehension,004,60,1.703125
hilton2021_comprehension,004,61,0.25390625
hilton2021_comprehension,004,62,0.8984375
hilton2021_comprehension,004,63,0.283203125
hilton2021_comprehension,004,64,0.828125
hilton2021_comprehension,004,65,0.7578125
hilton2021_comprehension,004,66,2.8125
hilton2021_comprehension,004,67,0.10400390625
hilton2021_comprehension,004,68,0.2041015625
hilton2021_comprehension,004,69,0.25390625
hilton2021_comprehension,004,70,1.5
hilton2021_comprehension,004,71,1.59375
hilton2021_comprehension,004,72,0.283203125
hilton2021_comprehension,005,0,0.6796875
hilton2021_comprehension,005,1,0.72265625
hilton2021_comprehension,005,2,0.25390625
hilton2021_comprehension,005,3,2.078125
hilton2021_comprehension,005,4,0.3359375
hilton2021_comprehension,005,5,1.265625
hilton2021_comprehension,005,6,0.546875
hilton2021_comprehension,005,7,0.400390625
hilton2021_comprehension,005,8,0.248046875
hilton2021_comprehension,005,9,0.984375
hilton2021_comprehension,005,10,0.11767578125
hilton2021_comprehension,005,11,1.7109375
hilton2021_comprehension,005,12,0.294921875
hilton2021_comprehension,005,13,0.53125
hilton2021_comprehension,005,14,0.1318359375
hilton2021_comprehension,005,15,0.90234375
hilton2021_comprehension,005,16,0.90625
hilton2021_comprehension,005,17,0.83203125
hilton2021_comprehension,005,18,0.1845703125
hilton2021_comprehension,005,19,0.08984375
hilton2021_comprehension,005,20,0.44140625
hilton2021_comprehension,005,21,0.10400390625
hilton2021_comprehension,005,22,0.486328125
hilton2021_comprehension,005,23,0.1845703125
hilton2021_comprehension,005,24,0.69921875
hilton2021_comprehension,005,25,0.11767578125
hilton2021_comprehension,005,26,0.318359375
hilton2021_comprehension,005,27,1.3203125
hilton2021_comprehension,005,28,0.36328125
hilton2021_comprehension,005,29,1.8046875
hilton2021_comprehension,005,30,1.0546875
hilton2021_comprehension,005,31,0.3515625
hilton2021_comprehension,005,32,0.2294921875
hilton2021_comprehension,005,33,0.1455078125
hilton2021_comprehension,005,34,0.283203125
hilton2021_comprehension,005,35,0.283203125
hilton2021_comprehension,005,36,0.05322265625
hilton2021_comprehension,005,37,0.0751953125
hilton2021_comprehension,005,38,0.283203125
hilton2021_comprehension,005,39,0.1845703125
hilton2021_comprehension,005,40,0.06787109375
hilton2021_comprehension,005,41,0.8984375
hilton2021_comprehension,005,42,0.390625
hilton2021_comprehension,005,43,0.060546875
hilton2021_comprehension,005,44,0.0155029296875
hilton2021_comprehension,005,45,0.023193359375
hilton2021_comprehension,005,46,1.9140625
hilton2021_comprehension,005,47,0.158203125
hilton2021_comprehension,005,48,0.390625
hilton2021_comprehension,005,49,0.06787109375
hilton2021_comprehension,005,50,0.10400390625
hilton2021_comprehension,005,51,0.828125
hilton2021_comprehension,005,52,1.8046875
hilton2021_comprehension,005,53,0.12451171875
hilton2021_comprehension,005,54,0.038330078125
hilton2021_comprehension,005,55,1.140625
hilton2021_comprehension,005,56,0.023193359375
hilton2021_comprehension,005,57,0.2294921875
hilton2021_comprehension,005,58,0.05322265625
hilton2021_comprehension,005,59,2.8125
hilton2021_comprehension,005,60,0.22265625
hilton2021_comprehension,005,61,0.0458984375
hilton2021_comprehension,005,62,0.0155029296875
hilton2021_comprehension,005,63,0.06787109375
hilton2021_comprehension,005,64,0.03076171875
hilton2021_comprehension,005,65,0.158203125
hilton2021_comprehension,005,66,0.03076171875
hilton2021_comprehension,005,67,0.25390625
hilton2021_comprehension,005,68,0.90234375
hilton2021_comprehension,005,69,0.2294921875
hilton2021_comprehension,005,70,0.0458984375
hilton2021_comprehension,005,71,1.5
hilton2021_comprehension,005,72,0.431640625
hilton2021_comprehension,006,0,0.76953125
hilton2021_comprehension,006,1,0.4765625
hilton2021_comprehension,006,2,0.259765625
hilton2021_comprehension,006,3,1.8515625
hilton2021_comprehension,006,4,1.265625
hilton2021_comprehension,006,5,1.625
hilton2021_comprehension,006,6,0.3125
hilton2021_comprehension,006,7,0.306640625
hilton2021_comprehension,006,8,0.15234375
hilton2021_comprehension,006,9,0.060546875
hilton2021_comprehension,006,10,1.328125
hilton2021_comprehension,006,11,0.10400390625
hilton2021_comprehension,006,12,0.12451171875
hilton2021_comprehension,006,13,0.0751953125
hilton2021_comprehension,006,14,0.90234375
hilton2021_comprehension,006,15,0.038330078125
hilton2021_comprehension,006,16,0.390625
hilton2021_comprehension,006,17,0.05322265625
hilton2021_comprehension,006,18,0.0155029296875
hilton2021_comprehension,006,19,0.2041015625
hilton2021_comprehension,006,20,0.023193359375
hilton2021_comprehension,006,21,0.023193359375
hilton2021_comprehension,006,22,0.038330078125
hilton2021_comprehension,006,23,0.060546875
hilton2021_comprehension,006,24,0.0155029296875
hilton2021_comprehension,006,25,0.03076171875
hilton2021_comprehension,006,26,0.007781982421875
hilton2021_comprehension,006,27,0.03076171875
hilton2021_comprehension,006,28,0.038330078125
hilton2021_comprehension,006,29,0.640625
hilton2021_comprehension,006,30,3.40625
hilton2021_comprehension,006,31,0.08251953125
hilton2021_comprehension,006,32,0.0155029296875
hilton2021_comprehension,006,33,1.328125
hilton2021_comprehension,006,34,0.03076171875
hilton2021_comprehension,006,35,0.06787109375
hilton2021_comprehension,006,36,0.0155029296875
hilton2021_comprehension,006,37,0.7578125
hilton2021_comprehension,006,38,0.0751953125
hilton2021_comprehension,006,39,0.431640625
hilton2021_comprehension,006,40,0.318359375
hilton2021_comprehension,006,41,0.283203125
hilton2021_comprehension,006,42,0.0966796875
hilton2021_comprehension,006,43,4.375
hilton2021_comprehension,006,44,1.6015625
hilton2021_comprehension,006,45,0.9765625
hilton2021_comprehension,006,46,0.318359375
hilton2021_comprehension,006,47,0.3515625
hilton2021_comprehension,006,48,0.283203125
hilton2021_comprehension,006,49,0.11083984375
hilton2021_comprehension,006,50,2.6875
hilton2021_comprehension,006,51,1.3203125
hilton2021_comprehension,006,52,1.2265625
hilton2021_comprehension,006,53,1.5
hilton2021_comprehension,006,54,0.578125
hilton2021_comprehension,006,55,0.1787109375
hilton2021_comprehension,006,56,1.140625
hilton2021_comprehension,006,57,0.83203125
hilton2021_comprehension,006,58,1.3125
hilton2021_comprehension,006,59,1.8046875
hilton2021_comprehension,006,60,0.1455078125
hilton2021_comprehension,006,61,0.69140625
hilton2021_comprehension,006,62,1.3125
hilton2021_comprehension,006,63,0.11083984375
hilton2021_comprehension,006,64,0.7578125
hilton2021_comprehension,006,65,0.1318359375
hilton2021_comprehension,006,66,0.5234375
hilton2021_comprehension,006,67,0.828125
hilton2021_comprehension,006,68,1.2265625
hilton2021_comprehension,006,69,0.9765625
hilton2021_comprehension,006,70,0.283203125
hilton2021_comprehension,006,71,1.0546875
hilton2021_comprehension,006,72,0.03076171875
hilton2021_comprehension,007,0,0.69140625
hilton2021_comprehension,007,1,0.9375
hilton2021_comprehension,007,2,0.32421875
hilton2021_comprehension,007,3,1.0703125
hilton2021_comprehension,007,4,2.265625
hilton2021_comprehension,007,5,0.259765625
hilton2021_comprehension,007,6,0.318359375
hilton2021_comprehension,007,7,0.1650390625
hilton2021_comprehension,007,8,0.78125
hilton2021_comprehension,007,9,0.490234375
hilton2021_comprehension,007,10,0.08984375
hilton2021_comprehension,007,11,0.171875
hilton2021_comprehension,007,12,0.11083984375
hilton2021_comprehension,007,13,1.0625
hilton2021_comprehension,007,14,0.83203125
hilton2021_comprehension,007,15,2.125
hilton2021_comprehension,007,16,0.8359375
hilton2021_comprehension,007,17,0.1845703125
hilton2021_comprehension,007,18,0.578125
hilton2021_comprehension,007,19,6.375
hilton2021_comprehension,007,20,0.69921875
hilton2021_comprehension,007,21,0.69140625
hilton2021_comprehension,007,22,0.2294921875
hilton2021_comprehension,007,23,0.2041015625
hilton2021_comprehension,007,24,1.3125
hilton2021_comprehension,007,25,0.91015625
hilton2021_comprehension,007,26,0.0751953125
hilton2021_comprehension,007,27,1.328125
hilton2021_comprehension,007,28,1.3125
hilton2021_comprehension,007,29,1.1796875
hilton2021_comprehension,007,30,1.09375
hilton2021_comprehension,007,31,0.19140625
hilton2021_comprehension,007,32,0.060546875
hilton2021_comprehension,007,33,0.50390625
hilton2021_comprehension,007,34,0.15234375
hilton2021_comprehension,007,35,0.138671875
hilton2021_comprehension,007,36,0.1650390625
hilton2021_comprehension,007,37,0.06787109375
hilton2021_comprehension,007,38,0.1455078125
hilton2021_comprehension,007,39,0.05322265625
hilton2021_comprehension,007,40,2.046875
hilton2021_comprehension,007,41,0.55859375
hilton2021_comprehension,007,42,0.1650390625
hilton2021_comprehension,007,43,0.76171875
hilton2021_comprehension,007,44,1.71875
hilton2021_comprehension,007,45,0.470703125
hilton2021_comprehension,007,46,0.1455078125
hilton2021_comprehension,007,47,1.25
hilton2021_comprehension,007,48,1.734375
hilton2021_comprehension,007,49,0.11767578125
hilton2021_comprehension,007,50,0.65234375
hilton2021_comprehension,007,51,0.3515625
hilton2021_comprehension,007,52,0.4765625
hilton2021_comprehension,007,53,0.2109375
hilton2021_comprehension,007,54,0.6484375
hilton2021_comprehension,007,55,0.84765625
hilton2021_comprehension,007,56,1.0703125
hilton2021_comprehension,007,57,0.73046875
hilton2021_comprehension,007,58,0.5859375
hilton2021_comprehension,007,59,1.15625
hilton2021_comprehension,007,60,0.171875
hilton2021_comprehension,007,61,0.40625
hilton2021_comprehension,007,62,1.328125
hilton2021_comprehension,007,63,0.4609375
hilton2021_comprehension,007,64,0.55078125
hilton2021_comprehension,007,65,1.53125
hilton2021_comprehension,007,66,1.0703125
hilton2021_comprehension,007,67,0.15234375
hilton2021_comprehension,007,68,0.1982421875
hilton2021_comprehension,007,69,0.4765625
hilton2021_comprehension,007,70,0.11083984375
hilton2021_comprehension,007,71,0.1650390625
hilton2021_comprehension,007,72,0.54296875
hilton2021_comprehension,008,0,3.15625
hilton2021_comprehension,008,1,0.8046875
hilton2021_comprehension,008,2,0.71484375
hilton2021_comprehension,008,3,0.4609375
hilton2021_comprehension,008,4,1.2421875
hilton2021_comprehension,008,5,0.15234375
hilton2021_comprehension,008,6,0.357421875
hilton2021_comprehension,008,7,0.70703125
hilton2021_comprehension,008,8,0.11767578125
hilton2021_comprehension,008,9,0.2890625
hilton2021_comprehension,008,10,0.42578125
hilton2021_comprehension,008,11,0.435546875
hilton2021_comprehension,008,12,0.10400390625
hilton2021_comprehension,008,13,0.2890625
hilton2021_comprehension,008,14,0.10400390625
hilton2021_comprehension,008,15,0.1318359375
hilton2021_comprehension,008,16,0.060546875
hilton2021_comprehension,008,17,2.703125
hilton2021_comprehension,008,18,0.03076171875
hilton2021_comprehension,008,19,0.05322265625
hilton2021_comprehension,008,20,3.171875
hilton2021_comprehension,008,21,0.2041015625
hilton2021_comprehension,008,22,1.140625
hilton2021_comprehension,008,23,0.52734375
hilton2021_comprehension,008,24,0.0751953125
hilton2021_comprehension,008,25,0.3515625
hilton2021_comprehension,008,26,0.431640625
hilton2021_comprehension,008,27,0.0458984375
hilton2021_comprehension,008,28,0.1787109375
hilton2021_comprehension,008,29,0.06787109375
hilton2021_comprehension,008,30,0.023193359375
hilton2021_comprehension,008,31,1.2265625
hilton2021_comprehension,008,32,0.431640625
hilton2021_comprehension,008,33,0.2294921875
hilton2021_comprehension,008,34,0.1787109375
hilton2021_comprehension,008,35,0.4765625
hilton2021_comprehension,008,36,0.1787109375
hilton2021_comprehension,008,37,1.3125
hilton2021_comprehension,008,38,0.2041015625
hilton2021_comprehension,008,39,0.08984375
hilton2021_comprehension,008,40,0.0155029296875
hilton2021_comprehension,008,41,0.2294921875
hilton2021_comprehension,008,42,0.08251953125
hilton2021_comprehension,008,43,0.11767578125
hilton2021_comprehension,008,44,2.359375
hilton2021_comprehension,008,45,0.9765625
hilton2021_comprehension,008,46,0.06787109375
hilton2021_comprehension,008,47,0.9765625
hilton2021_comprehension,008,48,1.0546875
hilton2021_comprehension,008,49,0.828125
hilton2021_comprehension,008,50,0.1455078125
hilton2021_comprehension,008,51,0.023193359375
hilton2021_comprehension,008,52,0.283203125
hilton2021_comprehension,008,53,0.69140625
hilton2021_comprehension,008,54,0.2041015625
hilton2021_comprehension,008,55,0.5234375
hilton2021_comprehension,008,56,0.69140625
hilton2021_comprehension,008,57,0.828125
hilton2021_comprehension,008,58,0.7578125
hilton2021_comprehension,008,59,1.703125
hilton2021_comprehension,008,60,2.359375
hilton2021_comprehension,008,61,0.3125
hilton2021_comprehension,008,62,0.4765625
hilton2021_comprehension,008,63,0.2041015625
hilton2021_comprehension,008,64,1.140625
hilton2021_comprehension,008,65,0.283203125
hilton2021_comprehension,008,66,2.015625
hilton2021_comprehension,008,67,0.060546875
hilton2021_comprehension,008,68,0.828125
hilton2021_comprehension,008,69,0.2041015625
hilton2021_comprehension,008,70,0.3515625
hilton2021_comprehension,008,71,0.4765625
hilton2021_comprehension,008,72,0.431640625
hilton2021_comprehension,009,0,0.75390625
hilton2021_comprehension,009,1,1.578125
hilton2021_comprehension,009,2,0.345703125
hilton2021_comprehension,009,3,0.93359375
hilton2021_comprehension,009,4,0.6875
hilton2021_comprehension,009,5,0.373046875
hilton2021_comprehension,009,6,0.65625
hilton2021_comprehension,009,7,0.1845703125
hilton2021_comprehension,009,8,1.9296875
hilton2021_comprehension,009,9,0.171875
hilton2021_comprehension,009,10,0.2109375
hilton2021_comprehension,009,11,0.48046875
hilton2021_comprehension,009,12,0.400390625
hilton2021_comprehension,009,13,4.03125
hilton2021_comprehension,009,14,0.515625
hilton2021_comprehension,009,15,2.9375
hilton2021_comprehension,009,16,1.5625
hilton2021_comprehension,009,17,0.30078125
hilton2021_comprehension,009,18,0.369140625
hilton2021_comprehension,009,19,0.1455078125
hilton2021_comprehension,009,20,2.65625
hilton2021_comprehension,009,21,2.6875
hilton2021_comprehension,009,22,0.271484375
hilton2021_comprehension,009,23,2.125
hilton2021_comprehension,009,24,0.259765625
hilton2021_comprehension,009,25,1.578125
hilton2021_comprehension,009,26,1.421875
hilton2021_comprehension,009,27,1.703125
hilton2021_comprehension,009,28,0.30078125
hilton2021_comprehension,009,29,0.1787109375
hilton2021_comprehension,009,30,0.546875
hilton2021_comprehension,009,31,2.46875
hilton2021_comprehension,009,32,1.484375
hilton2021_comprehension,009,33,0.1845703125
hilton2021_comprehension,009,34,0.2041015625
hilton2021_comprehension,009,35,0.25390625
hilton2021_comprehension,009,36,0.248046875
hilton2021_comprehension,009,37,0.259765625
hilton2021_comprehension,009,38,0.11767578125
hilton2021_comprehension,009,39,2.53125
hilton2021_comprehension,009,40,0.2041015625
hilton2021_comprehension,009,41,1.1484375
hilton2021_comprehension,009,42,0.19140625
hilton2021_comprehension,009,43,1.75
hilton2021_comprehension,009,44,0.27734375
hilton2021_comprehension,009,45,0.19140625
hilton2021_comprehension,009,46,0.2109375
hilton2021_comprehension,009,47,0.248046875
hilton2021_comprehension,009,48,0.431640625
hilton2021_comprehension,009,49,0.216796875
hilton2021_comprehension,009,50,2.265625
hilton2021_comprehension,009,51,1.703125
hilton2021_comprehension,009,52,2.9375
hilton2021_comprehension,009,53,1.5
hilton2021_comprehension,009,54,2.9375
hilton2021_comprehension,009,55,0.259765625
hilton2021_comprehension,009,56,2.53125
hilton2021_comprehension,009,57,0.48046875
hilton2021_comprehension,009,58,1.5
hilton2021_comprehension,009,59,0.486328125
hilton2021_comprehension,009,60,0.94140625
hilton2021_comprehension,009,61,1.671875
hilton2021_comprehension,009,62,1.8203125
hilton2021_comprehension,009,63,1.8671875
hilton2021_comprehension,009,64,1.71875
hilton2021_comprehension,009,65,0.318359375
hilton2021_comprehension,009,66,1.1875
hilton2021_comprehension,009,67,2.234375
hilton2021_comprehension,009,68,1.15625
hilton2021_comprehension,009,69,1.6640625
hilton2021_comprehension,009,70,0.341796875
hilton2021_comprehension,009,71,1.453125
hilton2021_comprehension,009,72,1.2265625
hilton2021_comprehension,010,0,3.0
hilton2021_comprehension,010,1,0.8984375
hilton2021_comprehension,010,2,0.357421875
hilton2021_comprehension,010,3,0.45703125
hilton2021_comprehension,010,4,0.373046875
hilton2021_comprehension,010,5,1.75
hilton2021_comprehension,010,6,3.0625
hilton2021_comprehension,010,7,1.328125
hilton2021_comprehension,010,8,0.8828125
hilton2021_comprehension,010,9,0.93359375
hilton2021_comprehension,010,10,0.6796875
hilton2021_comprehension,010,11,0.3515625
hilton2021_comprehension,010,12,0.44140625
hilton2021_comprehension,010,13,2.328125
hilton2021_comprehension,010,14,1.15625
hilton2021_comprehension,010,15,0.72265625
hilton2021_comprehension,010,16,1.6953125
hilton2021_comprehension,010,17,0.06787109375
hilton2021_comprehension,010,18,1.296875
hilton2021_comprehension,010,19,0.431640625
hilton2021_comprehension,010,20,0.85546875
hilton2021_comprehension,010,21,0.94921875
hilton2021_comprehension,010,22,0.953125
hilton2021_comprehension,010,23,0.41015625
hilton2021_comprehension,010,24,0.51953125
hilton2021_comprehension,010,25,1.015625
hilton2021_comprehension,010,26,0.5546875
hilton2021_comprehension,010,27,0.451171875
hilton2021_comprehension,010,28,0.40625
hilton2021_comprehension,010,29,0.71484375
hilton2021_comprehension,010,30,0.42578125
hilton2021_comprehension,010,31,0.83984375
hilton2021_comprehension,010,32,0.27734375
hilton2021_comprehension,010,33,0.6015625
hilton2021_comprehension,010,34,0.92578125
hilton2021_comprehension,010,35,0.8359375
hilton2021_comprehension,010,36,0.259765625
hilton2021_comprehension,010,37,0.39453125
hilton2021_comprehension,010,38,0.58984375
hilton2021_comprehension,010,39,0.158203125
hilton2021_comprehension,010,40,0.138671875
hilton2021_comprehension,010,41,0.2353515625
hilton2021_comprehension,010,42,0.038330078125
hilton2021_comprehension,010,43,0.70703125
hilton2021_comprehension,010,44,0.0751953125
hilton2021_comprehension,010,45,1.71875
hilton2021_comprehension,010,46,0.44140625
hilton2021_comprehension,010,47,1.0625
hilton2021_comprehension,010,48,0.90234375
hilton2021_comprehension,010,49,1.4140625
hilton2021_comprehension,010,50,0.83984375
hilton2021_comprehension,010,51,0.171875
hilton2021_comprehension,010,52,0.1455078125
hilton2021_comprehension,010,53,0.8359375
hilton2021_comprehension,010,54,0.63671875
hilton2021_comprehension,010,55,0.58203125
hilton2021_comprehension,010,56,0.060546875
hilton2021_comprehension,010,57,0.41015625
hilton2021_comprehension,010,58,0.2041015625
hilton2021_comprehension,010,59,0.369140625
hilton2021_comprehension,010,60,1.6015625
hilton2021_comprehension,010,61,0.25390625
hilton2021_comprehension,010,62,1.9296875
hilton2021_comprehension,010,63,0.0751953125
hilton2021_comprehension,010,64,0.98046875
hilton2021_comprehension,010,65,0.69921875
hilton2021_comprehension,010,66,0.90625
hilton2021_comprehension,010,67,0.58203125
hilton2021_comprehension,010,68,0.171875
hilton2021_comprehension,010,69,0.431640625
hilton2021_comprehension,010,70,0.431640625
hilton2021_comprehension,010,71,0.357421875
hilton2021_comprehension,010,72,0.2353515625
hilton2021_comprehension,011,0,2.96875
hilton2021_comprehension,011,1,0.73828125
hilton2021_comprehension,011,2,1.21875
hilton2021_comprehension,011,3,0.318359375
hilton2021_comprehension,011,4,0.345703125
hilton2021_comprehension,011,5,0.1982421875
hilton2021_comprehension,011,6,0.37890625
hilton2021_comprehension,011,7,1.2265625
hilton2021_comprehension,011,8,0.1845703125
hilton2021_comprehension,011,9,2.03125
hilton2021_comprehension,011,10,0.08251953125
hilton2021_comprehension,011,11,0.369140625
hilton2021_comprehension,011,12,1.4140625
hilton2021_comprehension,011,13,1.234375
hilton2021_comprehension,011,14,0.373046875
hilton2021_comprehension,011,15,0.2294921875
hilton2021_comprehension,011,16,0.431640625
hilton2021_comprehension,011,17,0.318359375
hilton2021_comprehension,011,18,0.2294921875
hilton2021_comprehension,011,19,0.63671875
hilton2021_comprehension,011,20,0.78125
hilton2021_comprehension,011,21,1.0625
hilton2021_comprehension,011,22,0.2041015625
hilton2021_comprehension,011,23,1.40625
hilton2021_comprehension,011,24,0.0751953125
hilton2021_comprehension,011,25,2.125
hilton2021_comprehension,011,26,1.3125
hilton2021_comprehension,011,27,0.63671875
hilton2021_comprehension,011,28,0.9765625
hilton2021_comprehension,011,29,0.69140625
hilton2021_comprehension,011,30,1.2265625
hilton2021_comprehension,011,31,1.6015625
hilton2021_comprehension,011,32,0.06787109375
hilton2021_comprehension,011,33,0.08251953125
hilton2021_comprehension,011,34,0.1455078125
hilton2021_comprehension,011,35,0.2041015625
hilton2021_comprehension,011,36,0.431640625
hilton2021_comprehension,011,37,1.2265625
hilton2021_comprehension,011,38,0.578125
hilton2021_comprehension,011,39,1.40625
hilton2021_comprehension,011,40,0.8984375
hilton2021_comprehension,011,41,0.4765625
hilton2021_comprehension,011,42,0.345703125
hilton2021_comprehension,011,43,0.283203125
hilton2021_comprehension,011,44,0.3515625
hilton2021_comprehension,011,45,0.828125
hilton2021_comprehension,011,46,0.2041015625
hilton2021_comprehension,011,47,0.431640625
hilton2021_comprehension,011,48,0.3125
hilton2021_comprehension,011,49,0.283203125
hilton2021_comprehension,011,50,0.578125
hilton2021_comprehension,011,51,0.1455078125
hilton2021_comprehension,011,52,0.22265625
hilton2021_comprehension,011,53,0.69140625
hilton2021_comprehension,011,54,0.1455078125
hilton2021_comprehension,011,55,0.7578125
hilton2021_comprehension,011,56,0.1982421875
hilton2021_comprehension,011,57,0.345703125
hilton2021_comprehension,011,58,0.060546875
hilton2021_comprehension,011,59,0.08984375
hilton2021_comprehension,011,60,0.390625
hilton2021_comprehension,011,61,1.0546875
hilton2021_comprehension,011,62,0.1455078125
hilton2021_comprehension,011,63,0.023193359375
hilton2021_comprehension,011,64,1.0546875
hilton2021_comprehension,011,65,0.283203125
hilton2021_comprehension,011,66,0.4765625
hilton2021_comprehension,011,67,1.3125
hilton2021_comprehension,011,68,1.703125
hilton2021_comprehension,011,69,0.10400390625
hilton2021_comprehension,011,70,0.11083984375
hilton2021_comprehension,011,71,0.038330078125
hilton2021_comprehension,011,72,0.6328125
hilton2021_comprehension,012,0,3.0625
hilton2021_comprehension,012,1,0.55078125
hilton2021_comprehension,012,2,0.400390625
hilton2021_comprehension,012,3,0.83203125
hilton2021_comprehension,012,4,0.61328125
hilton2021_comprehension,012,5,0.0966796875
hilton2021_comprehension,012,6,0.2890625
hilton2021_comprehension,012,7,0.984375
hilton2021_comprehension,012,8,0.2890625
hilton2021_comprehension,012,9,0.060546875
hilton2021_comprehension,012,10,0.69921875
hilton2021_comprehension,012,11,0.330078125
hilton2021_comprehension,012,12,3.046875
hilton2021_comprehension,012,13,0.265625
hilton2021_comprehension,012,14,0.48046875
hilton2021_comprehension,012,15,1.0546875
hilton2021_comprehension,012,16,1.140625
hilton2021_comprehension,012,17,0.53515625
hilton2021_comprehension,012,18,0.2041015625
hilton2021_comprehension,012,19,0.0751953125
hilton2021_comprehension,012,20,1.3125
hilton2021_comprehension,012,21,0.1455078125
hilton2021_comprehension,012,22,0.25390625
hilton2021_comprehension,012,23,1.0546875
hilton2021_comprehension,012,24,0.08984375
hilton2021_comprehension,012,25,1.0546875
hilton2021_comprehension,012,26,0.7578125
hilton2021_comprehension,012,27,0.390625
hilton2021_comprehension,012,28,0.69140625
hilton2021_comprehension,012,29,2.140625
hilton2021_comprehension,012,30,1.8046875
hilton2021_comprehension,012,31,0.318359375
hilton2021_comprehension,012,32,1.140625
hilton2021_comprehension,012,33,0.11083984375
hilton2021_comprehension,012,34,1.6015625
hilton2021_comprehension,012,35,0.578125
hilton2021_comprehension,012,36,1.5
hilton2021_comprehension,012,37,0.578125
hilton2021_comprehension,012,38,0.578125
hilton2021_comprehension,012,39,0.345703125
hilton2021_comprehension,012,40,0.4765625
hilton2021_comprehension,012,41,0.2294921875
hilton2021_comprehension,012,42,0.7578125
hilton2021_comprehension,012,43,0.7578125
hilton2021_comprehension,012,44,0.578125
hilton2021_comprehension,012,45,0.9765625
hilton2021_comprehension,012,46,0.828125
hilton2021_comprehension,012,47,0.390625
hilton2021_comprehension,012,48,0.4765625
hilton2021_comprehension,012,49,0.828125
hilton2021_comprehension,012,50,0.7578125
hilton2021_comprehension,012,51,1.0546875
hilton2021_comprehension,012,52,0.12451171875
hilton2021_comprehension,012,53,0.1787109375
hilton2021_comprehension,012,54,1.0546875
hilton2021_comprehension,012,55,0.390625
hilton2021_comprehension,012,56,0.25390625
hilton2021_comprehension,012,57,0.69140625
hilton2021_comprehension,012,58,0.11083984375
hilton2021_comprehension,012,59,0.578125
hilton2021_comprehension,012,60,0.390625
hilton2021_comprehension,012,61,0.390625
hilton2021_comprehension,012,62,0.7578125
hilton2021_comprehension,012,63,0.6328125
hilton2021_comprehension,012,64,0.2041015625
hilton2021_comprehension,012,65,0.4765625
hilton2021_comprehension,012,66,0.431640625
hilton2021_comprehension,012,67,0.283203125
hilton2021_comprehension,012,68,1.140625
hilton2021_comprehension,012,69,0.1787109375
hilton2021_comprehension,012,70,0.12451171875
hilton2021_comprehension,012,71,1.40625
hilton2021_comprehension,012,72,0.828125
hilton2021_comprehension,013,0,0.69921875
hilton2021_comprehension,013,1,1.078125
hilton2021_comprehension,013,2,1.59375
hilton2021_comprehension,013,3,1.140625
hilton2021_comprehension,013,4,0.421875
hilton2021_comprehension,013,5,0.54296875
hilton2021_comprehension,013,6,0.578125
hilton2021_comprehension,013,7,0.11083984375
hilton2021_comprehension,013,8,0.32421875
hilton2021_comprehension,013,9,1.0
hilton2021_comprehension,013,10,0.11083984375
hilton2021_comprehension,013,11,0.060546875
hilton2021_comprehension,013,12,0.490234375
hilton2021_comprehension,013,13,1.0859375
hilton2021_comprehension,013,14,2.359375
hilton2021_comprehension,013,15,2.578125
hilton2021_comprehension,013,16,0.0751953125
hilton2021_comprehension,013,17,0.0458984375
hilton2021_comprehension,013,18,0.03076171875
hilton2021_comprehension,013,19,0.11767578125
hilton2021_comprehension,013,20,0.76171875
hilton2021_comprehension,013,21,0.05322265625
hilton2021_comprehension,013,22,0.2294921875
hilton2021_comprehension,013,23,2.578125
hilton2021_comprehension,013,24,0.05322265625
hilton2021_comprehension,013,25,1.2265625
hilton2021_comprehension,013,26,0.4765625
hilton2021_comprehension,013,27,0.06787109375
hilton2021_comprehension,013,28,4.25
hilton2021_comprehension,013,29,0.15234375
hilton2021_comprehension,013,30,1.703125
hilton2021_comprehension,013,31,0.2041015625
hilton2021_comprehension,013,32,1.3125
hilton2021_comprehension,013,33,0.10400390625
hilton2021_comprehension,013,34,0.1455078125
hilton2021_comprehension,013,35,2.25
hilton2021_comprehension,013,36,0.431640625
hilton2021_comprehension,013,37,1.3125
hilton2021_comprehension,013,38,0.3515625
hilton2021_comprehension,013,39,0.1845703125
hilton2021_comprehension,013,40,2.125
hilton2021_comprehension,013,41,0.2041015625
hilton2021_comprehension,013,42,0.2041015625
hilton2021_comprehension,013,43,0.1845703125
hilton2021_comprehension,013,44,0.25390625
hilton2021_comprehension,013,45,0.2041015625
hilton2021_comprehension,013,46,0.25390625
hilton2021_comprehension,013,47,0.52734375
hilton2021_comprehension,013,48,0.158203125
hilton2021_comprehension,013,49,1.2265625
hilton2021_comprehension,013,50,1.6015625
hilton2021_comprehension,013,51,1.703125
hilton2021_comprehension,013,52,0.9765625
hilton2021_comprehension,013,53,0.828125
hilton2021_comprehension,013,54,0.1455078125
hilton2021_comprehension,013,55,0.2041015625
hilton2021_comprehension,013,56,0.9765625
hilton2021_comprehension,013,57,0.390625
hilton2021_comprehension,013,58,0.8984375
hilton2021_comprehension,013,59,2.015625
hilton2021_comprehension,013,60,0.25390625
hilton2021_comprehension,013,61,0.3515625
hilton2021_comprehension,013,62,0.25390625
hilton2021_comprehension,013,63,1.40625
hilton2021_comprehension,013,64,0.283203125
hilton2021_comprehension,013,65,1.40625
hilton2021_comprehension,013,66,0.25390625
hilton2021_comprehension,013,67,0.390625
hilton2021_comprehension,013,68,0.8984375
hilton2021_comprehension,013,69,0.9765625
hilton2021_comprehension,013,70,0.060546875
hilton2021_comprehension,013,71,0.6328125
hilton2021_comprehension,013,72,0.4765625
hilton2021_comprehension,014,0,0.70703125
hilton2021_comprehension,014,1,0.57421875
hilton2021_comprehension,014,2,0.25390625
hilton2021_comprehension,014,3,2.8125
hilton2021_comprehension,014,4,0.44140625
hilton2021_comprehension,014,5,2.765625
hilton2021_comprehension,014,6,0.73046875
hilton2021_comprehension,014,7,0.50390625
hilton2021_comprehension,014,8,1.265625
hilton2021_comprehension,014,9,1.671875
hilton2021_comprehension,014,10,0.22265625
hilton2021_comprehension,014,11,0.494140625
hilton2021_comprehension,014,12,1.2890625
hilton2021_comprehension,014,13,1.4609375
hilton2021_comprehension,014,14,2.296875
hilton2021_comprehension,014,15,1.6171875
hilton2021_comprehension,014,16,0.45703125
hilton2021_comprehension,014,17,2.21875
hilton2021_comprehension,014,18,0.5703125
hilton2021_comprehension,014,19,0.609375
hilton2021_comprehension,014,20,0.451171875
hilton2021_comprehension,014,21,1.3046875
hilton2021_comprehension,014,22,0.2421875
hilton2021_comprehension,014,23,0.2294921875
hilton2021_comprehension,014,24,0.1845703125
hilton2021_comprehension,014,25,1.296875
hilton2021_comprehension,014,26,2.0625
hilton2021_comprehension,014,27,0.74609375
hilton2021_comprehension,014,28,0.2353515625
hilton2021_comprehension,014,29,0.5234375
hilton2021_comprehension,014,30,0.890625
hilton2021_comprehension,014,31,1.515625
hilton2021_comprehension,014,32,1.953125
hilton2021_comprehension,014,33,1.546875
hilton2021_comprehension,014,34,0.41015625
hilton2021_comprehension,014,35,0.259765625
hilton2021_comprehension,014,36,2.046875
hilton2021_comprehension,014,37,0.25390625
hilton2021_comprehension,014,38,0.15234375
hilton2021_comprehension,014,39,0.11767578125
hilton2021_comprehension,014,40,0.19140625
hilton2021_comprehension,014,41,0.61328125
hilton2021_comprehension,014,42,0.25390625
hilton2021_comprehension,014,43,0.76953125
hilton2021_comprehension,014,44,1.28125
hilton2021_comprehension,014,45,0.546875
hilton2021_comprehension,014,46,0.2109375
hilton2021_comprehension,014,47,0.2109375
hilton2021_comprehension,014,48,2.375
hilton2021_comprehension,014,49,1.328125
hilton2021_comprehension,014,50,2.21875
hilton2021_comprehension,014,51,0.271484375
hilton2021_comprehension,014,52,1.453125
hilton2021_comprehension,014,53,0.1455078125
hilton2021_comprehension,014,54,0.45703125
hilton2021_comprehension,014,55,0.6015625
hilton2021_comprehension,014,56,1.578125
hilton2021_comprehension,014,57,0.73046875
hilton2021_comprehension,014,58,1.53125
hilton2021_comprehension,014,59,0.3515625
hilton2021_comprehension,014,60,0.0966796875
hilton2021_comprehension,014,61,0.3515625
hilton2021_comprehension,014,62,0.41015625
hilton2021_comprehension,014,63,0.53515625
hilton2021_comprehension,014,64,0.15234375
hilton2021_comprehension,014,65,0.1787109375
hilton2021_comprehension,014,66,1.0078125
hilton2021_comprehension,014,67,1.9453125
hilton2021_comprehension,014,68,0.11767578125
hilton2021_comprehension,014,69,0.8359375
hilton2021_comprehension,014,70,0.8984375
hilton2021_comprehension,014,71,0.490234375
hilton2021_comprehension,014,72,0.294921875
hilton2021_comprehension,015,0,2.921875
hilton2021_comprehension,015,1,0.59375
hilton2021_comprehension,015,2,1.234375
hilton2021_comprehension,015,3,0.625
hilton2021_comprehension,015,4,0.90234375
hilton2021_comprehension,015,5,0.318359375
hilton2021_comprehension,015,6,1.6328125
hilton2021_comprehension,015,7,0.08984375
hilton2021_comprehension,015,8,0.11767578125
hilton2021_comprehension,015,9,0.05322265625
hilton2021_comprehension,015,10,0.78125
hilton2021_comprehension,015,11,0.138671875
hilton2021_comprehension,015,12,2.9375
hilton2021_comprehension,015,13,0.58984375
hilton2021_comprehension,015,14,2.46875
hilton2021_comprehension,015,15,0.08984375
hilton2021_comprehension,015,16,0.023193359375
hilton2021_comprehension,015,17,1.5078125
hilton2021_comprehension,015,18,1.234375
hilton2021_comprehension,015,19,5.09375
hilton2021_comprehension,015,20,0.0966796875
hilton2021_comprehension,015,21,0.953125
hilton2021_comprehension,015,22,0.515625
hilton2021_comprehension,015,23,0.27734375
hilton2021_comprehension,015,24,0.96875
hilton2021_comprehension,015,25,0.158203125
hilton2021_comprehension,015,26,1.03125
hilton2021_comprehension,015,27,0.6875
hilton2021_comprehension,015,28,0.357421875
hilton2021_comprehension,015,29,0.1455078125
hilton2021_comprehension,015,30,0.25390625
hilton2021_comprehension,015,31,0.038330078125
hilton2021_comprehension,015,32,0.318359375
hilton2021_comprehension,015,33,0.5
hilton2021_comprehension,015,34,0.05322265625
hilton2021_comprehension,015,35,0.038330078125
hilton2021_comprehension,015,36,0.6640625
hilton2021_comprehension,015,37,0.060546875
hilton2021_comprehension,015,38,1.453125
hilton2021_comprehension,015,39,0.609375
hilton2021_comprehension,015,40,1.71875
hilton2021_comprehension,015,41,0.37890625
hilton2021_comprehension,015,42,0.341796875
hilton2021_comprehension,015,43,1.359375
hilton2021_comprehension,015,44,0.0751953125
hilton2021_comprehension,015,45,0.369140625
hilton2021_comprehension,015,46,0.32421875
hilton2021_comprehension,015,47,0.486328125
hilton2021_comprehension,015,48,0.341796875
hilton2021_comprehension,015,49,0.58984375
hilton2021_comprehension,015,50,0.171875
hilton2021_comprehension,015,51,0.4765625
hilton2021_comprehension,015,52,0.421875
hilton2021_comprehension,015,53,1.1640625
hilton2021_comprehension,015,54,0.58984375
hilton2021_comprehension,015,55,0.15234375
hilton2021_comprehension,015,56,0.216796875
hilton2021_comprehension,015,57,0.83984375
hilton2021_comprehension,015,58,0.2109375
hilton2021_comprehension,015,59,0.318359375
hilton2021_comprehension,015,60,0.1982421875
hilton2021_comprehension,015,61,0.1318359375
hilton2021_comprehension,015,62,0.283203125
hilton2021_comprehension,015,63,0.11767578125
hilton2021_comprehension,015,64,1.234375
hilton2021_comprehension,015,65,0.58203125
hilton2021_comprehension,015,66,0.0966796875
hilton2021_comprehension,015,67,0.8359375
hilton2021_comprehension,015,68,2.015625
hilton2021_comprehension,015,69,0.171875
hilton2021_comprehension,015,70,0.83203125
hilton2021_comprehension,015,71,1.15625
hilton2021_comprehension,015,72,0.5859375
hilton2021_comprehension,016,0,0.81640625
hilton2021_comprehension,016,1,0.3515625
hilton2021_comprehension,016,2,1.1171875
hilton2021_comprehension,016,3,0.2421875
hilton2021_comprehension,016,4,0.1845703125
hilton2021_comprehension,016,5,0.54296875
hilton2021_comprehension,016,6,0.1787109375
hilton2021_comprehension,016,7,0.66015625
hilton2021_comprehension,016,8,0.0751953125
hilton2021_comprehension,016,9,1.234375
hilton2021_comprehension,016,10,0.06787109375
hilton2021_comprehension,016,11,1.703125
hilton2021_comprehension,016,12,0.171875
hilton2021_comprehension,016,13,0.2109375
hilton2021_comprehension,016,14,1.2265625
hilton2021_comprehension,016,15,1.0546875
hilton2021_comprehension,016,16,0.2041015625
hilton2021_comprehension,016,17,1.0625
hilton2021_comprehension,016,18,0.2041015625
hilton2021_comprehension,016,19,0.10400390625
hilton2021_comprehension,016,20,0.11767578125
hilton2021_comprehension,016,21,0.390625
hilton2021_comprehension,016,22,0.038330078125
hilton2021_comprehension,016,23,0.038330078125
hilton2021_comprehension,016,24,2.359375
hilton2021_comprehension,016,25,0.08984375
hilton2021_comprehension,016,26,0.90625
hilton2021_comprehension,016,27,0.4765625
hilton2021_comprehension,016,28,1.40625
hilton2021_comprehension,016,29,0.390625
hilton2021_comprehension,016,30,0.11083984375
hilton2021_comprehension,016,31,1.8046875
hilton2021_comprehension,016,32,0.1787109375
hilton2021_comprehension,016,33,2.015625
hilton2021_comprehension,016,34,0.7578125
hilton2021_comprehension,016,35,0.22265625
hilton2021_comprehension,016,36,0.038330078125
hilton2021_comprehension,016,37,1.9140625
hilton2021_comprehension,016,38,0.08984375
hilton2021_comprehension,016,39,0.11767578125
hilton2021_comprehension,016,40,0.10400390625
hilton2021_comprehension,016,41,0.060546875
hilton2021_comprehension,016,42,0.3125
hilton2021_comprehension,016,43,0.038330078125
hilton2021_comprehension,016,44,0.08984375
hilton2021_comprehension,016,45,0.12451171875
hilton2021_comprehension,016,46,0.2041015625
hilton2021_comprehension,016,47,0.48046875
hilton2021_comprehension,016,48,2.015625
hilton2021_comprehension,016,49,0.12451171875
hilton2021_comprehension,016,50,1.59375
hilton2021_comprehension,016,51,1.40625
hilton2021_comprehension,016,52,0.03076171875
hilton2021_comprehension,016,53,0.22265625
hilton2021_comprehension,016,54,0.06787109375
hilton2021_comprehension,016,55,0.3125
hilton2021_comprehension,016,56,0.1787109375
hilton2021_comprehension,016,57,0.7578125
hilton2021_comprehension,016,58,0.158203125
hilton2021_comprehension,016,59,1.5
hilton2021_comprehension,016,60,0.283203125
hilton2021_comprehension,016,61,0.1455078125
hilton2021_comprehension,016,62,2.125
hilton2021_comprehension,016,63,2.359375
hilton2021_comprehension,016,64,0.9765625
hilton2021_comprehension,016,65,0.431640625
hilton2021_comprehension,016,66,1.0546875
hilton2021_comprehension,016,67,0.69140625
hilton2021_comprehension,016,68,0.12451171875
hilton2021_comprehension,016,69,1.3125
hilton2021_comprehension,016,70,1.140625
hilton2021_comprehension,016,71,0.318359375
hilton2021_comprehension,016,72,1.59375
hilton2021_comprehension,017,0,0.69921875
hilton2021_comprehension,017,1,0.546875
hilton2021_comprehension,017,2,0.66796875
hilton2021_comprehension,017,3,0.22265625
hilton2021_comprehension,017,4,1.109375
hilton2021_comprehension,017,5,0.3125
hilton2021_comprehension,017,6,0.390625
hilton2021_comprehension,017,7,0.5
hilton2021_comprehension,017,8,1.921875
hilton2021_comprehension,017,9,2.15625
hilton2021_comprehension,017,10,0.4453125
hilton2021_comprehension,017,11,0.76953125
hilton2021_comprehension,017,12,0.30078125
hilton2021_comprehension,017,13,1.421875
hilton2021_comprehension,017,14,0.390625
hilton2021_comprehension,017,15,5.84375
hilton2021_comprehension,017,16,0.95703125
hilton2021_comprehension,017,17,0.88671875
hilton2021_comprehension,017,18,0.171875
hilton2021_comprehension,017,19,0.4765625
hilton2021_comprehension,017,20,0.369140625
hilton2021_comprehension,017,21,1.828125
hilton2021_comprehension,017,22,0.431640625
hilton2021_comprehension,017,23,0.50390625
hilton2021_comprehension,017,24,0.76171875
hilton2021_comprehension,017,25,1.3671875
hilton2021_comprehension,017,26,0.87109375
hilton2021_comprehension,017,27,0.97265625
hilton2021_comprehension,017,28,0.1318359375
hilton2021_comprehension,017,29,0.1650390625
hilton2021_comprehension,017,30,0.318359375
hilton2021_comprehension,017,31,0.97265625
hilton2021_comprehension,017,32,2.75
hilton2021_comprehension,017,33,0.3125
hilton2021_comprehension,017,34,1.359375
hilton2021_comprehension,017,35,0.373046875
hilton2021_comprehension,017,36,0.486328125
hilton2021_comprehension,017,37,0.578125
hilton2021_comprehension,017,38,0.390625
hilton2021_comprehension,017,39,0.55078125
hilton2021_comprehension,017,40,1.9296875
hilton2021_comprehension,017,41,0.2353515625
hilton2021_comprehension,017,42,0.84765625
hilton2021_comprehension,017,43,1.296875
hilton2021_comprehension,017,44,1.3984375
hilton2021_comprehension,017,45,0.138671875
hilton2021_comprehension,017,46,0.15234375
hilton2021_comprehension,017,47,0.5234375
hilton2021_comprehension,017,48,2.0625
hilton2021_comprehension,017,49,0.431640625
hilton2021_comprehension,017,50,0.400390625
hilton2021_comprehension,017,51,1.9375
hilton2021_comprehension,017,52,1.0546875
hilton2021_comprehension,017,53,0.1318359375
hilton2021_comprehension,017,54,0.494140625
hilton2021_comprehension,017,55,0.2890625
hilton2021_comprehension,017,56,1.453125
hilton2021_comprehension,017,57,3.59375
hilton2021_comprehension,017,58,0.248046875
hilton2021_comprehension,017,59,1.6328125
hilton2021_comprehension,017,60,0.1318359375
hilton2021_comprehension,017,61,0.52734375
hilton2021_comprehension,017,62,0.82421875
hilton2021_comprehension,017,63,0.138671875
hilton2021_comprehension,017,64,0.2041015625
hilton2021_comprehension,017,65,2.890625
hilton2021_comprehension,017,66,0.546875
hilton2021_comprehension,017,67,0.41015625
hilton2021_comprehension,017,68,0.08984375
hilton2021_comprehension,017,69,1.078125
hilton2021_comprehension,017,70,0.294921875
hilton2021_comprehension,017,71,0.37890625
hilton2021_comprehension,017,72,1.8515625
hilton2021_comprehension,018,0,0.67578125
hilton2021_comprehension,018,1,0.75390625
hilton2021_comprehension,018,2,1.03125
hilton2021_comprehension,018,3,0.6484375
hilton2021_comprehension,018,4,0.1318359375
hilton2021_comprehension,018,5,0.2294921875
hilton2021_comprehension,018,6,0.0458984375
hilton2021_comprehension,018,7,0.53515625
hilton2021_comprehension,018,8,0.4453125
hilton2021_comprehension,018,9,0.08984375
hilton2021_comprehension,018,10,0.03076171875
hilton2021_comprehension,018,11,0.11767578125
hilton2021_comprehension,018,12,0.03076171875
hilton2021_comprehension,018,13,1.6015625
hilton2021_comprehension,018,14,2.359375
hilton2021_comprehension,018,15,0.3125
hilton2021_comprehension,018,16,2.46875
hilton2021_comprehension,018,17,0.2041015625
hilton2021_comprehension,018,18,0.038330078125
hilton2021_comprehension,018,19,2.359375
hilton2021_comprehension,018,20,0.060546875
hilton2021_comprehension,018,21,0.98046875
hilton2021_comprehension,018,22,0.1650390625
hilton2021_comprehension,018,23,0.2353515625
hilton2021_comprehension,018,24,0.48046875
hilton2021_comprehension,018,25,0.1318359375
hilton2021_comprehension,018,26,0.05322265625
hilton2021_comprehension,018,27,1.5
hilton2021_comprehension,018,28,0.060546875
hilton2021_comprehension,018,29,0.12451171875
hilton2021_comprehension,018,30,0.3125
hilton2021_comprehension,018,31,0.828125
hilton2021_comprehension,018,32,0.0155029296875
hilton2021_comprehension,018,33,0.3515625
hilton2021_comprehension,018,34,0.03076171875
hilton2021_comprehension,018,35,0.05322265625
hilton2021_comprehension,018,36,2.125
hilton2021_comprehension,018,37,1.3125
hilton2021_comprehension,018,38,1.2265625
hilton2021_comprehension,018,39,1.5
hilton2021_comprehension,018,40,0.283203125
hilton2021_comprehension,018,41,1.3125
hilton2021_comprehension,018,42,0.4765625
hilton2021_comprehension,018,43,1.5
hilton2021_comprehension,018,44,0.25390625
hilton2021_comprehension,018,45,0.2294921875
hilton2021_comprehension,018,46,0.1787109375
hilton2021_comprehension,018,47,1.40625
hilton2021_comprehension,018,48,0.5234375
hilton2021_comprehension,018,49,2.46875
hilton2021_comprehension,018,50,0.05322265625
hilton2021_comprehension,018,51,0.023193359375
hilton2021_comprehension,018,52,1.9140625
hilton2021_comprehension,018,53,1.2265625
hilton2021_comprehension,018,54,0.038330078125
hilton2021_comprehension,018,55,0.12451171875
hilton2021_comprehension,018,56,0.11767578125
hilton2021_comprehension,018,57,0.1318359375
hilton2021_comprehension,018,58,0.828125
hilton2021_comprehension,018,59,0.10400390625
hilton2021_comprehension,018,60,0.9765625
hilton2021_comprehension,018,61,0.828125
hilton2021_comprehension,018,62,0.05322265625
hilton2021_comprehension,018,63,0.9765625
hilton2021_comprehension,018,64,0.2294921875
hilton2021_comprehension,018,65,0.5234375
hilton2021_comprehension,018,66,0.8984375
hilton2021_comprehension,018,67,0.9765625
hilton2021_comprehension,018,68,0.578125
hilton2021_comprehension,018,69,0.216796875
hilton2021_comprehension,018,70,0.4765625
hilton2021_comprehension,018,71,0.1455078125
hilton2021_comprehension,018,72,0.1455078125
hilton2021_comprehension,019,0,0.76171875
hilton2021_comprehension,019,1,0.87109375
hilton2021_comprehension,019,2,1.1640625
hilton2021_comprehension,019,3,0.435546875
hilton2021_comprehension,019,4,0.306640625
hilton2021_comprehension,019,5,0.57421875
hilton2021_comprehension,019,6,0.80859375
hilton2021_comprehension,019,7,0.22265625
hilton2021_comprehension,019,8,1.1640625
hilton2021_comprehension,019,9,0.4453125
hilton2021_comprehension,019,10,0.373046875
hilton2021_comprehension,019,11,0.0966796875
hilton2021_comprehension,019,12,1.1484375
hilton2021_comprehension,019,13,0.08251953125
hilton2021_comprehension,019,14,0.283203125
hilton2021_comprehension,019,15,0.08984375
hilton2021_comprehension,019,16,0.2109375
hilton2021_comprehension,019,17,2.8125
hilton2021_comprehension,019,18,1.2265625
hilton2021_comprehension,019,19,0.76171875
hilton2021_comprehension,019,20,1.0546875
hilton2021_comprehension,019,21,1.6015625
hilton2021_comprehension,019,22,0.10400390625
hilton2021_comprehension,019,23,0.318359375
hilton2021_comprehension,019,24,0.63671875
hilton2021_comprehension,019,25,0.283203125
hilton2021_comprehension,019,26,0.4765625
hilton2021_comprehension,019,27,0.0458984375
hilton2021_comprehension,019,28,0.431640625
hilton2021_comprehension,019,29,0.1787109375
hilton2021_comprehension,019,30,0.578125
hilton2021_comprehension,019,31,0.2041015625
hilton2021_comprehension,019,32,1.2265625
hilton2021_comprehension,019,33,1.8046875
hilton2021_comprehension,019,34,0.345703125
hilton2021_comprehension,019,35,0.038330078125
hilton2021_comprehension,019,36,0.2041015625
hilton2021_comprehension,019,37,0.69140625
hilton2021_comprehension,019,38,0.10400390625
hilton2021_comprehension,019,39,0.8984375
hilton2021_comprehension,019,40,1.59375
hilton2021_comprehension,019,41,0.1455078125
hilton2021_comprehension,019,42,0.1455078125
hilton2021_comprehension,019,43,0.1787109375
hilton2021_comprehension,019,44,0.283203125
hilton2021_comprehension,019,45,0.283203125
hilton2021_comprehension,019,46,0.2041015625
hilton2021_comprehension,019,47,0.7578125
hilton2021_comprehension,019,48,0.05322265625
hilton2021_comprehension,019,49,1.8046875
hilton2021_comprehension,019,50,0.2041015625
hilton2021_comprehension,019,51,0.08251953125
hilton2021_comprehension,019,52,0.060546875
hilton2021_comprehension,019,53,0.0458984375
hilton2021_comprehension,019,54,0.91015625
hilton2021_comprehension,019,55,0.023193359375
hilton2021_comprehension,019,56,0.03076171875
hilton2021_comprehension,019,57,0.05322265625
hilton2021_comprehension,019,58,0.69140625
hilton2021_comprehension,019,59,2.125
hilton2021_comprehension,019,60,2.015625
hilton2021_comprehension,019,61,0.7578125
hilton2021_comprehension,019,62,0.11083984375
hilton2021_comprehension,019,63,0.08251953125
hilton2021_comprehension,019,64,0.5234375
hilton2021_comprehension,019,65,0.578125
hilton2021_comprehension,019,66,1.8046875
hilton2021_comprehension,019,67,0.1845703125
hilton2021_comprehension,019,68,0.8984375
hilton2021_comprehension,019,69,0.158203125
hilton2021_comprehension,019,70,0.4765625
hilton2021_comprehension,019,71,0.023193359375
hilton2021_comprehension,019,72,0.158203125
hilton2021_comprehension,020,0,0.65234375
hilton2021_comprehension,020,1,0.9296875
hilton2021_comprehension,020,2,1.109375
hilton2021_comprehension,020,3,1.453125
hilton2021_comprehension,020,4,1.25
hilton2021_comprehension,020,5,0.62890625
hilton2021_comprehension,020,6,0.73046875
hilton2021_comprehension,020,7,1.0
hilton2021_comprehension,020,8,0.515625
hilton2021_comprehension,020,9,0.671875
hilton2021_comprehension,020,10,0.41015625
hilton2021_comprehension,020,11,0.330078125
hilton2021_comprehension,020,12,0.19140625
hilton2021_comprehension,020,13,0.330078125
hilton2021_comprehension,020,14,0.1787109375
hilton2021_comprehension,020,15,0.08251953125
hilton2021_comprehension,020,16,1.921875
hilton2021_comprehension,020,17,1.703125
hilton2021_comprehension,020,18,0.83203125
hilton2021_comprehension,020,19,0.2353515625
hilton2021_comprehension,020,20,0.10400390625
hilton2021_comprehension,020,21,0.1650390625
hilton2021_comprehension,020,22,3.53125
hilton2021_comprehension,020,23,0.66015625
hilton2021_comprehension,020,24,0.19140625
hilton2021_comprehension,020,25,0.76171875
hilton2021_comprehension,020,26,1.2265625
hilton2021_comprehension,020,27,0.578125
hilton2021_comprehension,020,28,0.63671875
hilton2021_comprehension,020,29,1.0546875
hilton2021_comprehension,020,30,0.8984375
hilton2021_comprehension,020,31,0.2294921875
hilton2021_comprehension,020,32,0.5234375
hilton2021_comprehension,020,33,1.140625
hilton2021_comprehension,020,34,0.2041015625
hilton2021_comprehension,020,35,0.431640625
hilton2021_comprehension,020,36,0.63671875
hilton2021_comprehension,020,37,8.1875
hilton2021_comprehension,020,38,1.171875
hilton2021_comprehension,020,39,0.48046875
hilton2021_comprehension,020,40,1.015625
hilton2021_comprehension,020,41,0.6875
hilton2021_comprehension,020,42,0.53125
hilton2021_comprehension,020,43,0.416015625
hilton2021_comprehension,020,44,0.2041015625
hilton2021_comprehension,020,45,0.41015625
hilton2021_comprehension,020,46,0.390625
hilton2021_comprehension,020,47,0.466796875
hilton2021_comprehension,020,48,1.0
hilton2021_comprehension,020,49,1.4296875
hilton2021_comprehension,020,50,0.54296875
hilton2021_comprehension,020,51,0.86328125
hilton2021_comprehension,020,52,0.400390625
hilton2021_comprehension,020,53,0.59375
hilton2021_comprehension,020,54,1.0625
hilton2021_comprehension,020,55,0.3359375
hilton2021_comprehension,020,56,0.10400390625
hilton2021_comprehension,020,57,0.9921875
hilton2021_comprehension,020,58,0.6796875
hilton2021_comprehension,020,59,1.9453125
hilton2021_comprehension,020,60,0.171875
hilton2021_comprehension,020,61,0.2353515625
hilton2021_comprehension,020,62,0.10400390625
hilton2021_comprehension,020,63,0.3359375
hilton2021_comprehension,020,64,0.0751953125
hilton2021_comprehension,020,65,0.294921875
hilton2021_comprehension,020,66,0.40625
hilton2021_comprehension,020,67,0.7890625
hilton2021_comprehension,020,68,1.015625
hilton2021_comprehension,020,69,0.69921875
hilton2021_comprehension,020,70,0.53125
hilton2021_comprehension,020,71,0.08251953125
hilton2021_comprehension,020,72,3.265625
hilton2021_comprehension,021,0,0.6484375
hilton2021_comprehension,021,1,0.87109375
hilton2021_comprehension,021,2,0.25390625
hilton2021_comprehension,021,3,1.296875
hilton2021_comprehension,021,4,0.19140625
hilton2021_comprehension,021,5,0.66015625
hilton2021_comprehension,021,6,0.5234375
hilton2021_comprehension,021,7,0.294921875
hilton2021_comprehension,021,8,0.08984375
hilton2021_comprehension,021,9,1.3359375
hilton2021_comprehension,021,10,0.158203125
hilton2021_comprehension,021,11,0.54296875
hilton2021_comprehension,021,12,3.1875
hilton2021_comprehension,021,13,0.86328125
hilton2021_comprehension,021,14,0.283203125
hilton2021_comprehension,021,15,0.12451171875
hilton2021_comprehension,021,16,0.91796875
hilton2021_comprehension,021,17,0.1982421875
hilton2021_comprehension,021,18,1.1796875
hilton2021_comprehension,021,19,1.0234375
hilton2021_comprehension,021,20,0.62109375
hilton2021_comprehension,021,21,0.6484375
hilton2021_comprehension,021,22,0.515625
hilton2021_comprehension,021,23,0.2421875
hilton2021_comprehension,021,24,0.431640625
hilton2021_comprehension,021,25,0.11083984375
hilton2021_comprehension,021,26,1.421875
hilton2021_comprehension,021,27,0.52734375
hilton2021_comprehension,021,28,0.0458984375
hilton2021_comprehension,021,29,0.060546875
hilton2021_comprehension,021,30,1.5234375
hilton2021_comprehension,021,31,0.0751953125
hilton2021_comprehension,021,32,1.1171875
hilton2021_comprehension,021,33,1.8125
hilton2021_comprehension,021,34,0.466796875
hilton2021_comprehension,021,35,0.1982421875
hilton2021_comprehension,021,36,1.21875
hilton2021_comprehension,021,37,0.03076171875
hilton2021_comprehension,021,38,0.30078125
hilton2021_comprehension,021,39,0.341796875
hilton2021_comprehension,021,40,0.171875
hilton2021_comprehension,021,41,1.3359375
hilton2021_comprehension,021,42,0.060546875
hilton2021_comprehension,021,43,0.39453125
hilton2021_comprehension,021,44,0.2109375
hilton2021_comprehension,021,45,1.09375
hilton2021_comprehension,021,46,1.0546875
hilton2021_comprehension,021,47,1.1640625
hilton2021_comprehension,021,48,1.078125
hilton2021_comprehension,021,49,1.703125
hilton2021_comprehension,021,50,0.451171875
hilton2021_comprehension,021,51,0.5546875
hilton2021_comprehension,021,52,0.431640625
hilton2021_comprehension,021,53,0.306640625
hilton2021_comprehension,021,54,2.125
hilton2021_comprehension,021,55,0.0966796875
hilton2021_comprehension,021,56,0.8359375
hilton2021_comprehension,021,57,0.58984375
hilton2021_comprehension,021,58,0.03076171875
hilton2021_comprehension,021,59,0.90234375
hilton2021_comprehension,021,60,1.8046875
hilton2021_comprehension,021,61,0.70703125
hilton2021_comprehension,021,62,1.9140625
hilton2021_comprehension,021,63,1.0546875
hilton2021_comprehension,021,64,0.369140625
hilton2021_comprehension,021,65,0.70703125
hilton2021_comprehension,021,66,0.61328125
hilton2021_comprehension,021,67,0.08251953125
hilton2021_comprehension,021,68,1.1484375
hilton2021_comprehension,021,69,0.10400390625
hilton2021_comprehension,021,70,0.70703125
hilton2021_comprehension,021,71,0.0966796875
hilton2021_comprehension,021,72,1.6484375
hilton2021_comprehension,022,0,0.68359375
hilton2021_comprehension,022,1,0.5859375
hilton2021_comprehension,022,2,0.8828125
hilton2021_comprehension,022,3,1.2109375
hilton2021_comprehension,022,4,0.357421875
hilton2021_comprehension,022,5,0.2041015625
hilton2021_comprehension,022,6,1.421875
hilton2021_comprehension,022,7,0.138671875
hilton2021_comprehension,022,8,0.44140625
hilton2021_comprehension,022,9,1.3203125
hilton2021_comprehension,022,10,0.15234375
hilton2021_comprehension,022,11,0.08984375
hilton2021_comprehension,022,12,1.140625
hilton2021_comprehension,022,13,0.08251953125
hilton2021_comprehension,022,14,0.08251953125
hilton2021_comprehension,022,15,0.25390625
hilton2021_comprehension,022,16,0.71484375
hilton2021_comprehension,022,17,0.52734375
hilton2021_comprehension,022,18,0.10400390625
hilton2021_comprehension,022,19,0.08984375
hilton2021_comprehension,022,20,0.3515625
hilton2021_comprehension,022,21,0.12451171875
hilton2021_comprehension,022,22,0.294921875
hilton2021_comprehension,022,23,2.578125
hilton2021_comprehension,022,24,0.1455078125
hilton2021_comprehension,022,25,2.015625
hilton2021_comprehension,022,26,0.06787109375
hilton2021_comprehension,022,27,0.69140625
hilton2021_comprehension,022,28,0.060546875
hilton2021_comprehension,022,29,0.10400390625
hilton2021_comprehension,022,30,0.58203125
hilton2021_comprehension,022,31,0.11083984375
hilton2021_comprehension,022,32,0.22265625
hilton2021_comprehension,022,33,1.0546875
hilton2021_comprehension,022,34,0.1787109375
hilton2021_comprehension,022,35,0.08984375
hilton2021_comprehension,022,36,0.0751953125
hilton2021_comprehension,022,37,0.03076171875
hilton2021_comprehension,022,38,1.3125
hilton2021_comprehension,022,39,0.2041015625
hilton2021_comprehension,022,40,0.05322265625
hilton2021_comprehension,022,41,0.11767578125
hilton2021_comprehension,022,42,0.03076171875
hilton2021_comprehension,022,43,1.2265625
hilton2021_comprehension,022,44,0.828125
hilton2021_comprehension,022,45,0.0751953125
hilton2021_comprehension,022,46,0.08984375
hilton2021_comprehension,022,47,2.8125
hilton2021_comprehension,022,48,1.140625
hilton2021_comprehension,022,49,0.828125
hilton2021_comprehension,022,50,1.8046875
hilton2021_comprehension,022,51,0.828125
hilton2021_comprehension,022,52,0.3515625
hilton2021_comprehension,022,53,0.1455078125
hilton2021_comprehension,022,54,1.2265625
hilton2021_comprehension,022,55,0.69140625
hilton2021_comprehension,022,56,0.158203125
hilton2021_comprehension,022,57,0.12451171875
hilton2021_comprehension,022,58,1.2265625
hilton2021_comprehension,022,59,0.10400390625
hilton2021_comprehension,022,60,0.2294921875
hilton2021_comprehension,022,61,0.0458984375
hilton2021_comprehension,022,62,0.25390625
hilton2021_comprehension,022,63,1.0546875
hilton2021_comprehension,022,64,0.6328125
hilton2021_comprehension,022,65,0.05322265625
hilton2021_comprehension,022,66,0.03076171875
hilton2021_comprehension,022,67,0.5234375
hilton2021_comprehension,022,68,0.9765625
hilton2021_comprehension,022,69,0.390625
hilton2021_comprehension,022,70,0.578125
hilton2021_comprehension,022,71,0.05322265625
hilton2021_comprehension,022,72,0.9765625
hilton2021_comprehension,023,0,3.015625
hilton2021_comprehension,023,1,0.69921875
hilton2021_comprehension,023,2,0.55078125
hilton2021_comprehension,023,3,0.87109375
hilton2021_comprehension,023,4,0.2109375
hilton2021_comprehension,023,5,0.859375
hilton2021_comprehension,023,6,1.015625
hilton2021_comprehension,023,7,0.470703125
hilton2021_comprehension,023,8,0.2890625
hilton2021_comprehension,023,9,0.86328125
hilton2021_comprehension,023,10,0.138671875
hilton2021_comprehension,023,11,0.90625
hilton2021_comprehension,023,12,0.48046875
hilton2021_comprehension,023,13,0.39453125
hilton2021_comprehension,023,14,1.015625
hilton2021_comprehension,023,15,1.9140625
hilton2021_comprehension,023,16,0.11767578125
hilton2021_comprehension,023,17,0.259765625
hilton2021_comprehension,023,18,0.390625
hilton2021_comprehension,023,19,1.0546875
hilton2021_comprehension,023,20,0.390625
hilton2021_comprehension,023,21,0.431640625
hilton2021_comprehension,023,22,0.1318359375
hilton2021_comprehension,023,23,0.25390625
hilton2021_comprehension,023,24,0.1455078125
hilton2021_comprehension,023,25,0.11767578125
hilton2021_comprehension,023,26,0.640625
hilton2021_comprehension,023,27,0.2294921875
hilton2021_comprehension,023,28,0.0458984375
hilton2021_comprehension,023,29,0.171875
hilton2021_comprehension,023,30,0.8984375
hilton2021_comprehension,023,31,0.283203125
hilton2021_comprehension,023,32,0.0458984375
hilton2021_comprehension,023,33,0.1787109375
hilton2021_comprehension,023,34,0.038330078125
hilton2021_comprehension,023,35,0.53125
hilton2021_comprehension,023,36,0.390625
hilton2021_comprehension,023,37,0.060546875
hilton2021_comprehension,023,38,0.7578125
hilton2021_comprehension,023,39,0.023193359375
hilton2021_comprehension,023,40,0.038330078125
hilton2021_comprehension,023,41,0.431640625
hilton2021_comprehension,023,42,1.703125
hilton2021_comprehension,023,43,1.6015625
hilton2021_comprehension,023,44,0.11767578125
hilton2021_comprehension,023,45,0.08984375
hilton2021_comprehension,023,46,0.1455078125
hilton2021_comprehension,023,47,1.40625
hilton2021_comprehension,023,48,0.1455078125
hilton2021_comprehension,023,49,2.6875
hilton2021_comprehension,023,50,0.1455078125
hilton2021_comprehension,023,51,1.40625
hilton2021_comprehension,023,52,1.5
hilton2021_comprehension,023,53,0.4765625
hilton2021_comprehension,023,54,0.90234375
hilton2021_comprehension,023,55,0.05322265625
hilton2021_comprehension,023,56,0.11767578125
hilton2021_comprehension,023,57,3.046875
hilton2021_comprehension,023,58,0.1787109375
hilton2021_comprehension,023,59,0.4765625
hilton2021_comprehension,023,60,1.59375
hilton2021_comprehension,023,61,2.921875
hilton2021_comprehension,023,62,0.76171875
hilton2021_comprehension,023,63,0.3515625
hilton2021_comprehension,023,64,0.8984375
hilton2021_comprehension,023,65,0.2041015625
hilton2021_comprehension,023,66,0.08251953125
hilton2021_comprehension,023,67,0.12451171875
hilton2021_comprehension,023,68,0.25390625
hilton2021_comprehension,023,69,1.703125
hilton2021_comprehension,023,70,0.0458984375
hilton2021_comprehension,023,71,0.1787109375
hilton2021_comprehension,023,72,0.1787109375
hilton2021_comprehension,024,0,0.6484375
hilton2021_comprehension,024,1,1.109375
hilton2021_comprehension,024,2,1.140625
hilton2021_comprehension,024,3,0.451171875
hilton2021_comprehension,024,4,0.470703125
hilton2021_comprehension,024,5,3.234375
hilton2021_comprehension,024,6,0.76953125
hilton2021_comprehension,024,7,0.515625
hilton2021_comprehension,024,8,1.75
hilton2021_comprehension,024,9,2.59375
hilton2021_comprehension,024,10,0.515625
hilton2021_comprehension,024,11,1.734375
hilton2021_comprehension,024,12,1.25
hilton2021_comprehension,024,13,0.63671875
hilton2021_comprehension,024,14,1.0625
hilton2021_comprehension,024,15,1.296875
hilton2021_comprehension,024,16,0.283203125
hilton2021_comprehension,024,17,0.45703125
hilton2021_comprehension,024,18,0.62890625
hilton2021_comprehension,024,19,1.546875
hilton2021_comprehension,024,20,2.578125
hilton2021_comprehension,024,21,0.58984375
hilton2021_comprehension,024,22,1.2265625
hilton2021_comprehension,024,23,0.609375
hilton2021_comprehension,024,24,1.0234375
hilton2021_comprehension,024,25,1.140625
hilton2021_comprehension,024,26,1.109375
hilton2021_comprehension,024,27,1.09375
hilton2021_comprehension,024,28,0.6796875
hilton2021_comprehension,024,29,0.357421875
hilton2021_comprehension,024,30,0.2421875
hilton2021_comprehension,024,31,0.2041015625
hilton2021_comprehension,024,32,0.76171875
hilton2021_comprehension,024,33,1.515625
hilton2021_comprehension,024,34,0.44140625
hilton2021_comprehension,024,35,0.8125
hilton2021_comprehension,024,36,0.341796875
hilton2021_comprehension,024,37,2.375
hilton2021_comprehension,024,38,0.72265625
hilton2021_comprehension,024,39,0.98828125
hilton2021_comprehension,024,40,0.06787109375
hilton2021_comprehension,024,41,0.294921875
hilton2021_comprehension,024,42,0.2353515625
hilton2021_comprehension,024,43,1.078125
hilton2021_comprehension,024,44,0.83203125
hilton2021_comprehension,024,45,0.1982421875
hilton2021_comprehension,024,46,1.203125
hilton2021_comprehension,024,47,1.359375
hilton2021_comprehension,024,48,1.15625
hilton2021_comprehension,024,49,0.91796875
hilton2021_comprehension,024,50,0.4765625
hilton2021_comprehension,024,51,0.4453125
hilton2021_comprehension,024,52,0.1318359375
hilton2021_comprehension,024,53,0.2041015625
hilton2021_comprehension,024,54,0.1982421875
hilton2021_comprehension,024,55,2.484375
hilton2021_comprehension,024,56,1.40625
hilton2021_comprehension,024,57,0.357421875
hilton2021_comprehension,024,58,0.640625
hilton2021_comprehension,024,59,0.341796875
hilton2021_comprehension,024,60,0.70703125
hilton2021_comprehension,024,61,0.1787109375
hilton2021_comprehension,024,62,0.06787109375
hilton2021_comprehension,024,63,0.82421875
hilton2021_comprehension,024,64,0.91796875
hilton2021_comprehension,024,65,0.1455078125
hilton2021_comprehension,024,66,0.1318359375
hilton2021_comprehension,024,67,0.515625
hilton2021_comprehension,024,68,1.2578125
hilton2021_comprehension,024,69,0.08984375
hilton2021_comprehension,024,70,0.2890625
hilton2021_comprehension,024,71,0.70703125
hilton2021_comprehension,024,72,1.53125
hilton2021_comprehension,025,0,0.73046875
hilton2021_comprehension,025,1,0.5078125
hilton2021_comprehension,025,2,0.306640625
hilton2021_comprehension,025,3,1.84375
hilton2021_comprehension,025,4,0.9296875
hilton2021_comprehension,025,5,0.8046875
hilton2021_comprehension,025,6,0.3125
hilton2021_comprehension,025,7,0.259765625
hilton2021_comprehension,025,8,0.435546875
hilton2021_comprehension,025,9,0.12451171875
hilton2021_comprehension,025,10,0.2041015625
hilton2021_comprehension,025,11,0.546875
hilton2021_comprehension,025,12,0.06787109375
hilton2021_comprehension,025,13,3.28125
hilton2021_comprehension,025,14,0.0966796875
hilton2021_comprehension,025,15,0.0751953125
hilton2021_comprehension,025,16,0.06787109375
hilton2021_comprehension,025,17,0.490234375
hilton2021_comprehension,025,18,3.765625
hilton2021_comprehension,025,19,0.90234375
hilton2021_comprehension,025,20,0.15234375
hilton2021_comprehension,025,21,0.1650390625
hilton2021_comprehension,025,22,0.0458984375
hilton2021_comprehension,025,23,0.1845703125
hilton2021_comprehension,025,24,1.8125
hilton2021_comprehension,025,25,0.10400390625
hilton2021_comprehension,025,26,0.05322265625
hilton2021_comprehension,025,27,0.08984375
hilton2021_comprehension,025,28,0.259765625
hilton2021_comprehension,025,29,1.5
hilton2021_comprehension,025,30,0.1455078125
hilton2021_comprehension,025,31,0.1455078125
hilton2021_comprehension,025,32,0.08251953125
hilton2021_comprehension,025,33,0.828125
hilton2021_comprehension,025,34,0.03076171875
hilton2021_comprehension,025,35,0.5234375
hilton2021_comprehension,025,36,0.69140625
hilton2021_comprehension,025,37,2.578125
hilton2021_comprehension,025,38,0.431640625
hilton2021_comprehension,025,39,0.8984375
hilton2021_comprehension,025,40,0.283203125
hilton2021_comprehension,025,41,0.4765625
hilton2021_comprehension,025,42,1.8046875
hilton2021_comprehension,025,43,0.08251953125
hilton2021_comprehension,025,44,0.05322265625
hilton2021_comprehension,025,45,0.08251953125
hilton2021_comprehension,025,46,1.703125
hilton2021_comprehension,025,47,0.038330078125
hilton2021_comprehension,025,48,1.3125
hilton2021_comprehension,025,49,0.2294921875
hilton2021_comprehension,025,50,1.90625
hilton2021_comprehension,025,51,0.2041015625
hilton2021_comprehension,025,52,0.2294921875
hilton2021_comprehension,025,53,1.140625
hilton2021_comprehension,025,54,1.40625
hilton2021_comprehension,025,55,0.3515625
hilton2021_comprehension,025,56,0.431640625
hilton2021_comprehension,025,57,0.390625
hilton2021_comprehension,025,58,0.578125
hilton2021_comprehension,025,59,0.11083984375
hilton2021_comprehension,025,60,1.0546875
hilton2021_comprehension,025,61,0.2041015625
hilton2021_comprehension,025,62,0.578125
hilton2021_comprehension,025,63,2.25
hilton2021_comprehension,025,64,1.40625
hilton2021_comprehension,025,65,0.08984375
hilton2021_comprehension,025,66,0.08984375
hilton2021_comprehension,025,67,1.703125
hilton2021_comprehension,025,68,0.1455078125
hilton2021_comprehension,025,69,0.1787109375
hilton2021_comprehension,025,70,0.828125
hilton2021_comprehension,025,71,2.46875
hilton2021_comprehension,025,72,0.11083984375
hilton2021_comprehension,026,0,3.03125
hilton2021_comprehension,026,1,0.9296875
hilton2021_comprehension,026,2,1.1484375
hilton2021_comprehension,026,3,0.83203125
hilton2021_comprehension,026,4,0.2294921875
hilton2021_comprehension,026,5,0.384765625
hilton2021_comprehension,026,6,0.5625
hilton2021_comprehension,026,7,0.67578125
hilton2021_comprehension,026,8,0.451171875
hilton2021_comprehension,026,9,0.138671875
hilton2021_comprehension,026,10,1.921875
hilton2021_comprehension,026,11,0.90625
hilton2021_comprehension,026,12,0.1318359375
hilton2021_comprehension,026,13,0.060546875
hilton2021_comprehension,026,14,0.11767578125
hilton2021_comprehension,026,15,0.10400390625
hilton2021_comprehension,026,16,0.171875
hilton2021_comprehension,026,17,1.703125
hilton2021_comprehension,026,18,0.10400390625
hilton2021_comprehension,026,19,0.69140625
hilton2021_comprehension,026,20,0.05322265625
hilton2021_comprehension,026,21,7.4375
hilton2021_comprehension,026,22,0.1455078125
hilton2021_comprehension,026,23,0.83203125
hilton2021_comprehension,026,24,1.3125
hilton2021_comprehension,026,25,0.22265625
hilton2021_comprehension,026,26,0.486328125
hilton2021_comprehension,026,27,0.1455078125
hilton2021_comprehension,026,28,1.4765625
hilton2021_comprehension,026,29,0.451171875
hilton2021_comprehension,026,30,0.158203125
hilton2021_comprehension,026,31,0.80078125
hilton2021_comprehension,026,32,1.203125
hilton2021_comprehension,026,33,1.28125
hilton2021_comprehension,026,34,0.39453125
hilton2021_comprehension,026,35,0.3125
hilton2021_comprehension,026,36,0.55859375
hilton2021_comprehension,026,37,0.431640625
hilton2021_comprehension,026,38,0.2353515625
hilton2021_comprehension,026,39,0.6640625
hilton2021_comprehension,026,40,0.306640625
hilton2021_comprehension,026,41,0.283203125
hilton2021_comprehension,026,42,3.484375
hilton2021_comprehension,026,43,0.466796875
hilton2021_comprehension,026,44,1.5
hilton2021_comprehension,026,45,1.171875
hilton2021_comprehension,026,46,0.1845703125
hilton2021_comprehension,026,47,1.484375
hilton2021_comprehension,026,48,0.060546875
hilton2021_comprehension,026,49,0.4765625
hilton2021_comprehension,026,50,0.494140625
hilton2021_comprehension,026,51,0.12451171875
hilton2021_comprehension,026,52,0.431640625
hilton2021_comprehension,026,53,0.1845703125
hilton2021_comprehension,026,54,0.6171875
hilton2021_comprehension,026,55,0.50390625
hilton2021_comprehension,026,56,0.05322265625
hilton2021_comprehension,026,57,0.023193359375
hilton2021_comprehension,026,58,0.023193359375
hilton2021_comprehension,026,59,1.921875
hilton2021_comprehension,026,60,3.234375
hilton2021_comprehension,026,61,0.87109375
hilton2021_comprehension,026,62,2.765625
hilton2021_comprehension,026,63,0.94921875
hilton2021_comprehension,026,64,0.431640625
hilton2021_comprehension,026,65,0.87890625
hilton2021_comprehension,026,66,0.369140625
hilton2021_comprehension,026,67,0.6796875
hilton2021_comprehension,026,68,1.0078125
hilton2021_comprehension,026,69,0.19140625
hilton2021_comprehension,026,70,0.400390625
hilton2021_comprehension,026,71,0.138671875
hilton2021_comprehension,026,72,0.27734375
hilton2021_comprehension,027,0,2.984375
hilton2021_comprehension,027,1,0.59765625
hilton2021_comprehension,027,2,0.66015625
hilton2021_comprehension,027,3,1.0625
hilton2021_comprehension,027,4,1.1328125
hilton2021_comprehension,027,5,0.859375
hilton2021_comprehension,027,6,0.341796875
hilton2021_comprehension,027,7,0.490234375
hilton2021_comprehension,027,8,0.83984375
hilton2021_comprehension,027,9,1.078125
hilton2021_comprehension,027,10,0.216796875
hilton2021_comprehension,027,11,0.0966796875
hilton2021_comprehension,027,12,1.328125
hilton2021_comprehension,027,13,0.1845703125
hilton2021_comprehension,027,14,0.25390625
hilton2021_comprehension,027,15,0.283203125
hilton2021_comprehension,027,16,0.171875
hilton2021_comprehension,027,17,0.08251953125
hilton2021_comprehension,027,18,0.357421875
hilton2021_comprehension,027,19,0.1318359375
hilton2021_comprehension,027,20,0.53515625
hilton2021_comprehension,027,21,0.4765625
hilton2021_comprehension,027,22,0.69921875
hilton2021_comprehension,027,23,3.296875
hilton2021_comprehension,027,24,0.369140625
hilton2021_comprehension,027,25,0.2890625
hilton2021_comprehension,027,26,1.71875
hilton2021_comprehension,027,27,1.8203125
hilton2021_comprehension,027,28,1.171875
hilton2021_comprehension,027,29,0.08251953125
hilton2021_comprehension,027,30,1.8203125
hilton2021_comprehension,027,31,0.1787109375
hilton2021_comprehension,027,32,0.2421875
hilton2021_comprehension,027,33,1.0703125
hilton2021_comprehension,027,34,1.015625
hilton2021_comprehension,027,35,0.2109375
hilton2021_comprehension,027,36,1.515625
hilton2021_comprehension,027,37,0.08984375
hilton2021_comprehension,027,38,0.58203125
hilton2021_comprehension,027,39,0.83984375
hilton2021_comprehension,027,40,2.140625
hilton2021_comprehension,027,41,0.10400390625
hilton2021_comprehension,027,42,0.08984375
hilton2021_comprehension,027,43,0.2421875
hilton2021_comprehension,027,44,0.5546875
hilton2021_comprehension,027,45,0.11083984375
hilton2021_comprehension,027,46,0.248046875
hilton2021_comprehension,027,47,0.400390625
hilton2021_comprehension,027,48,1.3515625
hilton2021_comprehension,027,49,2.25
hilton2021_comprehension,027,50,0.70703125
hilton2021_comprehension,027,51,0.2109375
hilton2021_comprehension,027,52,0.2109375
hilton2021_comprehension,027,53,0.435546875
hilton2021_comprehension,027,54,0.318359375
hilton2021_comprehension,027,55,0.2294921875
hilton2021_comprehension,027,56,0.265625
hilton2021_comprehension,027,57,0.10400390625
hilton2021_comprehension,027,58,0.11767578125
hilton2021_comprehension,027,59,0.59765625
hilton2021_comprehension,027,60,1.2265625
hilton2021_comprehension,027,61,2.625
hilton2021_comprehension,027,62,0.10400390625
hilton2021_comprehension,027,63,0.76953125
hilton2021_comprehension,027,64,0.10400390625
hilton2021_comprehension,027,65,0.265625
hilton2021_comprehension,027,66,0.54296875
hilton2021_comprehension,027,67,0.2890625
hilton2021_comprehension,027,68,1.0625
hilton2021_comprehension,027,69,0.765625
hilton2021_comprehension,027,70,2.46875
hilton2021_comprehension,027,71,0.1845703125
hilton2021_comprehension,027,72,1.4140625
hilton2021_comprehension,028,0,4.5625
hilton2021_comprehension,028,1,1.65625
hilton2021_comprehension,028,2,1.328125
hilton2021_comprehension,028,3,0.76953125
hilton2021_comprehension,028,4,0.73046875
hilton2021_comprehension,028,5,0.99609375
hilton2021_comprehension,028,6,0.494140625
hilton2021_comprehension,028,7,0.3515625
hilton2021_comprehension,028,8,0.466796875
hilton2021_comprehension,028,9,0.30078125
hilton2021_comprehension,028,10,1.859375
hilton2021_comprehension,028,11,0.3515625
hilton2021_comprehension,028,12,0.283203125
hilton2021_comprehension,028,13,0.12451171875
hilton2021_comprehension,028,14,0.37890625
hilton2021_comprehension,028,15,0.384765625
hilton2021_comprehension,028,16,0.0458984375
hilton2021_comprehension,028,17,1.828125
hilton2021_comprehension,028,18,3.109375
hilton2021_comprehension,028,19,0.40625
hilton2021_comprehension,028,20,1.9375
hilton2021_comprehension,028,21,1.1875
hilton2021_comprehension,028,22,0.357421875
hilton2021_comprehension,028,23,1.171875
hilton2021_comprehension,028,24,0.2353515625
hilton2021_comprehension,028,25,1.015625
hilton2021_comprehension,028,26,0.37890625
hilton2021_comprehension,028,27,0.318359375
hilton2021_comprehension,028,28,0.12451171875
hilton2021_comprehension,028,29,1.546875
hilton2021_comprehension,028,30,0.306640625
hilton2021_comprehension,028,31,1.515625
hilton2021_comprehension,028,32,1.6328125
hilton2021_comprehension,028,33,0.158203125
hilton2021_comprehension,028,34,3.21875
hilton2021_comprehension,028,35,0.490234375
hilton2021_comprehension,028,36,0.3125
hilton2021_comprehension,028,37,0.12451171875
hilton2021_comprehension,028,38,0.1982421875
hilton2021_comprehension,028,39,1.46875
hilton2021_comprehension,028,40,0.431640625
hilton2021_comprehension,028,41,0.42578125
hilton2021_comprehension,028,42,0.69140625
hilton2021_comprehension,028,43,0.060546875
hilton2021_comprehension,028,44,0.74609375
hilton2021_comprehension,028,45,0.87109375
hilton2021_comprehension,028,46,0.10400390625
hilton2021_comprehension,028,47,1.921875
hilton2021_comprehension,028,48,0.265625
hilton2021_comprehension,028,49,1.34375
hilton2021_comprehension,028,50,0.578125
hilton2021_comprehension,028,51,1.8203125
hilton2021_comprehension,028,52,0.1650390625
hilton2021_comprehension,028,53,0.0458984375
hilton2021_comprehension,028,54,0.341796875
hilton2021_comprehension,028,55,0.08251953125
hilton2021_comprehension,028,56,0.421875
hilton2021_comprehension,028,57,1.2578125
hilton2021_comprehension,028,58,0.50390625
hilton2021_comprehension,028,59,0.41015625
hilton2021_comprehension,028,60,0.06787109375
hilton2021_comprehension,028,61,0.06787109375
hilton2021_comprehension,028,62,1.9375
hilton2021_comprehension,028,63,0.15234375
hilton2021_comprehension,028,64,0.451171875
hilton2021_comprehension,028,65,0.494140625
hilton2021_comprehension,028,66,1.53125
hilton2021_comprehension,028,67,0.373046875
hilton2021_comprehension,028,68,2.1875
hilton2021_comprehension,028,69,0.5859375
hilton2021_comprehension,028,70,1.5078125
hilton2021_comprehension,028,71,0.3359375
hilton2021_comprehension,028,72,1.328125
hilton2021_comprehension,029,0,0.6796875
hilton2021_comprehension,029,1,1.09375
hilton2021_comprehension,029,2,0.40625
hilton2021_comprehension,029,3,1.46875
hilton2021_comprehension,029,4,0.2890625
hilton2021_comprehension,029,5,0.89453125
hilton2021_comprehension,029,6,0.76953125
hilton2021_comprehension,029,7,0.08984375
hilton2021_comprehension,029,8,0.84375
hilton2021_comprehension,029,9,0.03076171875
hilton2021_comprehension,029,10,1.8125
hilton2021_comprehension,029,11,2.359375
hilton2021_comprehension,029,12,4.71875
hilton2021_comprehension,029,13,1.265625
hilton2021_comprehension,029,14,0.390625
hilton2021_comprehension,029,15,0.515625
hilton2021_comprehension,029,16,0.3359375
hilton2021_comprehension,029,17,0.330078125
hilton2021_comprehension,029,18,0.9296875
hilton2021_comprehension,029,19,1.328125
hilton2021_comprehension,029,20,0.52734375
hilton2021_comprehension,029,21,0.77734375
hilton2021_comprehension,029,22,0.1455078125
hilton2021_comprehension,029,23,0.12451171875
hilton2021_comprehension,029,24,0.294921875
hilton2021_comprehension,029,25,0.08251953125
hilton2021_comprehension,029,26,0.15234375
hilton2021_comprehension,029,27,1.9375
hilton2021_comprehension,029,28,1.125
hilton2021_comprehension,029,29,2.796875
hilton2021_comprehension,029,30,0.52734375
hilton2021_comprehension,029,31,0.265625
hilton2021_comprehension,029,32,0.8125
hilton2021_comprehension,029,33,0.451171875
hilton2021_comprehension,029,34,0.1318359375
hilton2021_comprehension,029,35,0.171875
hilton2021_comprehension,029,36,0.0751953125
hilton2021_comprehension,029,37,1.65625
hilton2021_comprehension,029,38,0.08251953125
hilton2021_comprehension,029,39,0.2041015625
hilton2021_comprehension,029,40,0.11083984375
hilton2021_comprehension,029,41,0.25390625
hilton2021_comprehension,029,42,1.59375
hilton2021_comprehension,029,43,2.625
hilton2021_comprehension,029,44,0.171875
hilton2021_comprehension,029,45,2.1875
hilton2021_comprehension,029,46,0.0751953125
hilton2021_comprehension,029,47,1.375
hilton2021_comprehension,029,48,0.578125
hilton2021_comprehension,029,49,2.3125
hilton2021_comprehension,029,50,0.9609375
hilton2021_comprehension,029,51,1.734375
hilton2021_comprehension,029,52,0.15234375
hilton2021_comprehension,029,53,1.1796875
hilton2021_comprehension,029,54,3.34375
hilton2021_comprehension,029,55,0.0966796875
hilton2021_comprehension,029,56,0.341796875
hilton2021_comprehension,029,57,0.1845703125
hilton2021_comprehension,029,58,0.6328125
hilton2021_comprehension,029,59,0.2890625
hilton2021_comprehension,029,60,0.306640625
hilton2021_comprehension,029,61,0.1318359375
hilton2021_comprehension,029,62,1.328125
hilton2021_comprehension,029,63,0.59375
hilton2021_comprehension,029,64,0.390625
hilton2021_comprehension,029,65,0.53515625
hilton2021_comprehension,029,66,0.41015625
hilton2021_comprehension,029,67,1.390625
hilton2021_comprehension,029,68,1.15625
hilton2021_comprehension,029,69,1.953125
hilton2021_comprehension,029,70,0.451171875
hilton2021_comprehension,029,71,2.703125
hilton2021_comprehension,029,72,0.53515625
hilton2021_comprehension,030,0,0.64453125
hilton2021_comprehension,030,1,0.55859375
hilton2021_comprehension,030,2,0.53515625
hilton2021_comprehension,030,3,1.28125
hilton2021_comprehension,030,4,0.1318359375
hilton2021_comprehension,030,5,1.421875
hilton2021_comprehension,030,6,0.2890625
hilton2021_comprehension,030,7,0.2109375
hilton2021_comprehension,030,8,0.06787109375
hilton2021_comprehension,030,9,0.0966796875
hilton2021_comprehension,030,10,2.703125
hilton2021_comprehension,030,11,1.140625
hilton2021_comprehension,030,12,1.8125
hilton2021_comprehension,030,13,0.2890625
hilton2021_comprehension,030,14,0.283203125
hilton2021_comprehension,030,15,0.1455078125
hilton2021_comprehension,030,16,0.11767578125
hilton2021_comprehension,030,17,1.328125
hilton2021_comprehension,030,18,0.1318359375
hilton2021_comprehension,030,19,1.0625
hilton2021_comprehension,030,20,0.283203125
hilton2021_comprehension,030,21,0.2353515625
hilton2021_comprehension,030,22,6.84375
hilton2021_comprehension,030,23,1.703125
hilton2021_comprehension,030,24,1.328125
hilton2021_comprehension,030,25,0.921875
hilton2021_comprehension,030,26,0.72265625
hilton2021_comprehension,030,27,0.1982421875
hilton2021_comprehension,030,28,0.53515625
hilton2021_comprehension,030,29,2.625
hilton2021_comprehension,030,30,0.421875
hilton2021_comprehension,030,31,0.19140625
hilton2021_comprehension,030,32,0.91796875
hilton2021_comprehension,030,33,1.359375
hilton2021_comprehension,030,34,0.330078125
hilton2021_comprehension,030,35,0.466796875
hilton2021_comprehension,030,36,0.171875
hilton2021_comprehension,030,37,0.1845703125
hilton2021_comprehension,030,38,0.138671875
hilton2021_comprehension,030,39,0.259765625
hilton2021_comprehension,030,40,1.5
hilton2021_comprehension,030,41,0.294921875
hilton2021_comprehension,030,42,1.1875
hilton2021_comprehension,030,43,0.060546875
hilton2021_comprehension,030,44,1.046875
hilton2021_comprehension,030,45,0.400390625
hilton2021_comprehension,030,46,0.318359375
hilton2021_comprehension,030,47,0.486328125
hilton2021_comprehension,030,48,0.62890625
hilton2021_comprehension,030,49,1.53125
hilton2021_comprehension,030,50,0.1787109375
hilton2021_comprehension,030,51,0.0458984375
hilton2021_comprehension,030,52,0.1982421875
hilton2021_comprehension,030,53,2.75
hilton2021_comprehension,030,54,1.6328125
hilton2021_comprehension,030,55,0.77734375
hilton2021_comprehension,030,56,0.05322265625
hilton2021_comprehension,030,57,0.060546875
hilton2021_comprehension,030,58,0.5078125
hilton2021_comprehension,030,59,0.060546875
hilton2021_comprehension,030,60,0.1455078125
hilton2021_comprehension,030,61,2.859375
hilton2021_comprehension,030,62,0.259765625
hilton2021_comprehension,030,63,1.453125
hilton2021_comprehension,030,64,1.0859375
hilton2021_comprehension,030,65,0.060546875
hilton2021_comprehension,030,66,1.5
hilton2021_comprehension,030,67,0.19140625
hilton2021_comprehension,030,68,0.08984375
hilton2021_comprehension,030,69,0.2421875
hilton2021_comprehension,030,70,0.08251953125
hilton2021_comprehension,030,71,0.03076171875
hilton2021_comprehension,030,72,0.11767578125
hilton2021_comprehension,031,0,0.70703125
hilton2021_comprehension,031,1,1.15625
hilton2021_comprehension,031,2,0.76953125
hilton2021_comprehension,031,3,2.0625
hilton2021_comprehension,031,4,1.5546875
hilton2021_comprehension,031,5,0.27734375
hilton2021_comprehension,031,6,0.373046875
hilton2021_comprehension,031,7,0.171875
hilton2021_comprehension,031,8,0.158203125
hilton2021_comprehension,031,9,0.90625
hilton2021_comprehension,031,10,0.69921875
hilton2021_comprehension,031,11,0.83984375
hilton2021_comprehension,031,12,0.578125
hilton2021_comprehension,031,13,0.11083984375
hilton2021_comprehension,031,14,1.4140625
hilton2021_comprehension,031,15,0.0751953125
hilton2021_comprehension,031,16,0.03076171875
hilton2021_comprehension,031,17,0.03076171875
hilton2021_comprehension,031,18,0.40625
hilton2021_comprehension,031,19,0.283203125
hilton2021_comprehension,031,20,0.0751953125
hilton2021_comprehension,031,21,2.25
hilton2021_comprehension,031,22,0.578125
hilton2021_comprehension,031,23,0.98046875
hilton2021_comprehension,031,24,0.828125
hilton2021_comprehension,031,25,0.08984375
hilton2021_comprehension,031,26,2.125
hilton2021_comprehension,031,27,2.359375
hilton2021_comprehension,031,28,0.1455078125
hilton2021_comprehension,031,29,0.390625
hilton2021_comprehension,031,30,1.5
hilton2021_comprehension,031,31,0.023193359375
hilton2021_comprehension,031,32,0.08984375
hilton2021_comprehension,031,33,0.1455078125
hilton2021_comprehension,031,34,0.25390625
hilton2021_comprehension,031,35,0.39453125
hilton2021_comprehension,031,36,1.6015625
hilton2021_comprehension,031,37,1.3125
hilton2021_comprehension,031,38,0.1318359375
hilton2021_comprehension,031,39,1.140625
hilton2021_comprehension,031,40,0.52734375
hilton2021_comprehension,031,41,0.7578125
hilton2021_comprehension,031,42,0.06787109375
hilton2021_comprehension,031,43,0.0155029296875
hilton2021_comprehension,031,44,0.25390625
hilton2021_comprehension,031,45,0.76171875
hilton2021_comprehension,031,46,9.0
hilton2021_comprehension,031,47,1.375
hilton2021_comprehension,031,48,0.66796875
hilton2021_comprehension,031,49,0.11767578125
hilton2021_comprehension,031,50,2.265625
hilton2021_comprehension,031,51,1.40625
hilton2021_comprehension,031,52,0.494140625
hilton2021_comprehension,031,53,0.8828125
hilton2021_comprehension,031,54,0.9765625
hilton2021_comprehension,031,55,0.40625
hilton2021_comprehension,031,56,1.765625
hilton2021_comprehension,031,57,0.494140625
hilton2021_comprehension,031,58,0.953125
hilton2021_comprehension,031,59,1.625
hilton2021_comprehension,031,60,1.421875
hilton2021_comprehension,031,61,0.11767578125
hilton2021_comprehension,031,62,0.6015625
hilton2021_comprehension,031,63,2.703125
hilton2021_comprehension,031,64,0.11083984375
hilton2021_comprehension,031,65,0.11767578125
hilton2021_comprehension,031,66,1.40625
hilton2021_comprehension,031,67,0.515625
hilton2021_comprehension,031,68,2.9375
hilton2021_comprehension,031,69,0.9296875
hilton2021_comprehension,031,70,0.82421875
hilton2021_comprehension,031,71,0.6015625
hilton2021_comprehension,031,72,1.2578125
hilton2021_comprehension,032,0,2.890625
hilton2021_comprehension,032,1,1.25
hilton2021_comprehension,032,2,0.890625
hilton2021_comprehension,032,3,0.88671875
hilton2021_comprehension,032,4,0.27734375
hilton2021_comprehension,032,5,0.466796875
hilton2021_comprehension,032,6,0.30078125
hilton2021_comprehension,032,7,0.0966796875
hilton2021_comprehension,032,8,0.83984375
hilton2021_comprehension,032,9,0.259765625
hilton2021_comprehension,032,10,0.8359375
hilton2021_comprehension,032,11,0.5859375
hilton2021_comprehension,032,12,0.76171875
hilton2021_comprehension,032,13,0.58203125
hilton2021_comprehension,032,14,0.060546875
hilton2021_comprehension,032,15,0.9765625
hilton2021_comprehension,032,16,0.3515625
hilton2021_comprehension,032,17,1.8125
hilton2021_comprehension,032,18,0.63671875
hilton2021_comprehension,032,19,0.390625
hilton2021_comprehension,032,20,0.2890625
hilton2021_comprehension,032,21,0.0458984375
hilton2021_comprehension,032,22,0.32421875
hilton2021_comprehension,032,23,0.05322265625
hilton2021_comprehension,032,24,0.158203125
hilton2021_comprehension,032,25,1.140625
hilton2021_comprehension,032,26,1.5
hilton2021_comprehension,032,27,2.265625
hilton2021_comprehension,032,28,0.11767578125
hilton2021_comprehension,032,29,0.283203125
hilton2021_comprehension,032,30,0.828125
hilton2021_comprehension,032,31,1.2265625
hilton2021_comprehension,032,32,0.283203125
hilton2021_comprehension,032,33,0.158203125
hilton2021_comprehension,032,34,0.390625
hilton2021_comprehension,032,35,0.7578125
hilton2021_comprehension,032,36,0.90234375
hilton2021_comprehension,032,37,0.8984375
hilton2021_comprehension,032,38,0.10400390625
hilton2021_comprehension,032,39,0.8984375
hilton2021_comprehension,032,40,0.03076171875
hilton2021_comprehension,032,41,0.158203125
hilton2021_comprehension,032,42,1.703125
hilton2021_comprehension,032,43,0.060546875
hilton2021_comprehension,032,44,0.90234375
hilton2021_comprehension,032,45,0.828125
hilton2021_comprehension,032,46,0.431640625
hilton2021_comprehension,032,47,0.0155029296875
hilton2021_comprehension,032,48,0.4765625
hilton2021_comprehension,032,49,0.12451171875
hilton2021_comprehension,032,50,0.283203125
hilton2021_comprehension,032,51,0.03076171875
hilton2021_comprehension,032,52,1.0546875
hilton2021_comprehension,032,53,0.7578125
hilton2021_comprehension,032,54,3.171875
hilton2021_comprehension,032,55,0.1455078125
hilton2021_comprehension,032,56,0.1455078125
hilton2021_comprehension,032,57,0.431640625
hilton2021_comprehension,032,58,0.1787109375
hilton2021_comprehension,032,59,0.4765625
hilton2021_comprehension,032,60,0.6328125
hilton2021_comprehension,032,61,1.40625
hilton2021_comprehension,032,62,0.9765625
hilton2021_comprehension,032,63,0.5234375
hilton2021_comprehension,032,64,0.431640625
hilton2021_comprehension,032,65,0.158203125
hilton2021_comprehension,032,66,0.023193359375
hilton2021_comprehension,032,67,0.5234375
hilton2021_comprehension,032,68,0.6328125
hilton2021_comprehension,032,69,1.3203125
hilton2021_comprehension,032,70,0.5234375
hilton2021_comprehension,032,71,0.9765625
hilton2021_comprehension,032,72,0.8984375
hilton2021_comprehension,033,0,2.984375
hilton2021_comprehension,033,1,0.74609375
hilton2021_comprehension,033,2,1.7109375
hilton2021_comprehension,033,3,0.58203125
hilton2021_comprehension,033,4,1.890625
hilton2021_comprehension,033,5,0.431640625
hilton2021_comprehension,033,6,1.453125
hilton2021_comprehension,033,7,0.76953125
hilton2021_comprehension,033,8,0.318359375
hilton2021_comprehension,033,9,0.421875
hilton2021_comprehension,033,10,0.66015625
hilton2021_comprehension,033,11,0.390625
hilton2021_comprehension,033,12,1.5
hilton2021_comprehension,033,13,0.30078125
hilton2021_comprehension,033,14,1.484375
hilton2021_comprehension,033,15,0.1455078125
hilton2021_comprehension,033,16,0.11767578125
hilton2021_comprehension,033,17,0.55078125
hilton2021_comprehension,033,18,1.0703125
hilton2021_comprehension,033,19,0.69921875
hilton2021_comprehension,033,20,0.73046875
hilton2021_comprehension,033,21,0.2109375
hilton2021_comprehension,033,22,0.3359375
hilton2021_comprehension,033,23,1.078125
hilton2021_comprehension,033,24,2.65625
hilton2021_comprehension,033,25,3.0
hilton2021_comprehension,033,26,0.390625
hilton2021_comprehension,033,27,0.1845703125
hilton2021_comprehension,033,28,0.11767578125
hilton2021_comprehension,033,29,0.1982421875
hilton2021_comprehension,033,30,1.40625
hilton2021_comprehension,033,31,2.046875
hilton2021_comprehension,033,32,2.3125
hilton2021_comprehension,033,33,1.28125
hilton2021_comprehension,033,34,1.640625
hilton2021_comprehension,033,35,0.341796875
hilton2021_comprehension,033,36,1.65625
hilton2021_comprehension,033,37,1.546875
hilton2021_comprehension,033,38,2.421875
hilton2021_comprehension,033,39,1.71875
hilton2021_comprehension,033,40,0.216796875
hilton2021_comprehension,033,41,0.390625
hilton2021_comprehension,033,42,0.08251953125
hilton2021_comprehension,033,43,0.318359375
hilton2021_comprehension,033,44,0.45703125
hilton2021_comprehension,033,45,0.73046875
hilton2021_comprehension,033,46,2.46875
hilton2021_comprehension,033,47,0.08251953125
hilton2021_comprehension,033,48,0.158203125
hilton2021_comprehension,033,49,1.75
hilton2021_comprehension,033,50,0.58203125
hilton2021_comprehension,033,51,1.265625
hilton2021_comprehension,033,52,1.125
hilton2021_comprehension,033,53,0.12451171875
hilton2021_comprehension,033,54,1.4609375
hilton2021_comprehension,033,55,0.515625
hilton2021_comprehension,033,56,1.65625
hilton2021_comprehension,033,57,0.8125
hilton2021_comprehension,033,58,1.8671875
hilton2021_comprehension,033,59,0.330078125
hilton2021_comprehension,033,60,0.19140625
hilton2021_comprehension,033,61,1.2265625
hilton2021_comprehension,033,62,0.45703125
hilton2021_comprehension,033,63,0.341796875
hilton2021_comprehension,033,64,0.431640625
hilton2021_comprehension,033,65,0.5546875
hilton2021_comprehension,033,66,0.1455078125
hilton2021_comprehension,033,67,0.5546875
hilton2021_comprehension,033,68,0.41015625
hilton2021_comprehension,033,69,0.2353515625
hilton2021_comprehension,033,70,0.65625
hilton2021_comprehension,033,71,0.390625
hilton2021_comprehension,033,72,1.578125
hilton2021_comprehension,034,0,0.81640625
hilton2021_comprehension,034,1,0.59765625
hilton2021_comprehension,034,2,0.22265625
hilton2021_comprehension,034,3,2.171875
hilton2021_comprehension,034,4,0.5859375
hilton2021_comprehension,034,5,0.08251953125
hilton2021_comprehension,034,6,0.53515625
hilton2021_comprehension,034,7,3.171875
hilton2021_comprehension,034,8,1.0625
hilton2021_comprehension,034,9,0.486328125
hilton2021_comprehension,034,10,0.71484375
hilton2021_comprehension,034,11,0.98046875
hilton2021_comprehension,034,12,4.59375
hilton2021_comprehension,034,13,0.5703125
hilton2021_comprehension,034,14,2.3125
hilton2021_comprehension,034,15,0.318359375
hilton2021_comprehension,034,16,0.83203125
hilton2021_comprehension,034,17,0.25390625
hilton2021_comprehension,034,18,0.52734375
hilton2021_comprehension,034,19,2.1875
hilton2021_comprehension,034,20,1.9921875
hilton2021_comprehension,034,21,0.62109375
hilton2021_comprehension,034,22,0.2294921875
hilton2021_comprehension,034,23,0.318359375
hilton2021_comprehension,034,24,2.46875
hilton2021_comprehension,034,25,0.248046875
hilton2021_comprehension,034,26,0.11083984375
hilton2021_comprehension,034,27,0.30078125
hilton2021_comprehension,034,28,2.234375
hilton2021_comprehension,034,29,1.359375
hilton2021_comprehension,034,30,0.294921875
hilton2021_comprehension,034,31,0.48046875
hilton2021_comprehension,034,32,0.318359375
hilton2021_comprehension,034,33,0.62109375
hilton2021_comprehension,034,34,1.9609375
hilton2021_comprehension,034,35,0.330078125
hilton2021_comprehension,034,36,0.25390625
hilton2021_comprehension,034,37,3.046875
hilton2021_comprehension,034,38,0.171875
hilton2021_comprehension,034,39,1.3125
hilton2021_comprehension,034,40,0.283203125
hilton2021_comprehension,034,41,1.890625
hilton2021_comprehension,034,42,0.27734375
hilton2021_comprehension,034,43,0.1982421875
hilton2021_comprehension,034,44,0.341796875
hilton2021_comprehension,034,45,0.171875
hilton2021_comprehension,034,46,0.435546875
hilton2021_comprehension,034,47,0.1845703125
hilton2021_comprehension,034,48,1.296875
hilton2021_comprehension,034,49,0.0966796875
hilton2021_comprehension,034,50,0.25390625
hilton2021_comprehension,034,51,0.283203125
hilton2021_comprehension,034,52,0.15234375
hilton2021_comprehension,034,53,0.2890625
hilton2021_comprehension,034,54,0.94140625
hilton2021_comprehension,034,55,1.875
hilton2021_comprehension,034,56,0.11767578125
hilton2021_comprehension,034,57,1.484375
hilton2021_comprehension,034,58,1.78125
hilton2021_comprehension,034,59,0.10400390625
hilton2021_comprehension,034,60,0.11767578125
hilton2021_comprehension,034,61,0.1845703125
hilton2021_comprehension,034,62,0.15234375
hilton2021_comprehension,034,63,0.0751953125
hilton2021_comprehension,034,64,0.421875
hilton2021_comprehension,034,65,0.2890625
hilton2021_comprehension,034,66,2.859375
hilton2021_comprehension,034,67,0.1787109375
hilton2021_comprehension,034,68,0.158203125
hilton2021_comprehension,034,69,0.05322265625
hilton2021_comprehension,034,70,0.67578125
hilton2021_comprehension,034,71,0.1845703125
hilton2021_comprehension,034,72,0.06787109375
hilton2021_comprehension,035,0,3.03125
hilton2021_comprehension,035,1,0.6171875
hilton2021_comprehension,035,2,1.15625
hilton2021_comprehension,035,3,0.52734375
hilton2021_comprehension,035,4,0.953125
hilton2021_comprehension,035,5,0.63671875
hilton2021_comprehension,035,6,0.67578125
hilton2021_comprehension,035,7,0.66796875
hilton2021_comprehension,035,8,1.6171875
hilton2021_comprehension,035,9,1.328125
hilton2021_comprehension,035,10,0.400390625
hilton2021_comprehension,035,11,0.2294921875
hilton2021_comprehension,035,12,0.2294921875
hilton2021_comprehension,035,13,0.48046875
hilton2021_comprehension,035,14,0.98046875
hilton2021_comprehension,035,15,0.0751953125
hilton2021_comprehension,035,16,0.2294921875
hilton2021_comprehension,035,17,0.8359375
hilton2021_comprehension,035,18,0.1318359375
hilton2021_comprehension,035,19,0.4765625
hilton2021_comprehension,035,20,1.4140625
hilton2021_comprehension,035,21,0.3515625
hilton2021_comprehension,035,22,1.4140625
hilton2021_comprehension,035,23,0.48046875
hilton2021_comprehension,035,24,0.58203125
hilton2021_comprehension,035,25,0.1845703125
hilton2021_comprehension,035,26,0.1455078125
hilton2021_comprehension,035,27,0.828125
hilton2021_comprehension,035,28,0.08984375
hilton2021_comprehension,035,29,0.25390625
hilton2021_comprehension,035,30,0.4765625
hilton2021_comprehension,035,31,0.4765625
hilton2021_comprehension,035,32,0.7578125
hilton2021_comprehension,035,33,0.69140625
hilton2021_comprehension,035,34,1.40625
hilton2021_comprehension,035,35,0.05322265625
hilton2021_comprehension,035,36,0.1787109375
hilton2021_comprehension,035,37,0.345703125
hilton2021_comprehension,035,38,0.1455078125
hilton2021_comprehension,035,39,0.5234375
hilton2021_comprehension,035,40,0.25390625
hilton2021_comprehension,035,41,0.828125
hilton2021_comprehension,035,42,0.2294921875
hilton2021_comprehension,035,43,0.10400390625
hilton2021_comprehension,035,44,0.0966796875
hilton2021_comprehension,035,45,0.12451171875
hilton2021_comprehension,035,46,0.9765625
hilton2021_comprehension,035,47,1.703125
hilton2021_comprehension,035,48,0.7578125
hilton2021_comprehension,035,49,0.3125
hilton2021_comprehension,035,50,0.158203125
hilton2021_comprehension,035,51,0.9765625
hilton2021_comprehension,035,52,2.015625
hilton2021_comprehension,035,53,0.4765625
hilton2021_comprehension,035,54,0.4765625
hilton2021_comprehension,035,55,0.22265625
hilton2021_comprehension,035,56,0.3125
hilton2021_comprehension,035,57,0.69140625
hilton2021_comprehension,035,58,0.828125
hilton2021_comprehension,035,59,0.3515625
hilton2021_comprehension,035,60,0.2041015625
hilton2021_comprehension,035,61,2.359375
hilton2021_comprehension,035,62,0.4765625
hilton2021_comprehension,035,63,0.578125
hilton2021_comprehension,035,64,0.5234375
hilton2021_comprehension,035,65,0.390625
hilton2021_comprehension,035,66,0.08251953125
hilton2021_comprehension,035,67,0.7578125
hilton2021_comprehension,035,68,0.12451171875
hilton2021_comprehension,035,69,0.5234375
hilton2021_comprehension,035,70,1.59375
hilton2021_comprehension,035,71,0.10400390625
hilton2021_comprehension,035,72,0.1787109375
hilton2021_comprehension,036,0,3.015625
hilton2021_comprehension,036,1,1.0625
hilton2021_comprehension,036,2,0.416015625
hilton2021_comprehension,036,3,0.400390625
hilton2021_comprehension,036,4,0.71484375
hilton2021_comprehension,036,5,1.109375
hilton2021_comprehension,036,6,1.3359375
hilton2021_comprehension,036,7,0.70703125
hilton2021_comprehension,036,8,1.1796875
hilton2021_comprehension,036,9,1.265625
hilton2021_comprehension,036,10,0.54296875
hilton2021_comprehension,036,11,0.2421875
hilton2021_comprehension,036,12,0.32421875
hilton2021_comprehension,036,13,0.5859375
hilton2021_comprehension,036,14,1.4140625
hilton2021_comprehension,036,15,1.4140625
hilton2021_comprehension,036,16,0.58984375
hilton2021_comprehension,036,17,0.32421875
hilton2021_comprehension,036,18,0.71484375
hilton2021_comprehension,036,19,0.435546875
hilton2021_comprehension,036,20,0.78515625
hilton2021_comprehension,036,21,0.83203125
hilton2021_comprehension,036,22,0.3515625
hilton2021_comprehension,036,23,0.431640625
hilton2021_comprehension,036,24,0.4453125
hilton2021_comprehension,036,25,0.1845703125
hilton2021_comprehension,036,26,0.08984375
hilton2021_comprehension,036,27,1.140625
hilton2021_comprehension,036,28,0.11767578125
hilton2021_comprehension,036,29,0.9765625
hilton2021_comprehension,036,30,0.9765625
hilton2021_comprehension,036,31,0.4765625
hilton2021_comprehension,036,32,0.3125
hilton2021_comprehension,036,33,1.8125
hilton2021_comprehension,036,34,0.11767578125
hilton2021_comprehension,036,35,0.4765625
hilton2021_comprehension,036,36,0.90234375
hilton2021_comprehension,036,37,0.431640625
hilton2021_comprehension,036,38,0.1318359375
hilton2021_comprehension,036,39,0.2041015625
hilton2021_comprehension,036,40,0.283203125
hilton2021_comprehension,036,41,0.3125
hilton2021_comprehension,036,42,0.1455078125
hilton2021_comprehension,036,43,0.1318359375
hilton2021_comprehension,036,44,1.8125
hilton2021_comprehension,036,45,0.431640625
hilton2021_comprehension,036,46,0.11083984375
hilton2021_comprehension,036,47,1.6015625
hilton2021_comprehension,036,48,0.11083984375
hilton2021_comprehension,036,49,1.2265625
hilton2021_comprehension,036,50,0.283203125
hilton2021_comprehension,036,51,0.11767578125
hilton2021_comprehension,036,52,0.7578125
hilton2021_comprehension,036,53,0.25390625
hilton2021_comprehension,036,54,0.8984375
hilton2021_comprehension,036,55,0.10400390625
hilton2021_comprehension,036,56,0.3515625
hilton2021_comprehension,036,57,0.08251953125
hilton2021_comprehension,036,58,0.0751953125
hilton2021_comprehension,036,59,1.2265625
hilton2021_comprehension,036,60,0.158203125
hilton2021_comprehension,036,61,1.140625
hilton2021_comprehension,036,62,0.038330078125
hilton2021_comprehension,036,63,0.578125
hilton2021_comprehension,036,64,0.25390625
hilton2021_comprehension,036,65,0.431640625
hilton2021_comprehension,036,66,1.2265625
hilton2021_comprehension,036,67,0.6328125
hilton2021_comprehension,036,68,0.038330078125
hilton2021_comprehension,036,69,0.4765625
hilton2021_comprehension,036,70,0.1787109375
hilton2021_comprehension,036,71,0.7578125
hilton2021_comprehension,036,72,0.345703125
hilton2021_comprehension,037,0,3.046875
hilton2021_comprehension,037,1,1.03125
hilton2021_comprehension,037,2,0.62890625
hilton2021_comprehension,037,3,1.3359375
hilton2021_comprehension,037,4,0.11767578125
hilton2021_comprehension,037,5,1.25
hilton2021_comprehension,037,6,0.84765625
hilton2021_comprehension,037,7,1.3359375
hilton2021_comprehension,037,8,0.11083984375
hilton2021_comprehension,037,9,0.19140625
hilton2021_comprehension,037,10,0.45703125
hilton2021_comprehension,037,11,0.69921875
hilton2021_comprehension,037,12,0.10400390625
hilton2021_comprehension,037,13,0.10400390625
hilton2021_comprehension,037,14,0.58203125
hilton2021_comprehension,037,15,1.703125
hilton2021_comprehension,037,16,3.796875
hilton2021_comprehension,037,17,0.859375
hilton2021_comprehension,037,18,0.05322265625
hilton2021_comprehension,037,19,0.10400390625
hilton2021_comprehension,037,20,0.03076171875
hilton2021_comprehension,037,21,3.171875
hilton2021_comprehension,037,22,1.7109375
hilton2021_comprehension,037,23,1.3203125
hilton2021_comprehension,037,24,0.69921875
hilton2021_comprehension,037,25,0.1650390625
hilton2021_comprehension,037,26,1.0546875
hilton2021_comprehension,037,27,0.69921875
hilton2021_comprehension,037,28,0.76171875
hilton2021_comprehension,037,29,0.76171875
hilton2021_comprehension,037,30,0.90234375
hilton2021_comprehension,037,31,0.48046875
hilton2021_comprehension,037,32,0.431640625
hilton2021_comprehension,037,33,0.431640625
hilton2021_comprehension,037,34,0.52734375
hilton2021_comprehension,037,35,1.0625
hilton2021_comprehension,037,36,0.63671875
hilton2021_comprehension,037,37,0.10400390625
hilton2021_comprehension,037,38,0.63671875
hilton2021_comprehension,037,39,0.11083984375
hilton2021_comprehension,037,40,7.53125
hilton2021_comprehension,037,41,0.19140625
hilton2021_comprehension,037,42,0.1982421875
hilton2021_comprehension,037,43,0.3125
hilton2021_comprehension,037,44,1.359375
hilton2021_comprehension,037,45,0.9453125
hilton2021_comprehension,037,46,0.32421875
hilton2021_comprehension,037,47,0.2294921875
hilton2021_comprehension,037,48,0.318359375
hilton2021_comprehension,037,49,0.5078125
hilton2021_comprehension,037,50,0.22265625
hilton2021_comprehension,037,51,0.06787109375
hilton2021_comprehension,037,52,0.72265625
hilton2021_comprehension,037,53,0.0966796875
hilton2021_comprehension,037,54,0.77734375
hilton2021_comprehension,037,55,0.060546875
hilton2021_comprehension,037,56,2.046875
hilton2021_comprehension,037,57,0.50390625
hilton2021_comprehension,037,58,1.515625
hilton2021_comprehension,037,59,0.158203125
hilton2021_comprehension,037,60,3.921875
hilton2021_comprehension,037,61,0.373046875
hilton2021_comprehension,037,62,0.66015625
hilton2021_comprehension,037,63,0.27734375
hilton2021_comprehension,037,64,0.2353515625
hilton2021_comprehension,037,65,1.1796875
hilton2021_comprehension,037,66,0.330078125
hilton2021_comprehension,037,67,0.060546875
hilton2021_comprehension,037,68,1.078125
hilton2021_comprehension,037,69,0.93359375
hilton2021_comprehension,037,70,0.59375
hilton2021_comprehension,037,71,0.08251953125
hilton2021_comprehension,037,72,0.2421875
hilton2021_comprehension,038,0,3.109375
hilton2021_comprehension,038,1,0.76171875
hilton2021_comprehension,038,2,0.30078125
hilton2021_comprehension,038,3,0.369140625
hilton2021_comprehension,038,4,0.69921875
hilton2021_comprehension,038,5,0.357421875
hilton2021_comprehension,038,6,0.2041015625
hilton2021_comprehension,038,7,0.216796875
hilton2021_comprehension,038,8,0.306640625
hilton2021_comprehension,038,9,0.609375
hilton2021_comprehension,038,10,1.7109375
hilton2021_comprehension,038,11,0.08984375
hilton2021_comprehension,038,12,0.05322265625
hilton2021_comprehension,038,13,0.11083984375
hilton2021_comprehension,038,14,0.03076171875
hilton2021_comprehension,038,15,0.060546875
hilton2021_comprehension,038,16,0.63671875
hilton2021_comprehension,038,17,1.3203125
hilton2021_comprehension,038,18,0.52734375
hilton2021_comprehension,038,19,0.171875
hilton2021_comprehension,038,20,3.171875
hilton2021_comprehension,038,21,0.10400390625
hilton2021_comprehension,038,22,0.10400390625
hilton2021_comprehension,038,23,2.25
hilton2021_comprehension,038,24,6.53125
hilton2021_comprehension,038,25,2.046875
hilton2021_comprehension,038,26,0.369140625
hilton2021_comprehension,038,27,1.25
hilton2021_comprehension,038,28,2.96875
hilton2021_comprehension,038,29,0.330078125
hilton2021_comprehension,038,30,0.5625
hilton2021_comprehension,038,31,2.296875
hilton2021_comprehension,038,32,0.70703125
hilton2021_comprehension,038,33,0.3515625
hilton2021_comprehension,038,34,0.400390625
hilton2021_comprehension,038,35,0.2421875
hilton2021_comprehension,038,36,2.171875
hilton2021_comprehension,038,37,0.48046875
hilton2021_comprehension,038,38,1.7578125
hilton2021_comprehension,038,39,1.5
hilton2021_comprehension,038,40,1.484375
hilton2021_comprehension,038,41,0.1318359375
hilton2021_comprehension,038,42,1.8671875
hilton2021_comprehension,038,43,0.546875
hilton2021_comprehension,038,44,2.03125
hilton2021_comprehension,038,45,0.216796875
hilton2021_comprehension,038,46,2.1875
hilton2021_comprehension,038,47,3.09375
hilton2021_comprehension,038,48,1.40625
hilton2021_comprehension,038,49,0.9296875
hilton2021_comprehension,038,50,0.466796875
hilton2021_comprehension,038,51,0.2041015625
hilton2021_comprehension,038,52,0.69921875
hilton2021_comprehension,038,53,0.40625
hilton2021_comprehension,038,54,0.22265625
hilton2021_comprehension,038,55,0.294921875
hilton2021_comprehension,038,56,2.421875
hilton2021_comprehension,038,57,0.99609375
hilton2021_comprehension,038,58,0.39453125
hilton2021_comprehension,038,59,0.138671875
hilton2021_comprehension,038,60,0.796875
hilton2021_comprehension,038,61,1.484375
hilton2021_comprehension,038,62,0.72265625
hilton2021_comprehension,038,63,0.984375
hilton2021_comprehension,038,64,0.796875
hilton2021_comprehension,038,65,1.3359375
hilton2021_comprehension,038,66,1.484375
hilton2021_comprehension,038,67,0.12451171875
hilton2021_comprehension,038,68,0.40625
hilton2021_comprehension,038,69,0.060546875
hilton2021_comprehension,038,70,0.15234375
hilton2021_comprehension,038,71,0.88671875
hilton2021_comprehension,038,72,0.466796875
hilton2021_comprehension,039,0,0.671875
hilton2021_comprehension,039,1,0.37890625
hilton2021_comprehension,039,2,0.138671875
hilton2021_comprehension,039,3,1.5390625
hilton2021_comprehension,039,4,0.3125
hilton2021_comprehension,039,5,0.22265625
hilton2021_comprehension,039,6,1.8125
hilton2021_comprehension,039,7,0.39453125
hilton2021_comprehension,039,8,1.0625
hilton2021_comprehension,039,9,0.435546875
hilton2021_comprehension,039,10,0.2109375
hilton2021_comprehension,039,11,0.69140625
hilton2021_comprehension,039,12,0.5234375
hilton2021_comprehension,039,13,1.7109375
hilton2021_comprehension,039,14,0.1318359375
hilton2021_comprehension,039,15,0.1845703125
hilton2021_comprehension,039,16,0.828125
hilton2021_comprehension,039,17,0.7578125
hilton2021_comprehension,039,18,0.1318359375
hilton2021_comprehension,039,19,0.25390625
hilton2021_comprehension,039,20,0.283203125
hilton2021_comprehension,039,21,0.25390625
hilton2021_comprehension,039,22,0.171875
hilton2021_comprehension,039,23,0.03076171875
hilton2021_comprehension,039,24,0.03076171875
hilton2021_comprehension,039,25,0.038330078125
hilton2021_comprehension,039,26,0.0458984375
hilton2021_comprehension,039,27,0.431640625
hilton2021_comprehension,039,28,0.05322265625
hilton2021_comprehension,039,29,0.0751953125
hilton2021_comprehension,039,30,0.7578125
hilton2021_comprehension,039,31,0.7578125
hilton2021_comprehension,039,32,0.828125
hilton2021_comprehension,039,33,0.0751953125
hilton2021_comprehension,039,34,0.060546875
hilton2021_comprehension,039,35,0.7578125
hilton2021_comprehension,039,36,0.25390625
hilton2021_comprehension,039,37,0.0458984375
hilton2021_comprehension,039,38,0.69140625
hilton2021_comprehension,039,39,1.140625
hilton2021_comprehension,039,40,0.283203125
hilton2021_comprehension,039,41,2.921875
hilton2021_comprehension,039,42,0.11083984375
hilton2021_comprehension,039,43,0.6328125
hilton2021_comprehension,039,44,0.12451171875
hilton2021_comprehension,039,45,0.11083984375
hilton2021_comprehension,039,46,2.46875
hilton2021_comprehension,039,47,0.0458984375
hilton2021_comprehension,039,48,1.5
hilton2021_comprehension,039,49,0.05322265625
hilton2021_comprehension,039,50,0.023193359375
hilton2021_comprehension,039,51,0.431640625
hilton2021_comprehension,039,52,0.7578125
hilton2021_comprehension,039,53,0.0458984375
hilton2021_comprehension,039,54,0.08251953125
hilton2021_comprehension,039,55,0.08984375
hilton2021_comprehension,039,56,0.1787109375
hilton2021_comprehension,039,57,3.171875
hilton2021_comprehension,039,58,1.0546875
hilton2021_comprehension,039,59,0.283203125
hilton2021_comprehension,039,60,0.12451171875
hilton2021_comprehension,039,61,0.283203125
hilton2021_comprehension,039,62,0.25390625
hilton2021_comprehension,039,63,0.283203125
hilton2021_comprehension,039,64,2.125
hilton2021_comprehension,039,65,0.7578125
hilton2021_comprehension,039,66,0.023193359375
hilton2021_comprehension,039,67,2.234375
hilton2021_comprehension,039,68,0.8984375
hilton2021_comprehension,039,69,0.828125
hilton2021_comprehension,039,70,0.283203125
hilton2021_comprehension,039,71,0.1318359375
hilton2021_comprehension,039,72,0.12451171875
hilton2021_comprehension,040,0,2.890625
hilton2021_comprehension,040,1,0.99609375
hilton2021_comprehension,040,2,1.046875
hilton2021_comprehension,040,3,0.98046875
hilton2021_comprehension,040,4,0.72265625
hilton2021_comprehension,040,5,0.369140625
hilton2021_comprehension,040,6,0.91796875
hilton2021_comprehension,040,7,0.08984375
hilton2021_comprehension,040,8,0.038330078125
hilton2021_comprehension,040,9,1.703125
hilton2021_comprehension,040,10,1.4296875
hilton2021_comprehension,040,11,0.10400390625
hilton2021_comprehension,040,12,5.875
hilton2021_comprehension,040,13,1.0390625
hilton2021_comprehension,040,14,0.83203125
hilton2021_comprehension,040,15,0.318359375
hilton2021_comprehension,040,16,0.52734375
hilton2021_comprehension,040,17,0.373046875
hilton2021_comprehension,040,18,0.216796875
hilton2021_comprehension,040,19,1.2265625
hilton2021_comprehension,040,20,0.7890625
hilton2021_comprehension,040,21,2.359375
hilton2021_comprehension,040,22,0.19140625
hilton2021_comprehension,040,23,0.53515625
hilton2021_comprehension,040,24,0.2890625
hilton2021_comprehension,040,25,0.2890625
hilton2021_comprehension,040,26,1.703125
hilton2021_comprehension,040,27,0.9140625
hilton2021_comprehension,040,28,0.3359375
hilton2021_comprehension,040,29,1.578125
hilton2021_comprehension,040,30,0.52734375
hilton2021_comprehension,040,31,0.8125
hilton2021_comprehension,040,32,0.171875
hilton2021_comprehension,040,33,1.828125
hilton2021_comprehension,040,34,3.0
hilton2021_comprehension,040,35,0.796875
hilton2021_comprehension,040,36,0.11767578125
hilton2021_comprehension,040,37,0.25390625
hilton2021_comprehension,040,38,0.99609375
hilton2021_comprehension,040,39,0.9375
hilton2021_comprehension,040,40,0.271484375
hilton2021_comprehension,040,41,0.95703125
hilton2021_comprehension,040,42,0.37890625
hilton2021_comprehension,040,43,2.96875
hilton2021_comprehension,040,44,0.1650390625
hilton2021_comprehension,040,45,0.94140625
hilton2021_comprehension,040,46,2.078125
hilton2021_comprehension,040,47,0.0966796875
hilton2021_comprehension,040,48,0.640625
hilton2021_comprehension,040,49,0.294921875
hilton2021_comprehension,040,50,1.9609375
hilton2021_comprehension,040,51,0.984375
hilton2021_comprehension,040,52,0.294921875
hilton2021_comprehension,040,53,1.8125
hilton2021_comprehension,040,54,0.40625
hilton2021_comprehension,040,55,0.97265625
hilton2021_comprehension,040,56,1.734375
hilton2021_comprehension,040,57,2.09375
hilton2021_comprehension,040,58,0.74609375
hilton2021_comprehension,040,59,0.283203125
hilton2021_comprehension,040,60,0.74609375
hilton2021_comprehension,040,61,0.76953125
hilton2021_comprehension,040,62,0.45703125
hilton2021_comprehension,040,63,0.451171875
hilton2021_comprehension,040,64,1.84375
hilton2021_comprehension,040,65,0.5859375
hilton2021_comprehension,040,66,1.015625
hilton2021_comprehension,040,67,0.306640625
hilton2021_comprehension,040,68,0.4765625
hilton2021_comprehension,040,69,0.75390625
hilton2021_comprehension,040,70,0.8125
hilton2021_comprehension,040,71,0.3359375
hilton2021_comprehension,040,72,1.75
