participant_id,delta_nll,n_items,study
100,0.1429886779785156,1000,balota2007_LDT
108,0.07246386718749998,1000,balota2007_LDT
11,0.09102422540838068,374,balota2007_LDT
111,0.06830239868164062,1000,balota2007_LDT
121,0.0423973999023437,1000,balota2007_LDT
123,0.111961669921875,1000,balota2007_LDT
130,0.09230477905273432,1000,balota2007_LDT
134,0.09908779907226561,1000,balota2007_LDT
136,0.08283670190821357,374,balota2007_LDT
146,0.07151968383789065,1000,balota2007_LDT
175,0.07047048950195312,1000,balota2007_LDT
187,0.07947278835013777,998,balota2007_LDT
204,0.09992245483398438,1000,balota2007_LDT
205,0.04367227172851562,1000,balota2007_LDT
218,0.0557318725585938,1000,balota2007_LDT
22,0.07579663085937499,1000,balota2007_LDT
226,0.04115972900390619,1000,balota2007_LDT
23,0.029056797275791357,999,balota2007_LDT
232,0.1112786560058594,2000,balota2007_LDT
234,0.07828488159179686,1000,balota2007_LDT
24,0.07522942038143382,374,balota2007_LDT
244,0.05451083374023441,1000,balota2007_LDT
249,0.09743432617187503,1000,balota2007_LDT
253,0.08279269409179685,1000,balota2007_LDT
265,0.07169659423828126,1000,balota2007_LDT
269,0.12488137817382813,1000,balota2007_LDT
27,0.11542214965820313,1000,balota2007_LDT
274,0.07095791625976561,1000,balota2007_LDT
277,0.0515345153808594,1000,balota2007_LDT
281,0.08742028808593749,1000,balota2007_LDT
288,0.07346145629882816,2000,balota2007_LDT
292,0.07992379760742185,1000,balota2007_LDT
295,0.11186691528973094,374,balota2007_LDT
299,0.05624954223632811,1000,balota2007_LDT
306,0.08406237792968746,1000,balota2007_LDT
324,0.05673876953125001,1000,balota2007_LDT
332,-0.001855224609375039,1000,balota2007_LDT
337,0.08168817138671874,1000,balota2007_LDT
34,0.10316708374023437,1000,balota2007_LDT
353,0.09583871459960941,1000,balota2007_LDT
367,0.10491730875733163,991,balota2007_LDT
370,0.03414331054687497,1000,balota2007_LDT
390,0.04894381713867185,1000,balota2007_LDT
397,0.09322592163085935,1000,balota2007_LDT
4,0.04215118408203128,1000,balota2007_LDT
401,0.05065515136718751,1000,balota2007_LDT
405,0.07584130859375005,1000,balota2007_LDT
406,0.06182537908139435,368,balota2007_LDT
407,0.11218536376953125,1000,balota2007_LDT
410,0.08730482550801194,1371,balota2007_LDT
419,0.07548599243164067,1000,balota2007_LDT
422,0.06421948242187503,1000,balota2007_LDT
43,0.0458945398745329,368,balota2007_LDT
430,0.056210287356209254,997,balota2007_LDT
434,0.06690913374705981,372,balota2007_LDT
457,0.1363336486816406,1000,balota2007_LDT
46,0.09546527099609375,1000,balota2007_LDT
467,0.07408090209960932,1000,balota2007_LDT
469,0.0947220764160156,1000,balota2007_LDT
479,0.1023523254394531,1000,balota2007_LDT
484,0.10685030448852212,373,balota2007_LDT
485,0.0054408264160156206,1000,balota2007_LDT
520,0.0731303405761719,1000,balota2007_LDT
521,0.08116781616210933,1000,balota2007_LDT
527,0.15173245239257815,1000,balota2007_LDT
532,0.04460119628906245,1000,balota2007_LDT
536,0.11451778309867983,374,balota2007_LDT
542,0.11948831323633857,374,balota2007_LDT
544,0.1037080367753252,1374,balota2007_LDT
547,0.09819070799357693,1372,balota2007_LDT
554,0.11417730500167561,373,balota2007_LDT
555,0.0833961181640625,1000,balota2007_LDT
56,0.10083132934570316,1000,balota2007_LDT
576,-0.005211814839572115,374,balota2007_LDT
578,0.08778396606445316,1000,balota2007_LDT
589,0.053515869140625005,1000,balota2007_LDT
595,0.11225744628906248,1000,balota2007_LDT
60,-0.008741556701354125,997,balota2007_LDT
600,0.08107960230115058,1999,balota2007_LDT
605,0.06214974975585935,1000,balota2007_LDT
606,0.13141766716452205,374,balota2007_LDT
610,0.09773197276069517,374,balota2007_LDT
613,0.10715203857421876,1000,balota2007_LDT
616,0.08797752380371093,2000,balota2007_LDT
617,0.0972679443359375,1000,balota2007_LDT
638,0.08376903954393161,998,balota2007_LDT
645,0.09269650268554686,1000,balota2007_LDT
650,0.068817138671875,374,balota2007_LDT
663,0.0898052062988281,1000,balota2007_LDT
664,0.09137216521971347,373,balota2007_LDT
665,0.09059722900390621,1000,balota2007_LDT
668,0.091388415264827,372,balota2007_LDT
675,0.09913960171517017,371,balota2007_LDT
676,0.07965469360351562,1000,balota2007_LDT
685,0.07811798095703126,1000,balota2007_LDT
712,0.08139732368554092,989,balota2007_LDT
720,0.10836545882686494,372,balota2007_LDT
73,0.12006497192382815,1000,balota2007_LDT
751,0.0939833408386394,373,balota2007_LDT
753,0.0652302703857422,2000,balota2007_LDT
762,0.09486230468750001,1000,balota2007_LDT
764,0.006781921386718792,1000,balota2007_LDT
770,0.07943560791015619,1000,balota2007_LDT
774,0.07790957641601559,1000,balota2007_LDT
779,0.11780564503003194,372,balota2007_LDT
793,0.1462650761771395,371,balota2007_LDT
802,0.1176041259765625,1000,balota2007_LDT
89,0.0654718627929688,1000,balota2007_LDT
1,0.09232764390896975,747,balota2007_naming
100,0.04478888518024071,749,balota2007_naming
102,0.09274911032028488,281,balota2007_naming
107,0.06270889037433225,748,balota2007_naming
112,0.0739263034759352,748,balota2007_naming
113,0.10094866071428577,280,balota2007_naming
117,0.02953938584779703,749,balota2007_naming
121,0.08122916666666669,750,balota2007_naming
122,0.083430815508021,748,balota2007_naming
124,0.06300000000000061,750,balota2007_naming
126,0.05156250000000018,750,balota2007_naming
127,0.07310416666666608,750,balota2007_naming
129,0.06218582439678233,746,balota2007_naming
131,0.06802083333333364,750,balota2007_naming
138,0.09428195927903893,749,balota2007_naming
139,0.05274999999999963,750,balota2007_naming
140,0.056763184245660625,749,balota2007_naming
145,0.04142900485436929,1030,balota2007_naming
149,0.0698627844712183,747,balota2007_naming
152,0.021354166666666785,750,balota2007_naming
153,0.0672737213997312,743,balota2007_naming
154,0.03816964285714253,280,balota2007_naming
156,0.06345961281708945,749,balota2007_naming
158,0.04854612299465266,748,balota2007_naming
16,0.04804687499999982,280,balota2007_naming
160,0.0897321428571427,280,balota2007_naming
163,0.054937500000000306,750,balota2007_naming
164,0.06980208333333326,1500,balota2007_naming
165,0.06547886690647431,278,balota2007_naming
172,0.017968750000000533,280,balota2007_naming
177,0.08283333333333331,750,balota2007_naming
179,0.0784147420768706,1483,balota2007_naming
18,0.07047916666666687,750,balota2007_naming
183,0.051711810228802335,743,balota2007_naming
185,0.035035977242302785,747,balota2007_naming
187,0.06339583333333376,750,balota2007_naming
188,0.06456724311618522,1489,balota2007_naming
191,0.06254183400267799,747,balota2007_naming
192,0.052734375,280,balota2007_naming
193,0.0490654205607477,749,balota2007_naming
196,0.06356249999999974,750,balota2007_naming
198,0.059251792114695334,279,balota2007_naming
199,0.06216666666666715,750,balota2007_naming
201,0.06915470627503328,749,balota2007_naming
204,0.06464583333333351,750,balota2007_naming
21,0.0833709386281587,277,balota2007_naming
210,0.05889583333333359,750,balota2007_naming
212,0.08385625836680077,747,balota2007_naming
218,0.0689043724966627,749,balota2007_naming
22,0.03633283132530085,747,balota2007_naming
220,0.0338124999999998,750,balota2007_naming
223,0.03791580932784644,729,balota2007_naming
228,0.02290554072096196,749,balota2007_naming
231,0.06372767857142936,280,balota2007_naming
232,0.10164583333333344,750,balota2007_naming
237,0.11400669642857153,280,balota2007_naming
239,0.01854166666666668,750,balota2007_naming
244,0.07754166666666684,750,balota2007_naming
246,0.052833333333333954,750,balota2007_naming
250,0.05714285714285694,280,balota2007_naming
253,0.08686582109479346,749,balota2007_naming
257,0.05559617312834231,1496,balota2007_naming
258,0.05614583333333378,750,balota2007_naming
260,0.06470833333333381,750,balota2007_naming
272,0.04235416666666669,750,balota2007_naming
280,0.06274999999999942,750,balota2007_naming
282,0.026645833333333258,750,balota2007_naming
288,0.10505096925133728,748,balota2007_naming
289,0.07489152202937266,749,balota2007_naming
294,0.07545596085409212,281,balota2007_naming
296,0.05754368279569899,1488,balota2007_naming
297,0.0428487983978636,749,balota2007_naming
299,0.08256249999999987,750,balota2007_naming
30,0.06503095716198093,747,balota2007_naming
301,0.06733333333333302,750,balota2007_naming
303,0.05453580097087407,1030,balota2007_naming
305,0.05099999999999927,750,balota2007_naming
307,0.038168741588155974,743,balota2007_naming
31,0.08483780853902623,1499,balota2007_naming
317,0.015937499999999716,750,balota2007_naming
32,0.06878351206434363,746,balota2007_naming
327,0.05546875000000018,280,balota2007_naming
329,0.06655247326203195,748,balota2007_naming
33,0.08972855227882004,746,balota2007_naming
335,0.04579166666666623,750,balota2007_naming
337,0.05781249999999982,750,balota2007_naming
34,0.035380507343123924,749,balota2007_naming
340,0.07837803643724683,1482,balota2007_naming
344,0.051204819277108626,747,balota2007_naming
348,0.10612454379562042,274,balota2007_naming
349,0.04383796916890148,746,balota2007_naming
35,0.1038701067615655,281,balota2007_naming
350,0.03249999999999975,750,balota2007_naming
352,0.07285156250000036,280,balota2007_naming
354,0.06156074438202275,1780,balota2007_naming
356,0.18129626514131925,743,balota2007_naming
357,0.07499577131258484,739,balota2007_naming
360,0.03370833333333323,750,balota2007_naming
361,0.06025485436893252,1030,balota2007_naming
362,0.05887016021361813,749,balota2007_naming
364,0.05878985753052923,737,balota2007_naming
368,0.07477379356568381,746,balota2007_naming
37,0.08275669642857153,280,balota2007_naming
38,0.07158673128342308,748,balota2007_naming
381,0.06922627005347604,748,balota2007_naming
382,0.08125000000000071,280,balota2007_naming
383,0.07174766199064742,1497,balota2007_naming
388,0.06179166666666713,750,balota2007_naming
393,0.09119470509383376,746,balota2007_naming
398,0.07175447658402234,726,balota2007_naming
4,0.05058808379120894,728,balota2007_naming
409,0.009933035714285054,280,balota2007_naming
412,0.07235962566844911,748,balota2007_naming
430,0.03586031375166865,749,balota2007_naming
437,0.03062499999999968,750,balota2007_naming
52,0.055339410881174445,1498,balota2007_naming
56,0.05302459839357443,747,balota2007_naming
59,0.07242870145631031,1030,balota2007_naming
61,0.05853108288770059,748,balota2007_naming
63,0.0762633868808571,747,balota2007_naming
64,0.08556249999999999,750,balota2007_naming
67,0.05035895270270263,740,balota2007_naming
68,0.03624574829931948,1029,balota2007_naming
69,0.06745297330097078,1030,balota2007_naming
72,0.04060416666666722,750,balota2007_naming
86,0.08435983009708803,1030,balota2007_naming
87,0.036062499999999886,750,balota2007_naming
88,0.04049531459170019,747,balota2007_naming
89,0.04376214771622955,1029,balota2007_naming
9,0.07282590482573781,746,balota2007_naming
91,0.04597797062750342,749,balota2007_naming
96,0.06456367924528372,742,balota2007_naming
97,0.09585416666666635,750,balota2007_naming
98,0.06372916666666661,750,balota2007_naming
1057,0.11148800470132758,339,brysbaert2014_Concreteness
1065,0.19300144611910008,339,brysbaert2014_Concreteness
107,0.045029811802866915,678,brysbaert2014_Concreteness
1071,0.13818215339233042,339,brysbaert2014_Concreteness
1072,0.1293009080014751,339,brysbaert2014_Concreteness
1083,0.11727644208609878,339,brysbaert2014_Concreteness
1092,0.0895814980526708,337,brysbaert2014_Concreteness
11,0.08955581349960828,678,brysbaert2014_Concreteness
110,0.09900559506936757,339,brysbaert2014_Concreteness
111,0.10123661907724935,678,brysbaert2014_Concreteness
1118,0.09358949014219209,339,brysbaert2014_Concreteness
1127,0.13647749009033938,339,brysbaert2014_Concreteness
1132,0.1572559998098726,339,brysbaert2014_Concreteness
1138,0.1380054395107393,339,brysbaert2014_Concreteness
1143,0.1289840293141593,339,brysbaert2014_Concreteness
1151,0.15995964117809747,339,brysbaert2014_Concreteness
1171,0.13764922105457233,339,brysbaert2014_Concreteness
1172,0.1283861871301777,338,brysbaert2014_Concreteness
1175,0.034514300591122704,339,brysbaert2014_Concreteness
1177,0.09531134771386429,339,brysbaert2014_Concreteness
119,0.1818074785040682,338,brysbaert2014_Concreteness
1192,0.17940374953908567,339,brysbaert2014_Concreteness
12,0.115181801945059,339,brysbaert2014_Concreteness
1207,0.1940219395280236,339,brysbaert2014_Concreteness
1218,0.22625443498058417,338,brysbaert2014_Concreteness
1287,0.10210803546736713,339,brysbaert2014_Concreteness
1321,0.05512181284856654,678,brysbaert2014_Concreteness
1328,0.18674345213403387,339,brysbaert2014_Concreteness
1340,0.1388461582780236,339,brysbaert2014_Concreteness
1384,0.15923799787248893,224,brysbaert2014_Concreteness
1385,0.19034111555232558,215,brysbaert2014_Concreteness
1393,0.16332141041050297,338,brysbaert2014_Concreteness
1407,0.08779556139380529,339,brysbaert2014_Concreteness
1416,0.035635863535502965,338,brysbaert2014_Concreteness
1472,0.173253422289823,339,brysbaert2014_Concreteness
1474,0.11113526835244092,338,brysbaert2014_Concreteness
1480,0.1418550654498525,339,brysbaert2014_Concreteness
1507,0.1276599805263643,339,brysbaert2014_Concreteness
1518,0.15814839140855463,339,brysbaert2014_Concreteness
1522,0.1811068382488905,338,brysbaert2014_Concreteness
1539,0.12175064311969952,339,brysbaert2014_Concreteness
156,0.14339063676292096,1017,brysbaert2014_Concreteness
1573,0.12566400488569318,339,brysbaert2014_Concreteness
1574,0.2011466687407817,339,brysbaert2014_Concreteness
1602,0.11157874723451333,339,brysbaert2014_Concreteness
1604,0.10093120146079881,338,brysbaert2014_Concreteness
1607,0.14903758901410402,339,brysbaert2014_Concreteness
162,0.07451020637444694,1695,brysbaert2014_Concreteness
164,0.07746531618731578,339,brysbaert2014_Concreteness
1665,0.03331580528846145,338,brysbaert2014_Concreteness
1673,0.1286991664341517,336,brysbaert2014_Concreteness
1678,0.09811888926127965,338,brysbaert2014_Concreteness
1695,0.1605660317570059,339,brysbaert2014_Concreteness
17,0.07454751163809004,339,brysbaert2014_Concreteness
1705,0.14963716585960607,338,brysbaert2014_Concreteness
1706,0.1467292358038348,339,brysbaert2014_Concreteness
1713,0.07838498455936582,339,brysbaert2014_Concreteness
1721,0.13709180263643073,339,brysbaert2014_Concreteness
1739,0.14008846676806797,339,brysbaert2014_Concreteness
1760,0.1412375120990046,339,brysbaert2014_Concreteness
1774,0.13311065403761058,339,brysbaert2014_Concreteness
180,0.16672428097345127,339,brysbaert2014_Concreteness
1804,0.15304025295561385,339,brysbaert2014_Concreteness
1805,0.13762919108072924,336,brysbaert2014_Concreteness
1833,0.18006775442477885,339,brysbaert2014_Concreteness
1852,0.14838186618501104,339,brysbaert2014_Concreteness
1855,0.16553742625368728,339,brysbaert2014_Concreteness
1859,0.1018149226816003,339,brysbaert2014_Concreteness
1870,0.005617407733679469,337,brysbaert2014_Concreteness
1894,0.09441400488569318,339,brysbaert2014_Concreteness
1926,0.12418700811785599,339,brysbaert2014_Concreteness
1940,0.07257729388297873,329,brysbaert2014_Concreteness
1949,0.14959230676161506,339,brysbaert2014_Concreteness
1962,0.12297962830129983,339,brysbaert2014_Concreteness
1989,0.1084330060840708,339,brysbaert2014_Concreteness
2005,0.015687295469210882,339,brysbaert2014_Concreteness
2010,0.1373366177612667,337,brysbaert2014_Concreteness
2020,0.1630212114272216,339,brysbaert2014_Concreteness
2028,0.1844379796391039,339,brysbaert2014_Concreteness
2065,0.12738379194321525,339,brysbaert2014_Concreteness
2075,0.072284946780233,338,brysbaert2014_Concreteness
2080,0.13057505590675844,338,brysbaert2014_Concreteness
2136,0.28598800359987764,102,brysbaert2014_Concreteness
2152,0.1458843535026617,1356,brysbaert2014_Concreteness
2157,0.14397671229719777,339,brysbaert2014_Concreteness
2159,0.0004234651548671309,339,brysbaert2014_Concreteness
2160,0.05400426033792716,2034,brysbaert2014_Concreteness
2165,0.14451180517146023,339,brysbaert2014_Concreteness
2173,0.10894532330268247,339,brysbaert2014_Concreteness
2184,0.0988265406065636,339,brysbaert2014_Concreteness
2185,0.14726684930401923,339,brysbaert2014_Concreteness
2187,0.23902092357673266,101,brysbaert2014_Concreteness
219,0.11321553368132375,339,brysbaert2014_Concreteness
2203,0.032356194690265516,339,brysbaert2014_Concreteness
2215,0.23748743181397947,338,brysbaert2014_Concreteness
2274,0.08995897861356927,339,brysbaert2014_Concreteness
2283,0.11305952494123339,339,brysbaert2014_Concreteness
2291,0.05621067823561954,339,brysbaert2014_Concreteness
2294,0.05528308789638636,339,brysbaert2014_Concreteness
2310,0.03378848293768555,337,brysbaert2014_Concreteness
232,0.14258460660951333,339,brysbaert2014_Concreteness
2341,0.1569817016961652,339,brysbaert2014_Concreteness
2375,0.16768355918141586,339,brysbaert2014_Concreteness
2388,0.07864704922106147,338,brysbaert2014_Concreteness
2403,0.16093404314159288,339,brysbaert2014_Concreteness
2421,0.1173704254240413,339,brysbaert2014_Concreteness
243,0.12661274636929476,241,brysbaert2014_Concreteness
2447,0.2197510485803833,339,brysbaert2014_Concreteness
2465,0.11551065839959329,338,brysbaert2014_Concreteness
2470,0.18870017802820804,339,brysbaert2014_Concreteness
2488,0.1713780766039823,339,brysbaert2014_Concreteness
2503,0.12874646032102688,339,brysbaert2014_Concreteness
2548,0.06069711538461542,338,brysbaert2014_Concreteness
255,0.1677674600156709,339,brysbaert2014_Concreteness
2552,0.09568791148924327,337,brysbaert2014_Concreteness
2585,0.1561796025188975,339,brysbaert2014_Concreteness
2620,0.15035353579000743,339,brysbaert2014_Concreteness
2647,0.1459183144358407,339,brysbaert2014_Concreteness
2670,0.11298273587297203,339,brysbaert2014_Concreteness
2679,0.11341952433628322,339,brysbaert2014_Concreteness
2697,0.10516015336928453,339,brysbaert2014_Concreteness
2701,0.16007054871865778,339,brysbaert2014_Concreteness
2710,0.15933641641892504,339,brysbaert2014_Concreteness
2724,0.08785317570059004,339,brysbaert2014_Concreteness
2740,0.10269363674186383,338,brysbaert2014_Concreteness
2745,0.07249428178005168,339,brysbaert2014_Concreteness
2785,0.06307002803584849,333,brysbaert2014_Concreteness
2786,0.1357594717920354,339,brysbaert2014_Concreteness
2787,0.15572570980825962,339,brysbaert2014_Concreteness
279,0.20227590915376092,339,brysbaert2014_Concreteness
2797,0.09945093565634222,339,brysbaert2014_Concreteness
28,0.1145382771449806,678,brysbaert2014_Concreteness
280,0.09574406550480763,650,brysbaert2014_Concreteness
2831,0.17004151470893247,339,brysbaert2014_Concreteness
2836,0.18622294288117636,339,brysbaert2014_Concreteness
2844,0.17050416861007478,335,brysbaert2014_Concreteness
2847,0.08197219533554567,339,brysbaert2014_Concreteness
286,0.11553468957411495,339,brysbaert2014_Concreteness
288,0.14109221601908184,339,brysbaert2014_Concreteness
2890,0.13026090638827426,339,brysbaert2014_Concreteness
2915,0.13915835047614666,338,brysbaert2014_Concreteness
2954,0.1357310247280603,339,brysbaert2014_Concreteness
2961,0.12023817754424782,339,brysbaert2014_Concreteness
2968,0.1335960545722712,339,brysbaert2014_Concreteness
3044,0.034381211862056116,338,brysbaert2014_Concreteness
3046,0.13345057844764008,339,brysbaert2014_Concreteness
3059,0.09523716929387904,339,brysbaert2014_Concreteness
3066,-0.02546264288348077,339,brysbaert2014_Concreteness
3090,0.11610219049594395,339,brysbaert2014_Concreteness
3091,0.12127019381452797,339,brysbaert2014_Concreteness
3100,0.17461888136061954,339,brysbaert2014_Concreteness
3110,0.1277021109882006,339,brysbaert2014_Concreteness
3137,0.09489364398967548,339,brysbaert2014_Concreteness
3145,0.14377578240228606,339,brysbaert2014_Concreteness
316,0.14205148933157097,331,brysbaert2014_Concreteness
3162,0.12574466491519187,339,brysbaert2014_Concreteness
3179,0.1281054111356934,339,brysbaert2014_Concreteness
3185,0.09017240084134603,338,brysbaert2014_Concreteness
3187,0.12991161965339226,339,brysbaert2014_Concreteness
3197,0.09321130623156337,339,brysbaert2014_Concreteness
321,0.07249122102000372,339,brysbaert2014_Concreteness
3217,0.12841796875,339,brysbaert2014_Concreteness
3231,0.10670646734997224,339,brysbaert2014_Concreteness
3268,0.14382736521132933,339,brysbaert2014_Concreteness
3296,0.17124943465961473,339,brysbaert2014_Concreteness
3297,0.1072908024520649,339,brysbaert2014_Concreteness
3298,0.1426384399774152,339,brysbaert2014_Concreteness
3303,0.0671944547477743,337,brysbaert2014_Concreteness
3307,0.18735812476954283,339,brysbaert2014_Concreteness
3314,0.08456000931766061,218,brysbaert2014_Concreteness
3330,0.09725466027723995,339,brysbaert2014_Concreteness
3370,0.2064827696917808,219,brysbaert2014_Concreteness
3383,0.13482900073746307,339,brysbaert2014_Concreteness
3385,0.12029930126015498,677,brysbaert2014_Concreteness
3396,0.12987921160582605,339,brysbaert2014_Concreteness
3400,0.16925129848243914,339,brysbaert2014_Concreteness
3401,0.11686341952433632,339,brysbaert2014_Concreteness
3402,0.15868132374631272,339,brysbaert2014_Concreteness
3437,0.09612548103672114,337,brysbaert2014_Concreteness
3448,0.19746763516316368,339,brysbaert2014_Concreteness
3453,0.1205881844579646,339,brysbaert2014_Concreteness
3476,0.1588916159660767,339,brysbaert2014_Concreteness
3491,0.059534303558259616,339,brysbaert2014_Concreteness
3508,0.1620548214532631,339,brysbaert2014_Concreteness
3515,0.11808916390118007,339,brysbaert2014_Concreteness
354,0.0907227282678833,339,brysbaert2014_Concreteness
3553,0.18038080141876844,337,brysbaert2014_Concreteness
3557,0.15796438571626115,339,brysbaert2014_Concreteness
359,0.1104387041390118,339,brysbaert2014_Concreteness
36,0.11271237623726726,1356,brysbaert2014_Concreteness
3608,0.10576942318775617,244,brysbaert2014_Concreteness
3626,0.10288663881014926,339,brysbaert2014_Concreteness
3667,0.096158278023599,339,brysbaert2014_Concreteness
3670,0.09299165168694701,339,brysbaert2014_Concreteness
3673,0.16167834796736735,339,brysbaert2014_Concreteness
3682,0.19379122581707642,338,brysbaert2014_Concreteness
3712,0.14546880778476323,338,brysbaert2014_Concreteness
3719,0.1267263712444362,337,brysbaert2014_Concreteness
3732,0.09152510603504072,338,brysbaert2014_Concreteness
3739,0.1663862470328632,339,brysbaert2014_Concreteness
3742,0.16518597898230092,339,brysbaert2014_Concreteness
3754,0.20858035467367242,339,brysbaert2014_Concreteness
3762,0.11475941705844384,339,brysbaert2014_Concreteness
3763,0.13315154395400586,337,brysbaert2014_Concreteness
3781,0.17102594120919878,337,brysbaert2014_Concreteness
3792,0.1403725528152735,338,brysbaert2014_Concreteness
3814,0.1865572859052358,339,brysbaert2014_Concreteness
388,0.11242567754424782,339,brysbaert2014_Concreteness
3897,0.03910859144542789,339,brysbaert2014_Concreteness
39,0.15624567892699126,339,brysbaert2014_Concreteness
3919,0.07682291666666652,339,brysbaert2014_Concreteness
3931,0.06701940317622967,305,brysbaert2014_Concreteness
3950,0.03965623844304744,338,brysbaert2014_Concreteness
4012,0.08326131544985249,339,brysbaert2014_Concreteness
4020,0.07479345271017679,339,brysbaert2014_Concreteness
4026,0.10748813145280223,339,brysbaert2014_Concreteness
4030,0.061570969303097245,339,brysbaert2014_Concreteness
406,0.06613006141685096,339,brysbaert2014_Concreteness
4082,0.038012929370621396,339,brysbaert2014_Concreteness
4093,0.06637600248893816,339,brysbaert2014_Concreteness
4105,0.09200788739859878,339,brysbaert2014_Concreteness
4123,0.07877604166666663,339,brysbaert2014_Concreteness
4132,0.04375410501935839,339,brysbaert2014_Concreteness
416,0.20645593045025867,338,brysbaert2014_Concreteness
4160,0.1033931945980826,339,brysbaert2014_Concreteness
4171,0.10050167657632736,339,brysbaert2014_Concreteness
4176,0.03643195678350847,339,brysbaert2014_Concreteness
418,0.13871304664386086,338,brysbaert2014_Concreteness
4222,0.037633665191740384,339,brysbaert2014_Concreteness
4262,0.11619789734792274,337,brysbaert2014_Concreteness
43,0.1816939182337758,339,brysbaert2014_Concreteness
434,0.0997138009310472,339,brysbaert2014_Concreteness
446,0.1359596815081121,339,brysbaert2014_Concreteness
454,0.18319162014311408,339,brysbaert2014_Concreteness
47,0.07886984495990057,678,brysbaert2014_Concreteness
487,0.11964330982669602,339,brysbaert2014_Concreteness
488,0.1325507149935472,339,brysbaert2014_Concreteness
509,0.15431460940380703,339,brysbaert2014_Concreteness
526,0.13695568883665188,339,brysbaert2014_Concreteness
552,0.17443163486356927,339,brysbaert2014_Concreteness
556,0.164276123046875,40,brysbaert2014_Concreteness
557,0.10680540191740429,339,brysbaert2014_Concreteness
58,0.1792075008066003,339,brysbaert2014_Concreteness
588,0.18071159430309747,339,brysbaert2014_Concreteness
600,0.12611091207470415,338,brysbaert2014_Concreteness
604,0.09054664454277295,339,brysbaert2014_Concreteness
605,-0.001221423303835012,339,brysbaert2014_Concreteness
611,0.12745148875368728,339,brysbaert2014_Concreteness
62,0.1648477761142224,332,brysbaert2014_Concreteness
664,0.13127059711467548,339,brysbaert2014_Concreteness
677,0.15593780247511058,339,brysbaert2014_Concreteness
710,0.12854219959900437,339,brysbaert2014_Concreteness
727,0.10111238822824498,339,brysbaert2014_Concreteness
74,0.18302408854166674,339,brysbaert2014_Concreteness
748,0.17431640625,31,brysbaert2014_Concreteness
776,0.07504983637536866,339,brysbaert2014_Concreteness
78,0.11388980111541303,1017,brysbaert2014_Concreteness
781,0.16185875276548667,339,brysbaert2014_Concreteness
789,0.17595805390394537,339,brysbaert2014_Concreteness
798,0.15765848975617636,339,brysbaert2014_Concreteness
800,0.1019669349747474,99,brysbaert2014_Concreteness
813,0.07443813447755343,339,brysbaert2014_Concreteness
83,0.11986332446073011,339,brysbaert2014_Concreteness
845,0.1691170078356825,337,brysbaert2014_Concreteness
859,0.0678797358960177,339,brysbaert2014_Concreteness
878,0.18158481114030245,339,brysbaert2014_Concreteness
923,0.17282923695612107,678,brysbaert2014_Concreteness
926,0.037060402839233175,1695,brysbaert2014_Concreteness
948,0.15812354523875372,339,brysbaert2014_Concreteness
967,0.18856658485435096,339,brysbaert2014_Concreteness
ABQOQT,0.34432107430917247,216,devardaetal2024_cloze
ADRFTE,0.34065540295811303,213,devardaetal2024_cloze
AFIWZH,0.3161306028012878,216,devardaetal2024_cloze
AKGJVW,0.1674005886376726,217,devardaetal2024_cloze
ALPHGS,0.17263285319010446,216,devardaetal2024_cloze
ANJQRQ,0.28714300084997113,216,devardaetal2024_cloze
AOCZHZ,0.22808852019133408,216,devardaetal2024_cloze
AQDMBJ,0.24627304077148438,216,devardaetal2024_cloze
AREFEH,0.3573540581597223,216,devardaetal2024_cloze
AUTAXQ,0.2793498194494912,215,devardaetal2024_cloze
AUXREL,0.2910293296531399,216,devardaetal2024_cloze
AVCWTW,0.120452880859375,213,devardaetal2024_cloze
AWDDGE,0.3194016350640192,216,devardaetal2024_cloze
AWOXFB,0.3190207304777921,216,devardaetal2024_cloze
AYWVHB,0.2452810781973378,216,devardaetal2024_cloze
BBUNQN,0.24711390904017883,217,devardaetal2024_cloze
BIBZYB,0.22767017505787068,216,devardaetal2024_cloze
BJADVZ,0.3981349962647611,217,devardaetal2024_cloze
BJSCIW,0.12780803908950178,217,devardaetal2024_cloze
BLHHBN,0.22487838179976816,216,devardaetal2024_cloze
BLZZBF,0.31253277813946756,216,devardaetal2024_cloze
BNGZJA,0.5144866660789207,216,devardaetal2024_cloze
BONODI,0.24955551712601265,216,devardaetal2024_cloze
BQXZTL,0.2348615858289933,216,devardaetal2024_cloze
BUHJDN,0.3434249030219183,216,devardaetal2024_cloze
BUJJOP,0.26615029794198497,216,devardaetal2024_cloze
BULHBF,0.2729393287941262,216,devardaetal2024_cloze
BWBAXW,0.11458912602177396,216,devardaetal2024_cloze
BYCUHC,0.12752751453381705,213,devardaetal2024_cloze
BYWXQL,0.36493583961769405,216,devardaetal2024_cloze
CAPSBT,0.4765623587149159,216,devardaetal2024_cloze
CATHHN,0.30426405102426557,217,devardaetal2024_cloze
CBUOOF,0.216952471665933,213,devardaetal2024_cloze
CESQTI,0.34346940782335045,216,devardaetal2024_cloze
CFESSS,0.24786984478985818,216,devardaetal2024_cloze
CGVOSN,0.20159573025173616,216,devardaetal2024_cloze
COSFNB,0.36941415813112055,217,devardaetal2024_cloze
CPIKHK,0.3927391899956598,216,devardaetal2024_cloze
CQWLSX,0.24838963261357083,216,devardaetal2024_cloze
CRHPLR,0.29339825665509256,216,devardaetal2024_cloze
CSMTRQ,0.2799216376410594,216,devardaetal2024_cloze
CUWPDZ,0.271879690664786,216,devardaetal2024_cloze
CVEKZH,0.1143757278370745,213,devardaetal2024_cloze
CXXNSJ,0.17542825865855427,217,devardaetal2024_cloze
CZVOYZ,0.25848897298177054,216,devardaetal2024_cloze
DBCXIS,0.2143913551613137,216,devardaetal2024_cloze
DDTPKO,0.17768902248806429,216,devardaetal2024_cloze
DEISIY,0.3961017749927662,216,devardaetal2024_cloze
DFKOXL,0.21635225084092902,216,devardaetal2024_cloze
DFPTRE,0.3927055641456887,216,devardaetal2024_cloze
DHESNK,0.17537031745031673,217,devardaetal2024_cloze
DHKNXS,0.19617772985387694,216,devardaetal2024_cloze
DIBYQR,0.197868956086781,213,devardaetal2024_cloze
DJEQSQ,0.2721650435627878,217,devardaetal2024_cloze
DJLHRP,0.24994730066370074,216,devardaetal2024_cloze
DJMORK,0.13730331205985946,213,devardaetal2024_cloze
DJXTXK,0.14982887550636592,216,devardaetal2024_cloze
DJZSKP,0.269627888997396,216,devardaetal2024_cloze
DKRWCC,0.3599715694304435,217,devardaetal2024_cloze
DPGISE,0.25000845322586596,213,devardaetal2024_cloze
DSSCPE,0.06118043711487697,213,devardaetal2024_cloze
DUAOJU,0.21274439493815134,216,devardaetal2024_cloze
DUGXUA,0.15149938346054181,217,devardaetal2024_cloze
DUTDZD,0.43322416384648577,217,devardaetal2024_cloze
DYDILF,0.19484145553023735,216,devardaetal2024_cloze
DZPGEO,0.1646590056242765,216,devardaetal2024_cloze
EANHZO,0.378708592167607,216,devardaetal2024_cloze
EBNKNC,0.209279951355267,213,devardaetal2024_cloze
EBTNTM,0.3096319127965854,216,devardaetal2024_cloze
EENJLO,0.16296501338761704,213,devardaetal2024_cloze
EFVTTW,0.2977162113896119,216,devardaetal2024_cloze
EIFXUB,0.24538252088758705,216,devardaetal2024_cloze
EKHSGR,0.284299788936492,217,devardaetal2024_cloze
ELTTOC,0.2811862927977393,217,devardaetal2024_cloze
EMLUOW,0.4660237630208335,216,devardaetal2024_cloze
ENNSFA,0.33172480265299464,216,devardaetal2024_cloze
ERICJT,0.3465174922236689,216,devardaetal2024_cloze
EUESMX,0.27350051314742485,216,devardaetal2024_cloze
EWPJEX,0.2881471139413341,216,devardaetal2024_cloze
EXJLGM,0.18933373910409435,216,devardaetal2024_cloze
EYCEPR,0.15384518658673318,216,devardaetal2024_cloze
EYNBGW,0.2656628644024881,216,devardaetal2024_cloze
EYNUSE,0.30682598061275934,217,devardaetal2024_cloze
EZLXBD,0.41653880366572604,216,devardaetal2024_cloze
EZTHIV,0.13631170767324896,216,devardaetal2024_cloze
FAEHCV,0.23034286499023438,216,devardaetal2024_cloze
FAIGFY,0.21489376491970447,216,devardaetal2024_cloze
FDGIAT,0.39932547675238705,216,devardaetal2024_cloze
FDGYPK,0.17808617485894063,216,devardaetal2024_cloze
FFIJFT,0.128284149886297,213,devardaetal2024_cloze
FHCGCH,0.21927501537181726,216,devardaetal2024_cloze
FNAXFD,0.19688090571650774,216,devardaetal2024_cloze
FNNBDI,0.14342484650788467,216,devardaetal2024_cloze
FOHQMP,0.18522313553067393,217,devardaetal2024_cloze
FUPEEM,0.3595434795326895,217,devardaetal2024_cloze
FVLHUF,0.1554008766456887,216,devardaetal2024_cloze
FWUJVV,0.10635573775679985,216,devardaetal2024_cloze
GAUITQ,0.3220498826768665,216,devardaetal2024_cloze
GCAKTZ,0.3088202299895104,216,devardaetal2024_cloze
GCAOZJ,0.23900109750253185,216,devardaetal2024_cloze
GCUWKQ,0.2436297381365744,216,devardaetal2024_cloze
GESIIA,0.1930389404296875,216,devardaetal2024_cloze
GGOGPX,0.127796738236039,216,devardaetal2024_cloze
GHGBOV,0.2645561783402055,216,devardaetal2024_cloze
GJHYSC,0.26776758829752634,216,devardaetal2024_cloze
GLXSHV,0.4309333518699363,216,devardaetal2024_cloze
GNFSHB,0.07456705156066601,213,devardaetal2024_cloze
GQWOCV,0.24341894079137738,216,devardaetal2024_cloze
GSAYNS,0.11076863606770804,216,devardaetal2024_cloze
GULKYZ,0.12321189597800908,216,devardaetal2024_cloze
GXDLGG,0.33812049583152515,216,devardaetal2024_cloze
GYLWOB,0.2398876614040799,216,devardaetal2024_cloze
GZEXCS,0.1818281103063515,216,devardaetal2024_cloze
HCOPPU,0.2778356877340151,217,devardaetal2024_cloze
HDRSYN,0.24981364497432068,216,devardaetal2024_cloze
HGWZRC,0.18369416267641148,217,devardaetal2024_cloze
HIYBEJ,0.28800159030490446,216,devardaetal2024_cloze
HMCXDL,0.2786165873209634,216,devardaetal2024_cloze
HNNEYE,0.19473944769965268,216,devardaetal2024_cloze
HRDSYY,0.248452221905743,216,devardaetal2024_cloze
HSAQSB,0.367102394641285,213,devardaetal2024_cloze
HTEDOZ,0.3470047844780808,216,devardaetal2024_cloze
HUIGHW,0.12545733981662321,216,devardaetal2024_cloze
HVTIPR,0.2981818870261863,216,devardaetal2024_cloze
HXMDWL,0.26414122404875595,216,devardaetal2024_cloze
HYVOLI,0.2818212155942561,216,devardaetal2024_cloze
HZLJVL,0.3591068109609017,217,devardaetal2024_cloze
IAYNZF,0.08454245108145253,216,devardaetal2024_cloze
IDXHPF,0.14828999837239554,216,devardaetal2024_cloze
IGGGTY,0.24850280196578378,216,devardaetal2024_cloze
IHDRFH,0.35745648984555833,216,devardaetal2024_cloze
IIENCN,0.4044388665093317,216,devardaetal2024_cloze
IKMRCO,0.13523412633825194,216,devardaetal2024_cloze
ILBVBW,0.30251524183485223,216,devardaetal2024_cloze
ILGWNQ,0.2683815670452909,217,devardaetal2024_cloze
INFVNK,0.2909867950298821,217,devardaetal2024_cloze
IOZPOV,0.14724674931278958,216,devardaetal2024_cloze
IPFFBQ,0.19441279658564836,216,devardaetal2024_cloze
ISQWWW,0.30613440054434315,216,devardaetal2024_cloze
ITCTBW,0.147398183043574,213,devardaetal2024_cloze
ITTDSS,0.36952385265156984,217,devardaetal2024_cloze
IUQVXC,0.081878662109375,216,devardaetal2024_cloze
IVERQG,0.12689567171911698,213,devardaetal2024_cloze
IXUWXF,0.1381725735134549,216,devardaetal2024_cloze
IZNLPC,0.2291210315845631,216,devardaetal2024_cloze
JAWEFU,0.331865522596571,216,devardaetal2024_cloze
JEVUVE,0.39249307137948497,216,devardaetal2024_cloze
JGNMCZ,0.1932479010687933,216,devardaetal2024_cloze
JIRWIS,0.28398188838252336,216,devardaetal2024_cloze
JISTWA,0.21939991138599524,216,devardaetal2024_cloze
JKOFOB,0.23640667950665506,216,devardaetal2024_cloze
JLYWCR,0.24039148401331012,216,devardaetal2024_cloze
JNZVUD,0.3272778546368631,216,devardaetal2024_cloze
JOMXNK,0.28051037258572054,216,devardaetal2024_cloze
JPGWEI,0.3018187063711659,216,devardaetal2024_cloze
JRROQJ,0.36598756578233527,216,devardaetal2024_cloze
JTOUVZ,0.17658685754846637,216,devardaetal2024_cloze
JUANLR,0.2212664286295576,216,devardaetal2024_cloze
KBGISR,0.10784324681814805,213,devardaetal2024_cloze
KDJTMW,0.37768512301974777,216,devardaetal2024_cloze
KDPTYY,0.24366067956995074,216,devardaetal2024_cloze
KGFWBN,0.2447201764142073,216,devardaetal2024_cloze
KGLULW,0.08934701552413493,213,devardaetal2024_cloze
KHDKYR,0.20812945895724821,216,devardaetal2024_cloze
KMBGGQ,0.30511559380425357,216,devardaetal2024_cloze
KMQGRS,0.33662117852105045,216,devardaetal2024_cloze
KMYZYW,0.13209844518590863,216,devardaetal2024_cloze
KOGGLZ,0.17707937735098378,216,devardaetal2024_cloze
KPNYFS,0.1863846955475985,216,devardaetal2024_cloze
KQGCTM,0.18990227028175655,216,devardaetal2024_cloze
KQMQHY,0.2964165299027055,216,devardaetal2024_cloze
KSCNQH,0.2196433071716588,217,devardaetal2024_cloze
KSHCJN,0.19144858083417393,217,devardaetal2024_cloze
KTOPFF,0.18049607453522842,216,devardaetal2024_cloze
KWUQUC,0.18390795210717492,213,devardaetal2024_cloze
KXITDZ,0.3053265324345342,216,devardaetal2024_cloze
KZZAPX,0.16788016425238794,216,devardaetal2024_cloze
LAIRKE,0.5370750427246094,216,devardaetal2024_cloze
LDMQCK,0.14855842411238251,213,devardaetal2024_cloze
LFILKC,0.31627443101671027,216,devardaetal2024_cloze
LFOSFI,0.1385180155436201,216,devardaetal2024_cloze
LGMFOY,0.2704414085105613,216,devardaetal2024_cloze
LHAUQG,0.14200818097149837,216,devardaetal2024_cloze
LIESOG,0.24492828934280997,216,devardaetal2024_cloze
LJMOJG,0.3321056453863047,217,devardaetal2024_cloze
LKRGLH,0.2058818958423756,216,devardaetal2024_cloze
LRIWUQ,0.25790249859845193,216,devardaetal2024_cloze
LRJBNF,0.2539793796802994,217,devardaetal2024_cloze
LRJDXB,0.28999201456705714,216,devardaetal2024_cloze
LURZPY,0.16243560225875298,216,devardaetal2024_cloze
LWUQNK,0.3794052689163774,216,devardaetal2024_cloze
LXPQYR,0.14342072536128203,213,devardaetal2024_cloze
LYFLJA,0.3065153051305698,216,devardaetal2024_cloze
LYWGNE,0.17298267505787024,216,devardaetal2024_cloze
LZQVGX,0.17470663565176503,216,devardaetal2024_cloze
MAYEXE,0.17044985735857932,216,devardaetal2024_cloze
MBBYXO,0.2513766818576384,216,devardaetal2024_cloze
MCXSNX,0.14463636610243036,216,devardaetal2024_cloze
MDOIOO,0.3306477864583335,216,devardaetal2024_cloze
MDSQHR,0.11070387576107699,213,devardaetal2024_cloze
MFKBJZ,0.13944668240017366,216,devardaetal2024_cloze
MFYIAR,0.12613430829115302,213,devardaetal2024_cloze
MGZBFQ,0.2514149840448945,213,devardaetal2024_cloze
MHVIOA,0.2692226990027362,217,devardaetal2024_cloze
MKRMXB,0.349599908899378,216,devardaetal2024_cloze
MLEBYM,0.3724688777217162,216,devardaetal2024_cloze
MLPNIP,0.07734369348596637,216,devardaetal2024_cloze
MMAOAN,0.4979996857819735,216,devardaetal2024_cloze
MMLSIH,0.3778613055193869,216,devardaetal2024_cloze
MOJUIF,0.20983557186216295,213,devardaetal2024_cloze
MPGKLQ,0.3438942904845912,217,devardaetal2024_cloze
MTCPQK,0.27536454894733,213,devardaetal2024_cloze
MUCFRH,0.13749327483000595,216,devardaetal2024_cloze
MUFXTG,0.1851314421622985,217,devardaetal2024_cloze
MURHBB,0.16531075371636295,216,devardaetal2024_cloze
MVXJKO,0.1952670062029802,216,devardaetal2024_cloze
MWIYAY,0.25457495230215565,216,devardaetal2024_cloze
MWPYBX,0.2678667704264326,216,devardaetal2024_cloze
MZYRUI,0.44900413795753735,216,devardaetal2024_cloze
NABRUW,0.16397393918504832,204,devardaetal2024_cloze
NDFPCN,0.22572708129882812,216,devardaetal2024_cloze
NEGLLN,0.26028173941153065,216,devardaetal2024_cloze
NFRYJB,0.15590771598995,213,devardaetal2024_cloze
NGMBZS,0.2963422784058176,217,devardaetal2024_cloze
NIACKZ,0.2606307135687933,216,devardaetal2024_cloze
NMLTGW,0.2233591432924622,216,devardaetal2024_cloze
NMRKVM,0.31348120342201913,217,devardaetal2024_cloze
NQBKSC,0.36695395575629286,216,devardaetal2024_cloze
NQCTRJ,0.3112288830327046,204,devardaetal2024_cloze
NQDAJP,0.16259186356155997,216,devardaetal2024_cloze
NQQTPS,0.190054736786605,213,devardaetal2024_cloze
NQUUZU,0.19915121572989003,216,devardaetal2024_cloze
NSCRGI,0.23952344437720097,213,devardaetal2024_cloze
NSHVJR,0.27561526828342053,216,devardaetal2024_cloze
NTEFMS,0.3483317339861838,216,devardaetal2024_cloze
NTHZRD,0.3174937212908713,216,devardaetal2024_cloze
NVHHPZ,0.16493973908600967,216,devardaetal2024_cloze
NWJHBW,0.17723422580295134,216,devardaetal2024_cloze
NWLWST,0.19252169573748557,216,devardaetal2024_cloze
NXVGVM,0.2418193110713247,216,devardaetal2024_cloze
OACPQH,0.2105688533872505,213,devardaetal2024_cloze
OAGQUW,0.2973184361704071,213,devardaetal2024_cloze
OBHDFX,0.0996906139232494,216,devardaetal2024_cloze
OCHNIK,0.1515935262044268,216,devardaetal2024_cloze
OCZXLD,0.31533163565176503,216,devardaetal2024_cloze
ODGFQX,0.2586360507541232,216,devardaetal2024_cloze
OHZDTP,0.29771296183268214,216,devardaetal2024_cloze
OLZGGI,0.2919744676159275,217,devardaetal2024_cloze
OMIRBC,0.2691107543382776,217,devardaetal2024_cloze
OOSKCA,0.26564831203884554,216,devardaetal2024_cloze
OPCIZS,0.3178367614746094,216,devardaetal2024_cloze
OQBAWY,0.3075261999059604,216,devardaetal2024_cloze
OQQWQD,0.3320819713451244,216,devardaetal2024_cloze
OTBPNW,0.14447501853660283,216,devardaetal2024_cloze
OUECWQ,0.27283011542426205,216,devardaetal2024_cloze
OZJKED,0.28639630918149583,216,devardaetal2024_cloze
PFCHYI,0.21945006759078378,216,devardaetal2024_cloze
PFRFCV,0.27027695267288765,216,devardaetal2024_cloze
PITMNM,0.2896000897442854,216,devardaetal2024_cloze
PMNLTI,0.23946846856011295,216,devardaetal2024_cloze
POIDJR,0.3577310067635997,216,devardaetal2024_cloze
POROYM,0.27507838496455506,216,devardaetal2024_cloze
PSBXIG,0.2511472348813655,216,devardaetal2024_cloze
PSDKPW,0.286106306622286,213,devardaetal2024_cloze
PUZHER,0.1347326717466255,213,devardaetal2024_cloze
PWETSO,0.35098111187970193,216,devardaetal2024_cloze
PWWLNL,0.2852783203125,216,devardaetal2024_cloze
QAHTET,0.166837450484155,213,devardaetal2024_cloze
QARKJO,0.17916554912155203,213,devardaetal2024_cloze
QBZRKT,0.22807015313042545,216,devardaetal2024_cloze
QEWWWB,0.18349145163952452,213,devardaetal2024_cloze
QFQHIR,0.43841495424369104,213,devardaetal2024_cloze
QGMXVC,0.32305286548755774,216,devardaetal2024_cloze
QIVTRF,0.25511141176576935,216,devardaetal2024_cloze
QJJFGY,0.1837307965313948,216,devardaetal2024_cloze
QKZJWX,0.38511318630642366,216,devardaetal2024_cloze
QKZNYC,0.30349517537054593,214,devardaetal2024_cloze
QLJJGM,0.3309059143066406,216,devardaetal2024_cloze
QPGVAB,0.2533942016039026,217,devardaetal2024_cloze
QUIIVW,0.18414659853334792,216,devardaetal2024_cloze
QUQTYF,0.20393753051757812,216,devardaetal2024_cloze
QVRBSS,0.21187806019585276,217,devardaetal2024_cloze
QXLGGB,0.20203781127929688,216,devardaetal2024_cloze
QYTDLI,0.19559661435409348,213,devardaetal2024_cloze
RAAUGI,0.11458587646484375,216,devardaetal2024_cloze
RATUCL,0.16743455109772842,216,devardaetal2024_cloze
RAYCAI,0.21988889906141473,216,devardaetal2024_cloze
RBKPAH,0.2290708753797741,216,devardaetal2024_cloze
RCZBNN,0.16436131795247366,216,devardaetal2024_cloze
RGVXBZ,0.23028861151801205,216,devardaetal2024_cloze
RGVZQM,0.18727733470775476,216,devardaetal2024_cloze
RHBTMQ,0.24513696741174762,216,devardaetal2024_cloze
RHPDVC,0.1996714990463615,213,devardaetal2024_cloze
RKVOZB,0.229686181869865,213,devardaetal2024_cloze
RNGQCL,0.23080105251736116,216,devardaetal2024_cloze
RRCQUS,0.3879356384277344,216,devardaetal2024_cloze
RSRVQX,0.125855905038339,216,devardaetal2024_cloze
RTBPMX,0.1751218725133823,216,devardaetal2024_cloze
RVZDXC,0.1597461969080105,213,devardaetal2024_cloze
RVZMAN,0.26928682680483185,216,devardaetal2024_cloze
RWRHNN,0.32696364442324377,217,devardaetal2024_cloze
RYDMNB,0.35916051730303655,213,devardaetal2024_cloze
RYDPUA,0.27021944964373557,216,devardaetal2024_cloze
RYJTON,0.22437823260271994,216,devardaetal2024_cloze
RYLOQX,0.09041991057219345,216,devardaetal2024_cloze
SBKOKF,0.26581898442021146,216,devardaetal2024_cloze
SCPVOI,0.10730192396375893,216,devardaetal2024_cloze
SCTFIV,0.253233143981074,213,devardaetal2024_cloze
SDCCFF,0.10787104217099452,213,devardaetal2024_cloze
SDQPGR,0.383758544921875,216,devardaetal2024_cloze
SDWMWO,0.18506311487268512,216,devardaetal2024_cloze
SIDJPE,0.1477924758839495,213,devardaetal2024_cloze
SIPNKO,0.18942882396556637,216,devardaetal2024_cloze
SKCEGV,0.2456067403157558,216,devardaetal2024_cloze
SLHSVU,0.3478474087185326,216,devardaetal2024_cloze
SLTZHV,0.2889472113715277,216,devardaetal2024_cloze
SOZCVT,0.21113509077080916,217,devardaetal2024_cloze
SQEDFF,0.1871008807063652,217,devardaetal2024_cloze
SRXWIP,0.25813462999131964,216,devardaetal2024_cloze
SRZCKI,0.17884614732530402,216,devardaetal2024_cloze
SXVIAP,0.3689359029134116,216,devardaetal2024_cloze
SYOOEZ,0.028979972556785416,216,devardaetal2024_cloze
TBDFIR,0.19268685800057916,216,devardaetal2024_cloze
TCJOBA,0.12483229460539658,216,devardaetal2024_cloze
TCLHRM,0.18731632939091458,216,devardaetal2024_cloze
TDMOGW,0.012148115370008483,216,devardaetal2024_cloze
TEJUWI,0.22826569168655952,216,devardaetal2024_cloze
TFKIJS,0.2906398066767939,216,devardaetal2024_cloze
TFOYLS,0.3150911684389466,216,devardaetal2024_cloze
THBXYM,0.27947590208273354,217,devardaetal2024_cloze
THSWSY,0.21009361016358596,213,devardaetal2024_cloze
TNQHCH,0.3188896179199219,216,devardaetal2024_cloze
TOGUUH,0.13272854084140207,213,devardaetal2024_cloze
TOOZRI,0.28759264162448694,213,devardaetal2024_cloze
TOUNAI,0.34337347525137485,216,devardaetal2024_cloze
TOXCPP,0.14021668610749405,216,devardaetal2024_cloze
TRHKEO,0.16136056405526622,216,devardaetal2024_cloze
TRJBRI,0.2256540369104454,216,devardaetal2024_cloze
TVBCWE,0.22866315006660454,217,devardaetal2024_cloze
TWSZPJ,0.313634118368459,215,devardaetal2024_cloze
TXXAVH,0.180987464057075,216,devardaetal2024_cloze
TYUABG,0.28385426042266726,217,devardaetal2024_cloze
UAOYKY,0.3242605703848378,216,devardaetal2024_cloze
UBZMKN,0.19691354257089122,216,devardaetal2024_cloze
UECLLM,0.30323000307436354,216,devardaetal2024_cloze
UFNLLW,0.2535003379539207,216,devardaetal2024_cloze
UGDOBT,0.19276541250723378,216,devardaetal2024_cloze
UJLJNI,0.28890765154803244,216,devardaetal2024_cloze
ULDWLA,0.3257499729982718,217,devardaetal2024_cloze
UMTTLY,0.23784086439344643,216,devardaetal2024_cloze
UOTEWX,0.27611965603298616,216,devardaetal2024_cloze
UQBCRH,0.33798528600622113,216,devardaetal2024_cloze
UREJJA,0.29214692451584545,213,devardaetal2024_cloze
URQDTE,0.27821011013454866,216,devardaetal2024_cloze
USKVTP,0.33139998824508066,216,devardaetal2024_cloze
USNZJO,0.2288294191713689,216,devardaetal2024_cloze
USQSPE,0.2851350572374134,216,devardaetal2024_cloze
UTIBOV,0.16610731901945908,216,devardaetal2024_cloze
UTICZD,0.3008054097493491,216,devardaetal2024_cloze
UWNLZB,0.3292038529007524,216,devardaetal2024_cloze
VAUSIE,0.19119093153211786,216,devardaetal2024_cloze
VBEHTO,0.20356015805844896,216,devardaetal2024_cloze
VCCTVO,0.18287771719473422,216,devardaetal2024_cloze
VCWGMP,0.13479826185438393,216,devardaetal2024_cloze
VCWQRE,0.22502705798171085,217,devardaetal2024_cloze
VGKJKO,0.3372285630967884,216,devardaetal2024_cloze
VGUCWW,0.2611859639485674,216,devardaetal2024_cloze
VHHSPI,0.01788072183098599,213,devardaetal2024_cloze
VHRYDD,0.20207821881329568,216,devardaetal2024_cloze
VICGJN,0.3236954508838563,217,devardaetal2024_cloze
VJQPHC,0.3940408494737415,216,devardaetal2024_cloze
VJYZMH,0.3403115449128329,216,devardaetal2024_cloze
VKBQBD,0.23234784161603006,216,devardaetal2024_cloze
VKNWMW,0.14685298778392664,216,devardaetal2024_cloze
VKTWAF,0.3723038567437067,216,devardaetal2024_cloze
VLNLBM,0.30805644282588274,216,devardaetal2024_cloze
VMSNHV,0.22621578640408035,216,devardaetal2024_cloze
VNCRED,0.3658711468731921,216,devardaetal2024_cloze
VNEIND,0.28043478506582753,216,devardaetal2024_cloze
VQWPSB,0.1695815192328558,216,devardaetal2024_cloze
VSDSLA,0.33566411336263036,216,devardaetal2024_cloze
VSPZRA,0.06267491093388333,216,devardaetal2024_cloze
VTRNQL,0.3497936107494213,216,devardaetal2024_cloze
VXHKDY,0.47142692848488155,216,devardaetal2024_cloze
VZDVJQ,0.24301259968137945,217,devardaetal2024_cloze
WAQGHK,0.24207376550745074,216,devardaetal2024_cloze
WBCLLP,0.21318314372119795,217,devardaetal2024_cloze
WCNHYJ,0.4448245000180009,217,devardaetal2024_cloze
WGELKH,0.1552323235405817,216,devardaetal2024_cloze
WGSVTR,0.37860754338277625,217,devardaetal2024_cloze
WHTHXD,0.171859034785518,216,devardaetal2024_cloze
WLRQPA,0.2983291060836226,216,devardaetal2024_cloze
WMFZIQ,0.3003376148365158,216,devardaetal2024_cloze
WMIMCG,0.19375087596751994,216,devardaetal2024_cloze
WOXTKI,0.24222181469614057,217,devardaetal2024_cloze
WPNMOU,0.2578885113751448,216,devardaetal2024_cloze
WQREBV,0.29374369868525774,216,devardaetal2024_cloze
WVCYQV,0.18193336769386548,216,devardaetal2024_cloze
WWHUKY,0.2846115960015192,216,devardaetal2024_cloze
WYCMBT,0.2814623514811201,216,devardaetal2024_cloze
XBKKIH,0.2259349116572631,216,devardaetal2024_cloze
XCCDEN,0.4587434839319293,216,devardaetal2024_cloze
XCONSY,0.1197775381582753,216,devardaetal2024_cloze
XEPQMC,0.36398908827039955,216,devardaetal2024_cloze
XEWEXZ,0.1854081330475985,216,devardaetal2024_cloze
XHDTXU,0.3150251883047597,216,devardaetal2024_cloze
XJSVVG,0.3674389874493631,216,devardaetal2024_cloze
XLCRVI,0.23451783921983482,216,devardaetal2024_cloze
XLDXVI,0.12314930668583601,216,devardaetal2024_cloze
XLVQIM,0.3605701305248119,216,devardaetal2024_cloze
XOVPDD,0.3106227450900607,216,devardaetal2024_cloze
XRNVVW,0.3013588129087936,215,devardaetal2024_cloze
XROUJX,0.2235737553349244,216,devardaetal2024_cloze
XUWWYJ,0.21158218383789062,216,devardaetal2024_cloze
XVGQOD,0.21715898867006622,216,devardaetal2024_cloze
XVJULB,0.06832527554650802,213,devardaetal2024_cloze
XVRDCN,0.26814835955839156,213,devardaetal2024_cloze
XWHQPD,0.23237991333007812,216,devardaetal2024_cloze
XZIXJE,0.281996462826438,213,devardaetal2024_cloze
YDWOJR,0.2737727714573728,217,devardaetal2024_cloze
YFRDQE,0.2509172149517567,217,devardaetal2024_cloze
YHRGJX,0.2694575577836984,217,devardaetal2024_cloze
YIAUTT,0.29059231665826646,217,devardaetal2024_cloze
YICCWP,0.11429129706488705,216,devardaetal2024_cloze
YIJUVR,0.3351116886845342,216,devardaetal2024_cloze
YKCHDE,0.2549268934461808,216,devardaetal2024_cloze
YKLUSC,0.3785333051368105,213,devardaetal2024_cloze
YKSBRQ,0.3791748329445168,216,devardaetal2024_cloze
YUHHSJ,0.24146850020797173,216,devardaetal2024_cloze
YUYQEZ,0.27915663608284813,215,devardaetal2024_cloze
YVMNXE,0.1799806406800175,213,devardaetal2024_cloze
YVQUDH,0.3132968478732634,216,devardaetal2024_cloze
YXKFSD,0.1802426906818515,213,devardaetal2024_cloze
ZCCDVB,0.3821674118393581,217,devardaetal2024_cloze
ZDIYFI,0.22852876451280402,216,devardaetal2024_cloze
ZEZGCL,0.18124997174298318,216,devardaetal2024_cloze
ZFOYDT,0.2174795645254628,216,devardaetal2024_cloze
ZFRWQW,0.47100335580331265,216,devardaetal2024_cloze
ZGEEOY,0.2862316782024048,217,devardaetal2024_cloze
ZGKKAS,0.32411024305555536,216,devardaetal2024_cloze
ZGOJXN,0.23900349934895848,216,devardaetal2024_cloze
ZHNSBE,0.22874758724875255,213,devardaetal2024_cloze
ZHQPTY,0.31960494429976816,216,devardaetal2024_cloze
ZHZRHO,0.27512684574833646,216,devardaetal2024_cloze
ZJAFJA,0.24740758188453604,213,devardaetal2024_cloze
ZKUIYT,0.2053402088306573,216,devardaetal2024_cloze
ZLAGNN,0.3052929065845631,216,devardaetal2024_cloze
ZLVHKQ,0.1352482548466436,216,devardaetal2024_cloze
ZMMYNU,0.246010815655743,216,devardaetal2024_cloze
ZNHCFF,0.22425799899631071,216,devardaetal2024_cloze
ZNTZZC,0.12042914496527768,216,devardaetal2024_cloze
ZNZWAS,0.0340489987973811,216,devardaetal2024_cloze
ZOKMQZ,0.20701189394350372,216,devardaetal2024_cloze
ZOMDIL,0.24675487043670863,217,devardaetal2024_cloze
ZQLNDF,0.0469281231915506,216,devardaetal2024_cloze
ZQORVU,0.20124053955078125,216,devardaetal2024_cloze
ZQYNSI,0.207202606917547,213,devardaetal2024_cloze
ZVZYWE,0.1067856682671442,216,devardaetal2024_cloze
ZWQRGK,0.15587969179506667,216,devardaetal2024_cloze
ZWSZZU,0.2922128748010704,216,devardaetal2024_cloze
ZYBQJU,0.12836625840928795,216,devardaetal2024_cloze
ZZHSMO,0.43031678376374405,216,devardaetal2024_cloze
ZZLDKS,0.20673510054467448,213,devardaetal2024_cloze
ZZVDLZ,0.37288665771484375,216,devardaetal2024_cloze
ABQOQT,0.03818540219907418,216,devardaetal2024_rating
ADDROF,0.12689435040509256,216,devardaetal2024_rating
AFIWZH,0.0548954716435186,216,devardaetal2024_rating
AFQOFP,0.02712899667245372,216,devardaetal2024_rating
AHRONV,0.08904719902073732,217,devardaetal2024_rating
AKGJVW,0.0659844483568075,213,devardaetal2024_rating
ALPHGS,0.06122278284143512,216,devardaetal2024_rating
ANJQRQ,0.0432490596064814,216,devardaetal2024_rating
AOCZHZ,0.060384302095334075,217,devardaetal2024_rating
AQDMBJ,0.10118272569444442,216,devardaetal2024_rating
ASVZKD,0.05230340375586873,213,devardaetal2024_rating
ATIYUW,0.0898799189814814,216,devardaetal2024_rating
AUXREL,0.05598958333333326,216,devardaetal2024_rating
AWDDGE,0.04748083043981488,216,devardaetal2024_rating
AWOXFB,0.08827944155092604,216,devardaetal2024_rating
AYIYPT,0.08411096643518512,216,devardaetal2024_rating
AYWVHB,0.09402126736111116,216,devardaetal2024_rating
BBUNQN,0.10388240903755874,213,devardaetal2024_rating
BIBZYB,0.09968137960829493,217,devardaetal2024_rating
BJADVZ,0.05225513599537024,216,devardaetal2024_rating
BJHOIS,0.08601085680751175,213,devardaetal2024_rating
BJSCIW,0.029911238262910755,213,devardaetal2024_rating
BLHHBN,0.12536168981481488,216,devardaetal2024_rating
BLZZBF,0.15791094744646994,216,devardaetal2024_rating
BNGZJA,0.0839662905092593,216,devardaetal2024_rating
BONODI,0.06844038018433185,217,devardaetal2024_rating
BQXZTL,0.062744140625,216,devardaetal2024_rating
BUHJDN,0.0285463686342593,216,devardaetal2024_rating
BUJJOP,0.0573911313657407,216,devardaetal2024_rating
BULHBF,0.05077220775462976,216,devardaetal2024_rating
BWBAXW,0.14921513310185186,216,devardaetal2024_rating
BYNZOG,0.0496148003472221,216,devardaetal2024_rating
BYWXQL,0.06017335109446997,217,devardaetal2024_rating
CAIJHD,0.04350224247685186,216,devardaetal2024_rating
CAPSBT,0.06823336693548376,217,devardaetal2024_rating
CATHHN,0.07877604166666652,216,devardaetal2024_rating
CELGET,0.08470217093894006,217,devardaetal2024_rating
CESQTI,0.0407172309027779,216,devardaetal2024_rating
CGVOSN,0.0727290400752314,216,devardaetal2024_rating
CHHBKU,0.107421875,216,devardaetal2024_rating
CMPNZZ,0.05167070129107976,213,devardaetal2024_rating
CNBFWX,0.04139539930555558,216,devardaetal2024_rating
COHPSF,0.07651548032407396,216,devardaetal2024_rating
COSFNB,0.10000366784037551,213,devardaetal2024_rating
CPBHQO,0.00954861111111116,216,devardaetal2024_rating
CPIKHK,0.0662773980034721,216,devardaetal2024_rating
CQUKBJ,0.08857783564814814,216,devardaetal2024_rating
CQWLSX,0.0911865234375,216,devardaetal2024_rating
CRHPLR,0.02847855179398151,216,devardaetal2024_rating
CSMTRQ,0.07872404875578698,216,devardaetal2024_rating
CUVJVB,0.05504240813078698,216,devardaetal2024_rating
CUWPDZ,0.12839084201388906,216,devardaetal2024_rating
CXXNSJ,0.033762470657277,213,devardaetal2024_rating
CXXZOE,0.04692021122685186,216,devardaetal2024_rating
CZVOYZ,0.05618851273148162,216,devardaetal2024_rating
DBCXIS,0.0856029369212965,216,devardaetal2024_rating
DDTPKO,0.10382389472926268,217,devardaetal2024_rating
DEISIY,0.12277334707754628,216,devardaetal2024_rating
DERVSB,0.052743544600938996,213,devardaetal2024_rating
DFPTRE,0.0537832754629628,216,devardaetal2024_rating
DHESNK,0.11442057291666674,216,devardaetal2024_rating
DHKNXS,0.10550475230414746,217,devardaetal2024_rating
DIJVMR,0.07526731710829493,217,devardaetal2024_rating
DJEQSQ,0.05919505931712954,216,devardaetal2024_rating
DJXTXK,0.09511537905092582,216,devardaetal2024_rating
DJZSKP,0.09818070023148162,216,devardaetal2024_rating
DKRWCC,0.044582599765258246,213,devardaetal2024_rating
DRKUXW,0.0648690682870372,216,devardaetal2024_rating
DUAOJU,0.06943540219907396,216,devardaetal2024_rating
DUGXUA,0.07752897593896724,213,devardaetal2024_rating
DUTDZD,0.10708259976525825,213,devardaetal2024_rating
DYDILF,0.10049551504629628,216,devardaetal2024_rating
DZPGEO,0.03266963252314814,216,devardaetal2024_rating
EANHZO,0.007425944010416741,216,devardaetal2024_rating
EJHKIP,0.1125307436342593,216,devardaetal2024_rating
EJSNVU,0.0649775752314814,216,devardaetal2024_rating
EKHSGR,0.057493397887323994,213,devardaetal2024_rating
ELOKAJ,0.1132631655092593,216,devardaetal2024_rating
ELTTOC,0.05634562174479163,216,devardaetal2024_rating
EMLUOW,0.06255425347222232,216,devardaetal2024_rating
ENNSFA,0.05429259972638256,217,devardaetal2024_rating
EUESMX,0.06726526331018534,216,devardaetal2024_rating
EUMSQV,0.01877170138888884,216,devardaetal2024_rating
EYCEPR,0.13422761140046302,216,devardaetal2024_rating
EYNBGW,0.02660680700231488,216,devardaetal2024_rating
EYNUSE,0.05994168133802824,213,devardaetal2024_rating
EYWZVW,0.11317274305555558,216,devardaetal2024_rating
EZLXBD,0.04441098813657396,216,devardaetal2024_rating
FAGMWB,0.03318730107060186,216,devardaetal2024_rating
FAIGFY,0.09485315393518512,216,devardaetal2024_rating
FDCVCU,0.11407244646990744,216,devardaetal2024_rating
FDGIAT,0.04890215838396994,216,devardaetal2024_rating
FDGYPK,0.050375661542338634,217,devardaetal2024_rating
FDYOMU,0.07935022424768534,216,devardaetal2024_rating
FFREEB,0.02419704861111116,216,devardaetal2024_rating
FFWIDX,0.07233796296296302,216,devardaetal2024_rating
FHCGCH,0.089111328125,216,devardaetal2024_rating
FITJTV,0.10265661168981488,216,devardaetal2024_rating
FKMGOO,0.06409143518518534,216,devardaetal2024_rating
FNNBDI,0.05183919270833326,216,devardaetal2024_rating
FOHQMP,0.0773043207159625,213,devardaetal2024_rating
FSIJYU,0.10797091013824889,217,devardaetal2024_rating
FUPEEM,0.028471610915492995,213,devardaetal2024_rating
FVLHUF,0.10879629629629628,216,devardaetal2024_rating
FXOUJN,0.07267965149769573,217,devardaetal2024_rating
FXWBGR,0.10384453667534732,216,devardaetal2024_rating
GAUITQ,0.06791630497685186,216,devardaetal2024_rating
GCAOZJ,0.06604229962384278,216,devardaetal2024_rating
GCUWKQ,0.11231372974537046,216,devardaetal2024_rating
GDLPGK,0.01997926500108499,216,devardaetal2024_rating
GDXGPQ,0.0791196469907407,216,devardaetal2024_rating
GESIIA,0.06367549189814814,216,devardaetal2024_rating
GGOGPX,0.06132676866319442,216,devardaetal2024_rating
GJHYSC,0.10540574596774177,217,devardaetal2024_rating
GJVKCO,0.0539912471064814,216,devardaetal2024_rating
GKEQLA,0.08186170789930558,216,devardaetal2024_rating
GKRHIT,0.07758698640046302,216,devardaetal2024_rating
GOFZHH,0.10282258064516125,217,devardaetal2024_rating
GQWOCV,0.05951605902777768,216,devardaetal2024_rating
GSAYNS,0.08763744212962954,216,devardaetal2024_rating
GULKYZ,0.12800202546296302,216,devardaetal2024_rating
GXDLGG,0.10243055555555558,216,devardaetal2024_rating
GYLWOB,0.06167941623263906,216,devardaetal2024_rating
GYWWJE,0.1198368778935186,216,devardaetal2024_rating
HCOPPU,0.047865316901408494,213,devardaetal2024_rating
HDRJZV,0.05323615711405527,217,devardaetal2024_rating
HDRSYN,0.0815542715567128,216,devardaetal2024_rating
HGWZRC,0.061798525528169,213,devardaetal2024_rating
HIODGS,0.1146737557870372,216,devardaetal2024_rating
HMCXDL,0.06055139612268512,216,devardaetal2024_rating
HNNEYE,0.0583134403935186,216,devardaetal2024_rating
HSAQSB,0.07915106566820285,217,devardaetal2024_rating
HSUXOZ,0.11193566388248843,217,devardaetal2024_rating
HTEDOZ,0.0734682436342593,216,devardaetal2024_rating
HUPJQQ,0.04859302662037046,216,devardaetal2024_rating
HVTIPR,0.12730864775345618,217,devardaetal2024_rating
HXMDWL,0.049072265625,216,devardaetal2024_rating
HYVOLI,0.02654803240740744,216,devardaetal2024_rating
HZAVRU,0.07157389322916674,216,devardaetal2024_rating
HZLJVL,0.08119032118055558,216,devardaetal2024_rating
HZMJYL,0.09478081597222232,216,devardaetal2024_rating
IAYNZF,0.04128689236111116,216,devardaetal2024_rating
IDXHPF,0.08469542050691259,217,devardaetal2024_rating
IGGGTY,0.1204907114055298,217,devardaetal2024_rating
IHDRFH,0.09541510656682028,217,devardaetal2024_rating
IIENCN,0.0658750180844907,216,devardaetal2024_rating
ILBVBW,0.1229609736689814,216,devardaetal2024_rating
ILGWNQ,0.09975405092592604,216,devardaetal2024_rating
IMGGCH,0.07571524160879628,216,devardaetal2024_rating
INFVNK,0.08056869865023475,213,devardaetal2024_rating
IPFFBQ,0.05410427517361094,216,devardaetal2024_rating
IPQLGV,0.01994719328703698,216,devardaetal2024_rating
ISQWWW,0.01546167444299773,216,devardaetal2024_rating
ITTDSS,0.05338541666666663,213,devardaetal2024_rating
ITYKUA,0.08872251157407418,216,devardaetal2024_rating
IUQVXC,0.07042100694444442,216,devardaetal2024_rating
IWSHAY,0.11191813151041674,216,devardaetal2024_rating
IWSHIK,0.07706705729166674,216,devardaetal2024_rating
IXUWXF,0.09915726273148162,216,devardaetal2024_rating
IZKNZR,0.05187649197048616,216,devardaetal2024_rating
IZNLPC,0.07526765046296302,216,devardaetal2024_rating
JAJTWY,0.04376446759259256,216,devardaetal2024_rating
JAWEFU,0.11305067274305558,216,devardaetal2024_rating
JBMWRM,0.07482458043981466,216,devardaetal2024_rating
JBOXWS,0.0282841435185186,216,devardaetal2024_rating
JBWJZH,0.04734519675925908,216,devardaetal2024_rating
JDHMBL,0.06179470486111116,216,devardaetal2024_rating
JEVUVE,0.10783442744502314,216,devardaetal2024_rating
JGNMCZ,0.1188076036866359,217,devardaetal2024_rating
JIRWIS,0.055908203125,216,devardaetal2024_rating
JISTWA,0.03182799727828414,216,devardaetal2024_rating
JJEFYM,0.05410879629629628,216,devardaetal2024_rating
JKOFOB,0.08582899305555536,216,devardaetal2024_rating
JLYWCR,0.08228443287037046,216,devardaetal2024_rating
JNZVUD,0.06857638888888884,216,devardaetal2024_rating
JPGWEI,0.008478235315393545,216,devardaetal2024_rating
JRROQJ,0.09086981566820262,217,devardaetal2024_rating
JTOUVZ,0.02540475350839122,216,devardaetal2024_rating
JUANLR,0.08070203993055558,216,devardaetal2024_rating
KCMKYA,0.10165744357638884,216,devardaetal2024_rating
KDJTMW,0.06758532546082963,217,devardaetal2024_rating
KFZNCB,0.11670147931134256,216,devardaetal2024_rating
KGFWBN,0.015552995391705071,217,devardaetal2024_rating
KHDKYR,0.05313223379629628,216,devardaetal2024_rating
KMBGGQ,0.04738588686342582,216,devardaetal2024_rating
KMQGRS,0.06749584056712976,216,devardaetal2024_rating
KMYZYW,0.06912217381912433,217,devardaetal2024_rating
KNZFIG,0.08843163145539923,213,devardaetal2024_rating
KOGGLZ,0.06105324074074092,216,devardaetal2024_rating
KPNYFS,0.09356915509259278,216,devardaetal2024_rating
KQFSMG,0.15521014178240722,216,devardaetal2024_rating
KQGCTM,0.06292498553240744,216,devardaetal2024_rating
KQMQHY,0.02207099066840279,216,devardaetal2024_rating
KSCNQH,0.06451731220657275,213,devardaetal2024_rating
KSHCJN,0.05309084323650237,213,devardaetal2024_rating
KTOPFF,0.12175383391203698,216,devardaetal2024_rating
KXITDZ,0.05689380787037046,216,devardaetal2024_rating
KXPSWT,0.09463614004629628,216,devardaetal2024_rating
LAIRKE,0.02748390480324092,216,devardaetal2024_rating
LCXPAN,0.0984067563657407,216,devardaetal2024_rating
LFGVIP,0.11317121478873249,213,devardaetal2024_rating
LFILKC,0.044841907642505785,216,devardaetal2024_rating
LFOSFI,0.09947374131944442,216,devardaetal2024_rating
LGMFOY,0.05559655817972353,217,devardaetal2024_rating
LHAUQG,0.10908564814814814,216,devardaetal2024_rating
LIESOG,0.07045717592592582,216,devardaetal2024_rating
LJMOJG,0.06888204225352101,213,devardaetal2024_rating
LKRGLH,0.13910816333912024,216,devardaetal2024_rating
LMFPIS,0.0805483217592593,216,devardaetal2024_rating
LPRMLF,0.10366030092592582,216,devardaetal2024_rating
LRIWUQ,0.05954318576388895,216,devardaetal2024_rating
LRJBNF,0.04954335387323927,213,devardaetal2024_rating
LRJDXB,0.08054832175925908,216,devardaetal2024_rating
LURZPY,0.03182870370370372,216,devardaetal2024_rating
LYFLJA,0.03012904414424189,216,devardaetal2024_rating
LYWGNE,0.13592303240740744,216,devardaetal2024_rating
MBBYXO,0.09759295428240744,216,devardaetal2024_rating
MCBLIG,0.01515762894241901,216,devardaetal2024_rating
MDOIOO,0.02622025101273151,216,devardaetal2024_rating
MDQAKO,0.10114655671296302,216,devardaetal2024_rating
MFKBJZ,0.0350273980034721,216,devardaetal2024_rating
MHVIOA,0.05900867444248825,213,devardaetal2024_rating
MKRMXB,0.11785662615740722,216,devardaetal2024_rating
MLEBYM,0.0532407407407407,216,devardaetal2024_rating
MLPNIP,0.07024016203703698,216,devardaetal2024_rating
MMAOAN,0.13151041666666674,216,devardaetal2024_rating
MMLSIH,0.09151204427083348,216,devardaetal2024_rating
MNRFGT,0.10285858294930872,217,devardaetal2024_rating
MPGKLQ,0.03338422461854462,213,devardaetal2024_rating
MUCFRH,0.10230396412037024,216,devardaetal2024_rating
MURHBB,0.07826063368055558,216,devardaetal2024_rating
MVXJKO,0.11833957373271886,217,devardaetal2024_rating
MXUECN,0.16326678240740722,216,devardaetal2024_rating
MZUUPS,0.05584490740740722,216,devardaetal2024_rating
MZYRUI,0.054973268289170485,217,devardaetal2024_rating
NAQLSQ,0.01567084800469476,213,devardaetal2024_rating
NDFPCN,0.05696464573732718,217,devardaetal2024_rating
NEGLLN,0.12439869068287046,216,devardaetal2024_rating
NGMBZS,0.088431631455399,213,devardaetal2024_rating
NIACKZ,0.04741753472222232,216,devardaetal2024_rating
NIEXIJ,0.053751440092165925,217,devardaetal2024_rating
NMLTGW,0.13576931423611116,216,devardaetal2024_rating
NMRKVM,0.07424587673611094,216,devardaetal2024_rating
NQBKSC,0.06168994815668194,217,devardaetal2024_rating
NQCTRJ,0.03677029079861116,216,devardaetal2024_rating
NSHVJR,0.06072771990740722,216,devardaetal2024_rating
NTEFMS,0.02808069299768512,216,devardaetal2024_rating
NTHZRD,0.04327618634259256,216,devardaetal2024_rating
NTVBZQ,0.04236518012152768,216,devardaetal2024_rating
NVHHPZ,0.05436197916666652,216,devardaetal2024_rating
NWLWST,0.04547345196759256,216,devardaetal2024_rating
NXVGVM,0.12791160300925908,216,devardaetal2024_rating
OCZXLD,0.07603624131944442,216,devardaetal2024_rating
ODGFQX,0.04036420830933174,217,devardaetal2024_rating
OHZDTP,0.04171865957754628,216,devardaetal2024_rating
OKEJTQ,0.05437554253472232,216,devardaetal2024_rating
OLZGGI,-0.007326511150234749,213,devardaetal2024_rating
OMIRBC,0.07945917693661975,213,devardaetal2024_rating
OMYWMF,0.11811568440380193,217,devardaetal2024_rating
OOSKCA,0.07655164930555558,216,devardaetal2024_rating
OPCIZS,0.05441623263888884,216,devardaetal2024_rating
OQBAWY,0.05863896122685186,216,devardaetal2024_rating
OQQWQD,0.07380280671296302,216,devardaetal2024_rating
OSEHZP,0.0918149594907407,216,devardaetal2024_rating
OTBPNW,0.07609953703703698,216,devardaetal2024_rating
OUECWQ,0.09053548177083326,216,devardaetal2024_rating
OZJKED,0.04911747685185186,216,devardaetal2024_rating
PEQQVD,0.0824833622685186,216,devardaetal2024_rating
PFCHYI,0.07548466435185186,216,devardaetal2024_rating
PFPKSF,0.08491798683449092,216,devardaetal2024_rating
PFRFCV,0.04482241030092604,216,devardaetal2024_rating
PITMNM,0.05554651331018512,216,devardaetal2024_rating
PMNLTI,0.04813639322916652,216,devardaetal2024_rating
POIDJR,0.11083984375,216,devardaetal2024_rating
POLKUP,0.07909704137731488,216,devardaetal2024_rating
POROYM,0.06641529224537046,216,devardaetal2024_rating
PPPJVQ,0.04110152633101849,216,devardaetal2024_rating
PWETSO,0.12777217741935498,217,devardaetal2024_rating
PWWLNL,0.05828179253472232,216,devardaetal2024_rating
QAHFTR,0.05386465567129628,216,devardaetal2024_rating
QBZRKT,0.0986328125,216,devardaetal2024_rating
QGMXVC,0.1296748408564814,216,devardaetal2024_rating
QILPTC,0.03630009403935186,216,devardaetal2024_rating
QIVTRF,0.05918149594907418,216,devardaetal2024_rating
QJJFGY,0.048963052255135975,216,devardaetal2024_rating
QKZJWX,0.06804435483870974,217,devardaetal2024_rating
QKZNYC,0.03455946180555558,216,devardaetal2024_rating
QPESEJ,0.0361395941840279,216,devardaetal2024_rating
QUIIVW,0.01844165943287046,216,devardaetal2024_rating
QUQTYF,0.01358145254629628,216,devardaetal2024_rating
QVRBSS,0.07207994058098577,213,devardaetal2024_rating
RAAUGI,0.07027180989583326,216,devardaetal2024_rating
RATUCL,-0.011572943793402679,216,devardaetal2024_rating
RAYCAI,0.03823061342592582,216,devardaetal2024_rating
RBKPAH,0.10458260995370372,216,devardaetal2024_rating
RCZBNN,0.02484809027777768,216,devardaetal2024_rating
RGVZQM,0.09514508928571441,217,devardaetal2024_rating
RGZAKL,0.047535211267605515,213,devardaetal2024_rating
RHBTMQ,0.015625,216,devardaetal2024_rating
RHRMLH,0.10428421585648162,216,devardaetal2024_rating
RNGQCL,0.02726689091435186,216,devardaetal2024_rating
RPVYCG,0.10600676359953698,216,devardaetal2024_rating
RRCQUS,0.09557653356481488,216,devardaetal2024_rating
RSPVOV,0.09945339626736094,216,devardaetal2024_rating
RSRVQX,0.05233651620370372,216,devardaetal2024_rating
RTBPMX,0.02663845486111116,216,devardaetal2024_rating
RTKVGS,0.06770833333333348,216,devardaetal2024_rating
RTYKTE,0.08730287905092582,216,devardaetal2024_rating
RVZMAN,0.06233723958333326,216,devardaetal2024_rating
RWRHNN,0.0916593309859155,213,devardaetal2024_rating
RYDPUA,0.10301265010127314,216,devardaetal2024_rating
RYJTON,0.06971571180555558,216,devardaetal2024_rating
RYLOQX,0.11879928023726838,216,devardaetal2024_rating
SAMDFR,0.038145539906103254,213,devardaetal2024_rating
SBKOKF,0.05730296947337954,216,devardaetal2024_rating
SCPVOI,0.07339590567129628,216,devardaetal2024_rating
SDQPGR,0.09593263968893995,217,devardaetal2024_rating
SDWMWO,0.09714084201388884,216,devardaetal2024_rating
SHGDFD,0.08561197916666674,216,devardaetal2024_rating
SIPNKO,0.09985577618634256,216,devardaetal2024_rating
SKCEGV,0.04038492838541652,216,devardaetal2024_rating
SKREMZ,0.08657045717592604,216,devardaetal2024_rating
SLHSVU,0.04922937463831023,216,devardaetal2024_rating
SLRYUQ,0.10072157118055558,216,devardaetal2024_rating
SLTZHV,0.04512080439814836,216,devardaetal2024_rating
SNZBLV,0.00928864655671291,216,devardaetal2024_rating
SOZCVT,0.0658139829282407,216,devardaetal2024_rating
SQEDFF,0.05850205399061048,213,devardaetal2024_rating
SRXWIP,0.0775824652777779,216,devardaetal2024_rating
SRZCKI,0.06958912037037046,216,devardaetal2024_rating
STEPTC,0.07574236834490744,216,devardaetal2024_rating
SWQTSF,0.08906611689814814,216,devardaetal2024_rating
TBDFIR,0.05582682291666652,216,devardaetal2024_rating
TCJOBA,0.0280942563657407,216,devardaetal2024_rating
TCLHRM,0.09674298321759278,216,devardaetal2024_rating
TDMOGW,0.10706018518518512,216,devardaetal2024_rating
TEJUWI,0.07653356481481488,216,devardaetal2024_rating
TFKIJS,0.05859530413592301,216,devardaetal2024_rating
TFOYLS,0.06130190248842604,216,devardaetal2024_rating
THBXYM,0.06226159037558676,213,devardaetal2024_rating
TLNIVM,0.1166811342592593,216,devardaetal2024_rating
TNQHCH,0.0825003164785878,216,devardaetal2024_rating
TOLABW,0.09401674623842582,216,devardaetal2024_rating
TOUNAI,0.05368494104456034,216,devardaetal2024_rating
TPJZID,0.062509169600939,213,devardaetal2024_rating
TRJBRI,0.07300708912037046,216,devardaetal2024_rating
TVBCWE,0.09521484375,216,devardaetal2024_rating
TWSZPJ,0.09162959346064814,216,devardaetal2024_rating
TWZDJO,0.07458948206018534,216,devardaetal2024_rating
TYUABG,0.09791758362676051,213,devardaetal2024_rating
UAOYKY,0.14202796478974644,217,devardaetal2024_rating
UBTSVK,0.07013165509259256,216,devardaetal2024_rating
UBZMKN,0.06780327690972232,216,devardaetal2024_rating
UECLLM,0.06516972294560186,216,devardaetal2024_rating
UFNLLW,0.04914460358796302,216,devardaetal2024_rating
UGDOBT,0.07801649305555558,216,devardaetal2024_rating
UHBSOC,0.051368104460093766,213,devardaetal2024_rating
ULDWLA,0.03123166079812223,213,devardaetal2024_rating
UMTTLY,0.0594776294849535,216,devardaetal2024_rating
UNCNYB,0.07399721498842604,216,devardaetal2024_rating
UOCBEQ,0.12510850694444442,216,devardaetal2024_rating
UOTEWX,0.06443062355990792,217,devardaetal2024_rating
UQBCRH,0.08486147280092604,216,devardaetal2024_rating
USKVTP,0.04156015985023043,217,devardaetal2024_rating
USNZJO,0.0172119140625,216,devardaetal2024_rating
USQSPE,0.10153099798387089,217,devardaetal2024_rating
USTIHB,0.05955655809859173,213,devardaetal2024_rating
UTIBOV,0.0834780092592593,216,devardaetal2024_rating
UTICZD,0.08393916377314814,216,devardaetal2024_rating
UWNLZB,0.1098451967592593,216,devardaetal2024_rating
VAUSIE,0.08950918692129628,216,devardaetal2024_rating
VBEHTO,0.01709097403067128,216,devardaetal2024_rating
VCCTVO,0.05425629792390052,216,devardaetal2024_rating
VCWGMP,0.08151584201388884,216,devardaetal2024_rating
VCWQRE,0.07510489004629628,216,devardaetal2024_rating
VGKJKO,0.09706398292824092,216,devardaetal2024_rating
VGPNKI,0.07326931423611116,216,devardaetal2024_rating
VGUCWW,0.07795093677662046,216,devardaetal2024_rating
VHRYDD,0.13981119791666674,216,devardaetal2024_rating
VICGJN,0.04848426496478875,213,devardaetal2024_rating
VJYZMH,0.07015200014467582,216,devardaetal2024_rating
VKBQBD,0.07679578993055558,216,devardaetal2024_rating
VKTWAF,0.0701887420794931,217,devardaetal2024_rating
VLNLBM,0.09759324596774199,217,devardaetal2024_rating
VMSNHV,0.0592818083586516,216,devardaetal2024_rating
VNCRED,0.05267137096774199,217,devardaetal2024_rating
VPQAYV,0.01101345486111116,216,devardaetal2024_rating
VQWPSB,0.02286105685763884,216,devardaetal2024_rating
VSDSLA,0.10085720486111116,216,devardaetal2024_rating
VSPZRA,0.15390805844907418,216,devardaetal2024_rating
VTRNQL,-0.0034620496961805802,216,devardaetal2024_rating
VWAITD,0.09288081416377314,216,devardaetal2024_rating
VXHKDY,0.1261167173032407,216,devardaetal2024_rating
VZCAIR,0.0611504448784721,216,devardaetal2024_rating
WBCLLP,0.053333837661384886,213,devardaetal2024_rating
WCLSCO,0.07959209389400912,217,devardaetal2024_rating
WCNHYJ,0.05786935152582173,213,devardaetal2024_rating
WCSEGR,0.10644981278801846,217,devardaetal2024_rating
WGELKH,0.093994140625,216,devardaetal2024_rating
WGMJDY,0.07792326877934275,213,devardaetal2024_rating
WGSVTR,0.07983054577464777,213,devardaetal2024_rating
WHTHXD,0.10115559895833326,216,devardaetal2024_rating
WIRKXL,0.05352105034722232,216,devardaetal2024_rating
WLRQPA,0.07108561197916674,216,devardaetal2024_rating
WMFZIQ,0.09661218317972353,217,devardaetal2024_rating
WOKDQA,0.08974880642361094,216,devardaetal2024_rating
WOXTKI,0.10620231807511749,213,devardaetal2024_rating
WPNMOU,0.1083622685185186,216,devardaetal2024_rating
WVCYQV,0.10447862413194442,216,devardaetal2024_rating
WWHUKY,0.05239076967592604,216,devardaetal2024_rating
WYCMBT,0.012943126537181715,216,devardaetal2024_rating
XCCDEN,0.03908680103443285,216,devardaetal2024_rating
XCKAFN,0.1149359809027779,216,devardaetal2024_rating
XCONSY,0.06207922307027669,217,devardaetal2024_rating
XEPQMC,0.03428593388310186,216,devardaetal2024_rating
XEUZYB,0.052239216549295975,213,devardaetal2024_rating
XEWEXZ,0.10106746831797242,217,devardaetal2024_rating
XJSVVG,0.14024974681712954,216,devardaetal2024_rating
XLCRVI,0.06634295428240744,216,devardaetal2024_rating
XLVQIM,0.08908420138888884,216,devardaetal2024_rating
XOVPDD,0.025061854609736645,216,devardaetal2024_rating
XPSNVO,0.17768916377314814,216,devardaetal2024_rating
XQHOAH,0.04098058629918977,216,devardaetal2024_rating
XROUJX,0.11002604166666674,216,devardaetal2024_rating
XTMGGQ,0.05784324363425908,216,devardaetal2024_rating
XVGQOD,0.08751085069444442,216,devardaetal2024_rating
XWHQPD,0.07991988570601838,216,devardaetal2024_rating
YAKTTZ,0.0340334281394008,217,devardaetal2024_rating
YARWSC,0.06344905369718301,213,devardaetal2024_rating
YDWOJR,0.10005868544600927,213,devardaetal2024_rating
YFRDQE,0.069753154342723,213,devardaetal2024_rating
YHRGJX,0.07767110475352124,213,devardaetal2024_rating
YIAUTT,0.10496442194835676,213,devardaetal2024_rating
YICCWP,0.03717097529658564,216,devardaetal2024_rating
YIJUVR,0.0429868344907407,216,devardaetal2024_rating
YKSBRQ,-0.004950629340277901,216,devardaetal2024_rating
YQUNDF,0.08031322337962954,216,devardaetal2024_rating
YUHHSJ,0.10694484447004604,217,devardaetal2024_rating
YVQUDH,0.05093270760995372,216,devardaetal2024_rating
ZCCDVB,0.12474325117370899,213,devardaetal2024_rating
ZDIYFI,0.0712528935185186,216,devardaetal2024_rating
ZDZMGP,0.06803085397465436,217,devardaetal2024_rating
ZEZGCL,0.14133029513888884,216,devardaetal2024_rating
ZFRWQW,0.0640190972222221,216,devardaetal2024_rating
ZGEEOY,0.08009168836805558,216,devardaetal2024_rating
ZGOJXN,0.11143211082175919,216,devardaetal2024_rating
ZHQPTY,0.0576058846932872,216,devardaetal2024_rating
ZHZRHO,0.0654794198495372,216,devardaetal2024_rating
ZKUIYT,0.06742180718315982,216,devardaetal2024_rating
ZLAGNN,0.08731192129629628,216,devardaetal2024_rating
ZMMYNU,0.07277199074074092,216,devardaetal2024_rating
ZNHCFF,0.06339066116898162,216,devardaetal2024_rating
ZNZWAS,0.04669189453125,216,devardaetal2024_rating
ZOKMQZ,0.05180302372685186,216,devardaetal2024_rating
ZOMDIL,0.012487340856481621,216,devardaetal2024_rating
ZPUSRA,0.05529333043981466,216,devardaetal2024_rating
ZQLNDF,0.05991391782407418,216,devardaetal2024_rating
ZQORVU,0.05744538483796302,216,devardaetal2024_rating
ZUGVPJ,0.05185409330985924,213,devardaetal2024_rating
ZUXZWD,0.10406350865610325,213,devardaetal2024_rating
ZVZYWE,0.030773021556712965,216,devardaetal2024_rating
ZWSZZU,0.06630678530092582,216,devardaetal2024_rating
ZYBQJU,0.02967085661711516,216,devardaetal2024_rating
ZZHSMO,0.09807219328703698,216,devardaetal2024_rating
10,0.07605164158686684,1462,frank2013_reading
100,0.02309827989311941,1497,frank2013_reading
102,0.053064536659877426,1473,frank2013_reading
104,0.028153200200534023,1496,frank2013_reading
105,0.02150759577278727,1514,frank2013_reading
107,0.015033466916780647,1466,frank2013_reading
108,0.07438812669376738,1476,frank2013_reading
110,0.029954993206521507,1472,frank2013_reading
114,0.03246562709590872,1491,frank2013_reading
12,0.0530585562414263,1458,frank2013_reading
13,0.06032613185723701,1513,frank2013_reading
14,0.04793333049693693,1469,frank2013_reading
17,0.04298228516978497,1443,frank2013_reading
18,0.07278707128446538,1487,frank2013_reading
2,0.017827988948425855,1493,frank2013_reading
20,0.05495072439353077,1484,frank2013_reading
26,0.0502109159779609,1452,frank2013_reading
28,0.05126523358158419,1477,frank2013_reading
29,0.05471919371196776,1479,frank2013_reading
3,0.05465565557065233,1472,frank2013_reading
31,0.027969063965170626,1493,frank2013_reading
32,0.01630344021376029,1497,frank2013_reading
33,0.03535622866894261,1465,frank2013_reading
35,0.05458686440677951,1475,frank2013_reading
37,0.011313211654386812,1493,frank2013_reading
38,0.06005299645987883,1483,frank2013_reading
39,0.05978954081632715,1470,frank2013_reading
4,0.11235447824609057,1471,frank2013_reading
41,0.03418033810792753,1501,frank2013_reading
42,0.05489167812929896,1454,frank2013_reading
44,0.07076075819672134,1464,frank2013_reading
46,0.03747697588747467,1493,frank2013_reading
47,0.023934755786248818,1469,frank2013_reading
5,0.04707478129205889,1486,frank2013_reading
50,0.0935065356648197,1444,frank2013_reading
54,0.05182256427604859,1478,frank2013_reading
55,0.05441448252688197,1488,frank2013_reading
57,0.025288098753280863,1524,frank2013_reading
58,0.023548728813559627,1475,frank2013_reading
6,0.08744461486025923,1467,frank2013_reading
61,0.01022862738419672,1468,frank2013_reading
62,0.026954177897574816,1484,frank2013_reading
63,0.06287126612355731,1473,frank2013_reading
64,0.014076384142173382,1463,frank2013_reading
66,0.02382785763175921,1461,frank2013_reading
67,0.05125826831750313,1474,frank2013_reading
68,0.07455023761031843,1473,frank2013_reading
70,0.04426725618131844,1456,frank2013_reading
71,0.052719629375428845,1457,frank2013_reading
73,0.04162085588633335,1478,frank2013_reading
74,0.019043945963975517,1499,frank2013_reading
75,0.05915933694181241,1478,frank2013_reading
76,0.029392149390243816,1476,frank2013_reading
78,0.03185216990616624,1492,frank2013_reading
79,0.041598886986300876,1460,frank2013_reading
8,0.052079884105959984,1510,frank2013_reading
80,0.05395691126279889,1465,frank2013_reading
82,0.05276779603011672,1461,frank2013_reading
84,0.064651816608996,1445,frank2013_reading
86,0.015315969812630392,1441,frank2013_reading
87,0.04702161528150128,1492,frank2013_reading
9,0.04391145833333354,1500,frank2013_reading
90,0.02808262711864451,1475,frank2013_reading
92,0.05166433299388995,1473,frank2013_reading
93,0.0319169207317076,1476,frank2013_reading
96,0.06868423285811254,1473,frank2013_reading
97,0.06565116887648337,1433,frank2013_reading
98,0.037509319085486936,1509,frank2013_reading
1,0.08479391244741585,520,guenther2020LDT
10,0.04060076200045071,520,guenther2020LDT
100,0.10733413696289065,520,guenther2020LDT
101,0.05130533071664661,520,guenther2020LDT
102,0.08142588688777047,520,guenther2020LDT
103,0.13585146390474762,520,guenther2020LDT
104,0.008641169621394232,520,guenther2020LDT
105,0.09632838322566109,520,guenther2020LDT
106,0.1265312194824219,520,guenther2020LDT
107,0.04765378511868995,520,guenther2020LDT
108,0.1001089829664964,520,guenther2020LDT
109,0.12063451913686901,520,guenther2020LDT
11,0.07641325730543869,520,guenther2020LDT
110,0.12460769005263633,518,guenther2020LDT
111,0.07637910109299884,520,guenther2020LDT
112,0.09064237154447116,520,guenther2020LDT
113,0.03354529892615826,518,guenther2020LDT
114,0.07532923771784858,520,guenther2020LDT
115,0.09038906023769305,518,guenther2020LDT
116,0.09012691791240987,520,guenther2020LDT
117,0.09503297072190503,520,guenther2020LDT
118,0.141300157230333,518,guenther2020LDT
119,0.06190836979792669,520,guenther2020LDT
12,0.03581249530498798,520,guenther2020LDT
120,0.10848024808443507,520,guenther2020LDT
121,0.10288573044996999,520,guenther2020LDT
122,0.09466805091271036,520,guenther2020LDT
123,0.1148521983025157,518,guenther2020LDT
124,0.08193517831655645,520,guenther2020LDT
125,0.012702296330378605,520,guenther2020LDT
126,0.08710667536808897,520,guenther2020LDT
127,0.0940097528995234,518,guenther2020LDT
128,0.07751482450045072,520,guenther2020LDT
129,0.12815211369441107,520,guenther2020LDT
13,0.11790706927959732,520,guenther2020LDT
130,0.07427068857046276,520,guenther2020LDT
131,0.11071589543269228,520,guenther2020LDT
132,0.06098063542292664,520,guenther2020LDT
133,0.0822689349834736,520,guenther2020LDT
134,0.12329667139237449,518,guenther2020LDT
135,0.1281055157001202,520,guenther2020LDT
136,0.08974836783979848,518,guenther2020LDT
137,0.09619005643404449,520,guenther2020LDT
138,0.06767343374399037,520,guenther2020LDT
139,0.12570891509184967,518,guenther2020LDT
14,0.022233698918269207,520,guenther2020LDT
140,0.07787761909160834,518,guenther2020LDT
141,0.05418800940880414,520,guenther2020LDT
142,0.0845999497633714,520,guenther2020LDT
143,0.07658978975736178,520,guenther2020LDT
144,0.12266334327491557,518,guenther2020LDT
145,0.12350293673001803,520,guenther2020LDT
146,0.04290554340069108,520,guenther2020LDT
15,0.08791392399714543,520,guenther2020LDT
16,0.0558542104867788,520,guenther2020LDT
17,0.12561942435599663,518,guenther2020LDT
18,0.0703284630408654,520,guenther2020LDT
19,0.05617206280048076,520,guenther2020LDT
2,0.1271297161395733,520,guenther2020LDT
20,0.023135610727163525,520,guenther2020LDT
21,0.10081611046424277,520,guenther2020LDT
22,0.08952889075646031,520,guenther2020LDT
23,0.004002262995793315,520,guenther2020LDT
24,0.12345193716195915,520,guenther2020LDT
25,0.08859100341796874,520,guenther2020LDT
26,0.09985803457406853,520,guenther2020LDT
27,0.06644351665790266,520,guenther2020LDT
28,0.06581092247596154,520,guenther2020LDT
29,0.10233195378230167,520,guenther2020LDT
3,0.12430701622596152,520,guenther2020LDT
30,0.055867356520432676,520,guenther2020LDT
31,0.10997026883638827,520,guenther2020LDT
32,0.05955676222399853,518,guenther2020LDT
33,0.03806827251727768,520,guenther2020LDT
34,0.08839739285982573,520,guenther2020LDT
35,0.011082399808443512,520,guenther2020LDT
36,0.06485314002403847,520,guenther2020LDT
37,0.07282386192908652,520,guenther2020LDT
38,0.10557567889873798,520,guenther2020LDT
39,0.13441596896491914,518,guenther2020LDT
4,0.1379871074969952,520,guenther2020LDT
40,0.12714421198918271,520,guenther2020LDT
41,0.05344314575195312,520,guenther2020LDT
42,0.09383098895733175,520,guenther2020LDT
43,0.1284490732046274,520,guenther2020LDT
44,0.09033613938551682,520,guenther2020LDT
45,0.05415643545297477,520,guenther2020LDT
46,0.07667735173152046,520,guenther2020LDT
47,0.0613165635329026,520,guenther2020LDT
48,0.10382003784179686,520,guenther2020LDT
49,0.10786191500150238,520,guenther2020LDT
5,0.06613235473632811,520,guenther2020LDT
50,0.09775640421392373,518,guenther2020LDT
51,0.09724555382361777,520,guenther2020LDT
52,0.09533262986403246,520,guenther2020LDT
53,0.10729703571805622,518,guenther2020LDT
54,0.0900644742525541,520,guenther2020LDT
55,0.13025354238656853,520,guenther2020LDT
56,0.089436281644381,520,guenther2020LDT
57,0.09078826904296877,520,guenther2020LDT
58,0.07866866063887551,518,guenther2020LDT
59,0.11094407301682693,520,guenther2020LDT
6,0.07017634465144232,520,guenther2020LDT
60,0.11878507754057066,518,guenther2020LDT
61,0.13982264691798385,518,guenther2020LDT
62,0.03655793768098459,518,guenther2020LDT
63,0.12627827570988584,520,guenther2020LDT
64,0.048209909292367736,520,guenther2020LDT
65,0.09365668663611779,520,guenther2020LDT
66,0.1118141174316406,520,guenther2020LDT
67,0.13224921593299277,520,guenther2020LDT
68,0.018635676457331732,520,guenther2020LDT
69,0.10054233257587142,520,guenther2020LDT
7,0.09031078632061301,520,guenther2020LDT
70,0.08919771634615387,520,guenther2020LDT
71,0.09988626333383413,520,guenther2020LDT
72,0.11284085787259612,520,guenther2020LDT
73,0.10339502754358709,518,guenther2020LDT
74,0.06983595628004807,520,guenther2020LDT
75,0.12177094679612382,520,guenther2020LDT
76,0.11433093731219951,520,guenther2020LDT
77,0.13427646343524638,520,guenther2020LDT
78,0.07936213566706729,520,guenther2020LDT
79,0.08469660832331732,520,guenther2020LDT
8,0.1231961047787464,518,guenther2020LDT
80,0.07090935340294474,520,guenther2020LDT
81,0.062400172306941115,520,guenther2020LDT
82,0.02845905010516825,520,guenther2020LDT
83,0.09904309786283055,520,guenther2020LDT
84,0.06825373722956729,520,guenther2020LDT
85,0.1467562748835637,520,guenther2020LDT
86,0.11299150975054295,518,guenther2020LDT
87,0.08621186363190761,518,guenther2020LDT
88,0.013170682466947116,520,guenther2020LDT
89,0.07474582378680888,520,guenther2020LDT
9,0.13915645892803485,520,guenther2020LDT
90,0.12226409912109376,520,guenther2020LDT
91,0.13395121647761418,520,guenther2020LDT
92,0.18032185481144833,520,guenther2020LDT
93,0.0717572725736178,520,guenther2020LDT
94,0.08028969397911662,520,guenther2020LDT
95,0.11751785278320309,520,guenther2020LDT
96,0.1037090993756033,518,guenther2020LDT
97,0.10527267456054684,520,guenther2020LDT
98,0.046481910118689906,520,guenther2020LDT
99,0.07310309776893031,520,guenther2020LDT
1,0.15811444796048676,520,guenther2020TS
10,0.1377659724308894,520,guenther2020TS
100,0.11584883469801682,520,guenther2020TS
101,0.004889678955078124,520,guenther2020TS
102,0.054845272344051677,518,guenther2020TS
103,0.19749691302959738,520,guenther2020TS
104,0.18448245708759015,520,guenther2020TS
105,0.1197789118840144,520,guenther2020TS
106,0.10003175001878006,520,guenther2020TS
107,0.14848820612980768,520,guenther2020TS
108,0.11294473501352165,520,guenther2020TS
109,0.13337896045110403,518,guenther2020TS
11,0.08338294396033658,520,guenther2020TS
110,0.09501366248497595,520,guenther2020TS
111,0.14783401489257814,520,guenther2020TS
112,0.08365044227013224,520,guenther2020TS
113,0.12909088134765623,520,guenther2020TS
114,0.1420701246995192,520,guenther2020TS
115,0.08101243239182693,520,guenther2020TS
116,0.1273402287409856,520,guenther2020TS
117,0.09090012770432687,520,guenther2020TS
118,0.19711632361778847,520,guenther2020TS
119,0.1525212214543269,520,guenther2020TS
12,0.11832228440504805,520,guenther2020TS
120,0.2240672184870793,520,guenther2020TS
121,0.15312863863431492,520,guenther2020TS
122,0.1776560269869291,520,guenther2020TS
123,0.1111011798565204,520,guenther2020TS
124,0.02867243840144229,520,guenther2020TS
125,0.07183478513739744,518,guenther2020TS
126,0.10133226834810696,520,guenther2020TS
127,0.1798802302433894,520,guenther2020TS
128,0.09376379159780651,520,guenther2020TS
129,0.10999785203200119,520,guenther2020TS
13,0.11225421612079328,520,guenther2020TS
130,-0.000994168795072116,520,guenther2020TS
131,0.1224680387056791,520,guenther2020TS
132,0.10430338932917671,520,guenther2020TS
133,0.16655631432166468,520,guenther2020TS
134,0.1055014977088341,520,guenther2020TS
135,0.11676541841947113,520,guenther2020TS
136,0.004750941349909856,520,guenther2020TS
137,0.11306979839618392,520,guenther2020TS
138,0.18073824368990385,520,guenther2020TS
139,0.22535693828876202,520,guenther2020TS
14,0.08525742750901444,520,guenther2020TS
140,0.09831803369706205,518,guenther2020TS
141,0.162461676964393,520,guenther2020TS
142,0.07553423368013817,520,guenther2020TS
143,0.14298794086162864,520,guenther2020TS
144,0.12923912635216347,520,guenther2020TS
145,0.11976122764086633,518,guenther2020TS
15,0.10739710881159859,520,guenther2020TS
16,0.13070666973407452,520,guenther2020TS
17,0.16860838194151184,518,guenther2020TS
18,0.0691746051494892,520,guenther2020TS
19,0.0620920034555289,520,guenther2020TS
2,0.08676065298227165,520,guenther2020TS
20,0.16078074528620795,520,guenther2020TS
21,0.12909493079552284,520,guenther2020TS
22,0.15480986375075123,520,guenther2020TS
23,0.09410822941706726,520,guenther2020TS
24,0.1720477365618967,518,guenther2020TS
25,0.18037520188551684,520,guenther2020TS
26,0.14792671350898887,518,guenther2020TS
27,0.009338025420789093,518,guenther2020TS
28,0.08720515324519235,520,guenther2020TS
29,0.09920366727388819,520,guenther2020TS
3,0.08945538730694985,518,guenther2020TS
30,0.09451880821814906,520,guenther2020TS
31,0.14802181537334738,520,guenther2020TS
32,0.1341122553898738,520,guenther2020TS
33,0.13335318932166468,520,guenther2020TS
34,0.08000470674954924,520,guenther2020TS
35,0.10450157752403849,520,guenther2020TS
36,0.07606993455153249,520,guenther2020TS
37,0.14016511541535956,518,guenther2020TS
38,0.11103809063251202,520,guenther2020TS
39,0.1043980525090144,520,guenther2020TS
4,0.12533804086538464,520,guenther2020TS
40,0.018947190504807643,520,guenther2020TS
41,0.11933186063435086,518,guenther2020TS
42,0.07708916297325719,520,guenther2020TS
43,0.10669878446138825,520,guenther2020TS
44,0.012203568678635816,520,guenther2020TS
45,0.06362184502443291,518,guenther2020TS
46,0.09516613300030047,520,guenther2020TS
47,0.17512025099534254,520,guenther2020TS
48,0.15691264225886417,520,guenther2020TS
49,0.0553171011117789,520,guenther2020TS
5,0.010272744985727165,520,guenther2020TS
50,0.09428135798527648,520,guenther2020TS
51,0.013735796954180743,518,guenther2020TS
52,0.1682573708788308,518,guenther2020TS
53,0.11121961153470553,520,guenther2020TS
54,0.014417501596304085,520,guenther2020TS
55,0.13508658775916468,520,guenther2020TS
56,0.15051727294921877,520,guenther2020TS
57,0.07883019080528847,520,guenther2020TS
58,0.12196608323317307,520,guenther2020TS
59,0.1300267146183894,520,guenther2020TS
6,0.12421376154972957,520,guenther2020TS
60,0.12591411340190636,518,guenther2020TS
61,0.13817842923677884,520,guenther2020TS
62,0.1451925424429087,520,guenther2020TS
63,0.08065430630127896,518,guenther2020TS
64,0.16306131134622348,518,guenther2020TS
65,0.0491095909705529,520,guenther2020TS
66,0.08965506920447713,520,guenther2020TS
67,0.1289529653695914,520,guenther2020TS
68,0.08752353374774641,520,guenther2020TS
69,0.16795671903170073,520,guenther2020TS
7,0.11478095421424275,520,guenther2020TS
70,0.1130764301006611,520,guenther2020TS
71,0.15792160034179692,520,guenther2020TS
72,0.18575843604835307,518,guenther2020TS
73,0.07631953312800482,520,guenther2020TS
74,0.127927985558143,520,guenther2020TS
75,0.12972288865309495,520,guenther2020TS
76,0.15935874352088342,520,guenther2020TS
77,0.09515098071006278,518,guenther2020TS
78,0.08481445312500002,520,guenther2020TS
79,0.10415414663461536,520,guenther2020TS
8,0.10161320612980768,520,guenther2020TS
80,0.14702923114483174,520,guenther2020TS
81,0.12452181302584137,520,guenther2020TS
82,0.12972605778620794,520,guenther2020TS
83,0.14449065808623912,518,guenther2020TS
84,0.11088978694035456,520,guenther2020TS
85,0.12560735849233776,520,guenther2020TS
86,0.17123694786658653,520,guenther2020TS
87,0.11460577157827523,520,guenther2020TS
88,0.14996871948242185,520,guenther2020TS
89,0.12775162916917066,520,guenther2020TS
9,0.014312215951772837,520,guenther2020TS
90,0.14646013700045074,520,guenther2020TS
91,0.11678666334885818,520,guenther2020TS
92,0.12337153508112977,520,guenther2020TS
93,0.10269264808067907,520,guenther2020TS
94,0.09642832829402043,520,guenther2020TS
95,0.059470367431640636,520,guenther2020TS
96,0.15619700505183295,520,guenther2020TS
97,0.11010366586538467,520,guenther2020TS
98,0.10521029321383324,518,guenther2020TS
99,0.13302459716796877,520,guenther2020TS
1,-0.12156427556818139,55,guenther2022relational
10,0.276123046875,55,guenther2022relational
100,0.14372336647727302,55,guenther2022relational
101,0.08645907315340873,55,guenther2022relational
102,-0.0017333984375000888,55,guenther2022relational
103,-0.019054066051136243,55,guenther2022relational
104,-0.08000543767755675,55,guenther2022relational
105,-0.04080033735795441,55,guenther2022relational
106,0.10846058238636402,55,guenther2022relational
107,0.1850053267045455,55,guenther2022relational
108,-0.08592140891335243,55,guenther2022relational
109,0.21014293323863598,55,guenther2022relational
11,0.01244673295454568,55,guenther2022relational
110,0.14622247869318183,55,guenther2022relational
111,0.07512539950284092,55,guenther2022relational
112,0.2305852716619321,55,guenther2022relational
113,0.20062311345880657,55,guenther2022relational
114,0.07622236772017033,55,guenther2022relational
115,0.018424294211647485,55,guenther2022relational
116,0.04948952414772734,55,guenther2022relational
117,0.08136874112215908,55,guenther2022relational
118,-0.14649769176136385,55,guenther2022relational
119,-0.06014792702414784,55,guenther2022relational
12,-0.2609191894531251,55,guenther2022relational
120,-0.03983098810369334,55,guenther2022relational
121,-0.005892666903409172,55,guenther2022relational
122,0.20032848011363624,55,guenther2022relational
123,-0.11466341885653408,55,guenther2022relational
124,0.11119162819602302,55,guenther2022relational
125,0.26123435280539775,55,guenther2022relational
126,0.027353182705966095,55,guenther2022relational
127,0.2780772816051136,55,guenther2022relational
128,0.289688387784091,55,guenther2022relational
129,0.10867697975852275,55,guenther2022relational
13,0.18442327325994334,55,guenther2022relational
130,0.068435946377841,55,guenther2022relational
131,-0.045236483487216095,55,guenther2022relational
132,0.028249289772727337,55,guenther2022relational
133,-0.09445578835227275,55,guenther2022relational
134,0.06729791814630692,55,guenther2022relational
135,0.09237559925426142,55,guenther2022relational
136,-0.0427112926136366,55,guenther2022relational
137,-0.15627663352272725,55,guenther2022relational
138,0.07274225408380675,55,guenther2022relational
139,-0.0357893510298295,55,guenther2022relational
14,0.12241543856534065,55,guenther2022relational
140,0.17029030539772716,55,guenther2022relational
141,0.06382779208096556,55,guenther2022relational
142,0.17442016601562482,55,guenther2022relational
143,-0.1881641734730115,55,guenther2022relational
144,0.15957919034090917,55,guenther2022relational
145,0.055152476917613935,55,guenther2022relational
146,0.10495827414772707,55,guenther2022relational
147,0.21016457297585234,55,guenther2022relational
148,0.15007379705255675,55,guenther2022relational
149,0.12434747869318175,55,guenther2022relational
15,-0.16163829456676115,55,guenther2022relational
150,-0.13677645596590882,55,guenther2022relational
151,0.079452237215909,55,guenther2022relational
152,0.040327037464488846,55,guenther2022relational
153,-0.019287109375,55,guenther2022relational
154,0.022163529829545503,55,guenther2022relational
155,-0.04912941672585225,55,guenther2022relational
156,0.12010830965909092,55,guenther2022relational
157,-0.02346690784801142,55,guenther2022relational
158,-0.07803788618607976,55,guenther2022relational
159,0.25641257546164775,55,guenther2022relational
16,-0.0453130548650571,55,guenther2022relational
160,0.24400690252130675,55,guenther2022relational
161,-0.12447842684659083,55,guenther2022relational
162,-0.08691184303977284,55,guenther2022relational
163,0.06093916459517024,55,guenther2022relational
164,-0.055078124999999645,55,guenther2022relational
165,0.09303977272727249,55,guenther2022relational
166,0.033795720880681834,55,guenther2022relational
167,0.07369717684659083,55,guenther2022relational
168,0.009584738991477604,55,guenther2022relational
169,-0.11977483575994308,55,guenther2022relational
17,0.14722123579545476,55,guenther2022relational
170,0.10421641956676142,55,guenther2022relational
171,0.24121593128551133,55,guenther2022relational
172,0.2425864479758526,55,guenther2022relational
173,0.09458451704545467,55,guenther2022relational
174,-0.10963301225142041,55,guenther2022relational
175,-0.14178078391335225,55,guenther2022relational
176,0.1348039106889205,55,guenther2022relational
177,0.2439536354758527,55,guenther2022relational
178,-0.09713800603693157,55,guenther2022relational
179,0.04045909534801151,55,guenther2022relational
18,0.07751242897727284,55,guenther2022relational
180,0.11017511541193192,55,guenther2022relational
181,0.21289894797585207,55,guenther2022relational
182,-0.0674210981889205,55,guenther2022relational
183,-0.19984741210937473,55,guenther2022relational
184,0.012745805220170325,55,guenther2022relational
185,0.11363469904119317,55,guenther2022relational
186,0.0879744096235795,55,guenther2022relational
187,0.0688115900213071,55,guenther2022relational
188,0.18638527610085198,55,guenther2022relational
189,0.03834117542613624,55,guenther2022relational
19,0.009529807350852515,55,guenther2022relational
190,-0.2832874644886365,55,guenther2022relational
191,0.18627041903409092,55,guenther2022relational
192,-0.07125466086647725,55,guenther2022relational
193,0.18603071732954568,55,guenther2022relational
194,0.11175204190340926,55,guenther2022relational
195,-0.12302911931818183,55,guenther2022relational
196,-0.050038285688920325,55,guenther2022relational
197,0.18195578835227266,55,guenther2022relational
198,-0.08865855823863633,55,guenther2022relational
199,-0.018692294034090562,55,guenther2022relational
2,-0.005042613636363491,55,guenther2022relational
20,0.2059647993607956,55,guenther2022relational
200,0.06427501331676133,55,guenther2022relational
201,0.09198275479403417,55,guenther2022relational
202,-0.07055608575994299,55,guenther2022relational
203,-0.07945334694602257,55,guenther2022relational
204,-0.17000233043323876,55,guenther2022relational
205,0.18604347922585251,55,guenther2022relational
206,-0.11304154829545432,55,guenther2022relational
207,-0.28724254261363624,55,guenther2022relational
208,0.08004261363636367,55,guenther2022relational
209,0.22235384854403417,55,guenther2022relational
21,0.09175248579545459,55,guenther2022relational
210,0.11355146928267024,55,guenther2022relational
211,0.10879239169034083,55,guenther2022relational
212,0.09099287553267033,55,guenther2022relational
213,0.04978082830255692,55,guenther2022relational
214,-0.008432284268466095,55,guenther2022relational
215,0.03249234286221592,55,guenther2022relational
216,-0.06418290571732976,55,guenther2022relational
217,-0.008216441761363935,55,guenther2022relational
218,-0.0831548517400571,55,guenther2022relational
219,0.0902232776988634,55,guenther2022relational
22,0.26247059215198876,55,guenther2022relational
220,0.06184747869318219,55,guenther2022relational
221,0.14393920898437518,55,guenther2022relational
222,0.13431119051846574,55,guenther2022relational
223,0.27426702325994334,55,guenther2022relational
224,-0.04001298384232932,55,guenther2022relational
225,-0.03189253373579559,55,guenther2022relational
226,0.04348699396306843,55,guenther2022relational
227,0.10922407670454515,55,guenther2022relational
228,0.01586636629971583,55,guenther2022relational
229,0.31761752041903435,55,guenther2022relational
23,-0.16234463778409092,55,guenther2022relational
230,0.15845614346590908,55,guenther2022relational
231,0.027600097656249822,55,guenther2022relational
232,0.1370278098366473,55,guenther2022relational
233,0.17368441495028408,55,guenther2022relational
234,0.013964843750000178,55,guenther2022relational
235,-0.20023304332386394,55,guenther2022relational
236,-0.051884876598011775,55,guenther2022relational
237,-0.015798672762783905,55,guenther2022relational
238,0.2767505992542616,55,guenther2022relational
239,0.1795670942826706,55,guenther2022relational
24,0.09971868341619317,55,guenther2022relational
240,-0.04166259765624991,55,guenther2022relational
241,0.16460127397017077,55,guenther2022relational
242,-0.07863103693181817,55,guenther2022relational
243,0.1967834472656249,55,guenther2022relational
244,0.09732998934659065,55,guenther2022relational
245,-0.16990800337357959,55,guenther2022relational
246,-0.13353604403409092,55,guenther2022relational
247,-0.014165150035511331,55,guenther2022relational
248,0.10613014914772734,55,guenther2022relational
249,-0.07134954279119299,55,guenther2022relational
25,0.07973577325994308,55,guenther2022relational
250,-0.003958962180397485,55,guenther2022relational
251,0.08453258167613642,55,guenther2022relational
252,-0.04915937943892024,55,guenther2022relational
253,-0.027351518110795503,55,guenther2022relational
254,0.025176447088068432,55,guenther2022relational
255,-0.1818964177911928,55,guenther2022relational
256,0.07168412642045485,55,guenther2022relational
257,0.1149502840909089,55,guenther2022relational
258,0.26905129172585207,55,guenther2022relational
259,0.11942194158380648,55,guenther2022relational
26,0.10069524591619317,55,guenther2022relational
260,0.019762073863636598,55,guenther2022relational
261,-0.022009832208806923,55,guenther2022relational
262,-0.2037148215553981,55,guenther2022relational
263,0.15746681906960225,55,guenther2022relational
264,0.11527099609374991,55,guenther2022relational
265,-0.12528076171875036,55,guenther2022relational
266,0.1470220392400572,55,guenther2022relational
267,0.09651267311789802,55,guenther2022relational
268,0.04904452237215917,55,guenther2022relational
269,0.25149036754261367,55,guenther2022relational
27,0.2330610795454544,55,guenther2022relational
270,-0.05408824573863624,55,guenther2022relational
271,-0.08401988636363633,55,guenther2022relational
272,0.18321644176136376,55,guenther2022relational
273,-0.028135542436079408,55,guenther2022relational
274,0.014058615944602337,55,guenther2022relational
275,-0.08700228604403426,55,guenther2022relational
276,-0.02426535866477275,55,guenther2022relational
277,0.049911221590908994,55,guenther2022relational
278,0.21493974165482976,55,guenther2022relational
279,0.1240900213068179,55,guenther2022relational
28,0.27376819957386367,55,guenther2022relational
280,0.2575772372159091,55,guenther2022relational
281,0.12411831942471574,55,guenther2022relational
282,-0.18091652610085207,55,guenther2022relational
283,0.03012362393465917,55,guenther2022relational
284,0.004035533558238491,55,guenther2022relational
285,-0.08568781072443166,55,guenther2022relational
286,0.09615811434659083,55,guenther2022relational
287,-0.18199573863636376,55,guenther2022relational
288,-0.03592917702414766,55,guenther2022relational
289,0.13767755681818183,55,guenther2022relational
29,0.131362637606534,55,guenther2022relational
290,0.027967973188920858,55,guenther2022relational
291,0.07534290660511367,55,guenther2022relational
292,-0.04526367187499991,55,guenther2022relational
293,0.21762195933948858,55,guenther2022relational
294,0.2570573286576705,55,guenther2022relational
295,0.08012029474431825,55,guenther2022relational
296,0.04791426225142015,55,guenther2022relational
297,0.1051025390625,55,guenther2022relational
298,0.07770774147727266,55,guenther2022relational
299,0.14399414062499982,55,guenther2022relational
3,0.007685435901988669,55,guenther2022relational
30,0.13578213778409065,55,guenther2022relational
300,-0.12757901278409056,55,guenther2022relational
301,-0.0736905184659089,55,guenther2022relational
302,0.2016063343394885,55,guenther2022relational
303,0.053287020596591184,55,guenther2022relational
304,0.030869917436079586,55,guenther2022relational
305,0.12302911931818183,55,guenther2022relational
306,0.08519786487926151,55,guenther2022relational
307,-0.02780262340198858,55,guenther2022relational
308,0.21324795809659092,55,guenther2022relational
309,0.04663529829545476,55,guenther2022relational
31,-0.1140841397372161,55,guenther2022relational
310,-0.058424516157670414,55,guenther2022relational
311,-0.04718905362215908,55,guenther2022relational
312,0.30985995205965944,55,guenther2022relational
313,-0.09176580255681843,55,guenther2022relational
314,0.1122358842329545,55,guenther2022relational
315,0.09035921963778426,55,guenther2022relational
316,0.24687888405539749,55,guenther2022relational
317,0.11669477982954524,55,guenther2022relational
318,-0.06788052645596565,55,guenther2022relational
319,0.08380404385653373,55,guenther2022relational
32,-0.01660378196022716,55,guenther2022relational
320,-0.016557173295454586,55,guenther2022relational
321,0.01687400124289784,55,guenther2022relational
322,0.052259965376420414,55,guenther2022relational
323,-0.03848377574573858,55,guenther2022relational
324,0.00395563299005719,55,guenther2022relational
325,0.13830843838778417,55,guenther2022relational
326,0.05973399769176169,55,guenther2022relational
327,0.17010442560369343,55,guenther2022relational
328,-0.030317826704545414,55,guenther2022relational
329,0.013077059659091006,55,guenther2022relational
33,0.08984430486505657,55,guenther2022relational
330,-0.07849842418323849,55,guenther2022relational
331,0.14997392134232923,55,guenther2022relational
332,0.06696777343749982,55,guenther2022relational
333,0.01877441406249991,55,guenther2022relational
334,0.12485739968039766,55,guenther2022relational
335,0.0005104758522729291,55,guenther2022relational
336,0.05799449573863669,55,guenther2022relational
337,0.036851362748579586,55,guenther2022relational
338,0.17712124911221583,55,guenther2022relational
339,-0.022599098899147574,55,guenther2022relational
34,0.07091341885653435,55,guenther2022relational
340,0.12642433860085234,55,guenther2022relational
341,0.06900690252130692,55,guenther2022relational
342,0.09682839133522725,55,guenther2022relational
343,-0.04211148348721583,55,guenther2022relational
344,0.08701948686079541,55,guenther2022relational
345,-0.21707597212357932,55,guenther2022relational
346,0.1368652343750001,55,guenther2022relational
347,0.09553611061789802,55,guenther2022relational
348,-0.1690296519886365,55,guenther2022relational
349,0.1853754216974428,55,guenther2022relational
35,0.0331554066051134,55,guenther2022relational
350,0.27383866743607976,55,guenther2022relational
351,0.09055009321732932,55,guenther2022relational
352,-0.1371532093394885,55,guenther2022relational
353,0.09238947088068183,55,guenther2022relational
354,0.19766956676136394,55,guenther2022relational
355,0.0028742009943183433,55,guenther2022relational
356,-0.026787775213068077,55,guenther2022relational
357,-0.051213489879261775,55,guenther2022relational
358,0.1443120783025571,55,guenther2022relational
359,0.0643177379261366,55,guenther2022relational
36,0.20904319069602284,55,guenther2022relational
360,-0.030229048295454586,55,guenther2022relational
361,0.07546664151278426,55,guenther2022relational
362,-0.11040926846590882,55,guenther2022relational
363,0.12970525568181834,55,guenther2022relational
364,-0.04562266956676142,55,guenther2022relational
365,0.052627840909091006,55,guenther2022relational
366,0.09321122602982967,55,guenther2022relational
367,0.04819613370028408,55,guenther2022relational
368,-0.18214721679687518,55,guenther2022relational
369,-0.14135409268465926,55,guenther2022relational
37,0.14554387872869334,55,guenther2022relational
370,0.19188454367897734,55,guenther2022relational
371,0.1264287775213071,55,guenther2022relational
372,-0.11176147460937536,55,guenther2022relational
373,0.24229902787642033,55,guenther2022relational
374,0.1871393377130679,55,guenther2022relational
375,0.01803977272727275,55,guenther2022relational
376,0.13266546075994334,55,guenther2022relational
377,-0.0175115411931821,55,guenther2022relational
378,-0.12624622691761367,55,guenther2022relational
379,-0.0333479447798295,55,guenther2022relational
38,-0.09766457297585251,55,guenther2022relational
380,0.2904463334517047,55,guenther2022relational
381,0.22626953125000027,55,guenther2022relational
382,-0.16908180930397698,55,guenther2022relational
383,0.0005043723366475739,55,guenther2022relational
384,0.042128684303977426,55,guenther2022relational
385,0.1895235928622161,55,guenther2022relational
386,-0.004509943181818521,55,guenther2022relational
387,0.18656782670454541,55,guenther2022relational
388,0.05611683238636367,55,guenther2022relational
389,0.05379749644886367,55,guenther2022relational
39,0.07847345525568183,55,guenther2022relational
390,0.01699440696022725,55,guenther2022relational
391,0.03548473011363651,55,guenther2022relational
392,0.05520518909801142,55,guenther2022relational
393,-0.129165371981534,55,guenther2022relational
394,0.019949063387783905,55,guenther2022relational
395,0.05054099343039775,55,guenther2022relational
396,0.10672496448863633,55,guenther2022relational
397,-0.21690007990056825,55,guenther2022relational
398,-0.1933688077059661,55,guenther2022relational
399,0.10108309659090908,55,guenther2022relational
4,0.03002097389914793,55,guenther2022relational
40,0.40768931995738633,55,guenther2022relational
400,-0.144072931463068,55,guenther2022relational
41,0.3285150701349431,55,guenther2022relational
42,0.05654685280539784,55,guenther2022relational
43,0.2196577592329545,55,guenther2022relational
44,0.18028841885653435,55,guenther2022relational
45,-0.0443858753551134,55,guenther2022relational
46,0.18944813121448867,55,guenther2022relational
47,-0.10109197443181817,55,guenther2022relational
48,0.20629216974431808,55,guenther2022relational
49,-0.03772083629261358,55,guenther2022relational
5,-0.03723310990767059,55,guenther2022relational
50,-0.13968006480823858,55,guenther2022relational
51,-0.20886674360795476,55,guenther2022relational
52,0.02855945933948867,55,guenther2022relational
53,0.1388777299360795,55,guenther2022relational
54,-0.011595015092329852,55,guenther2022relational
55,0.35189098011363606,55,guenther2022relational
56,0.2148148970170456,55,guenther2022relational
57,0.11321078213778435,55,guenther2022relational
58,0.10063476562500018,55,guenther2022relational
59,-0.043830455433238935,55,guenther2022relational
6,0.14648548473011358,55,guenther2022relational
60,0.011467396129261509,55,guenther2022relational
61,0.08787786310369317,55,guenther2022relational
62,0.05509088689630692,55,guenther2022relational
63,0.16446144797585216,55,guenther2022relational
64,-0.21955788352272698,55,guenther2022relational
65,0.07926025390625036,55,guenther2022relational
66,0.09173417524857941,55,guenther2022relational
67,-0.06331232244318175,55,guenther2022relational
68,0.17270951704545467,55,guenther2022relational
69,0.12341530539772716,55,guenther2022relational
7,0.14715853604403373,55,guenther2022relational
70,0.2251392711292617,55,guenther2022relational
71,0.08633700284090917,55,guenther2022relational
72,-0.21692171963778417,55,guenther2022relational
73,0.05745516690340935,55,guenther2022relational
74,0.2531971324573865,55,guenther2022relational
75,0.1267927689985795,55,guenther2022relational
76,0.07045676491477293,55,guenther2022relational
77,0.2007806951349429,55,guenther2022relational
78,-0.08031116832386376,55,guenther2022relational
79,0.1651234019886365,55,guenther2022relational
8,-0.0009088689630685209,55,guenther2022relational
80,0.2098100142045456,55,guenther2022relational
81,0.144150057705966,55,guenther2022relational
82,0.20818037553267077,55,guenther2022relational
83,0.2240367542613635,55,guenther2022relational
84,0.07910100763494299,55,guenther2022relational
85,-0.08026844371448894,55,guenther2022relational
86,0.12330377752130683,55,guenther2022relational
87,0.17680220170454541,55,guenther2022relational
88,0.1286426890980117,55,guenther2022relational
89,0.41102239435369325,55,guenther2022relational
9,-0.015665505149147663,55,guenther2022relational
90,0.14520596590909074,55,guenther2022relational
91,-0.04927590110085234,55,guenther2022relational
92,0.15086115056818183,55,guenther2022relational
93,-0.05374422940340917,55,guenther2022relational
94,0.057781982421875266,55,guenther2022relational
95,0.12782814719460234,55,guenther2022relational
96,-0.09165704900568183,55,guenther2022relational
97,0.08004538796164784,55,guenther2022relational
98,-0.06481267755681808,55,guenther2022relational
99,0.171981534090909,55,guenther2022relational
101163,0.44256856282552093,150,guenther2023associations_individual
10343,0.09901604684842669,147,guenther2023associations_individual
110864,0.2705080159505213,150,guenther2023associations_individual
112571,0.22086636332057452,149,guenther2023associations_individual
116714,0.33356974283854157,150,guenther2023associations_individual
117808,0.3613289388020835,150,guenther2023associations_individual
118505,0.21397840256658984,149,guenther2023associations_individual
119176,0.3425663685638627,149,guenther2023associations_individual
12362,0.3523598225911453,150,guenther2023associations_individual
124073,0.36830345360008376,148,guenther2023associations_individual
124198,0.31376932078394315,145,guenther2023associations_individual
130137,0.2016646321614579,150,guenther2023associations_individual
134607,0.2915205891927082,150,guenther2023associations_individual
137395,0.39708007812500057,150,guenther2023associations_individual
137400,0.35522481282552043,150,guenther2023associations_individual
138393,0.3424688761666319,149,guenther2023associations_individual
142865,0.3398010253906252,150,guenther2023associations_individual
143298,0.40873677571614575,150,guenther2023associations_individual
143565,0.19925504117398685,148,guenther2023associations_individual
145932,0.22900573730468832,150,guenther2023associations_individual
150783,0.4243766166068408,148,guenther2023associations_individual
1527,0.3046182722053272,149,guenther2023associations_individual
162749,0.21100286535314616,148,guenther2023associations_individual
165440,0.34736520652002945,149,guenther2023associations_individual
167236,0.23503757963244531,149,guenther2023associations_individual
16865,0.46144155207896365,149,guenther2023associations_individual
171120,0.41932067871093714,150,guenther2023associations_individual
17298,0.35263102486629627,149,guenther2023associations_individual
178690,0.3149226888020831,150,guenther2023associations_individual
180268,0.2935120046955264,146,guenther2023associations_individual
189694,0.28720133736629627,149,guenther2023associations_individual
196896,0.3363262939453122,150,guenther2023associations_individual
19770,0.2455291748046875,150,guenther2023associations_individual
198272,0.3440411541913013,148,guenther2023associations_individual
199681,0.08639895035916556,149,guenther2023associations_individual
20575,0.23128417968750004,150,guenther2023associations_individual
209318,0.38003970152579747,149,guenther2023associations_individual
215026,0.35406535103817127,149,guenther2023associations_individual
220150,0.3102675374348962,150,guenther2023associations_individual
226754,0.23423563639322875,150,guenther2023associations_individual
227217,0.25954831526583444,149,guenther2023associations_individual
227585,0.06405021048880943,148,guenther2023associations_individual
230317,0.18891316731770846,150,guenther2023associations_individual
25116,0.09144848305107,149,guenther2023associations_individual
2538,0.3784109579550261,148,guenther2023associations_individual
257293,0.2854500325520837,150,guenther2023associations_individual
263222,0.4967866423946097,149,guenther2023associations_individual
267240,-0.0054890950520833925,150,guenther2023associations_individual
269970,0.320716173895474,145,guenther2023associations_individual
273407,0.2741756184895827,150,guenther2023associations_individual
274812,0.17892476399739543,150,guenther2023associations_individual
278070,0.28981069270396365,149,guenther2023associations_individual
27877,0.3915620930989592,150,guenther2023associations_individual
27956,0.3451493026426178,149,guenther2023associations_individual
282089,0.3083246591928841,148,guenther2023associations_individual
289265,0.1845053858404988,149,guenther2023associations_individual
2894,0.2240373240221265,149,guenther2023associations_individual
290004,0.47920611115539913,147,guenther2023associations_individual
292575,0.3553774007161463,150,guenther2023associations_individual
295730,0.27715204226090595,149,guenther2023associations_individual
300231,0.4558884684244786,150,guenther2023associations_individual
303716,0.2868947347005202,150,guenther2023associations_individual
307870,0.2557124837239577,150,guenther2023associations_individual
315358,0.3912467447916672,150,guenther2023associations_individual
316800,0.3264866129557289,150,guenther2023associations_individual
320799,0.21090984984532302,149,guenther2023associations_individual
324114,0.2685658772786459,150,guenther2023associations_individual
32728,0.40225484212239504,150,guenther2023associations_individual
328248,0.2611484781901039,150,guenther2023associations_individual
332077,0.250056766963505,143,guenther2023associations_individual
342722,0.23993693033854147,150,guenther2023associations_individual
344189,0.1782731119791663,150,guenther2023associations_individual
354101,0.3106112317974068,147,guenther2023associations_individual
35659,-0.09288782651732586,147,guenther2023associations_individual
368021,0.37910359700520857,150,guenther2023associations_individual
372511,0.2533394368489583,150,guenther2023associations_individual
374172,0.27015157063802064,150,guenther2023associations_individual
379387,0.3443597287547835,147,guenther2023associations_individual
379603,0.2476179903785658,149,guenther2023associations_individual
380526,0.3397224934895835,150,guenther2023associations_individual
381223,0.33154915474556557,148,guenther2023associations_individual
3855,0.32896464029947925,150,guenther2023associations_individual
388235,0.4538508677642614,149,guenther2023associations_individual
389012,0.21859537760416625,150,guenther2023associations_individual
391668,0.21822977701822843,150,guenther2023associations_individual
394231,0.37540445963541647,150,guenther2023associations_individual
399785,0.39083656104835285,148,guenther2023associations_individual
40221,0.3725596110026048,150,guenther2023associations_individual
404725,0.29549407958984375,148,guenther2023associations_individual
406912,0.2622705078125005,150,guenther2023associations_individual
410547,0.346798890389052,149,guenther2023associations_individual
411204,0.35702494303385457,150,guenther2023associations_individual
418442,0.30963819854113606,147,guenther2023associations_individual
431222,0.34495008313978115,148,guenther2023associations_individual
437148,0.24998758951822886,150,guenther2023associations_individual
44315,0.34476867675781264,150,guenther2023associations_individual
444192,0.4230544631545605,148,guenther2023associations_individual
447415,0.2035766191930577,149,guenther2023associations_individual
447862,0.14991770494704326,149,guenther2023associations_individual
452619,0.35729482222576614,147,guenther2023associations_individual
457746,0.1649174045872046,148,guenther2023associations_individual
459022,0.2687312825520829,150,guenther2023associations_individual
463747,0.17948821407036508,149,guenther2023associations_individual
471201,0.1831937222867399,148,guenther2023associations_individual
475875,0.23402373644770424,147,guenther2023associations_individual
476792,0.48566040039062575,150,guenther2023associations_individual
477554,0.1627461751302084,150,guenther2023associations_individual
480658,0.39715328732052413,148,guenther2023associations_individual
481325,0.48972970847315445,149,guenther2023associations_individual
483983,0.05933813146642741,148,guenther2023associations_individual
484444,0.2462086517538804,149,guenther2023associations_individual
48489,0.27499837239583336,150,guenther2023associations_individual
486392,0.3275500815986785,149,guenther2023associations_individual
488354,0.3346687825520833,150,guenther2023associations_individual
491523,0.35108337402343714,150,guenther2023associations_individual
493688,0.16015092478502524,149,guenther2023associations_individual
494682,0.09306714358745793,149,guenther2023associations_individual
497635,0.10777547200520843,150,guenther2023associations_individual
500228,0.2950385476456212,147,guenther2023associations_individual
509914,0.35602892165216016,149,guenther2023associations_individual
511295,0.3533424756205674,141,guenther2023associations_individual
513018,0.3817966715494796,150,guenther2023associations_individual
514391,0.4488519287109378,150,guenther2023associations_individual
514621,0.24043314615885425,150,guenther2023associations_individual
515409,0.4446250296927792,148,guenther2023associations_individual
527061,0.41785278320312536,150,guenther2023associations_individual
537671,0.36816426869985275,148,guenther2023associations_individual
538288,0.30006439831792076,147,guenther2023associations_individual
54156,0.11111694335937461,150,guenther2023associations_individual
544807,0.4003794352213541,150,guenther2023associations_individual
550166,0.29628753662109375,148,guenther2023associations_individual
557027,0.23177332456420086,147,guenther2023associations_individual
566995,0.17434977213541636,150,guenther2023associations_individual
575659,0.3194590318923032,149,guenther2023associations_individual
579928,0.24313212076822932,150,guenther2023associations_individual
580719,0.47882811663902025,146,guenther2023associations_individual
582767,0.1855261230468752,150,guenther2023associations_individual
583203,0.32704427083333343,150,guenther2023associations_individual
585013,0.22814178466796875,148,guenther2023associations_individual
587402,0.3563627716678903,149,guenther2023associations_individual
589308,0.4735064697265621,150,guenther2023associations_individual
591875,0.3298822021484371,150,guenther2023associations_individual
593698,0.4985080973307294,150,guenther2023associations_individual
59530,0.2717702229817709,150,guenther2023associations_individual
605117,0.2551275675728819,149,guenther2023associations_individual
605838,0.21798747017879627,149,guenther2023associations_individual
608085,0.380844423434878,149,guenther2023associations_individual
608651,0.17239074707031232,150,guenther2023associations_individual
609515,0.16033935546875,147,guenther2023associations_individual
6119,0.1757861328125001,150,guenther2023associations_individual
612074,0.3780423362783134,149,guenther2023associations_individual
615839,0.2739241536458339,150,guenther2023associations_individual
623217,0.3680067952473962,150,guenther2023associations_individual
623979,0.4954973259228188,149,guenther2023associations_individual
624280,0.4451558430989584,150,guenther2023associations_individual
628212,0.3229421667150554,148,guenther2023associations_individual
631308,0.2593475134194305,147,guenther2023associations_individual
635359,0.40282015192428666,149,guenther2023associations_individual
635649,0.37020566799496635,149,guenther2023associations_individual
641103,0.30888326009114575,150,guenther2023associations_individual
651869,0.17311197916666643,150,guenther2023associations_individual
653739,0.20504984537760418,150,guenther2023associations_individual
656404,0.44187337239583346,150,guenther2023associations_individual
659452,0.4669783419410649,149,guenther2023associations_individual
66328,0.3699637858072915,150,guenther2023associations_individual
665305,0.25275026871854056,149,guenther2023associations_individual
667764,0.30614156087239586,150,guenther2023associations_individual
670570,0.4370399983723958,150,guenther2023associations_individual
671819,0.24704020182291675,150,guenther2023associations_individual
674393,0.2621051025390626,150,guenther2023associations_individual
674453,0.2439526039481965,149,guenther2023associations_individual
676077,0.24745331834626683,149,guenther2023associations_individual
683178,0.1809960442620353,148,guenther2023associations_individual
687337,0.3729907554268044,149,guenther2023associations_individual
689518,0.37125549316406214,150,guenther2023associations_individual
698720,0.36613911946614586,150,guenther2023associations_individual
700028,0.37044153986750405,148,guenther2023associations_individual
701269,0.24174550715708865,149,guenther2023associations_individual
702674,0.2571346028645838,150,guenther2023associations_individual
704729,0.3614539069098397,148,guenther2023associations_individual
706360,0.2461508936529988,149,guenther2023associations_individual
707080,0.2756732177734378,150,guenther2023associations_individual
71099,0.30829142252604225,150,guenther2023associations_individual
711484,0.36269531250000053,150,guenther2023associations_individual
714787,0.34894877115885414,150,guenther2023associations_individual
715810,0.42316528320312496,150,guenther2023associations_individual
715873,0.34413248697916643,150,guenther2023associations_individual
718674,0.21205098470052075,150,guenther2023associations_individual
720011,0.1847845499947569,149,guenther2023associations_individual
720103,0.29730997721354147,150,guenther2023associations_individual
72329,0.11109457210618601,147,guenther2023associations_individual
724842,0.37643160885327465,146,guenther2023associations_individual
7313,0.2562915039062501,150,guenther2023associations_individual
735682,0.32262384811503786,149,guenther2023associations_individual
73765,0.4343035431946216,147,guenther2023associations_individual
73787,0.22251220703124996,150,guenther2023associations_individual
739601,0.20496752438129207,149,guenther2023associations_individual
740118,0.3211604817708338,150,guenther2023associations_individual
747824,0.3805103686031881,149,guenther2023associations_individual
755328,0.23227823893229171,150,guenther2023associations_individual
756291,0.3274505615234373,150,guenther2023associations_individual
757295,0.15837209816747144,149,guenther2023associations_individual
760342,0.3346293131510416,150,guenther2023associations_individual
764105,0.3984780535601935,149,guenther2023associations_individual
768450,0.4022330729166663,150,guenther2023associations_individual
772584,0.2770154798353044,148,guenther2023associations_individual
773642,0.4044824218749996,150,guenther2023associations_individual
774249,0.2500449515677783,148,guenther2023associations_individual
774490,0.36801331795301984,149,guenther2023associations_individual
776319,0.3714259614880451,149,guenther2023associations_individual
777261,0.21359883626302167,150,guenther2023associations_individual
780858,0.3324134463355657,147,guenther2023associations_individual
783212,0.3515836588541674,150,guenther2023associations_individual
784819,0.2587199308434309,147,guenther2023associations_individual
794969,0.3264125337536701,149,guenther2023associations_individual
795273,0.4022065233064174,149,guenther2023associations_individual
79882,0.5379839391516352,149,guenther2023associations_individual
802491,0.40572074994648943,146,guenther2023associations_individual
806998,0.4102724202473951,150,guenther2023associations_individual
809442,0.3052185058593757,150,guenther2023associations_individual
810388,0.3867163085937495,150,guenther2023associations_individual
814054,0.46259266621357664,148,guenther2023associations_individual
819590,0.22521870930989607,150,guenther2023associations_individual
824325,0.12253662109374996,150,guenther2023associations_individual
826821,0.3836564127604172,150,guenther2023associations_individual
827567,0.38068155924479186,150,guenther2023associations_individual
828404,0.4197875157298663,149,guenther2023associations_individual
830322,0.33074889311919264,148,guenther2023associations_individual
83269,0.2891913292391992,149,guenther2023associations_individual
836007,0.26516215006510446,150,guenther2023associations_individual
840483,0.38899515086206904,145,guenther2023associations_individual
848143,0.2640089925130207,150,guenther2023associations_individual
856084,0.5217461297976085,149,guenther2023associations_individual
856881,0.4503700569884419,146,guenther2023associations_individual
870946,0.32638900344436195,148,guenther2023associations_individual
872650,0.33120769059576993,147,guenther2023associations_individual
875033,0.2920050048828129,150,guenther2023associations_individual
875287,0.3299668500212585,147,guenther2023associations_individual
882273,0.28914143880208343,150,guenther2023associations_individual
882794,0.5583744303385423,150,guenther2023associations_individual
883141,0.3987371083852409,148,guenther2023associations_individual
883444,0.2088309510113442,146,guenther2023associations_individual
88406,0.24686262911598167,149,guenther2023associations_individual
885789,0.2333479817708337,150,guenther2023associations_individual
886143,0.3039544636771181,149,guenther2023associations_individual
887153,0.2063348757340604,149,guenther2023associations_individual
889286,0.22580505371093818,150,guenther2023associations_individual
890875,0.39949865149171604,149,guenther2023associations_individual
892109,0.13243570963541718,150,guenther2023associations_individual
910784,0.3391213641070676,149,guenther2023associations_individual
911324,0.2417740692963477,148,guenther2023associations_individual
914989,0.28197713216145903,150,guenther2023associations_individual
916298,0.35241719838735186,148,guenther2023associations_individual
920817,0.2556760660807287,150,guenther2023associations_individual
921082,0.43368672688802157,150,guenther2023associations_individual
92448,0.38756586881291977,149,guenther2023associations_individual
92698,0.3265436159684354,149,guenther2023associations_individual
929180,0.17251444498697932,150,guenther2023associations_individual
930998,0.36569396972656243,150,guenther2023associations_individual
932490,0.21430053710937447,150,guenther2023associations_individual
936320,0.4198061116536458,150,guenther2023associations_individual
936779,0.3666446940104171,150,guenther2023associations_individual
938092,0.24495635161528728,148,guenther2023associations_individual
93934,0.3854343128853097,147,guenther2023associations_individual
940562,0.39714416503906236,150,guenther2023associations_individual
945482,0.43263692220052086,150,guenther2023associations_individual
946102,0.3235552978515628,150,guenther2023associations_individual
948705,0.22468119303385414,150,guenther2023associations_individual
948753,-0.10413855475348388,148,guenther2023associations_individual
953522,0.34541556339135937,149,guenther2023associations_individual
964591,0.20664824415373317,149,guenther2023associations_individual
965480,0.3278143310546877,150,guenther2023associations_individual
970361,0.2847031656901047,150,guenther2023associations_individual
973224,0.39030822753906236,150,guenther2023associations_individual
97365,0.31033096832483054,147,guenther2023associations_individual
975409,0.2971665445963545,150,guenther2023associations_individual
978306,0.3721498616536456,150,guenther2023associations_individual
981115,0.26663740529309976,149,guenther2023associations_individual
988512,0.10092142604341436,149,guenther2023associations_individual
997702,0.267498656407299,149,guenther2023associations_individual
999222,0.4380820719401042,150,guenther2023associations_individual
1,-0.12262073863636358,110,guenther2023grammaticality
10,-0.03608842329545453,110,guenther2023grammaticality
11,0.0007987282492897818,110,guenther2023grammaticality
12,0.012666736949573869,110,guenther2023grammaticality
13,-0.028699007901278384,110,guenther2023grammaticality
14,-0.00796342329545463,110,guenther2023grammaticality
15,-0.02698142311789775,110,guenther2023grammaticality
16,0.034518155184659116,110,guenther2023grammaticality
17,0.04223188920454546,110,guenther2023grammaticality
18,-0.19498235529119318,110,guenther2023grammaticality
19,-0.17814442027698862,110,guenther2023grammaticality
2,-0.11074107776988634,110,guenther2023grammaticality
20,-0.043836836381392075,110,guenther2023grammaticality
21,0.08524502840909087,110,guenther2023grammaticality
22,0.03689186789772725,110,guenther2023grammaticality
23,-0.0006702769886363646,110,guenther2023grammaticality
24,0.007264848188920453,110,guenther2023grammaticality
25,-0.11576538085937499,110,guenther2023grammaticality
26,-0.05474298650568182,110,guenther2023grammaticality
27,0.06015569513494318,110,guenther2023grammaticality
28,0.03331049138849429,110,guenther2023grammaticality
29,-0.13465742631392047,110,guenther2023grammaticality
3,0.03019631125710226,110,guenther2023grammaticality
30,0.04612371271306817,110,guenther2023grammaticality
31,-0.03593666770241477,110,guenther2023grammaticality
32,0.025388128107244314,110,guenther2023grammaticality
33,0.004575417258522729,110,guenther2023grammaticality
34,0.04349975585937499,110,guenther2023grammaticality
35,-0.009881036931818188,110,guenther2023grammaticality
36,0.002395907315340909,110,guenther2023grammaticality
37,-0.049664306640625044,110,guenther2023grammaticality
38,0.013455755060369334,110,guenther2023grammaticality
39,-0.03330244584517045,110,guenther2023grammaticality
4,-0.07106739390980114,110,guenther2023grammaticality
40,0.019648049094460218,110,guenther2023grammaticality
41,0.013992032137784105,110,guenther2023grammaticality
42,0.023327359286221594,110,guenther2023grammaticality
43,0.036800315163352276,110,guenther2023grammaticality
44,-0.07603565562855115,110,guenther2023grammaticality
45,0.010793789950284072,110,guenther2023grammaticality
46,-0.005132779208096572,110,guenther2023grammaticality
47,-0.014350752397017053,110,guenther2023grammaticality
48,0.03652205033735795,110,guenther2023grammaticality
49,-0.03459111993963068,110,guenther2023grammaticality
5,0.02454057173295454,110,guenther2023grammaticality
50,0.04069158380681814,110,guenther2023grammaticality
51,0.00457708185369321,110,guenther2023grammaticality
52,0.018018687855113624,110,guenther2023grammaticality
53,-0.009345314719460235,110,guenther2023grammaticality
54,0.014600719105113624,110,guenther2023grammaticality
55,-0.03366837935014205,110,guenther2023grammaticality
56,0.04177911931818179,110,guenther2023grammaticality
57,0.0019950173117897485,110,guenther2023grammaticality
58,-0.044084306196732925,110,guenther2023grammaticality
59,-0.013588367808948842,110,guenther2023grammaticality
6,0.03113014914772727,110,guenther2023grammaticality
60,0.08772638494318175,110,guenther2023grammaticality
61,-0.25417868874289773,110,guenther2023grammaticality
62,0.060915582830255666,110,guenther2023grammaticality
63,-0.06610384854403406,110,guenther2023grammaticality
64,0.08761097301136356,110,guenther2023grammaticality
65,0.03548583984374998,110,guenther2023grammaticality
66,-0.032494284889914765,110,guenther2023grammaticality
67,-0.03021240234375,110,guenther2023grammaticality
68,0.0008647571910511131,110,guenther2023grammaticality
69,0.06018732244318181,110,guenther2023grammaticality
7,-0.07844793146306811,110,guenther2023grammaticality
70,0.06869340376420463,110,guenther2023grammaticality
71,-0.08511824174360796,110,guenther2023grammaticality
72,0.05000221946022726,110,guenther2023grammaticality
73,0.0061567826704545525,110,guenther2023grammaticality
74,-0.1418914794921875,110,guenther2023grammaticality
75,0.004457785866477271,110,guenther2023grammaticality
76,0.008723033558238613,110,guenther2023grammaticality
77,-0.023497425426136365,110,guenther2023grammaticality
78,-0.04218084161931818,110,guenther2023grammaticality
79,-0.1376764470880682,110,guenther2023grammaticality
8,0.060792125355113635,110,guenther2023grammaticality
80,0.04436839710582391,110,guenther2023grammaticality
9,-0.1031003085049716,110,guenther2023grammaticality
101822,0.08961856726444134,66,guenther2024comprehension
102842,0.07439676920572913,66,guenther2024comprehension
108385,0.18819866758404358,66,guenther2024comprehension
108753,0.06957267992424243,66,guenther2024comprehension
109786,0.06303220806699805,66,guenther2024comprehension
112259,0.07499509869199816,66,guenther2024comprehension
112912,0.09826382723721588,66,guenther2024comprehension
114165,0.20645280317826703,66,guenther2024comprehension
117992,0.22118863192471594,66,guenther2024comprehension
124411,-0.02686332933830493,66,guenther2024comprehension
125287,0.0737216833866004,66,guenther2024comprehension
1253,0.1529693603515625,66,guenther2024comprehension
129089,-0.03585260564630682,66,guenther2024comprehension
134369,0.17446205832741501,66,guenther2024comprehension
135104,0.1662528298117898,66,guenther2024comprehension
142963,0.07051733768347535,66,guenther2024comprehension
144697,0.15009885845762327,66,guenther2024comprehension
145594,0.1486358642578125,66,guenther2024comprehension
146063,-0.03284384987571021,66,guenther2024comprehension
148085,0.0013358376242897374,66,guenther2024comprehension
152923,0.054617679480350345,66,guenther2024comprehension
15409,0.010245583274147735,66,guenther2024comprehension
157358,0.10657246907552081,66,guenther2024comprehension
158316,0.13702716249408142,66,guenther2024comprehension
159646,0.09273043545809656,66,guenther2024comprehension
160765,0.1334621545040246,66,guenther2024comprehension
160942,0.1520293264678031,66,guenther2024comprehension
163908,0.22203110203598475,66,guenther2024comprehension
166786,0.14378218217329541,66,guenther2024comprehension
172227,0.11781634706439392,66,guenther2024comprehension
173436,0.03546420010653409,66,guenther2024comprehension
17794,0.07037954619436554,66,guenther2024comprehension
180339,0.22963599002722546,66,guenther2024comprehension
182461,0.23932809540719696,66,guenther2024comprehension
182868,0.09285481770833331,66,guenther2024comprehension
18871,0.13712981252959283,66,guenther2024comprehension
189659,0.1416126598011364,66,guenther2024comprehension
189738,-0.01134190414891098,66,guenther2024comprehension
190483,0.047428015506628785,66,guenther2024comprehension
190501,0.05945286606297351,66,guenther2024comprehension
191569,0.06413361520478222,66,guenther2024comprehension
193685,0.1141246448863637,66,guenther2024comprehension
194830,0.12652033025568177,66,guenther2024comprehension
205517,-0.028141830906723453,66,guenther2024comprehension
210694,0.16761363636363635,66,guenther2024comprehension
214340,0.05899880149147729,66,guenther2024comprehension
217934,-0.02162956468986743,66,guenther2024comprehension
218355,0.13504906856652465,66,guenther2024comprehension
223130,0.09987062396425189,66,guenther2024comprehension
227615,0.17775472005208331,66,guenther2024comprehension
229095,0.15669296727035986,66,guenther2024comprehension
232527,0.07064125754616479,66,guenther2024comprehension
235782,0.10265049789891095,66,guenther2024comprehension
236856,0.01214599609375,66,guenther2024comprehension
23762,0.004722826408617431,66,guenther2024comprehension
238207,-0.014429265802556823,66,guenther2024comprehension
247861,0.14545186360677076,66,guenther2024comprehension
250066,-0.008839462742660953,66,guenther2024comprehension
250324,0.11368861342921405,66,guenther2024comprehension
250623,0.147308349609375,66,guenther2024comprehension
251024,0.06734859582149616,66,guenther2024comprehension
253029,0.17615717107599432,66,guenther2024comprehension
256108,0.04611668442234848,66,guenther2024comprehension
256794,0.10758186109138257,66,guenther2024comprehension
259542,0.004114324396306823,66,guenther2024comprehension
261044,0.18009162671638257,66,guenther2024comprehension
26363,0.18701726740056823,66,guenther2024comprehension
265033,0.13026289506392047,66,guenther2024comprehension
266158,0.21436379172585224,66,guenther2024comprehension
266214,0.1887336499763257,66,guenther2024comprehension
266561,0.20764576305042615,66,guenther2024comprehension
268388,0.12784599535392993,66,guenther2024comprehension
272571,0.053419633345170414,66,guenther2024comprehension
273034,0.16842142740885424,66,guenther2024comprehension
274935,0.1162567138671875,66,guenther2024comprehension
276730,0.07125577059659105,66,guenther2024comprehension
277097,0.18150838216145837,66,guenther2024comprehension
278001,0.19188944498697919,66,guenther2024comprehension
280124,0.09114120945785986,66,guenther2024comprehension
281494,0.03912723425662881,66,guenther2024comprehension
282049,0.09967642119436554,66,guenther2024comprehension
284556,0.1475501782966383,66,guenther2024comprehension
284841,0.036415793678977265,66,guenther2024comprehension
291523,0.18115650523792615,66,guenther2024comprehension
295549,0.08952932646780304,66,guenther2024comprehension
297526,0.13836762399384472,66,guenther2024comprehension
297705,0.10719900420217804,66,guenther2024comprehension
301304,0.09085175485321972,66,guenther2024comprehension
302926,0.16795071688565338,66,guenther2024comprehension
305752,0.1273124001242898,66,guenther2024comprehension
306403,0.08028758655894885,66,guenther2024comprehension
30652,0.04909076112689392,66,guenther2024comprehension
307953,0.10769283410274622,66,guenther2024comprehension
308779,0.06502417362097537,66,guenther2024comprehension
308969,0.04986895936908142,66,guenther2024comprehension
31251,0.05461398037997156,66,guenther2024comprehension
31333,0.07258652195785986,66,guenther2024comprehension
313530,0.11221036044034083,66,guenther2024comprehension
317054,0.08455311168323865,66,guenther2024comprehension
318002,0.013522986209753785,66,guenther2024comprehension
325079,0.08367180101799243,66,guenther2024comprehension
327666,0.05185398910984848,66,guenther2024comprehension
330916,0.08862165971235803,66,guenther2024comprehension
331705,0.16229201808120264,66,guenther2024comprehension
332388,0.08462293220288825,66,guenther2024comprehension
33252,0.15810741077769885,66,guenther2024comprehension
332837,-0.0001155968868371271,66,guenther2024comprehension
333439,0.1338343764796402,66,guenther2024comprehension
335561,0.1644786487926136,66,guenther2024comprehension
335680,0.11060726281368372,66,guenther2024comprehension
336447,0.2444129712653883,66,guenther2024comprehension
336810,0.0071489738695548755,66,guenther2024comprehension
338802,0.1336623683120265,66,guenther2024comprehension
341986,0.07958660703716852,66,guenther2024comprehension
346508,0.1022348114938447,66,guenther2024comprehension
346834,0.05573850689512311,66,guenther2024comprehension
347283,0.16699033794981055,66,guenther2024comprehension
351345,0.26482368238044507,66,guenther2024comprehension
35368,0.13650096546519885,66,guenther2024comprehension
354221,0.0473239783084754,66,guenther2024comprehension
355595,0.1115546948982008,66,guenther2024comprehension
356821,0.16288341175426135,66,guenther2024comprehension
358470,0.1496406323982008,66,guenther2024comprehension
358732,0.16551347212357953,66,guenther2024comprehension
35958,0.1541923754142992,66,guenther2024comprehension
36001,0.045495697946259406,66,guenther2024comprehension
360175,0.08374115915009472,66,guenther2024comprehension
363517,0.1996219519412879,66,guenther2024comprehension
366739,0.0441501501834754,66,guenther2024comprehension
368690,0.05200380267518942,66,guenther2024comprehension
372361,0.12736649946732959,66,guenther2024comprehension
373378,0.17969166148792615,66,guenther2024comprehension
375215,0.1715050899621211,66,guenther2024comprehension
376533,0.21651990485913825,66,guenther2024comprehension
379737,0.11818718187736743,66,guenther2024comprehension
380106,0.11467303651751892,66,guenther2024comprehension
382872,0.20019022623697913,66,guenther2024comprehension
38357,0.15693063446969696,66,guenther2024comprehension
383619,0.04322121360085229,66,guenther2024comprehension
386444,0.08796229506983899,66,guenther2024comprehension
386466,0.04239353989109848,66,guenther2024comprehension
389225,-0.040761311848958315,66,guenther2024comprehension
389304,0.02679443359375,66,guenther2024comprehension
391437,0.09511912952769885,66,guenther2024comprehension
392404,0.019347682143702638,66,guenther2024comprehension
394089,0.24281727183948865,66,guenther2024comprehension
399791,0.12390876538825751,66,guenther2024comprehension
401367,0.17767426461884472,66,guenther2024comprehension
406713,0.08306191184303974,66,guenther2024comprehension
408791,0.07010581276633523,66,guenther2024comprehension
411886,0.0201873779296875,66,guenther2024comprehension
413431,0.056690100467566285,66,guenther2024comprehension
413786,0.12321194735440333,66,guenther2024comprehension
413838,0.09404500325520837,66,guenther2024comprehension
420333,0.21759403113162878,66,guenther2024comprehension
420586,0.11757313121448865,66,guenther2024comprehension
42153,0.1814024954131156,66,guenther2024comprehension
423642,0.09981143835819128,66,guenther2024comprehension
428007,0.15583015210700757,66,guenther2024comprehension
428488,0.019362016157670414,66,guenther2024comprehension
429911,0.1022186279296875,66,guenther2024comprehension
43098,0.008257316820548866,66,guenther2024comprehension
431452,0.020198475230823854,66,guenther2024comprehension
436374,0.007308497573390138,66,guenther2024comprehension
437835,0.16213434392755688,66,guenther2024comprehension
438408,-0.016753688003077666,66,guenther2024comprehension
439425,0.09034544048887311,66,guenther2024comprehension
440954,0.16083411014441285,66,guenther2024comprehension
441620,0.004150853012547334,66,guenther2024comprehension
444963,0.18392112038352273,66,guenther2024comprehension
445715,0.1651024095939868,66,guenther2024comprehension
450335,0.14987136378432764,66,guenther2024comprehension
454522,0.12058789802320075,66,guenther2024comprehension
455250,0.027160182143702694,66,guenther2024comprehension
455662,0.05715803666548297,66,guenther2024comprehension
465912,0.07081927675189392,66,guenther2024comprehension
468089,0.10808771306818182,66,guenther2024comprehension
469453,0.11603523023200757,66,guenther2024comprehension
471693,-0.005884343927556823,66,guenther2024comprehension
472023,0.12983518658262305,66,guenther2024comprehension
472524,-0.054645422733191285,66,guenther2024comprehension
473698,0.22521648984966858,66,guenther2024comprehension
475923,0.21251377914891095,66,guenther2024comprehension
476452,-0.04008807558001892,66,guenther2024comprehension
477415,0.0996639367305871,66,guenther2024comprehension
477669,0.12382738517992428,66,guenther2024comprehension
478456,-0.024231419418797362,66,guenther2024comprehension
483752,0.11516825358072913,66,guenther2024comprehension
484573,0.10891816110321967,66,guenther2024comprehension
485529,0.06889759410511359,66,guenther2024comprehension
489100,0.04699337121212116,66,guenther2024comprehension
491175,0.06793305368134472,66,guenther2024comprehension
494550,0.007240988991477293,66,guenther2024comprehension
505906,0.15121506199692242,66,guenther2024comprehension
505913,0.035114172733191285,66,guenther2024comprehension
507624,0.2476020581794507,66,guenther2024comprehension
51075,-0.07688672614820069,66,guenther2024comprehension
514938,0.14924945253314392,66,guenther2024comprehension
516738,0.18688225023674243,66,guenther2024comprehension
517830,0.04101747455018934,66,guenther2024comprehension
518891,0.16588338216145826,66,guenther2024comprehension
519019,0.05755337801846594,66,guenther2024comprehension
525453,0.1307988022312973,66,guenther2024comprehension
527514,0.04458433209043566,66,guenther2024comprehension
527579,0.10501144871567233,66,guenther2024comprehension
530090,0.11079268022017041,66,guenther2024comprehension
530795,0.07532616817589954,66,guenther2024comprehension
535148,0.10800217137192236,66,guenther2024comprehension
535184,0.06400830817945069,66,guenther2024comprehension
537149,0.1771198619495738,66,guenther2024comprehension
538963,0.03350136496803974,66,guenther2024comprehension
539084,-0.0022472034801136187,66,guenther2024comprehension
540651,0.02379862467447924,66,guenther2024comprehension
54779,0.16108241225733905,66,guenther2024comprehension
555174,0.024402502811316285,66,guenther2024comprehension
56080,0.05425008138020837,66,guenther2024comprehension
562023,0.0372402306758996,66,guenther2024comprehension
563004,-0.013234456380208343,66,guenther2024comprehension
570701,0.044330481326941285,66,guenther2024comprehension
572810,0.08278031782670453,66,guenther2024comprehension
575828,0.08774173620975378,66,guenther2024comprehension
57920,0.08510566480232001,66,guenther2024comprehension
579618,0.05986855246803985,66,guenther2024comprehension
581406,0.08147083629261362,66,guenther2024comprehension
587964,0.11676117868134472,66,guenther2024comprehension
592581,0.23822391394412873,66,guenther2024comprehension
592684,0.07856056906960224,66,guenther2024comprehension
593676,0.10701404918323859,66,guenther2024comprehension
594550,0.11983605587121215,66,guenther2024comprehension
603826,0.05424360795454547,66,guenther2024comprehension
605953,0.05659161191998108,66,guenther2024comprehension
608183,0.03842486757220642,66,guenther2024comprehension
610777,0.10440572102864581,66,guenther2024comprehension
614041,0.14278388745857012,66,guenther2024comprehension
614708,0.17449719978101325,66,guenther2024comprehension
615054,0.10358082164417617,66,guenther2024comprehension
616452,0.04683107318300189,66,guenther2024comprehension
623364,0.0763179894649621,66,guenther2024comprehension
623907,-0.044747554894649655,66,guenther2024comprehension
624241,0.024232806581439392,66,guenther2024comprehension
629898,0.10691232392282196,66,guenther2024comprehension
633744,0.2180522571910512,66,guenther2024comprehension
634168,0.06451924641927087,66,guenther2024comprehension
634483,-0.04091574928977271,66,guenther2024comprehension
635932,0.04418344208688446,66,guenther2024comprehension
638343,0.14453818581321026,66,guenther2024comprehension
638874,0.14104715983072924,66,guenther2024comprehension
64254,-0.007807876124526519,66,guenther2024comprehension
649287,0.2057717063210227,66,guenther2024comprehension
651053,0.16241085168087122,66,guenther2024comprehension
651859,0.1767601244377367,66,guenther2024comprehension
653202,0.04614396528764203,66,guenther2024comprehension
657145,0.06318479595762311,66,guenther2024comprehension
657488,0.19354987866950757,66,guenther2024comprehension
657994,0.1496494177616004,66,guenther2024comprehension
659771,0.12546100038470642,66,guenther2024comprehension
661041,0.1835655443596117,66,guenther2024comprehension
664459,0.10836884469696967,66,guenther2024comprehension
666260,0.25776163736979174,66,guenther2024comprehension
668682,0.043060302734375,66,guenther2024comprehension
674158,0.10973150079900573,66,guenther2024comprehension
674284,0.08540806625828595,66,guenther2024comprehension
676573,0.10323819247159088,66,guenther2024comprehension
678634,0.054401744495738646,66,guenther2024comprehension
680368,0.13849986683238635,66,guenther2024comprehension
681361,0.14260216915246215,66,guenther2024comprehension
683537,0.0230167273319129,66,guenther2024comprehension
684943,0.09586588541666663,66,guenther2024comprehension
685853,0.13077105897845642,66,guenther2024comprehension
685925,0.10557602391098486,66,guenther2024comprehension
68699,0.18723828864820075,66,guenther2024comprehension
687341,0.06269004128196026,66,guenther2024comprehension
687983,0.09759105335582385,66,guenther2024comprehension
695560,0.10056605483546405,66,guenther2024comprehension
696222,0.12461066968513257,66,guenther2024comprehension
702624,0.10150285200639209,66,guenther2024comprehension
70892,0.18915580980705488,66,guenther2024comprehension
709126,0.06702677408854163,66,guenther2024comprehension
709978,0.11229821407433715,66,guenther2024comprehension
713845,0.10503826719341858,66,guenther2024comprehension
719801,0.0948333740234375,66,guenther2024comprehension
720951,0.02339449795809659,66,guenther2024comprehension
721010,0.11921923088304925,66,guenther2024comprehension
723119,0.016182639382102182,66,guenther2024comprehension
728042,0.09759290290601319,66,guenther2024comprehension
731072,0.08193414861505688,66,guenther2024comprehension
739215,0.12162040941642993,66,guenther2024comprehension
739589,0.09945308800899622,66,guenther2024comprehension
739847,0.15961479418205493,66,guenther2024comprehension
741712,0.15482260964133526,66,guenther2024comprehension
742683,0.13962994199810608,66,guenther2024comprehension
742924,-0.006263964103929931,66,guenther2024comprehension
745411,0.17219867128314392,66,guenther2024comprehension
746928,0.11699283484256628,66,guenther2024comprehension
747192,0.011611476089015249,66,guenther2024comprehension
747880,0.23778973203716858,66,guenther2024comprehension
750029,0.20797868208451709,66,guenther2024comprehension
75249,0.13675204190340906,66,guenther2024comprehension
754069,0.09382536917021783,66,guenther2024comprehension
75411,0.16233132102272724,66,guenther2024comprehension
754131,0.02063913056344696,66,guenther2024comprehension
754512,0.11454171845407196,66,guenther2024comprehension
755673,0.06571821732954547,66,guenther2024comprehension
757009,0.0018805301550662845,66,guenther2024comprehension
75838,0.16616543856534083,66,guenther2024comprehension
759173,-0.044834021366003785,66,guenther2024comprehension
759552,0.0961784593986742,66,guenther2024comprehension
759723,0.07489291104403406,66,guenther2024comprehension
766039,0.19470446037523675,66,guenther2024comprehension
766830,0.10376069040009461,66,guenther2024comprehension
76771,0.12530887488162878,66,guenther2024comprehension
772542,0.12003072102864587,66,guenther2024comprehension
775984,0.1327736594460227,66,guenther2024comprehension
778170,0.06844861579663819,66,guenther2024comprehension
779562,0.23577418471827655,66,guenther2024comprehension
780062,0.0155487060546875,66,guenther2024comprehension
781316,0.09353591456557764,66,guenther2024comprehension
781814,-0.043988776929450774,66,guenther2024comprehension
783379,0.0886207349372633,66,guenther2024comprehension
796307,0.18337735262784094,66,guenther2024comprehension
796406,0.10862362023555872,66,guenther2024comprehension
797549,0.09086007782907196,66,guenther2024comprehension
80039,0.16737874348958334,66,guenther2024comprehension
80095,0.12232739997632575,66,guenther2024comprehension
8031,0.1468376390861742,66,guenther2024comprehension
803111,0.13408082904237686,66,guenther2024comprehension
803548,-0.05594889322916674,66,guenther2024comprehension
804262,0.08032272801254736,66,guenther2024comprehension
804411,0.04229135224313452,66,guenther2024comprehension
806429,0.07962128610321961,66,guenther2024comprehension
81188,-0.06781283291903409,66,guenther2024comprehension
813840,0.0967157537286932,66,guenther2024comprehension
814953,0.1641762473366477,66,guenther2024comprehension
815905,-0.03279391202059659,66,guenther2024comprehension
822722,0.14210186582623097,66,guenther2024comprehension
826368,0.11145343202533148,66,guenther2024comprehension
82642,0.22774852405894885,66,guenther2024comprehension
831077,-0.011992945815577638,66,guenther2024comprehension
831588,-0.021671179569128785,66,guenther2024comprehension
831874,0.14490485913825757,66,guenther2024comprehension
832623,0.1267653956557765,66,guenther2024comprehension
832763,0.0595157507694129,66,guenther2024comprehension
841316,0.19783898555871215,66,guenther2024comprehension
84831,0.22083999171401514,66,guenther2024comprehension
849293,0.03235464385061551,66,guenther2024comprehension
851313,0.17615069765033148,66,guenther2024comprehension
852947,0.010642774177320069,66,guenther2024comprehension
852953,0.23050389145359845,66,guenther2024comprehension
853882,0.04556783040364587,66,guenther2024comprehension
856471,0.057229244347774655,66,guenther2024comprehension
858156,0.08903965805516095,66,guenther2024comprehension
858173,0.15750538219105115,66,guenther2024comprehension
863821,0.09781854802911927,66,guenther2024comprehension
864799,-0.047139485677083315,66,guenther2024comprehension
865013,0.03762632427793561,66,guenther2024comprehension
86622,0.06734582149621215,66,guenther2024comprehension
868553,0.11716021913470642,66,guenther2024comprehension
869044,0.2281586618134469,66,guenther2024comprehension
870155,0.07418915719696972,66,guenther2024comprehension
873743,0.015572750207149627,66,guenther2024comprehension
875566,0.06643121892755682,66,guenther2024comprehension
87567,0.07766076290246215,66,guenther2024comprehension
876329,0.06361204205137311,66,guenther2024comprehension
877936,0.09818013509114581,66,guenther2024comprehension
879006,0.06148136023319131,66,guenther2024comprehension
879974,0.10902682217684662,66,guenther2024comprehension
881030,0.07295596960819128,66,guenther2024comprehension
882379,0.13868620901396783,66,guenther2024comprehension
884215,0.12956330270478217,66,guenther2024comprehension
885157,0.1418133359966856,66,guenther2024comprehension
885854,0.19387493711529358,66,guenther2024comprehension
889942,0.11521125562263257,66,guenther2024comprehension
891452,0.296243378610322,66,guenther2024comprehension
891563,0.21507355661103222,66,guenther2024comprehension
893234,0.23078039920691285,66,guenther2024comprehension
893751,0.11203326600970642,66,guenther2024comprehension
893898,0.17503079501065338,66,guenther2024comprehension
894184,0.09846126671993372,66,guenther2024comprehension
894664,0.1981196547999527,66,guenther2024comprehension
904241,0.045430501302083315,66,guenther2024comprehension
916170,0.14285185842803028,66,guenther2024comprehension
92238,0.09105335582386365,66,guenther2024comprehension
923071,-0.014415394176136354,66,guenther2024comprehension
923692,0.034374352657433715,66,guenther2024comprehension
924855,0.1550528786399148,66,guenther2024comprehension
933573,-0.023252082593513246,66,guenther2024comprehension
933701,0.2785209886955492,66,guenther2024comprehension
933932,0.12672285600142047,66,guenther2024comprehension
934164,0.06029533617424243,66,guenther2024comprehension
93431,0.002518162582859834,66,guenther2024comprehension
936423,0.18709124940814392,66,guenther2024comprehension
938234,0.02074409253669507,66,guenther2024comprehension
938428,0.1209508722478693,66,guenther2024comprehension
938551,0.125335693359375,66,guenther2024comprehension
938680,0.07963377056699811,66,guenther2024comprehension
950126,0.12731609922466852,66,guenther2024comprehension
950256,0.054887251420454586,66,guenther2024comprehension
951770,0.18260470303622156,66,guenther2024comprehension
952903,0.006422100645123108,66,guenther2024comprehension
956173,0.05620320638020826,66,guenther2024comprehension
956811,0.11657899798768945,66,guenther2024comprehension
961584,0.12061656605113635,66,guenther2024comprehension
962343,0.18483294862689398,66,guenther2024comprehension
962671,0.122802734375,66,guenther2024comprehension
963146,0.08179496996330493,66,guenther2024comprehension
964307,0.20332336425781244,66,guenther2024comprehension
967541,0.10111167214133521,66,guenther2024comprehension
972869,0.12432676373106061,66,guenther2024comprehension
976433,0.16119523481889209,66,guenther2024comprehension
980709,0.053925947709516975,66,guenther2024comprehension
981886,0.33689834132339014,66,guenther2024comprehension
986196,0.09319328539299243,66,guenther2024comprehension
989175,0.13042195638020831,66,guenther2024comprehension
994401,0.21263076319839014,66,guenther2024comprehension
996885,0.07336009632457388,66,guenther2024comprehension
996903,0.16842928799715917,66,guenther2024comprehension
999869,-0.010471228397253785,66,guenther2024comprehension
1,0.47622070312499964,145,guenther2024substitutions
10,0.5349092552130168,139,guenther2024substitutions
100,0.7538641066778276,147,guenther2024substitutions
101,0.6832367995689665,145,guenther2024substitutions
102,0.5764516550344174,143,guenther2024substitutions
103,0.3482726632732227,146,guenther2024substitutions
104,0.557951210743159,201,guenther2024substitutions
105,0.5348949048343119,149,guenther2024substitutions
106,0.47065043131510365,150,guenther2024substitutions
107,0.7197423474542024,145,guenther2024substitutions
108,0.5900358435225819,146,guenther2024substitutions
109,0.4960187873584312,149,guenther2024substitutions
11,0.6724991268581819,144,guenther2024substitutions
110,0.6113175372688131,147,guenther2024substitutions
111,0.5665538213024401,146,guenther2024substitutions
112,0.5771770071476068,141,guenther2024substitutions
113,0.6289200653900968,148,guenther2024substitutions
114,0.48125489117348064,146,guenther2024substitutions
115,0.532843859442349,145,guenther2024substitutions
116,0.5738985188802079,150,guenther2024substitutions
117,0.43656101356558263,147,guenther2024substitutions
118,0.5812574553009648,149,guenther2024substitutions
119,0.6368117659059287,146,guenther2024substitutions
12,0.6467102050781248,150,guenther2024substitutions
120,0.4393912362052008,143,guenther2024substitutions
121,0.6047982109917536,144,guenther2024substitutions
122,0.5321952311197915,150,guenther2024substitutions
123,0.48399568084102373,149,guenther2024substitutions
124,0.6262028493037839,147,guenther2024substitutions
125,0.5110413030529699,141,guenther2024substitutions
126,0.42482107277684644,149,guenther2024substitutions
127,0.5582425944010412,150,guenther2024substitutions
128,0.6649921596450294,149,guenther2024substitutions
129,0.3931088834195524,148,guenther2024substitutions
13,0.7052061707823425,143,guenther2024substitutions
130,0.5461280459449407,147,guenther2024substitutions
131,0.37379847346125494,148,guenther2024substitutions
132,0.3781498209635412,150,guenther2024substitutions
133,0.5109003054215604,149,guenther2024substitutions
134,0.43536440976016255,143,guenther2024substitutions
135,0.696179742682471,146,guenther2024substitutions
136,0.46444986979166636,150,guenther2024substitutions
137,0.577944225735135,144,guenther2024substitutions
138,0.540417645428632,148,guenther2024substitutions
139,0.3880216637436229,147,guenther2024substitutions
14,0.44202158402423475,147,guenther2024substitutions
140,0.480631169056732,149,guenther2024substitutions
141,0.653907091864224,145,guenther2024substitutions
142,0.3753553416630995,146,guenther2024substitutions
143,0.20347900390625018,150,guenther2024substitutions
144,0.7359200313173488,145,guenther2024substitutions
145,0.3813992698720634,149,guenther2024substitutions
146,0.4421077151950321,139,guenther2024substitutions
147,0.5675587009739234,148,guenther2024substitutions
148,0.5256186820365283,148,guenther2024substitutions
149,0.652433829471982,145,guenther2024substitutions
15,0.5352423680971743,146,guenther2024substitutions
150,0.494724668305496,203,guenther2024substitutions
151,0.5249625651041665,150,guenther2024substitutions
152,0.7716047615840527,145,guenther2024substitutions
153,0.5626775568181817,143,guenther2024substitutions
154,0.6453716221140393,201,guenther2024substitutions
155,0.8264665345887883,148,guenther2024substitutions
156,0.6217903290819002,149,guenther2024substitutions
157,0.40875140339338856,147,guenther2024substitutions
158,0.5790212746434564,149,guenther2024substitutions
159,0.42429162351877014,149,guenther2024substitutions
16,0.5165677897135419,150,guenther2024substitutions
160,0.560476767050254,148,guenther2024substitutions
161,0.8736906906654092,145,guenther2024substitutions
162,0.5395448014542863,148,guenther2024substitutions
163,0.823755418932115,148,guenther2024substitutions
164,0.4918599992790478,149,guenther2024substitutions
165,0.7524009910789697,148,guenther2024substitutions
166,0.42697977701822953,150,guenther2024substitutions
167,0.4719178076504038,147,guenther2024substitutions
168,0.6941347706074614,147,guenther2024substitutions
169,0.8270381047175466,143,guenther2024substitutions
17,0.5862346879587879,149,guenther2024substitutions
170,0.44161755792025836,145,guenther2024substitutions
171,0.6239621918776939,145,guenther2024substitutions
172,0.5554268672548499,145,guenther2024substitutions
173,0.40053970749313805,148,guenther2024substitutions
174,0.6278486509580867,148,guenther2024substitutions
175,0.47873787715517224,145,guenther2024substitutions
176,0.4983169659465343,147,guenther2024substitutions
177,0.22731378343370068,144,guenther2024substitutions
178,0.6602148107580232,148,guenther2024substitutions
179,0.6050828168181335,147,guenther2024substitutions
18,0.7121340348416529,149,guenther2024substitutions
180,0.6541857332796663,148,guenther2024substitutions
181,0.44891336801889725,148,guenther2024substitutions
182,0.6749233903556036,145,guenther2024substitutions
183,0.6121244303385414,150,guenther2024substitutions
184,0.5398412244073274,145,guenther2024substitutions
185,0.6599303379954913,149,guenther2024substitutions
186,0.42139159308539487,144,guenther2024substitutions
187,0.6717344086745705,145,guenther2024substitutions
188,0.5928742692277238,148,guenther2024substitutions
189,0.6125011725965974,203,guenther2024substitutions
19,0.49677459286971803,142,guenther2024substitutions
190,0.6496175817541179,148,guenther2024substitutions
191,0.5484324635325608,143,guenther2024substitutions
192,0.331921263829174,149,guenther2024substitutions
193,0.6554456590772508,143,guenther2024substitutions
194,0.2340519864794235,142,guenther2024substitutions
195,0.46542029287300934,102,guenther2024substitutions
196,0.38137278837316124,102,guenther2024substitutions
197,0.6859884823069855,102,guenther2024substitutions
198,0.37511010263480404,102,guenther2024substitutions
199,0.482757568359375,102,guenther2024substitutions
2,0.6247712205720433,149,guenther2024substitutions
20,0.49179575394610975,147,guenther2024substitutions
200,0.5752512613932286,54,guenther2024substitutions
201,0.26046922471788214,54,guenther2024substitutions
202,0.3050870542173034,108,guenther2024substitutions
203,0.5335314715350119,54,guenther2024substitutions
204,0.3376690899884265,54,guenther2024substitutions
205,0.39305623372395804,54,guenther2024substitutions
206,0.026332148799188992,54,guenther2024substitutions
207,0.20904088903356488,54,guenther2024substitutions
208,0.37330740469473334,54,guenther2024substitutions
209,0.49326409233940893,54,guenther2024substitutions
21,0.3977572466876049,148,guenther2024substitutions
210,0.0795514142071756,54,guenther2024substitutions
211,0.2919108072916661,54,guenther2024substitutions
212,0.2889822500723378,54,guenther2024substitutions
213,0.2310909695095491,54,guenther2024substitutions
214,0.3896546540436914,54,guenther2024substitutions
215,0.24720255533854196,54,guenther2024substitutions
216,0.805369059244792,54,guenther2024substitutions
217,0.34616936577690893,54,guenther2024substitutions
218,0.6879944977936914,54,guenther2024substitutions
219,0.31658313892505774,54,guenther2024substitutions
22,0.6543413798014326,144,guenther2024substitutions
220,0.45798888029875595,108,guenther2024substitutions
221,0.43319137008101904,54,guenther2024substitutions
222,0.5401091399016202,54,guenther2024substitutions
223,0.5650623462818283,54,guenther2024substitutions
224,0.11090992115162024,54,guenther2024substitutions
225,0.2825351291232634,54,guenther2024substitutions
226,0.41622303150318274,54,guenther2024substitutions
227,0.3229070592809613,54,guenther2024substitutions
228,0.2418325918692128,54,guenther2024substitutions
229,0.6359258581090859,54,guenther2024substitutions
23,-27.696578414351862,27,guenther2024substitutions
230,0.602475201642072,54,guenther2024substitutions
231,0.7262867115162033,54,guenther2024substitutions
232,0.2968071831597223,54,guenther2024substitutions
233,0.45089495623553244,54,guenther2024substitutions
234,0.4288900869864003,54,guenther2024substitutions
235,0.48226420084635446,54,guenther2024substitutions
236,0.5619569001374423,54,guenther2024substitutions
237,0.6121707492404509,54,guenther2024substitutions
238,0.9007833975332753,54,guenther2024substitutions
239,0.3752661810980902,54,guenther2024substitutions
24,0.5985431031092698,149,guenther2024substitutions
240,0.6684954607928244,54,guenther2024substitutions
241,0.5220981174045143,108,guenther2024substitutions
242,0.28111549660011637,54,guenther2024substitutions
243,0.6125946044921879,54,guenther2024substitutions
244,0.5690816243489589,54,guenther2024substitutions
245,0.7793986002604161,54,guenther2024substitutions
246,0.6471676296657991,54,guenther2024substitutions
247,0.3348343460648149,54,guenther2024substitutions
248,0.4885988588686345,54,guenther2024substitutions
249,0.5860934787326384,54,guenther2024substitutions
25,0.41283806002869916,196,guenther2024substitutions
250,0.48444112141927054,54,guenther2024substitutions
251,0.44719752558955417,108,guenther2024substitutions
252,0.4891583478009265,54,guenther2024substitutions
253,0.43798828125,54,guenther2024substitutions
254,0.46983846028645804,54,guenther2024substitutions
255,0.6405961778428813,54,guenther2024substitutions
256,0.7910308837890625,54,guenther2024substitutions
257,0.6015726725260415,54,guenther2024substitutions
258,0.47862752278645804,54,guenther2024substitutions
259,0.4397469979745372,54,guenther2024substitutions
26,0.38400050571986544,140,guenther2024substitutions
260,0.6161979392722801,54,guenther2024substitutions
261,1.0496803566261583,54,guenther2024substitutions
262,0.16468584979022038,54,guenther2024substitutions
263,0.35341842086226904,54,guenther2024substitutions
264,0.5059729682074652,54,guenther2024substitutions
265,0.3962334526909723,54,guenther2024substitutions
266,0.3304635507089122,54,guenther2024substitutions
267,0.3649518048321765,54,guenther2024substitutions
268,0.5754044144241899,54,guenther2024substitutions
269,0.41054337112991934,54,guenther2024substitutions
27,0.78094482421875,147,guenther2024substitutions
270,0.18318826180917247,108,guenther2024substitutions
271,0.16702948676215268,108,guenther2024substitutions
272,0.5327973542390039,54,guenther2024substitutions
273,0.4347409848813655,54,guenther2024substitutions
274,0.5273861355251737,54,guenther2024substitutions
275,0.2684665256076393,54,guenther2024substitutions
276,0.4378554732711226,54,guenther2024substitutions
277,0.37738602249710596,54,guenther2024substitutions
278,0.8488068757233789,54,guenther2024substitutions
279,0.44140851056134256,54,guenther2024substitutions
28,0.29834607182716777,147,guenther2024substitutions
280,0.4977908664279509,54,guenther2024substitutions
281,0.1715127450448497,54,guenther2024substitutions
282,0.0012953016493053582,54,guenther2024substitutions
283,0.6209383364076961,54,guenther2024substitutions
284,0.37784717701099524,54,guenther2024substitutions
285,0.447601318359375,54,guenther2024substitutions
286,0.30519330060040506,54,guenther2024substitutions
287,0.5167637577763307,108,guenther2024substitutions
288,0.4310805709273726,54,guenther2024substitutions
289,0.3101586235894098,54,guenther2024substitutions
29,0.5404324001736107,144,guenther2024substitutions
290,0.2672882080078125,54,guenther2024substitutions
291,0.6698472764756946,54,guenther2024substitutions
292,0.7071634928385411,54,guenther2024substitutions
293,0.5137736002604161,54,guenther2024substitutions
294,0.47464158799913125,54,guenther2024substitutions
295,0.10181116174768512,54,guenther2024substitutions
296,0.47917909975405104,54,guenther2024substitutions
297,0.4149022985387729,54,guenther2024substitutions
298,0.377006813331886,54,guenther2024substitutions
299,0.4917766429759842,54,guenther2024substitutions
3,0.3508248525123072,146,guenther2024substitutions
30,0.5236881947357386,149,guenther2024substitutions
300,0.44677564832899286,54,guenther2024substitutions
301,0.27030323169849524,54,guenther2024substitutions
302,0.43367682562933974,54,guenther2024substitutions
303,0.33723223650896994,54,guenther2024substitutions
304,0.40533221209490744,54,guenther2024substitutions
305,0.3567584002459485,54,guenther2024substitutions
306,0.2520339400679976,54,guenther2024substitutions
307,0.24378402144820654,54,guenther2024substitutions
308,0.27641465928819464,54,guenther2024substitutions
309,0.3401342321325229,108,guenther2024substitutions
31,0.48702852490922144,142,guenther2024substitutions
310,0.46163770887586786,54,guenther2024substitutions
311,-0.011111789279514284,54,guenther2024substitutions
312,0.3421014856409137,54,guenther2024substitutions
313,0.25124896014178244,54,guenther2024substitutions
314,0.4037130850332762,54,guenther2024substitutions
315,0.19706047905815982,54,guenther2024substitutions
316,0.3994016294126159,54,guenther2024substitutions
317,0.30685989945023096,54,guenther2024substitutions
318,0.45261128743489554,54,guenther2024substitutions
319,0.21563777217158542,54,guenther2024substitutions
32,0.43065603983770906,194,guenther2024substitutions
320,0.40761368362991846,54,guenther2024substitutions
321,0.4532804135923034,54,guenther2024substitutions
322,0.2883905481409137,54,guenther2024substitutions
323,0.27736296477141176,54,guenther2024substitutions
324,0.45892220956307916,54,guenther2024substitutions
325,0.2647738986545134,54,guenther2024substitutions
326,0.3456375687210649,54,guenther2024substitutions
327,0.2485809326171875,54,guenther2024substitutions
328,0.596946433738426,54,guenther2024substitutions
329,0.39905293782552054,54,guenther2024substitutions
33,0.543292071368243,148,guenther2024substitutions
330,0.5352167200159141,54,guenther2024substitutions
331,0.6224885163483798,54,guenther2024substitutions
332,0.27667744954427054,54,guenther2024substitutions
333,0.7921888563368062,54,guenther2024substitutions
334,0.3853793674045143,54,guenther2024substitutions
335,0.34871814869068274,54,guenther2024substitutions
336,0.3327224166304976,108,guenther2024substitutions
337,0.4616077564380783,54,guenther2024substitutions
338,0.2607975712528936,54,guenther2024substitutions
339,0.22716833043981488,54,guenther2024substitutions
34,0.45960299173990915,144,guenther2024substitutions
340,0.48161824544270804,54,guenther2024substitutions
341,0.1597346553096064,54,guenther2024substitutions
342,0.5070224338107634,54,guenther2024substitutions
343,0.782384801793981,54,guenther2024substitutions
344,0.5232086181640625,54,guenther2024substitutions
345,0.5361746328848387,54,guenther2024substitutions
346,0.41740587022569464,54,guenther2024substitutions
347,0.44331472891348334,54,guenther2024substitutions
348,0.2617905228226274,54,guenther2024substitutions
349,0.3529210973668979,54,guenther2024substitutions
35,0.36980100878241906,147,guenther2024substitutions
350,0.3538897479021985,54,guenther2024substitutions
351,0.36562884295428244,54,guenther2024substitutions
352,0.628451312029803,54,guenther2024substitutions
353,0.19716559516059018,54,guenther2024substitutions
354,0.4718820077401622,54,guenther2024substitutions
355,0.37284116391782396,54,guenther2024substitutions
356,0.48986307779947946,54,guenther2024substitutions
357,0.5755688702618631,54,guenther2024substitutions
358,0.3832126193576393,54,guenther2024substitutions
359,0.494357073748553,54,guenther2024substitutions
36,0.4414831797281895,144,guenther2024substitutions
360,0.7170890525535301,54,guenther2024substitutions
361,0.631266276041667,54,guenther2024substitutions
362,0.478976214373553,54,guenther2024substitutions
363,0.41664745189525476,54,guenther2024substitutions
364,0.46297991717303244,54,guenther2024substitutions
365,0.2071606671368631,54,guenther2024substitutions
366,0.32176434552228095,54,guenther2024substitutions
367,0.24428077980324048,54,guenther2024substitutions
368,0.4335055881076384,54,guenther2024substitutions
369,0.3514223451967591,54,guenther2024substitutions
37,0.6299860706068063,146,guenther2024substitutions
370,0.9286001699942132,54,guenther2024substitutions
371,0.5229565655743631,54,guenther2024substitutions
372,0.362887347186053,54,guenther2024substitutions
373,0.3890652126736107,54,guenther2024substitutions
374,0.8167718957971646,54,guenther2024substitutions
375,0.2323800546151622,54,guenther2024substitutions
376,0.4250341344762729,54,guenther2024substitutions
377,0.9882976390697342,54,guenther2024substitutions
378,0.5874775074146408,54,guenther2024substitutions
379,0.5046437581380205,54,guenther2024substitutions
38,0.6954441324869789,150,guenther2024substitutions
380,0.8625923439308449,54,guenther2024substitutions
381,0.5798633716724533,54,guenther2024substitutions
382,0.3444355152271408,54,guenther2024substitutions
383,0.37391775625723334,54,guenther2024substitutions
384,0.6800938359013307,54,guenther2024substitutions
385,0.7054092972366899,54,guenther2024substitutions
386,0.16539171006944464,54,guenther2024substitutions
387,0.4208306206597223,54,guenther2024substitutions
388,0.6887077048972801,54,guenther2024substitutions
389,0.1309814453125,54,guenther2024substitutions
39,0.7147796426043413,149,guenther2024substitutions
390,0.4029473198784723,54,guenther2024substitutions
391,0.3484604446976274,54,guenther2024substitutions
392,0.5978467022931131,54,guenther2024substitutions
393,0.10887202510127292,54,guenther2024substitutions
394,0.6389273184317137,54,guenther2024substitutions
395,0.2109567147714113,54,guenther2024substitutions
396,0.4458776403356488,54,guenther2024substitutions
397,0.1757315176504628,54,guenther2024substitutions
398,0.6127511483651622,54,guenther2024substitutions
399,0.3802637170862271,54,guenther2024substitutions
4,0.47634755964759457,139,guenther2024substitutions
40,0.47686999090786664,145,guenther2024substitutions
400,0.5397191930700238,54,guenther2024substitutions
401,0.18337447554976904,54,guenther2024substitutions
402,0.2947071216724533,54,guenther2024substitutions
403,0.41552112720630774,54,guenther2024substitutions
404,0.30446087872540506,54,guenther2024substitutions
405,0.6276866771556717,54,guenther2024substitutions
406,0.4955336959273735,54,guenther2024substitutions
407,0.6628378408926503,54,guenther2024substitutions
408,0.44144637496383066,54,guenther2024substitutions
409,0.5384301079644089,54,guenther2024substitutions
41,0.42250548901201146,147,guenther2024substitutions
410,0.2711916323061345,54,guenther2024substitutions
411,0.6225636800130205,54,guenther2024substitutions
412,0.7815048782913774,54,guenther2024substitutions
413,0.4094859935619217,54,guenther2024substitutions
414,0.7490522596571179,54,guenther2024substitutions
415,0.6343118173104747,54,guenther2024substitutions
416,0.3140603524667247,54,guenther2024substitutions
417,0.4215551305700238,54,guenther2024substitutions
418,0.5522217927155664,54,guenther2024substitutions
419,0.2942668773509838,108,guenther2024substitutions
42,0.5736597422006966,148,guenther2024substitutions
420,0.41076490614149375,54,guenther2024substitutions
421,0.25980857566550863,54,guenther2024substitutions
422,0.45640055338541696,54,guenther2024substitutions
423,0.7072940402560759,54,guenther2024substitutions
424,0.8568866871021417,54,guenther2024substitutions
425,0.7792245370370372,54,guenther2024substitutions
426,0.6313646104600696,54,guenther2024substitutions
427,0.6657748752170134,54,guenther2024substitutions
428,0.5193933557581012,54,guenther2024substitutions
429,0.4002001727068869,54,guenther2024substitutions
43,0.457842852618243,148,guenther2024substitutions
430,0.6694194652416092,54,guenther2024substitutions
431,0.37193411367910834,54,guenther2024substitutions
432,0.4878726535373259,54,guenther2024substitutions
433,0.3524028636791092,54,guenther2024substitutions
434,0.23537021213107678,54,guenther2024substitutions
435,0.4983599627459485,54,guenther2024substitutions
436,0.6440248842592595,54,guenther2024substitutions
437,0.3331360993561918,54,guenther2024substitutions
438,0.698035911277489,54,guenther2024substitutions
439,0.49826897515190893,54,guenther2024substitutions
44,0.8420676095145083,140,guenther2024substitutions
440,0.5409585458260997,54,guenther2024substitutions
441,0.267367327654803,54,guenther2024substitutions
442,0.5734846327039937,54,guenther2024substitutions
443,0.21915520562065938,54,guenther2024substitutions
444,0.6226784035011574,54,guenther2024substitutions
445,0.5392919469762729,54,guenther2024substitutions
446,0.2535971182364012,54,guenther2024substitutions
447,0.4462432861328125,54,guenther2024substitutions
448,0.3645109953703711,54,guenther2024substitutions
449,0.4102664523654509,54,guenther2024substitutions
45,0.38899835164114993,149,guenther2024substitutions
450,0.19907237865306726,54,guenther2024substitutions
451,0.5072586624710649,54,guenther2024substitutions
452,0.4512854682074652,54,guenther2024substitutions
453,0.4381821243851274,54,guenther2024substitutions
454,0.2997470431857634,54,guenther2024substitutions
455,0.8077432137948506,54,guenther2024substitutions
456,0.5656517876519098,54,guenther2024substitutions
457,0.7380529333043988,54,guenther2024substitutions
458,0.713290179217303,54,guenther2024substitutions
459,0.23118195710358824,54,guenther2024substitutions
46,0.6629471452268829,146,guenther2024substitutions
460,0.5157702410662619,54,guenther2024substitutions
461,0.5850157561125577,54,guenther2024substitutions
462,0.25681898328993036,54,guenther2024substitutions
463,0.5250492802372682,54,guenther2024substitutions
464,0.2856982195818869,54,guenther2024substitutions
465,0.3121123137297461,54,guenther2024substitutions
466,0.5506569191261574,54,guenther2024substitutions
467,0.22873207374855298,54,guenther2024substitutions
468,0.7149437798394098,54,guenther2024substitutions
469,0.5436796965422452,54,guenther2024substitutions
47,0.565617503735842,149,guenther2024substitutions
470,0.5097141972294557,54,guenther2024substitutions
471,0.42953604239004584,54,guenther2024substitutions
472,0.5872915762442128,54,guenther2024substitutions
473,0.1777575457537619,54,guenther2024substitutions
474,0.28713028519241934,54,guenther2024substitutions
475,0.5928531222873259,54,guenther2024substitutions
476,0.21283298068576428,54,guenther2024substitutions
477,0.5954838505497682,54,guenther2024substitutions
478,0.6568411367910878,54,guenther2024substitutions
479,0.10893588595920178,54,guenther2024substitutions
48,0.7104582306522662,149,guenther2024substitutions
480,0.5770941840277772,54,guenther2024substitutions
481,0.0800973397714122,54,guenther2024substitutions
482,0.3366614447699652,54,guenther2024substitutions
483,0.5499561451099542,54,guenther2024substitutions
484,0.6757953785083908,54,guenther2024substitutions
485,0.5434886791087958,54,guenther2024substitutions
49,0.7411009081366924,147,guenther2024substitutions
5,0.585661444045205,131,guenther2024substitutions
50,0.6582086923960091,148,guenther2024substitutions
51,0.5659240722656245,150,guenther2024substitutions
52,0.48176921976023657,145,guenther2024substitutions
53,0.5194923714415669,146,guenther2024substitutions
54,0.8068210856119791,150,guenther2024substitutions
55,0.5164106740247485,149,guenther2024substitutions
56,0.8035506683142009,147,guenther2024substitutions
57,0.5782815056878166,148,guenther2024substitutions
58,0.6900655385610222,148,guenther2024substitutions
59,0.48033081054687443,150,guenther2024substitutions
6,0.7310805449614657,148,guenther2024substitutions
60,0.6407132310932191,147,guenther2024substitutions
61,0.4465082155778104,149,guenther2024substitutions
62,0.3982145348373729,147,guenther2024substitutions
63,0.5227465820312496,150,guenther2024substitutions
64,0.4448570355977095,146,guenther2024substitutions
65,0.736084814785289,147,guenther2024substitutions
66,0.6029891448767017,147,guenther2024substitutions
67,0.6845694706357754,145,guenther2024substitutions
68,0.8264905686346484,149,guenther2024substitutions
69,0.45875518176020424,147,guenther2024substitutions
7,0.5185700500903492,147,guenther2024substitutions
70,0.4664247710129308,145,guenther2024substitutions
71,0.4653547132337419,148,guenther2024substitutions
72,0.7421093750000001,150,guenther2024substitutions
73,0.46702922952586157,145,guenther2024substitutions
74,0.6548406613753146,149,guenther2024substitutions
75,0.4881933685532198,133,guenther2024substitutions
76,0.4903491792224699,147,guenther2024substitutions
77,0.4945648791743258,204,guenther2024substitutions
78,0.7133590391018254,149,guenther2024substitutions
79,0.5041072948558911,148,guenther2024substitutions
8,0.45734358162715516,145,guenther2024substitutions
80,0.4967215401785712,147,guenther2024substitutions
81,0.6665577244114225,148,guenther2024substitutions
82,0.44220605632602794,149,guenther2024substitutions
83,0.6938673909505209,150,guenther2024substitutions
84,0.41727474185970337,143,guenther2024substitutions
85,0.571309682485218,148,guenther2024substitutions
86,0.5381542285839158,143,guenther2024substitutions
87,0.5817600736682049,149,guenther2024substitutions
88,0.6413250358737246,147,guenther2024substitutions
89,0.47233366486210127,149,guenther2024substitutions
9,0.47616824588260087,148,guenther2024substitutions
90,0.46172364117347975,146,guenther2024substitutions
91,0.3922713216145839,150,guenther2024substitutions
92,0.4942133346660027,149,guenther2024substitutions
93,0.4979731760868402,147,guenther2024substitutions
94,0.7142838541666663,150,guenther2024substitutions
95,0.27787674797905826,144,guenther2024substitutions
96,0.4765862826643321,145,guenther2024substitutions
97,0.4984598094019397,145,guenther2024substitutions
98,0.6082004856418921,148,guenther2024substitutions
99,0.6335108508802438,146,guenther2024substitutions
1,0.062229104238013755,73,hilton2021_comprehension
10,0.0667340004280822,73,hilton2021_comprehension
11,0.012427761130136883,73,hilton2021_comprehension
12,0.05796500428082185,73,hilton2021_comprehension
13,0.08414825021404115,73,hilton2021_comprehension
14,-0.10830479452054786,73,hilton2021_comprehension
15,0.007919520547945202,73,hilton2021_comprehension
16,0.019450984589041154,73,hilton2021_comprehension
17,0.025230094178082196,73,hilton2021_comprehension
18,-0.03687359535530821,73,hilton2021_comprehension
19,-0.006621896404109595,73,hilton2021_comprehension
2,0.020825529751712313,73,hilton2021_comprehension
20,0.04625294306506855,73,hilton2021_comprehension
21,-0.003197238869863006,73,hilton2021_comprehension
22,0.022491037029109595,73,hilton2021_comprehension
23,0.10430824593321919,73,hilton2021_comprehension
24,-0.13406999143835618,73,hilton2021_comprehension
25,0.09792714576198636,73,hilton2021_comprehension
26,0.03590539383561642,73,hilton2021_comprehension
27,0.05048694349315075,73,hilton2021_comprehension
28,0.06300165881849318,73,hilton2021_comprehension
29,-0.03839027718321919,73,hilton2021_comprehension
3,0.024344248314426387,73,hilton2021_comprehension
30,-0.07281076091609584,73,hilton2021_comprehension
31,0.07884738869863017,73,hilton2021_comprehension
32,0.0006003183861300609,73,hilton2021_comprehension
33,0.033356967037671326,73,hilton2021_comprehension
34,-0.03709265303938347,73,hilton2021_comprehension
35,0.023912403681506822,73,hilton2021_comprehension
36,0.041968776755136994,73,hilton2021_comprehension
37,0.0648343857020548,73,hilton2021_comprehension
38,0.11717077803938358,73,hilton2021_comprehension
39,0.00016387521404115368,73,hilton2021_comprehension
4,0.10968268407534243,73,hilton2021_comprehension
40,0.0010534835188357183,73,hilton2021_comprehension
5,0.0551640758775685,73,hilton2021_comprehension
6,0.07660121133882702,73,hilton2021_comprehension
7,-0.0864558807791096,73,hilton2021_comprehension
8,0.06550159193065075,73,hilton2021_comprehension
9,0.11822091716609584,73,hilton2021_comprehension
1,0.0488088732567903,642,hutchison2013_semantic
10,0.06367093893657082,639,hutchison2013_semantic
103,0.04731593132019042,640,hutchison2013_semantic
104,0.05704806561403081,641,hutchison2013_semantic
106,0.04546426644720755,639,hutchison2013_semantic
110,0.04710814287063669,641,hutchison2013_semantic
112,0.042166635160535856,638,hutchison2013_semantic
116,0.0534604050043061,635,hutchison2013_semantic
120,0.0794314202096395,638,hutchison2013_semantic
126,0.07687720716836485,641,hutchison2013_semantic
132,0.08133659362792969,640,hutchison2013_semantic
133,0.051442638760237906,641,hutchison2013_semantic
136,0.052019023895263694,640,hutchison2013_semantic
137,0.043384027481079085,640,hutchison2013_semantic
140,0.047701930999755865,640,hutchison2013_semantic
144,0.07248644828796386,640,hutchison2013_semantic
147,0.06110124588012694,640,hutchison2013_semantic
148,0.05894329327745991,639,hutchison2013_semantic
15,0.03283339097235763,641,hutchison2013_semantic
152,0.03952980041503906,640,hutchison2013_semantic
157,0.05136189334292124,641,hutchison2013_semantic
158,0.061057723070641556,641,hutchison2013_semantic
16,0.03575212832732058,641,hutchison2013_semantic
160,0.03566157538879677,641,hutchison2013_semantic
163,0.060080528259277344,640,hutchison2013_semantic
165,0.0692785206525448,641,hutchison2013_semantic
167,0.0471766050817814,641,hutchison2013_semantic
169,0.03215157781115932,641,hutchison2013_semantic
17,0.08289597819264334,641,hutchison2013_semantic
170,0.09101798426190824,639,hutchison2013_semantic
175,0.06242437154704533,642,hutchison2013_semantic
179,0.0508477296068075,639,hutchison2013_semantic
185,0.050060892105102506,640,hutchison2013_semantic
188,0.06835704214301386,641,hutchison2013_semantic
191,0.032408714294433594,640,hutchison2013_semantic
192,0.020308732986450195,640,hutchison2013_semantic
194,0.04112519356320579,642,hutchison2013_semantic
204,0.08551358655908733,641,hutchison2013_semantic
205,0.07607000646456866,639,hutchison2013_semantic
208,0.051909446716308594,640,hutchison2013_semantic
21,0.05788052697696594,639,hutchison2013_semantic
211,0.0701895236968994,640,hutchison2013_semantic
216,0.039919424057006825,640,hutchison2013_semantic
218,0.06169834136962887,640,hutchison2013_semantic
22,0.03482017576601501,641,hutchison2013_semantic
220,0.05633187294006348,640,hutchison2013_semantic
225,0.04657704956434969,642,hutchison2013_semantic
226,0.06555603597765769,642,hutchison2013_semantic
227,0.0682895045511786,639,hutchison2013_semantic
232,0.05907073020935061,640,hutchison2013_semantic
239,0.03251850288855304,641,hutchison2013_semantic
24,0.07733378410339356,640,hutchison2013_semantic
241,0.08424651195032178,641,hutchison2013_semantic
242,0.04467588050343166,642,hutchison2013_semantic
246,0.048176956176757824,640,hutchison2013_semantic
247,0.06984057426452636,640,hutchison2013_semantic
249,0.03808031082153318,640,hutchison2013_semantic
251,0.04551259788549003,639,hutchison2013_semantic
252,0.05872826576232909,640,hutchison2013_semantic
254,0.04515783957603192,642,hutchison2013_semantic
255,0.04438545334507041,639,hutchison2013_semantic
257,0.032048828505281346,642,hutchison2013_semantic
261,0.03481166756413062,642,hutchison2013_semantic
264,0.023261022567749035,640,hutchison2013_semantic
265,0.045439527628007625,639,hutchison2013_semantic
266,0.06690993309020996,640,hutchison2013_semantic
272,0.089992618560791,640,hutchison2013_semantic
274,0.044516624414976586,641,hutchison2013_semantic
279,0.06259331427944617,641,hutchison2013_semantic
281,0.0755595622765233,638,hutchison2013_semantic
282,0.05266776084899902,640,hutchison2013_semantic
283,0.05637307167053221,640,hutchison2013_semantic
287,0.05661388033059467,639,hutchison2013_semantic
288,0.044957645995329615,639,hutchison2013_semantic
293,0.0720304825376609,641,hutchison2013_semantic
295,0.040415828030247444,639,hutchison2013_semantic
296,0.06379275321960448,640,hutchison2013_semantic
298,0.07224794684249902,637,hutchison2013_semantic
304,0.05002503395080567,640,hutchison2013_semantic
313,0.05009655952453612,640,hutchison2013_semantic
314,0.03672470044940246,638,hutchison2013_semantic
316,0.04407052993774413,640,hutchison2013_semantic
323,0.04173393608260678,638,hutchison2013_semantic
324,0.04400968551635742,640,hutchison2013_semantic
325,0.04484879468420924,641,hutchison2013_semantic
326,0.04671060499646547,641,hutchison2013_semantic
336,0.07817459106445312,640,hutchison2013_semantic
339,0.032461547851562494,640,hutchison2013_semantic
34,0.06793835601331288,642,hutchison2013_semantic
342,0.05073030802091459,641,hutchison2013_semantic
345,0.02488906693197379,639,hutchison2013_semantic
346,0.05816779742996955,637,hutchison2013_semantic
355,0.057707594034257625,639,hutchison2013_semantic
356,0.05069982203332843,639,hutchison2013_semantic
359,0.07431144714355467,640,hutchison2013_semantic
365,0.08360807088533542,641,hutchison2013_semantic
367,0.044840621948242176,640,hutchison2013_semantic
369,0.07605237559111738,641,hutchison2013_semantic
37,0.040277099609375006,640,hutchison2013_semantic
370,0.05210510444046923,642,hutchison2013_semantic
372,0.04736232608323554,639,hutchison2013_semantic
374,0.02630991348052361,641,hutchison2013_semantic
376,0.044505470049026774,639,hutchison2013_semantic
379,0.06285694581988457,639,hutchison2013_semantic
389,0.05984749399741615,641,hutchison2013_semantic
39,0.04417765681545874,639,hutchison2013_semantic
412,0.06455438787286932,638,hutchison2013_semantic
413,0.020544958114624007,640,hutchison2013_semantic
414,0.07167764982083658,641,hutchison2013_semantic
415,0.04143452644348143,640,hutchison2013_semantic
418,0.04273635792620305,639,hutchison2013_semantic
421,0.0633129768550117,641,hutchison2013_semantic
422,0.042188119888305675,640,hutchison2013_semantic
423,0.06110913391590864,639,hutchison2013_semantic
429,0.06998966115871197,641,hutchison2013_semantic
435,0.06485953330993649,640,hutchison2013_semantic
440,0.048009403807829615,639,hutchison2013_semantic
441,0.06370456080668035,639,hutchison2013_semantic
443,0.045624303817749026,640,hutchison2013_semantic
447,0.059072542190551774,640,hutchison2013_semantic
449,0.0498289964941559,639,hutchison2013_semantic
450,0.039015007019042966,640,hutchison2013_semantic
457,0.03442668914794922,640,hutchison2013_semantic
46,0.049426011636223594,639,hutchison2013_semantic
463,0.03795196485593799,641,hutchison2013_semantic
464,0.048351305751173704,639,hutchison2013_semantic
465,0.06001389194542253,639,hutchison2013_semantic
468,0.05376667148070716,639,hutchison2013_semantic
469,0.06700884124232157,641,hutchison2013_semantic
473,0.033853991278286644,638,hutchison2013_semantic
474,0.05815606117248537,640,hutchison2013_semantic
476,0.05173358917236326,640,hutchison2013_semantic
477,0.05922325265612771,639,hutchison2013_semantic
481,0.06140730908355238,642,hutchison2013_semantic
482,0.031792211532592776,640,hutchison2013_semantic
489,0.03891329765319823,640,hutchison2013_semantic
490,0.05766518462991492,639,hutchison2013_semantic
496,0.06538786888122558,640,hutchison2013_semantic
498,0.0627358695056951,642,hutchison2013_semantic
50,0.04457680260335414,641,hutchison2013_semantic
503,0.05521326065063478,640,hutchison2013_semantic
504,0.055846500396728505,640,hutchison2013_semantic
508,0.03737270218347796,641,hutchison2013_semantic
509,0.031063329393618555,642,hutchison2013_semantic
51,0.05080575942993164,640,hutchison2013_semantic
55,0.06550753359130476,639,hutchison2013_semantic
56,0.0519350914514867,639,hutchison2013_semantic
67,0.0717026710510254,640,hutchison2013_semantic
68,0.04283669819481123,639,hutchison2013_semantic
69,0.07200875282287597,640,hutchison2013_semantic
71,0.06108179361468946,638,hutchison2013_semantic
80,0.04867982864379883,640,hutchison2013_semantic
87,0.05524188672487265,638,hutchison2013_semantic
88,0.053085494827438184,637,hutchison2013_semantic
89,0.051474523544311535,640,hutchison2013_semantic
91,0.038109254837036144,640,hutchison2013_semantic
96,0.03196754455566403,640,hutchison2013_semantic
1,-0.02109103732638884,90,kyroelaeinen2022_valence
100,0.0708875868055554,180,kyroelaeinen2022_valence
1000,0.13572048611111098,90,kyroelaeinen2022_valence
1001,0.16260816786024312,90,kyroelaeinen2022_valence
1002,0.02430555555555558,90,kyroelaeinen2022_valence
1003,0.007877604166666607,90,kyroelaeinen2022_valence
1004,0.02111545138888893,90,kyroelaeinen2022_valence
1006,-0.022265624999999956,90,kyroelaeinen2022_valence
1007,0.07781032986111125,90,kyroelaeinen2022_valence
101,0.030078125000000178,180,kyroelaeinen2022_valence
1010,-0.054123263888888884,90,kyroelaeinen2022_valence
1012,0.0007921006944444642,90,kyroelaeinen2022_valence
1013,0.017296006944444442,90,kyroelaeinen2022_valence
1015,0.08765190972222214,90,kyroelaeinen2022_valence
1016,-0.0017578124999999556,90,kyroelaeinen2022_valence
1017,0.10430636935763893,90,kyroelaeinen2022_valence
1018,0.08402777777777781,90,kyroelaeinen2022_valence
1020,0.09288194444444442,90,kyroelaeinen2022_valence
1021,0.06078559027777786,90,kyroelaeinen2022_valence
1025,0.13113064236111116,90,kyroelaeinen2022_valence
1026,0.02365451388888906,90,kyroelaeinen2022_valence
1028,0.1292968750000001,90,kyroelaeinen2022_valence
1029,-0.002777777777777768,90,kyroelaeinen2022_valence
103,0.07668728298611116,90,kyroelaeinen2022_valence
1030,0.16452907986111098,90,kyroelaeinen2022_valence
1031,0.06759982638888884,90,kyroelaeinen2022_valence
1032,0.07102050781250013,90,kyroelaeinen2022_valence
1033,-0.022113715277777724,90,kyroelaeinen2022_valence
1035,0.09969075520833326,90,kyroelaeinen2022_valence
1036,0.04442274305555571,90,kyroelaeinen2022_valence
1041,0.06206868489583339,90,kyroelaeinen2022_valence
1043,-0.01888020833333326,90,kyroelaeinen2022_valence
1044,0.013516235351562489,90,kyroelaeinen2022_valence
1045,0.0937608506944444,90,kyroelaeinen2022_valence
1047,0.023958333333333304,90,kyroelaeinen2022_valence
1048,0.052821180555555625,90,kyroelaeinen2022_valence
1049,0.07364908854166674,90,kyroelaeinen2022_valence
105,0.049077690972222365,90,kyroelaeinen2022_valence
1050,0.10700954861111112,90,kyroelaeinen2022_valence
1051,-0.003721788194444464,90,kyroelaeinen2022_valence
1053,0.13691406250000004,90,kyroelaeinen2022_valence
1054,0.062483723958333126,90,kyroelaeinen2022_valence
1055,0.07710232204861112,90,kyroelaeinen2022_valence
1056,0.05764431423611094,90,kyroelaeinen2022_valence
1057,-0.012213473849826295,90,kyroelaeinen2022_valence
1058,0.015473090277777768,90,kyroelaeinen2022_valence
1059,-0.008289930555555491,90,kyroelaeinen2022_valence
106,0.06238425925925939,270,kyroelaeinen2022_valence
1060,0.08457031249999991,90,kyroelaeinen2022_valence
1061,0.07623155381944446,90,kyroelaeinen2022_valence
1063,0.08268229166666674,90,kyroelaeinen2022_valence
1065,-0.02111545138888893,90,kyroelaeinen2022_valence
1066,0.03988715277777777,90,kyroelaeinen2022_valence
1067,0.051085069444444464,90,kyroelaeinen2022_valence
1068,0.11163194444444446,90,kyroelaeinen2022_valence
1070,0.08712022569444455,90,kyroelaeinen2022_valence
1072,0.021484375,90,kyroelaeinen2022_valence
1077,0.10452473958333353,90,kyroelaeinen2022_valence
1079,0.07365451388888888,90,kyroelaeinen2022_valence
1080,0.10963541666666665,90,kyroelaeinen2022_valence
1081,0.16410047743055545,90,kyroelaeinen2022_valence
1083,0.04650607638888893,90,kyroelaeinen2022_valence
1084,0.11506076388888897,90,kyroelaeinen2022_valence
1085,0.09637586805555554,90,kyroelaeinen2022_valence
1086,0.050260416666666696,90,kyroelaeinen2022_valence
1087,0.09687500000000004,90,kyroelaeinen2022_valence
1088,0.037478298611111294,90,kyroelaeinen2022_valence
1089,0.0653754340277779,90,kyroelaeinen2022_valence
109,0.1407118055555554,90,kyroelaeinen2022_valence
1090,0.1592122395833333,90,kyroelaeinen2022_valence
1093,0.08296440972222219,90,kyroelaeinen2022_valence
1094,0.1346788194444446,90,kyroelaeinen2022_valence
1095,0.09970804850260429,90,kyroelaeinen2022_valence
1096,0.09739583333333313,90,kyroelaeinen2022_valence
1097,0.043749999999999956,90,kyroelaeinen2022_valence
1098,0.08943142361111112,90,kyroelaeinen2022_valence
11,0.05763888888888902,90,kyroelaeinen2022_valence
110,0.10191695601851869,270,kyroelaeinen2022_valence
1100,-0.034643893771701406,90,kyroelaeinen2022_valence
1101,0.08168402777777772,90,kyroelaeinen2022_valence
1102,0.04070095486111114,90,kyroelaeinen2022_valence
1103,0.04429796006944442,90,kyroelaeinen2022_valence
1105,-0.02185329861111107,90,kyroelaeinen2022_valence
1106,0.07434895833333344,90,kyroelaeinen2022_valence
1107,0.16057976616753455,90,kyroelaeinen2022_valence
1109,0.15047743055555562,90,kyroelaeinen2022_valence
111,0.07825520833333321,90,kyroelaeinen2022_valence
1110,0.05961371527777781,90,kyroelaeinen2022_valence
1112,0.06909722222222214,90,kyroelaeinen2022_valence
1113,0.09062499999999996,90,kyroelaeinen2022_valence
1114,0.09424913194444429,90,kyroelaeinen2022_valence
1115,0.09026150173611125,90,kyroelaeinen2022_valence
1119,0.1186740451388888,90,kyroelaeinen2022_valence
1120,0.018929036458333437,90,kyroelaeinen2022_valence
1122,0.10366753472222223,90,kyroelaeinen2022_valence
1125,-0.026047092013888884,90,kyroelaeinen2022_valence
1127,0.05576205783420152,90,kyroelaeinen2022_valence
1128,0.024148220486111094,90,kyroelaeinen2022_valence
1129,0.040283203125,90,kyroelaeinen2022_valence
113,-0.007326027199074048,270,kyroelaeinen2022_valence
1130,-0.03933376736111116,90,kyroelaeinen2022_valence
1131,0.020307074652777812,90,kyroelaeinen2022_valence
1132,0.14244791666666656,90,kyroelaeinen2022_valence
1134,0.010199652777777679,90,kyroelaeinen2022_valence
1139,0.0839385986328125,90,kyroelaeinen2022_valence
114,0.09442997685185173,270,kyroelaeinen2022_valence
1140,0.11076931423611125,90,kyroelaeinen2022_valence
1141,0.0013454861111112937,90,kyroelaeinen2022_valence
1145,0.1206597222222221,90,kyroelaeinen2022_valence
1146,0.08618028428819435,90,kyroelaeinen2022_valence
1147,0.02294921875,90,kyroelaeinen2022_valence
1148,0.08628031412760429,90,kyroelaeinen2022_valence
115,0.060054976851851904,270,kyroelaeinen2022_valence
1150,0.0727213541666667,90,kyroelaeinen2022_valence
1153,0.024506293402777768,90,kyroelaeinen2022_valence
1154,0.13726942274305554,90,kyroelaeinen2022_valence
1156,0.03898111979166652,90,kyroelaeinen2022_valence
1157,0.10231662326388902,90,kyroelaeinen2022_valence
1158,0.03645833333333348,90,kyroelaeinen2022_valence
116,0.12534722222222228,180,kyroelaeinen2022_valence
1162,0.04839409722222232,90,kyroelaeinen2022_valence
1163,0.05891927083333326,90,kyroelaeinen2022_valence
1165,0.12029045952690987,90,kyroelaeinen2022_valence
1166,0.06120876736111103,90,kyroelaeinen2022_valence
1167,0.027833048502604152,90,kyroelaeinen2022_valence
1168,0.030227322048611116,90,kyroelaeinen2022_valence
1169,0.07524414062499996,90,kyroelaeinen2022_valence
117,0.06796875000000013,90,kyroelaeinen2022_valence
1170,0.053298611111111116,90,kyroelaeinen2022_valence
1171,0.06672125922309036,90,kyroelaeinen2022_valence
1172,0.06796874999999991,90,kyroelaeinen2022_valence
1174,0.0697916666666667,90,kyroelaeinen2022_valence
1175,0.011298285590277679,90,kyroelaeinen2022_valence
1176,0.08674587673611112,90,kyroelaeinen2022_valence
1177,0.03450520833333348,90,kyroelaeinen2022_valence
1178,0.04032118055555545,90,kyroelaeinen2022_valence
118,0.01237250434027759,180,kyroelaeinen2022_valence
1180,-0.02819552951388893,90,kyroelaeinen2022_valence
1182,0.06787109375,90,kyroelaeinen2022_valence
1183,0.07929687499999982,90,kyroelaeinen2022_valence
1185,0.07504509819878469,90,kyroelaeinen2022_valence
1187,0.017043728298611116,90,kyroelaeinen2022_valence
1189,0.09856533474392348,90,kyroelaeinen2022_valence
119,0.09609375000000009,270,kyroelaeinen2022_valence
1190,0.14422743055555554,90,kyroelaeinen2022_valence
1191,0.03087022569444442,90,kyroelaeinen2022_valence
1192,0.0242241753472221,90,kyroelaeinen2022_valence
1195,0.08899739583333321,90,kyroelaeinen2022_valence
1200,0.01892361111111107,90,kyroelaeinen2022_valence
1201,0.04615885416666665,90,kyroelaeinen2022_valence
1203,0.07300347222222214,90,kyroelaeinen2022_valence
1205,0.14429253472222237,90,kyroelaeinen2022_valence
1206,-0.004166666666666652,90,kyroelaeinen2022_valence
1208,0.024663628472222143,90,kyroelaeinen2022_valence
1209,0.04312065972222223,90,kyroelaeinen2022_valence
121,-0.0252188223379628,270,kyroelaeinen2022_valence
1211,0.14800347222222232,90,kyroelaeinen2022_valence
1212,0.05188259548611107,90,kyroelaeinen2022_valence
1214,-0.0023003472222224985,90,kyroelaeinen2022_valence
1215,0.04661458333333335,90,kyroelaeinen2022_valence
1216,0.05577663845486103,90,kyroelaeinen2022_valence
1217,0.07431640625000013,90,kyroelaeinen2022_valence
122,0.116160300925926,270,kyroelaeinen2022_valence
1221,0.059765625000000044,90,kyroelaeinen2022_valence
1223,-0.0037109374999999556,90,kyroelaeinen2022_valence
1224,0.058680555555555625,90,kyroelaeinen2022_valence
1226,0.08578559027777777,90,kyroelaeinen2022_valence
1227,0.07532009548611118,90,kyroelaeinen2022_valence
1228,0.026540798611111027,90,kyroelaeinen2022_valence
1229,0.06627604166666679,90,kyroelaeinen2022_valence
123,0.01806640625,90,kyroelaeinen2022_valence
1230,0.06592881944444429,90,kyroelaeinen2022_valence
1231,0.06115451388888893,90,kyroelaeinen2022_valence
1232,0.006401909722222321,90,kyroelaeinen2022_valence
1234,0.045757378472222054,90,kyroelaeinen2022_valence
1236,0.03532986111111103,90,kyroelaeinen2022_valence
1237,0.12135416666666665,90,kyroelaeinen2022_valence
1238,0.06391059027777768,90,kyroelaeinen2022_valence
1239,0.047059461805555536,90,kyroelaeinen2022_valence
124,0.02625868055555558,180,kyroelaeinen2022_valence
1240,0.03424479166666661,90,kyroelaeinen2022_valence
1241,0.14201388888888888,90,kyroelaeinen2022_valence
1245,0.1166666666666667,90,kyroelaeinen2022_valence
1246,0.030099826388888973,90,kyroelaeinen2022_valence
1249,0.007530381944444331,90,kyroelaeinen2022_valence
1250,0.13363715277777777,90,kyroelaeinen2022_valence
1251,0.05109592013888875,90,kyroelaeinen2022_valence
1252,0.05733506944444433,90,kyroelaeinen2022_valence
1253,0.09045138888888893,90,kyroelaeinen2022_valence
1254,0.023155381944444553,90,kyroelaeinen2022_valence
1255,0.09144965277777772,90,kyroelaeinen2022_valence
1256,0.02734375,90,kyroelaeinen2022_valence
1257,0.02883572048611116,90,kyroelaeinen2022_valence
1258,0.03786892361111094,90,kyroelaeinen2022_valence
1259,0.11283942328559027,90,kyroelaeinen2022_valence
126,0.06705729166666652,90,kyroelaeinen2022_valence
1260,0.04253472222222232,90,kyroelaeinen2022_valence
1261,0.05946180555555536,90,kyroelaeinen2022_valence
1263,0.03523763020833326,90,kyroelaeinen2022_valence
1264,0.09698893229166661,90,kyroelaeinen2022_valence
1265,0.14102647569444438,90,kyroelaeinen2022_valence
1266,0.028168402777777768,90,kyroelaeinen2022_valence
1269,0.167724609375,90,kyroelaeinen2022_valence
1271,-0.02548828124999991,90,kyroelaeinen2022_valence
1272,0.06897786458333344,90,kyroelaeinen2022_valence
1274,0.12243923611111107,90,kyroelaeinen2022_valence
1275,0.06738823784722214,90,kyroelaeinen2022_valence
1276,0.06966145833333348,90,kyroelaeinen2022_valence
1277,0.07092013888888893,90,kyroelaeinen2022_valence
1279,0.0521918402777779,90,kyroelaeinen2022_valence
128,0.015665351019965357,90,kyroelaeinen2022_valence
1280,0.06643371582031232,90,kyroelaeinen2022_valence
1281,0.04590928819444429,90,kyroelaeinen2022_valence
1282,0.1415364583333334,90,kyroelaeinen2022_valence
1284,-0.03802083333333295,90,kyroelaeinen2022_valence
1285,0.029296875,90,kyroelaeinen2022_valence
1286,0.030550130208333304,90,kyroelaeinen2022_valence
1287,0.09264322916666679,90,kyroelaeinen2022_valence
1288,0.19208984375000004,90,kyroelaeinen2022_valence
1289,-0.006825086805555491,90,kyroelaeinen2022_valence
1290,0.03699544270833344,90,kyroelaeinen2022_valence
1291,0.11564670138888888,90,kyroelaeinen2022_valence
1292,0.06744249131944446,90,kyroelaeinen2022_valence
1293,0.025884331597222365,90,kyroelaeinen2022_valence
1294,0.13108723958333335,90,kyroelaeinen2022_valence
1295,0.04344618055555549,90,kyroelaeinen2022_valence
1296,0.09146592881944438,90,kyroelaeinen2022_valence
1297,0.04840494791666661,90,kyroelaeinen2022_valence
1298,0.02695312499999991,90,kyroelaeinen2022_valence
1299,0.008984375000000044,90,kyroelaeinen2022_valence
13,0.1821180555555555,90,kyroelaeinen2022_valence
130,0.07699652777777777,180,kyroelaeinen2022_valence
1301,0.04878472222222219,90,kyroelaeinen2022_valence
1302,0.04605034722222223,90,kyroelaeinen2022_valence
1303,0.04480251736111107,90,kyroelaeinen2022_valence
1305,0.02234395345052087,90,kyroelaeinen2022_valence
1306,0.07531467013888893,90,kyroelaeinen2022_valence
131,0.02095540364583326,180,kyroelaeinen2022_valence
1311,-0.003993055555555625,90,kyroelaeinen2022_valence
1313,0.031228298611110983,90,kyroelaeinen2022_valence
1314,-0.018663194444444198,90,kyroelaeinen2022_valence
1315,0.19060329861111103,90,kyroelaeinen2022_valence
1316,0.040386623806423605,90,kyroelaeinen2022_valence
1319,0.07949218750000009,90,kyroelaeinen2022_valence
132,0.035313585069444375,180,kyroelaeinen2022_valence
1320,0.03519965277777781,90,kyroelaeinen2022_valence
1321,0.09503038194444424,90,kyroelaeinen2022_valence
1323,0.09010416666666687,90,kyroelaeinen2022_valence
1325,0.02747395833333366,90,kyroelaeinen2022_valence
1326,0.1139919704861112,90,kyroelaeinen2022_valence
133,0.059114583333333304,180,kyroelaeinen2022_valence
1334,-0.043177625868055625,90,kyroelaeinen2022_valence
1336,0.05008680555555567,90,kyroelaeinen2022_valence
1337,0.07816840277777781,90,kyroelaeinen2022_valence
134,0.09461805555555536,90,kyroelaeinen2022_valence
1340,0.010460069444444553,90,kyroelaeinen2022_valence
1341,0.1567599826388888,90,kyroelaeinen2022_valence
1342,0.04210069444444442,90,kyroelaeinen2022_valence
1343,0.07638888888888906,90,kyroelaeinen2022_valence
1344,0.07335069444444442,90,kyroelaeinen2022_valence
1347,0.040744696723090224,90,kyroelaeinen2022_valence
1349,0.1455512152777778,90,kyroelaeinen2022_valence
135,0.0026151869032117747,180,kyroelaeinen2022_valence
1352,0.060866970486111116,90,kyroelaeinen2022_valence
1354,0.12967936197916674,90,kyroelaeinen2022_valence
1355,0.05759006076388884,90,kyroelaeinen2022_valence
1357,-0.052878146701388795,90,kyroelaeinen2022_valence
1359,0.11866319444444451,90,kyroelaeinen2022_valence
136,0.1566406250000001,90,kyroelaeinen2022_valence
1360,0.10264756944444464,90,kyroelaeinen2022_valence
1361,0.09025607638888888,90,kyroelaeinen2022_valence
1362,-0.0015516493055555136,90,kyroelaeinen2022_valence
1363,0.03146701388888884,90,kyroelaeinen2022_valence
1366,0.04518229166666665,90,kyroelaeinen2022_valence
1367,0.026101345486111205,90,kyroelaeinen2022_valence
1368,-0.014583333333333393,90,kyroelaeinen2022_valence
1369,0.038454861111111294,90,kyroelaeinen2022_valence
1370,0.08110351562499996,90,kyroelaeinen2022_valence
1372,0.07713758680555571,90,kyroelaeinen2022_valence
1373,0.07357855902777777,90,kyroelaeinen2022_valence
1376,0.08342013888888888,90,kyroelaeinen2022_valence
1377,0.07947048611111107,90,kyroelaeinen2022_valence
1378,0.11453993055555545,90,kyroelaeinen2022_valence
138,0.09497629801432295,180,kyroelaeinen2022_valence
1380,-0.0010470920138889728,90,kyroelaeinen2022_valence
1381,0.13567708333333317,90,kyroelaeinen2022_valence
1384,0.09324544270833335,90,kyroelaeinen2022_valence
1388,0.07862955729166665,90,kyroelaeinen2022_valence
1389,0.10661892361111125,90,kyroelaeinen2022_valence
139,0.09053819444444455,90,kyroelaeinen2022_valence
1390,0.07849392361111107,90,kyroelaeinen2022_valence
1391,0.11507195366753464,90,kyroelaeinen2022_valence
1393,0.018294270833333348,90,kyroelaeinen2022_valence
1394,0.08089192708333326,90,kyroelaeinen2022_valence
1395,-0.02306857638888893,90,kyroelaeinen2022_valence
1396,0.05282694498697915,90,kyroelaeinen2022_valence
1398,0.008810763888888573,90,kyroelaeinen2022_valence
1399,0.035530598958333326,90,kyroelaeinen2022_valence
14,0.042556423611111116,180,kyroelaeinen2022_valence
140,0.14211697048611094,180,kyroelaeinen2022_valence
1400,0.04110785590277777,90,kyroelaeinen2022_valence
1401,0.0394965277777779,90,kyroelaeinen2022_valence
1402,0.12575887044270817,90,kyroelaeinen2022_valence
1403,0.17243923611111112,90,kyroelaeinen2022_valence
1404,0.10954861111111125,90,kyroelaeinen2022_valence
1405,0.024465603298611027,90,kyroelaeinen2022_valence
1406,0.06145968967013882,90,kyroelaeinen2022_valence
1407,0.011371527777777724,90,kyroelaeinen2022_valence
1408,0.09178466796874996,90,kyroelaeinen2022_valence
1409,0.09075520833333317,90,kyroelaeinen2022_valence
141,0.057120090060763906,180,kyroelaeinen2022_valence
1411,0.16784939236111107,90,kyroelaeinen2022_valence
1412,0.05974392361111103,90,kyroelaeinen2022_valence
1417,0.16467556423611107,90,kyroelaeinen2022_valence
1418,0.08868815104166661,90,kyroelaeinen2022_valence
142,0.007208478009259389,270,kyroelaeinen2022_valence
1420,0.048567708333333126,90,kyroelaeinen2022_valence
1421,-0.00938585069444442,90,kyroelaeinen2022_valence
1422,0.06976453993055554,90,kyroelaeinen2022_valence
1423,0.02586805555555549,90,kyroelaeinen2022_valence
1425,0.03598632812500013,90,kyroelaeinen2022_valence
1426,0.07659505208333339,90,kyroelaeinen2022_valence
1427,0.05176866319444451,90,kyroelaeinen2022_valence
1430,0.002647569444444553,90,kyroelaeinen2022_valence
1431,0.002983940972222321,90,kyroelaeinen2022_valence
144,0.1201388888888888,180,kyroelaeinen2022_valence
146,0.053146701388888884,180,kyroelaeinen2022_valence
147,0.12157118055555549,90,kyroelaeinen2022_valence
148,0.14387478298611112,90,kyroelaeinen2022_valence
151,0.0353136980975115,270,kyroelaeinen2022_valence
152,0.10522280092592595,270,kyroelaeinen2022_valence
154,0.0260772705078125,90,kyroelaeinen2022_valence
155,0.08579644097222228,180,kyroelaeinen2022_valence
156,0.006960720486111072,180,kyroelaeinen2022_valence
157,-0.007313368055555491,90,kyroelaeinen2022_valence
16,0.06472439236111116,270,kyroelaeinen2022_valence
161,0.02076280381944451,180,kyroelaeinen2022_valence
162,0.07146267361111103,270,kyroelaeinen2022_valence
163,0.04843478732638884,180,kyroelaeinen2022_valence
167,0.05842013888888897,180,kyroelaeinen2022_valence
169,0.05006239149305558,90,kyroelaeinen2022_valence
17,0.04157443576388897,180,kyroelaeinen2022_valence
170,0.04588758680555549,180,kyroelaeinen2022_valence
173,0.09331416377314827,270,kyroelaeinen2022_valence
174,0.06254204644097217,180,kyroelaeinen2022_valence
175,0.09097222222222223,90,kyroelaeinen2022_valence
176,0.08491753472222219,90,kyroelaeinen2022_valence
177,0.042540147569444464,180,kyroelaeinen2022_valence
179,0.04228877314814827,270,kyroelaeinen2022_valence
18,0.04915364583333326,180,kyroelaeinen2022_valence
184,0.05115017361111107,180,kyroelaeinen2022_valence
186,-0.0024710761176215262,180,kyroelaeinen2022_valence
188,0.07707609953703698,270,kyroelaeinen2022_valence
189,0.07934027777777763,90,kyroelaeinen2022_valence
19,0.022564019097222276,180,kyroelaeinen2022_valence
190,-0.005617947048611072,180,kyroelaeinen2022_valence
192,0.01970486111111125,90,kyroelaeinen2022_valence
193,0.0712348090277779,180,kyroelaeinen2022_valence
197,0.03184678819444442,180,kyroelaeinen2022_valence
198,0.014637586805555713,180,kyroelaeinen2022_valence
199,0.06258680555555562,180,kyroelaeinen2022_valence
201,0.0844401041666667,90,kyroelaeinen2022_valence
202,0.09794921874999996,180,kyroelaeinen2022_valence
204,0.13404947916666665,90,kyroelaeinen2022_valence
205,0.003266059027777768,180,kyroelaeinen2022_valence
206,0.09975043402777772,180,kyroelaeinen2022_valence
207,-0.016433376736111116,90,kyroelaeinen2022_valence
209,0.12070312499999991,180,kyroelaeinen2022_valence
21,0.05425347222222232,180,kyroelaeinen2022_valence
210,0.08078342013888884,90,kyroelaeinen2022_valence
212,0.04572482638888897,180,kyroelaeinen2022_valence
215,0.04677734374999987,90,kyroelaeinen2022_valence
216,0.08713831018518503,270,kyroelaeinen2022_valence
217,0.05598958333333326,90,kyroelaeinen2022_valence
22,0.039836516203703765,270,kyroelaeinen2022_valence
220,0.011534288194444353,180,kyroelaeinen2022_valence
221,0.02639160156250009,180,kyroelaeinen2022_valence
222,0.05118634259259269,270,kyroelaeinen2022_valence
223,0.05054253472222214,180,kyroelaeinen2022_valence
224,0.12363281249999991,180,kyroelaeinen2022_valence
225,0.05234375000000013,90,kyroelaeinen2022_valence
229,0.006062655978732623,180,kyroelaeinen2022_valence
230,0.034786422164351904,270,kyroelaeinen2022_valence
231,0.13219762731481488,270,kyroelaeinen2022_valence
233,0.08505859374999991,90,kyroelaeinen2022_valence
235,0.032194010416666696,180,kyroelaeinen2022_valence
236,0.0375434027777779,90,kyroelaeinen2022_valence
237,0.05241970486111103,180,kyroelaeinen2022_valence
239,0.13262080439814827,270,kyroelaeinen2022_valence
24,0.1047688802083333,90,kyroelaeinen2022_valence
240,0.06569010416666665,180,kyroelaeinen2022_valence
241,0.06412760416666674,90,kyroelaeinen2022_valence
242,0.020052083333333304,270,kyroelaeinen2022_valence
243,0.17795410156250013,90,kyroelaeinen2022_valence
245,0.08921440972222228,90,kyroelaeinen2022_valence
247,0.09639485677083348,90,kyroelaeinen2022_valence
25,0.05447048611111116,90,kyroelaeinen2022_valence
250,0.12952202690972237,90,kyroelaeinen2022_valence
251,0.0013156467013890616,180,kyroelaeinen2022_valence
253,0.05433213975694451,180,kyroelaeinen2022_valence
256,0.1366753472222222,90,kyroelaeinen2022_valence
261,0.05501302083333326,90,kyroelaeinen2022_valence
262,0.037738715277777724,180,kyroelaeinen2022_valence
263,0.0756510416666667,90,kyroelaeinen2022_valence
264,0.08599175347222232,90,kyroelaeinen2022_valence
265,0.11367187500000009,180,kyroelaeinen2022_valence
266,0.15323350694444438,180,kyroelaeinen2022_valence
267,-0.013726128472222321,180,kyroelaeinen2022_valence
268,-0.02528211805555558,180,kyroelaeinen2022_valence
269,0.045171440972222365,180,kyroelaeinen2022_valence
27,0.046218532986111116,180,kyroelaeinen2022_valence
270,0.12541232638888888,90,kyroelaeinen2022_valence
271,0.10910373263888884,180,kyroelaeinen2022_valence
272,0.03110351562499991,180,kyroelaeinen2022_valence
273,-0.04125434027777786,90,kyroelaeinen2022_valence
274,0.013411458333333126,180,kyroelaeinen2022_valence
275,0.13850549768518516,270,kyroelaeinen2022_valence
277,0.04870334201388893,180,kyroelaeinen2022_valence
278,0.07890624999999996,90,kyroelaeinen2022_valence
280,0.11158379448784728,90,kyroelaeinen2022_valence
281,0.0032443576388889728,180,kyroelaeinen2022_valence
282,0.05972222222222223,90,kyroelaeinen2022_valence
284,0.009022352430555491,180,kyroelaeinen2022_valence
286,0.04318576388888906,180,kyroelaeinen2022_valence
29,0.06247829861111098,180,kyroelaeinen2022_valence
290,0.1460069444444445,90,kyroelaeinen2022_valence
291,0.12675781250000018,90,kyroelaeinen2022_valence
292,0.03821614583333344,90,kyroelaeinen2022_valence
293,-0.026996527777777946,90,kyroelaeinen2022_valence
297,0.07938368055555545,90,kyroelaeinen2022_valence
3,0.04956597222222214,90,kyroelaeinen2022_valence
300,-0.001671006944444553,270,kyroelaeinen2022_valence
304,0.019048394097222143,90,kyroelaeinen2022_valence
305,0.028016493055555536,180,kyroelaeinen2022_valence
306,0.14401041666666647,90,kyroelaeinen2022_valence
307,0.12947048611111112,90,kyroelaeinen2022_valence
308,0.07535264756944438,180,kyroelaeinen2022_valence
309,0.119140625,270,kyroelaeinen2022_valence
31,0.04453124999999991,180,kyroelaeinen2022_valence
310,0.05381944444444442,90,kyroelaeinen2022_valence
312,0.1380115085177951,180,kyroelaeinen2022_valence
314,0.14223090277777772,90,kyroelaeinen2022_valence
316,0.014149305555555713,180,kyroelaeinen2022_valence
32,0.05974392361111103,90,kyroelaeinen2022_valence
320,0.012109375000000089,90,kyroelaeinen2022_valence
322,0.07951388888888888,90,kyroelaeinen2022_valence
324,0.0218505859375,180,kyroelaeinen2022_valence
327,-0.0363966200086806,180,kyroelaeinen2022_valence
328,0.009201388888888884,90,kyroelaeinen2022_valence
331,0.064453125,90,kyroelaeinen2022_valence
332,0.0347222222222221,90,kyroelaeinen2022_valence
334,0.008905707465277857,180,kyroelaeinen2022_valence
335,0.1082763671875,180,kyroelaeinen2022_valence
336,0.1816080729166667,180,kyroelaeinen2022_valence
337,0.0709228515625,180,kyroelaeinen2022_valence
339,-0.05581597222222223,90,kyroelaeinen2022_valence
34,0.03982204861111116,180,kyroelaeinen2022_valence
341,0.03375651041666661,90,kyroelaeinen2022_valence
342,0.058185492621527946,180,kyroelaeinen2022_valence
344,0.06635064019097237,180,kyroelaeinen2022_valence
345,0.06332465277777777,90,kyroelaeinen2022_valence
346,0.06686893039279496,180,kyroelaeinen2022_valence
35,0.06866319444444446,90,kyroelaeinen2022_valence
350,-0.017909071180555625,180,kyroelaeinen2022_valence
351,0.08875868055555558,90,kyroelaeinen2022_valence
352,0.07259114583333348,180,kyroelaeinen2022_valence
353,0.09703233506944442,180,kyroelaeinen2022_valence
354,0.038758680555555536,180,kyroelaeinen2022_valence
355,0.020429144965277812,90,kyroelaeinen2022_valence
356,0.06884765625,270,kyroelaeinen2022_valence
357,0.04818793402777777,180,kyroelaeinen2022_valence
359,0.1088541666666667,90,kyroelaeinen2022_valence
36,-0.023041449652777768,180,kyroelaeinen2022_valence
360,0.06988118489583339,180,kyroelaeinen2022_valence
363,0.05157877604166661,180,kyroelaeinen2022_valence
364,0.03297526041666665,180,kyroelaeinen2022_valence
365,0.060362413194444464,180,kyroelaeinen2022_valence
367,0.002256944444444464,90,kyroelaeinen2022_valence
368,0.05522460937500018,90,kyroelaeinen2022_valence
369,0.05753580729166652,90,kyroelaeinen2022_valence
37,0.07161729600694433,180,kyroelaeinen2022_valence
371,0.004358927408854241,180,kyroelaeinen2022_valence
372,0.0679036458333333,90,kyroelaeinen2022_valence
373,0.0445203993055554,180,kyroelaeinen2022_valence
374,0.07679036458333321,90,kyroelaeinen2022_valence
375,0.07213541666666679,90,kyroelaeinen2022_valence
376,0.010685221354166718,180,kyroelaeinen2022_valence
379,0.05411088731553804,180,kyroelaeinen2022_valence
38,0.009016927083333348,270,kyroelaeinen2022_valence
380,-0.006423611111111116,90,kyroelaeinen2022_valence
381,0.08713107638888884,90,kyroelaeinen2022_valence
382,0.0858181423611113,90,kyroelaeinen2022_valence
383,0.06591796875,180,kyroelaeinen2022_valence
384,0.1128738403320313,180,kyroelaeinen2022_valence
385,0.042404513888888884,90,kyroelaeinen2022_valence
386,-0.0551215277777779,90,kyroelaeinen2022_valence
388,0.05695529513888897,90,kyroelaeinen2022_valence
389,0.07348090277777786,90,kyroelaeinen2022_valence
390,0.006695048014322913,180,kyroelaeinen2022_valence
392,0.057459852430555625,90,kyroelaeinen2022_valence
393,0.09058159722222237,90,kyroelaeinen2022_valence
396,0.13264973958333326,90,kyroelaeinen2022_valence
397,0.02673611111111107,90,kyroelaeinen2022_valence
4,0.06424696180555567,90,kyroelaeinen2022_valence
40,0.08277452256944429,180,kyroelaeinen2022_valence
400,-0.010232204861111094,90,kyroelaeinen2022_valence
402,-0.030685763888888884,90,kyroelaeinen2022_valence
403,0.07977430555555554,90,kyroelaeinen2022_valence
404,0.06443142361111098,90,kyroelaeinen2022_valence
407,0.00045572916666669627,180,kyroelaeinen2022_valence
408,0.05360243055555558,90,kyroelaeinen2022_valence
409,0.09309895833333326,90,kyroelaeinen2022_valence
410,0.027929687500000133,90,kyroelaeinen2022_valence
412,0.12092013888888897,90,kyroelaeinen2022_valence
413,0.04896375868055558,180,kyroelaeinen2022_valence
414,-0.02180989583333326,90,kyroelaeinen2022_valence
415,0.0967122395833333,90,kyroelaeinen2022_valence
42,0.029402669270833348,180,kyroelaeinen2022_valence
421,0.15884331597222223,90,kyroelaeinen2022_valence
422,0.07737630208333335,180,kyroelaeinen2022_valence
423,0.001388888888888884,90,kyroelaeinen2022_valence
424,0.08980034722222219,90,kyroelaeinen2022_valence
425,0.08168131510416665,90,kyroelaeinen2022_valence
426,0.1518663194444445,90,kyroelaeinen2022_valence
427,0.04088541666666656,90,kyroelaeinen2022_valence
43,0.06762152777777763,90,kyroelaeinen2022_valence
430,0.03259548611111107,90,kyroelaeinen2022_valence
431,0.005387369791666652,90,kyroelaeinen2022_valence
435,0.049365234374999956,90,kyroelaeinen2022_valence
437,0.16536458333333326,90,kyroelaeinen2022_valence
438,0.09781901041666674,90,kyroelaeinen2022_valence
440,0.1308268229166667,90,kyroelaeinen2022_valence
441,0.14416232638888893,90,kyroelaeinen2022_valence
442,0.0609483506944446,90,kyroelaeinen2022_valence
443,0.006868489583333304,90,kyroelaeinen2022_valence
447,0.04019097222222223,90,kyroelaeinen2022_valence
448,0.1011067708333333,180,kyroelaeinen2022_valence
451,0.08780381944444438,90,kyroelaeinen2022_valence
452,0.055539279513888706,90,kyroelaeinen2022_valence
453,0.03483072916666674,90,kyroelaeinen2022_valence
454,0.05933159722222214,90,kyroelaeinen2022_valence
455,-0.01935763888888875,90,kyroelaeinen2022_valence
456,0.04062499999999991,90,kyroelaeinen2022_valence
458,0.03207465277777777,90,kyroelaeinen2022_valence
46,0.054492187499999956,180,kyroelaeinen2022_valence
460,-0.023014662000868102,180,kyroelaeinen2022_valence
463,0.029128689236111116,180,kyroelaeinen2022_valence
464,0.0738878038194446,90,kyroelaeinen2022_valence
466,0.12249891493055576,90,kyroelaeinen2022_valence
468,0.11653645833333348,90,kyroelaeinen2022_valence
470,0.08836805555555549,90,kyroelaeinen2022_valence
472,0.023480902777777812,90,kyroelaeinen2022_valence
473,0.06438802083333339,90,kyroelaeinen2022_valence
474,0.05823567708333344,90,kyroelaeinen2022_valence
475,-0.0036892361111111605,90,kyroelaeinen2022_valence
478,0.02700195312500009,90,kyroelaeinen2022_valence
480,0.10899522569444442,90,kyroelaeinen2022_valence
481,0.06688368055555549,90,kyroelaeinen2022_valence
482,0.04889865451388897,90,kyroelaeinen2022_valence
483,0.09983723958333313,90,kyroelaeinen2022_valence
484,0.04470486111111116,180,kyroelaeinen2022_valence
487,-0.010264756944444287,90,kyroelaeinen2022_valence
488,0.06309950086805549,90,kyroelaeinen2022_valence
49,0.025021701388888706,270,kyroelaeinen2022_valence
490,0.0011555989583333925,90,kyroelaeinen2022_valence
493,0.03619791666666661,90,kyroelaeinen2022_valence
495,0.050651041666666785,90,kyroelaeinen2022_valence
496,0.09939236111111094,90,kyroelaeinen2022_valence
497,0.012261284722222321,90,kyroelaeinen2022_valence
498,0.048307291666666696,90,kyroelaeinen2022_valence
499,0.03667534722222232,90,kyroelaeinen2022_valence
5,-0.08120388454861116,180,kyroelaeinen2022_valence
50,0.07769097222222232,90,kyroelaeinen2022_valence
500,0.04151475694444451,90,kyroelaeinen2022_valence
502,0.06857638888888884,90,kyroelaeinen2022_valence
505,0.01765950520833326,90,kyroelaeinen2022_valence
509,0.09177517361111098,90,kyroelaeinen2022_valence
51,0.05252821180555545,180,kyroelaeinen2022_valence
511,0.06787651909722214,90,kyroelaeinen2022_valence
512,0.08172743055555576,90,kyroelaeinen2022_valence
513,0.08786349826388884,90,kyroelaeinen2022_valence
514,0.07942708333333348,90,kyroelaeinen2022_valence
517,0.1204833984375,90,kyroelaeinen2022_valence
52,0.03359374999999987,180,kyroelaeinen2022_valence
520,0.11789008246527777,90,kyroelaeinen2022_valence
522,0.05794270833333326,90,kyroelaeinen2022_valence
523,0.15564236111111107,90,kyroelaeinen2022_valence
524,0.12328559027777786,90,kyroelaeinen2022_valence
526,0.12599826388888902,90,kyroelaeinen2022_valence
527,0.012771267361111116,90,kyroelaeinen2022_valence
528,0.009288194444444509,90,kyroelaeinen2022_valence
53,0.04507378472222223,180,kyroelaeinen2022_valence
530,-0.03103298611111116,90,kyroelaeinen2022_valence
531,0.09698350694444446,90,kyroelaeinen2022_valence
532,0.08930121527777768,90,kyroelaeinen2022_valence
535,0.03490668402777786,90,kyroelaeinen2022_valence
536,0.04296875,90,kyroelaeinen2022_valence
537,0.011046006944444464,90,kyroelaeinen2022_valence
538,0.024707031249999956,90,kyroelaeinen2022_valence
539,0.17656250000000018,90,kyroelaeinen2022_valence
541,0.07515190972222219,90,kyroelaeinen2022_valence
544,0.08072916666666674,90,kyroelaeinen2022_valence
547,0.01753472222222241,90,kyroelaeinen2022_valence
548,0.08105977376302098,90,kyroelaeinen2022_valence
55,0.08588053385416661,180,kyroelaeinen2022_valence
550,0.09058159722222214,90,kyroelaeinen2022_valence
552,0.023589409722222232,90,kyroelaeinen2022_valence
553,-0.011046006944444464,90,kyroelaeinen2022_valence
554,0.16688368055555558,90,kyroelaeinen2022_valence
557,0.11580946180555562,90,kyroelaeinen2022_valence
558,0.11700303819444446,90,kyroelaeinen2022_valence
559,0.15104166666666652,90,kyroelaeinen2022_valence
56,0.10495368109809022,90,kyroelaeinen2022_valence
561,0.11690538194444433,90,kyroelaeinen2022_valence
562,0.044089084201388795,90,kyroelaeinen2022_valence
563,0.06983506944444429,90,kyroelaeinen2022_valence
566,0.05216403537326397,90,kyroelaeinen2022_valence
568,0.06371527777777786,90,kyroelaeinen2022_valence
569,0.02734375,90,kyroelaeinen2022_valence
570,0.06080729166666665,90,kyroelaeinen2022_valence
571,0.09045138888888893,90,kyroelaeinen2022_valence
572,0.04062499999999991,90,kyroelaeinen2022_valence
573,0.041644965277777724,90,kyroelaeinen2022_valence
575,0.015776909722222232,90,kyroelaeinen2022_valence
576,0.024951171875000067,90,kyroelaeinen2022_valence
578,0.10980902777777768,90,kyroelaeinen2022_valence
579,0.1299045138888888,90,kyroelaeinen2022_valence
58,0.05099826388888884,180,kyroelaeinen2022_valence
580,0.025086805555555536,90,kyroelaeinen2022_valence
581,0.010026041666666874,90,kyroelaeinen2022_valence
582,0.02440321180555549,90,kyroelaeinen2022_valence
583,0.11210937499999996,90,kyroelaeinen2022_valence
584,0.002099609375000089,90,kyroelaeinen2022_valence
585,0.11857638888888888,90,kyroelaeinen2022_valence
586,0.030145941840277746,90,kyroelaeinen2022_valence
587,0.05615234375,90,kyroelaeinen2022_valence
588,0.042203776041666696,90,kyroelaeinen2022_valence
589,-0.0028645833333333925,90,kyroelaeinen2022_valence
59,0.06078559027777786,180,kyroelaeinen2022_valence
591,0.06334635416666656,90,kyroelaeinen2022_valence
593,0.02886284722222232,90,kyroelaeinen2022_valence
595,-0.08191053602430554,90,kyroelaeinen2022_valence
596,0.08867187499999996,90,kyroelaeinen2022_valence
597,-0.05436197916666674,90,kyroelaeinen2022_valence
598,0.1886230468750001,90,kyroelaeinen2022_valence
599,0.1513671875,90,kyroelaeinen2022_valence
60,-0.024365234374999933,180,kyroelaeinen2022_valence
600,0.17619357638888888,90,kyroelaeinen2022_valence
601,0.044726562499999956,90,kyroelaeinen2022_valence
603,-0.010460069444444331,90,kyroelaeinen2022_valence
605,-0.001519097222222321,90,kyroelaeinen2022_valence
606,0.11944444444444446,90,kyroelaeinen2022_valence
607,0.08318142361111103,90,kyroelaeinen2022_valence
608,0.04344618055555549,90,kyroelaeinen2022_valence
609,0.05334201388888893,90,kyroelaeinen2022_valence
610,0.004296875000000089,90,kyroelaeinen2022_valence
612,0.034971788194444464,90,kyroelaeinen2022_valence
613,0.19565972222222228,90,kyroelaeinen2022_valence
614,0.13068576388888875,90,kyroelaeinen2022_valence
616,0.008289930555555491,90,kyroelaeinen2022_valence
619,0.1176432291666667,90,kyroelaeinen2022_valence
62,0.11536458333333344,180,kyroelaeinen2022_valence
620,0.03795572916666656,90,kyroelaeinen2022_valence
621,0.07280815972222221,90,kyroelaeinen2022_valence
622,0.09618055555555549,90,kyroelaeinen2022_valence
623,-0.03987630208333326,90,kyroelaeinen2022_valence
626,0.08257378472222232,90,kyroelaeinen2022_valence
63,0.04941134982638884,180,kyroelaeinen2022_valence
630,0.06714409722222214,90,kyroelaeinen2022_valence
631,0.033072916666666785,90,kyroelaeinen2022_valence
632,0.09305555555555545,90,kyroelaeinen2022_valence
636,0.08173828125000004,90,kyroelaeinen2022_valence
637,0.1582638210720484,90,kyroelaeinen2022_valence
638,-0.03359374999999987,90,kyroelaeinen2022_valence
639,0.0722873263888888,90,kyroelaeinen2022_valence
64,0.029969618055555536,90,kyroelaeinen2022_valence
640,0.0956163194444446,90,kyroelaeinen2022_valence
642,0.06263020833333321,90,kyroelaeinen2022_valence
648,0.07039930555555562,90,kyroelaeinen2022_valence
649,0.03394097222222214,90,kyroelaeinen2022_valence
65,0.04198133680555549,180,kyroelaeinen2022_valence
650,0.05164930555555536,90,kyroelaeinen2022_valence
651,0.11034071180555549,90,kyroelaeinen2022_valence
653,0.06793619791666661,90,kyroelaeinen2022_valence
654,0.05784505208333335,90,kyroelaeinen2022_valence
656,0.011024305555555669,90,kyroelaeinen2022_valence
657,0.02864583333333348,90,kyroelaeinen2022_valence
659,0.03259684244791683,90,kyroelaeinen2022_valence
66,0.05129258897569433,180,kyroelaeinen2022_valence
660,0.10840115017361107,90,kyroelaeinen2022_valence
661,0.12699652777777803,90,kyroelaeinen2022_valence
663,0.04671223958333337,90,kyroelaeinen2022_valence
666,0.048214721679687544,90,kyroelaeinen2022_valence
668,-0.05516493055555549,90,kyroelaeinen2022_valence
669,0.058072916666666696,90,kyroelaeinen2022_valence
67,0.03444688585069455,180,kyroelaeinen2022_valence
671,0.06338975694444438,90,kyroelaeinen2022_valence
672,0.06562500000000004,90,kyroelaeinen2022_valence
673,0.13066406249999996,90,kyroelaeinen2022_valence
674,0.07146267361111125,90,kyroelaeinen2022_valence
675,0.05190972222222223,90,kyroelaeinen2022_valence
676,0.09025878906249996,90,kyroelaeinen2022_valence
677,0.02076280381944451,90,kyroelaeinen2022_valence
678,0.026169162326388884,90,kyroelaeinen2022_valence
679,0.10011935763888902,90,kyroelaeinen2022_valence
68,0.08552517361111112,180,kyroelaeinen2022_valence
680,0.0527886284722221,90,kyroelaeinen2022_valence
681,0.019026692708333348,90,kyroelaeinen2022_valence
682,0.14713541666666674,90,kyroelaeinen2022_valence
683,0.12898593478732634,90,kyroelaeinen2022_valence
685,0.11216362847222205,90,kyroelaeinen2022_valence
686,0.028190104166666785,90,kyroelaeinen2022_valence
688,0.03355000813802067,90,kyroelaeinen2022_valence
689,0.09315321180555558,90,kyroelaeinen2022_valence
69,0.052567997685185164,270,kyroelaeinen2022_valence
690,0.041536458333333304,90,kyroelaeinen2022_valence
692,0.1845811631944445,90,kyroelaeinen2022_valence
693,0.07853732638888888,90,kyroelaeinen2022_valence
695,0.03255208333333348,90,kyroelaeinen2022_valence
696,-0.03169487847222219,90,kyroelaeinen2022_valence
699,0.043272569444444464,90,kyroelaeinen2022_valence
700,0.008246527777777901,90,kyroelaeinen2022_valence
706,0.06895887586805549,90,kyroelaeinen2022_valence
707,0.03055555555555567,90,kyroelaeinen2022_valence
708,0.06388888888888888,90,kyroelaeinen2022_valence
709,0.034212239583333526,90,kyroelaeinen2022_valence
71,0.061020688657407396,270,kyroelaeinen2022_valence
710,0.05345052083333335,90,kyroelaeinen2022_valence
712,0.022499932183159765,90,kyroelaeinen2022_valence
715,0.12146267361111107,90,kyroelaeinen2022_valence
716,0.0027343750000001776,90,kyroelaeinen2022_valence
719,0.076416015625,90,kyroelaeinen2022_valence
721,0.05355902777777777,90,kyroelaeinen2022_valence
724,0.03292100694444455,90,kyroelaeinen2022_valence
725,0.10824652777777777,90,kyroelaeinen2022_valence
726,0.023377482096354152,90,kyroelaeinen2022_valence
727,0.06634114583333339,90,kyroelaeinen2022_valence
73,0.01996527777777768,90,kyroelaeinen2022_valence
730,0.07213541666666667,90,kyroelaeinen2022_valence
731,0.06968315972222228,90,kyroelaeinen2022_valence
733,0.1451388888888887,90,kyroelaeinen2022_valence
735,0.08551466200086799,90,kyroelaeinen2022_valence
738,0.06273328993055571,90,kyroelaeinen2022_valence
739,0.05212673611111107,90,kyroelaeinen2022_valence
74,0.038823784722222254,180,kyroelaeinen2022_valence
740,0.06124131944444455,90,kyroelaeinen2022_valence
741,0.07017245822482643,90,kyroelaeinen2022_valence
742,0.22760145399305554,90,kyroelaeinen2022_valence
743,0.08841688368055567,90,kyroelaeinen2022_valence
746,0.20533854166666665,90,kyroelaeinen2022_valence
747,0.08885633680555549,90,kyroelaeinen2022_valence
748,0.10572916666666643,90,kyroelaeinen2022_valence
749,0.17048611111111112,90,kyroelaeinen2022_valence
75,0.05052083333333335,90,kyroelaeinen2022_valence
750,0.1061143663194446,90,kyroelaeinen2022_valence
751,0.10496419270833335,90,kyroelaeinen2022_valence
753,0.08082682291666665,90,kyroelaeinen2022_valence
754,0.049609374999999956,90,kyroelaeinen2022_valence
755,0.048426649305555625,90,kyroelaeinen2022_valence
756,0.013650173611110983,90,kyroelaeinen2022_valence
760,0.13949652777777777,90,kyroelaeinen2022_valence
761,0.09345703125000004,90,kyroelaeinen2022_valence
762,0.04774305555555558,90,kyroelaeinen2022_valence
763,0.0751125759548612,90,kyroelaeinen2022_valence
764,0.007516818576388862,90,kyroelaeinen2022_valence
765,0.09714931911892366,90,kyroelaeinen2022_valence
768,0.037565104166666696,90,kyroelaeinen2022_valence
77,0.07233072916666661,90,kyroelaeinen2022_valence
770,0.014973958333333481,90,kyroelaeinen2022_valence
771,0.07890624999999996,90,kyroelaeinen2022_valence
772,0.0016059027777777235,90,kyroelaeinen2022_valence
773,-0.03902316623263902,90,kyroelaeinen2022_valence
774,0.04063585069444442,90,kyroelaeinen2022_valence
775,0.04798177083333344,90,kyroelaeinen2022_valence
776,0.0019097222222221877,90,kyroelaeinen2022_valence
777,0.037497287326388795,90,kyroelaeinen2022_valence
779,0.10401475694444429,90,kyroelaeinen2022_valence
781,-0.010834757486979152,90,kyroelaeinen2022_valence
784,0.026931423611111116,90,kyroelaeinen2022_valence
785,0.08499620225694449,90,kyroelaeinen2022_valence
786,0.024609374999999822,90,kyroelaeinen2022_valence
787,0.05507812500000009,90,kyroelaeinen2022_valence
788,0.07094251844618049,90,kyroelaeinen2022_valence
79,0.026497395833333437,180,kyroelaeinen2022_valence
790,0.07380642361111112,90,kyroelaeinen2022_valence
791,0.05737847222222214,90,kyroelaeinen2022_valence
792,0.0888888888888888,90,kyroelaeinen2022_valence
793,0.09079861111111098,90,kyroelaeinen2022_valence
795,-0.019021267361111205,90,kyroelaeinen2022_valence
796,0.12349175347222219,90,kyroelaeinen2022_valence
797,0.11306423611111116,90,kyroelaeinen2022_valence
798,0.06427951388888897,90,kyroelaeinen2022_valence
8,0.041688368055555536,90,kyroelaeinen2022_valence
801,0.06325954861111116,90,kyroelaeinen2022_valence
802,-0.04421657986111116,90,kyroelaeinen2022_valence
804,0.1724609374999999,90,kyroelaeinen2022_valence
807,0.007779947916666474,90,kyroelaeinen2022_valence
808,0.08057725694444451,90,kyroelaeinen2022_valence
809,0.022645399305555536,90,kyroelaeinen2022_valence
813,0.12942165798611116,90,kyroelaeinen2022_valence
816,0.10137803819444446,90,kyroelaeinen2022_valence
817,-0.028124999999999956,90,kyroelaeinen2022_valence
818,0.14231770833333335,90,kyroelaeinen2022_valence
822,0.06987033420138888,90,kyroelaeinen2022_valence
828,0.02000868055555549,90,kyroelaeinen2022_valence
829,0.12896592881944424,90,kyroelaeinen2022_valence
830,0.09097222222222223,90,kyroelaeinen2022_valence
831,0.08984375,90,kyroelaeinen2022_valence
834,0.06810980902777763,90,kyroelaeinen2022_valence
835,0.04238823784722212,90,kyroelaeinen2022_valence
836,0.11365051269531246,90,kyroelaeinen2022_valence
838,0.10268012152777772,90,kyroelaeinen2022_valence
839,0.07144097222222223,90,kyroelaeinen2022_valence
842,0.16023220486111112,90,kyroelaeinen2022_valence
845,0.07350802951388902,90,kyroelaeinen2022_valence
847,0.029557291666666652,90,kyroelaeinen2022_valence
848,0.0608940972222225,90,kyroelaeinen2022_valence
849,0.062152777777777724,90,kyroelaeinen2022_valence
85,0.08457438151041674,180,kyroelaeinen2022_valence
850,0.01729600694444433,90,kyroelaeinen2022_valence
851,0.015375434027777857,90,kyroelaeinen2022_valence
854,0.05295138888888884,90,kyroelaeinen2022_valence
855,0.07606336805555536,90,kyroelaeinen2022_valence
857,0.16487630208333348,90,kyroelaeinen2022_valence
858,0.13042263454861125,90,kyroelaeinen2022_valence
859,0.02506510416666674,90,kyroelaeinen2022_valence
861,0.09965277777777781,90,kyroelaeinen2022_valence
862,0.1694010416666667,90,kyroelaeinen2022_valence
863,0.06827256944444438,90,kyroelaeinen2022_valence
864,0.07859429253472228,90,kyroelaeinen2022_valence
865,0.04861111111111116,90,kyroelaeinen2022_valence
866,0.055140516493055625,90,kyroelaeinen2022_valence
869,0.019997151692708437,90,kyroelaeinen2022_valence
870,0.13779296875000013,90,kyroelaeinen2022_valence
872,0.05794270833333348,90,kyroelaeinen2022_valence
873,0.11486579047309031,90,kyroelaeinen2022_valence
875,0.03250868055555545,90,kyroelaeinen2022_valence
876,0.07960069444444429,90,kyroelaeinen2022_valence
877,0.08461371527777772,90,kyroelaeinen2022_valence
878,0.01280381944444442,90,kyroelaeinen2022_valence
879,0.07902560763888888,90,kyroelaeinen2022_valence
880,0.0159233940972221,90,kyroelaeinen2022_valence
882,0.019878472222222054,90,kyroelaeinen2022_valence
883,0.07510850694444438,90,kyroelaeinen2022_valence
884,0.08189832899305549,90,kyroelaeinen2022_valence
885,-0.012529839409722188,90,kyroelaeinen2022_valence
886,0.06419270833333335,90,kyroelaeinen2022_valence
887,0.11486273871527786,90,kyroelaeinen2022_valence
889,0.05863715277777781,90,kyroelaeinen2022_valence
891,0.05690104166666665,90,kyroelaeinen2022_valence
892,0.060850694444444464,90,kyroelaeinen2022_valence
895,0.04986979166666683,90,kyroelaeinen2022_valence
898,0.09782986111111103,90,kyroelaeinen2022_valence
899,0.025063747829861094,90,kyroelaeinen2022_valence
9,0.0929172092013888,90,kyroelaeinen2022_valence
900,0.06851671006944449,90,kyroelaeinen2022_valence
901,0.06705729166666674,90,kyroelaeinen2022_valence
902,0.08272569444444433,90,kyroelaeinen2022_valence
904,0.06859809027777786,90,kyroelaeinen2022_valence
906,-0.009917534722222232,90,kyroelaeinen2022_valence
908,0.07100694444444455,90,kyroelaeinen2022_valence
91,0.05955776638454857,270,kyroelaeinen2022_valence
913,0.07199673122829853,90,kyroelaeinen2022_valence
914,0.11779513888888893,90,kyroelaeinen2022_valence
916,0.07118055555555558,90,kyroelaeinen2022_valence
917,0.08776041666666656,90,kyroelaeinen2022_valence
919,0.03817308213975679,90,kyroelaeinen2022_valence
92,0.0067708333333333925,180,kyroelaeinen2022_valence
920,0.12226562500000004,90,kyroelaeinen2022_valence
921,0.043489583333333304,90,kyroelaeinen2022_valence
922,0.044900173611111205,90,kyroelaeinen2022_valence
924,-0.06255289713541667,90,kyroelaeinen2022_valence
925,0.06498480902777781,90,kyroelaeinen2022_valence
926,0.007552083333333348,90,kyroelaeinen2022_valence
927,0.10049370659722223,90,kyroelaeinen2022_valence
928,0.10967881944444446,90,kyroelaeinen2022_valence
929,0.13371310763888888,90,kyroelaeinen2022_valence
930,0.05447048611111116,90,kyroelaeinen2022_valence
933,0.05861545138888902,90,kyroelaeinen2022_valence
935,0.15383843315972223,90,kyroelaeinen2022_valence
936,-0.03674045138888882,90,kyroelaeinen2022_valence
940,0.20955946180555562,90,kyroelaeinen2022_valence
941,0.03244357638888884,90,kyroelaeinen2022_valence
943,0.07523871527777781,90,kyroelaeinen2022_valence
944,0.07248263888888884,90,kyroelaeinen2022_valence
946,0.02382812500000009,90,kyroelaeinen2022_valence
947,0.11501736111111094,90,kyroelaeinen2022_valence
948,0.07775844997829884,90,kyroelaeinen2022_valence
95,-0.03601481119791683,180,kyroelaeinen2022_valence
950,0.01551649305555558,90,kyroelaeinen2022_valence
951,-0.05729166666666652,90,kyroelaeinen2022_valence
952,0.07852783203125013,90,kyroelaeinen2022_valence
954,0.09745008680555567,90,kyroelaeinen2022_valence
955,0.016308593750000044,90,kyroelaeinen2022_valence
957,0.10717230902777786,90,kyroelaeinen2022_valence
958,0.05104166666666665,90,kyroelaeinen2022_valence
959,0.009255642361111205,90,kyroelaeinen2022_valence
960,0.04407552083333344,90,kyroelaeinen2022_valence
961,0.06365017361111103,90,kyroelaeinen2022_valence
963,0.0679253472222221,90,kyroelaeinen2022_valence
964,-0.02853732638888884,90,kyroelaeinen2022_valence
965,0.10675455729166661,90,kyroelaeinen2022_valence
969,0.0956814236111112,90,kyroelaeinen2022_valence
970,0.07256944444444446,90,kyroelaeinen2022_valence
973,0.06163194444444442,90,kyroelaeinen2022_valence
975,0.0850477430555554,90,kyroelaeinen2022_valence
979,0.08533528645833344,90,kyroelaeinen2022_valence
981,0.09898546006944442,90,kyroelaeinen2022_valence
982,0.0868923611111112,90,kyroelaeinen2022_valence
983,0.09539930555555554,90,kyroelaeinen2022_valence
984,0.1852701822916667,90,kyroelaeinen2022_valence
986,0.07802191840277772,90,kyroelaeinen2022_valence
988,0.014105902777777679,90,kyroelaeinen2022_valence
990,0.07964952256944446,90,kyroelaeinen2022_valence
992,0.029646809895833237,90,kyroelaeinen2022_valence
994,0.14144965277777777,90,kyroelaeinen2022_valence
995,0.05381944444444442,90,kyroelaeinen2022_valence
996,0.07039930555555562,90,kyroelaeinen2022_valence
997,0.042621527777777724,90,kyroelaeinen2022_valence
998,0.005881076388889017,90,kyroelaeinen2022_valence
999,-0.021788194444444464,90,kyroelaeinen2022_valence
Action_ID_0057_part33,0.07305603027343754,600,lynott2020lancaster
Action_ID_0088_part1,0.06041410599631836,348,lynott2020lancaster
Action_ID_0118_part1,0.05126786506038972,348,lynott2020lancaster
Action_ID_0139_part9,0.044533691406249964,600,lynott2020lancaster
Action_ID_0180_part4,0.06563191731770834,600,lynott2020lancaster
Action_ID_0199_part18,0.03636072794596357,600,lynott2020lancaster
Action_ID_0214_part1,0.06456931980176905,348,lynott2020lancaster
Action_ID_0224_part23,0.03244771321614581,600,lynott2020lancaster
Action_ID_0236_part11,0.05935877482096352,600,lynott2020lancaster
Action_ID_0260_part1,0.023138287423670967,348,lynott2020lancaster
Action_ID_0261_part6,0.022500254313151058,600,lynott2020lancaster
Action_ID_0274_part9,0.0256956481933594,600,lynott2020lancaster
Action_ID_0313_part1,0.10232808430989582,600,lynott2020lancaster
Action_ID_0323_part10,0.033625437418619786,600,lynott2020lancaster
Action_ID_0344_part1,0.07192344227056391,348,lynott2020lancaster
Action_ID_0382_part22,0.02247212727864578,600,lynott2020lancaster
Action_ID_0395_part2,0.026924235026041687,600,lynott2020lancaster
Action_ID_0425_part10,0.03742093818132264,516,lynott2020lancaster
Action_ID_0425_part9,0.04743158976236983,600,lynott2020lancaster
Action_ID_0442_part6,0.0456277974446615,600,lynott2020lancaster
Action_ID_0454_part19,0.012787170410156201,600,lynott2020lancaster
Action_ID_0471_part1,0.048581339518229294,600,lynott2020lancaster
Action_ID_0489_part1,0.03443323771158846,600,lynott2020lancaster
Action_ID_0537_part2,0.02630055745442711,600,lynott2020lancaster
Action_ID_0620_part3,0.07973937988281254,300,lynott2020lancaster
Action_ID_0663_part1,0.00036331702922953735,348,lynott2020lancaster
Action_ID_0685_part1,0.038419596354166696,600,lynott2020lancaster
Action_ID_0753_part1,0.01786056518554685,600,lynott2020lancaster
Action_ID_0755_part1,0.07668725375471452,348,lynott2020lancaster
Action_ID_0803_part2,0.04446843465169259,600,lynott2020lancaster
Action_ID_0816_part2,0.05734234091676316,324,lynott2020lancaster
Action_ID_0843_part2,0.06663042233314043,324,lynott2020lancaster
Action_ID_0847_part35,0.052725067138671866,600,lynott2020lancaster
Action_ID_0872_part8,-4.943847656249667e-05,600,lynott2020lancaster
Action_ID_0897_part7,0.03266357421874999,600,lynott2020lancaster
Action_ID_0934_part1,0.039341542912625704,348,lynott2020lancaster
Action_ID_1062_part12,0.0019872029622396425,600,lynott2020lancaster
Action_ID_1109_part2,0.21322123209635413,36,lynott2020lancaster
Action_ID_1144_part2,0.039878743489583424,600,lynott2020lancaster
Action_ID_1157_part21,0.0759824117024741,600,lynott2020lancaster
Action_ID_1170_part8,0.042678985595703045,600,lynott2020lancaster
Action_ID_1187_part37,0.034772745768229196,600,lynott2020lancaster
Action_ID_1193_part10,0.05176315307617185,600,lynott2020lancaster
Action_ID_1202_part11,0.034190928141276056,600,lynott2020lancaster
Action_ID_1211_part5,0.04400095621744793,600,lynott2020lancaster
Action_ID_1212_part11,0.05705764770507815,600,lynott2020lancaster
Action_ID_1215_part2,0.05898600260416664,600,lynott2020lancaster
Action_ID_1277_part10,0.015821838378906244,600,lynott2020lancaster
Action_ID_1280_part7,0.026000925699869837,600,lynott2020lancaster
Action_ID_1289_part23,0.018614756266276067,600,lynott2020lancaster
Action_ID_1299_part1,0.01335347493489586,600,lynott2020lancaster
Action_ID_1313_part24,0.04477737426757822,600,lynott2020lancaster
Action_ID_1316_part1,0.04205825805664065,600,lynott2020lancaster
Action_ID_1342_part25,0.041575266520182286,600,lynott2020lancaster
Action_ID_1361_part1,0.032858225504557304,600,lynott2020lancaster
Action_ID_1363_part1,0.06945283385528911,348,lynott2020lancaster
Action_ID_1366_part3,0.01789560953776037,600,lynott2020lancaster
Action_ID_1366_part5,0.03487330118815102,600,lynott2020lancaster
Action_ID_1390_part1,0.049876596735811685,348,lynott2020lancaster
Action_ID_1391_part23,0.06190902709960944,600,lynott2020lancaster
Action_ID_1391_part28,0.04099370320638007,600,lynott2020lancaster
Action_ID_1469_part5,0.02733951144748259,252,lynott2020lancaster
Action_ID_1485_part1,0.05685969034830729,600,lynott2020lancaster
Action_ID_1486_part10,0.04097432454427086,600,lynott2020lancaster
Action_ID_1516_part2,0.03028554280598958,600,lynott2020lancaster
Action_ID_1531_part1,0.04692886352539061,600,lynott2020lancaster
Action_ID_1567_part8,0.013438212076822942,600,lynott2020lancaster
Action_ID_1583_part2,0.049223276774088554,600,lynott2020lancaster
Action_ID_1634_part4,0.016440073649088394,600,lynott2020lancaster
Action_ID_1647_part3,0.48807779947916674,12,lynott2020lancaster
Action_ID_1655_part1,0.007717285156250142,600,lynott2020lancaster
Action_ID_1675_part24,0.001439208984374999,600,lynott2020lancaster
Action_ID_1688_part8,0.05586964925130211,600,lynott2020lancaster
Action_ID_1701_part10,0.01922973632812508,600,lynott2020lancaster
Action_ID_1733_part14,0.01695907592773438,600,lynott2020lancaster
Action_ID_1816_part21,0.006497294108072871,600,lynott2020lancaster
Action_ID_1833_part23,0.05338038126627598,600,lynott2020lancaster
Action_ID_1867_part1,0.031994523673221975,348,lynott2020lancaster
Action_ID_1874_part2,0.06220092773437491,600,lynott2020lancaster
Action_ID_1884_part2,0.016121622721354173,600,lynott2020lancaster
Action_ID_1892_part6,0.05183156331380212,228,lynott2020lancaster
Action_ID_1971_part10,0.0405595906575521,600,lynott2020lancaster
Action_ID_1991_part3,0.05360595703124993,300,lynott2020lancaster
Action_ID_2002_part5,0.036758219401041736,600,lynott2020lancaster
Action_ID_2003_part1,0.019057210286458348,600,lynott2020lancaster
Action_ID_2029_part20,0.04871551513671879,600,lynott2020lancaster
Action_ID_2033_part1,0.041636708577473924,600,lynott2020lancaster
Action_ID_2034_part1,0.04974900168934093,348,lynott2020lancaster
Action_ID_2053_part2,0.12766944037543404,36,lynott2020lancaster
Action_ID_2088_part2,0.03103411639178233,324,lynott2020lancaster
Action_ID_2098_part1,0.04589121500651039,600,lynott2020lancaster
Action_ID_2101_part5,0.08299367268880209,600,lynott2020lancaster
Action_ID_2131_part1,0.03770455546762741,348,lynott2020lancaster
Action_ID_2132_part1,0.08595184326171879,600,lynott2020lancaster
Action_ID_2201_part6,0.047159118652343734,600,lynott2020lancaster
Action_ID_2229_part21,0.054658610026041776,600,lynott2020lancaster
Action_ID_2242_part1,0.06600184122721353,600,lynott2020lancaster
Action_ID_2247_part9,0.04418655395507809,600,lynott2020lancaster
Perception_ID_0103_part1,0.046850871570004615,406,lynott2020lancaster
Perception_ID_0126_part1,0.027845786710090803,406,lynott2020lancaster
Perception_ID_0206_part1,0.05382669383081895,406,lynott2020lancaster
Perception_ID_0362_part1,0.03774431501116071,700,lynott2020lancaster
Perception_ID_0382_part2,0.02169326470822705,490,lynott2020lancaster
Perception_ID_0383_part18,0.04510195435596098,595,lynott2020lancaster
Perception_ID_0391_part21,0.03641985212053567,700,lynott2020lancaster
Perception_ID_0520_part8,0.05844063895089291,700,lynott2020lancaster
Perception_ID_0546_part2,0.05065442766462047,700,lynott2020lancaster
Perception_ID_0553_part2,0.23273504348028273,42,lynott2020lancaster
Perception_ID_0622_part6,0.004553050297835343,602,lynott2020lancaster
Perception_ID_0667_part5,0.04359802246093747,700,lynott2020lancaster
Perception_ID_0700_part8,0.04715044294084825,700,lynott2020lancaster
Perception_ID_0703_part1,0.04776332310267861,700,lynott2020lancaster
Perception_ID_0716_part1,0.04503936767578126,700,lynott2020lancaster
Perception_ID_0733_part1,0.05541530064174105,700,lynott2020lancaster
Perception_ID_0896_part1,0.07668304443359375,700,lynott2020lancaster
Perception_ID_0915_part15,0.04637115478515624,700,lynott2020lancaster
Perception_ID_0938_part11,0.03471967424665179,700,lynott2020lancaster
Perception_ID_0971_part1,0.01795218331473203,700,lynott2020lancaster
Perception_ID_0979_part1,0.05241409076258474,406,lynott2020lancaster
Perception_ID_0985_part1,-0.039805821010044706,406,lynott2020lancaster
Perception_ID_1027_part2,0.0462337271877068,378,lynott2020lancaster
Perception_ID_1104_part1,0.06160379043353603,406,lynott2020lancaster
Perception_ID_1167_part2,0.03182996477399552,700,lynott2020lancaster
Perception_ID_1179_part1,0.07365988745477992,406,lynott2020lancaster
Perception_ID_1180_part1,0.04033928948479726,518,lynott2020lancaster
Perception_ID_1202_part2,0.04058602469308037,700,lynott2020lancaster
Perception_ID_1229_part2,0.20770336332775297,42,lynott2020lancaster
Perception_ID_1230_part2,0.20564560663132436,42,lynott2020lancaster
Perception_ID_1290_part1,0.010057242257254462,700,lynott2020lancaster
Perception_ID_1347_part1,0.024143894740513372,700,lynott2020lancaster
Perception_ID_1366_part1,0.07229035476158407,406,lynott2020lancaster
Perception_ID_1380_part2,0.0772612653459821,700,lynott2020lancaster
Perception_ID_1428_part1,0.050704129223753,406,lynott2020lancaster
Perception_ID_1464_part1,0.11173244532693194,406,lynott2020lancaster
Perception_ID_1477_part10,0.02882921491350432,700,lynott2020lancaster
Perception_ID_1559_part1,0.08917521960629615,406,lynott2020lancaster
Perception_ID_1599_part2,0.10258265904017849,42,lynott2020lancaster
Perception_ID_1601_part13,0.03224269321986606,700,lynott2020lancaster
Perception_ID_1664_part1,-0.004839521135602709,700,lynott2020lancaster
Perception_ID_1702_part1,0.0728572601168026,406,lynott2020lancaster
Perception_ID_1734_part1,0.08985404780345596,406,lynott2020lancaster
Perception_ID_1811_part4,0.05679159981863835,700,lynott2020lancaster
Perception_ID_1842_part1,-0.035821924068657696,406,lynott2020lancaster
Perception_ID_1924_part4,0.03443302130847248,322,lynott2020lancaster
Perception_ID_1928_part1,0.0883606408029941,406,lynott2020lancaster
Perception_ID_1966_part2,0.16143508184523814,42,lynott2020lancaster
Perception_ID_1971_part7,0.061481802804129404,700,lynott2020lancaster
Perception_ID_1973_part4,0.06954196631084386,651,lynott2020lancaster
Perception_ID_2071_part2,0.06912004743303579,700,lynott2020lancaster
Perception_ID_2109_part1,0.06691963684382696,406,lynott2020lancaster
Perception_ID_2117_part2,0.038072335379464306,700,lynott2020lancaster
Perception_ID_2123_part3,0.05340314592633921,700,lynott2020lancaster
Perception_ID_2153_part9,0.0842421177455357,700,lynott2020lancaster
Perception_ID_2210_part11,0.0654801286969866,700,lynott2020lancaster
Perception_ID_2260_part1,0.0846421565915565,406,lynott2020lancaster
Perception_ID_2301_part5,0.02667973109654015,700,lynott2020lancaster
Perception_ID_2312_part1,0.08534327915736606,700,lynott2020lancaster
Perception_ID_2342_part1,0.03122183663504463,700,lynott2020lancaster
Perception_ID_2352_part1,-0.007606543930880505,406,lynott2020lancaster
Perception_ID_2357_part1,0.05686101302724755,406,lynott2020lancaster
Perception_ID_2360_part4,0.07649579729352673,700,lynott2020lancaster
Perception_ID_2569_part12,0.029487958635602607,700,lynott2020lancaster
Perception_ID_2572_part1,0.06715287833378225,406,lynott2020lancaster
Perception_ID_2659_part8,0.04183646065848212,700,lynott2020lancaster
Perception_ID_2681_part8,0.03678309849330358,700,lynott2020lancaster
Perception_ID_2686_part7,0.05290309361049117,700,lynott2020lancaster
Perception_ID_2760_part2,0.07811337425595244,42,lynott2020lancaster
Perception_ID_2773_part1,0.0845685686383929,406,lynott2020lancaster
Perception_ID_2807_part1,0.06607078213997075,406,lynott2020lancaster
Perception_ID_2824_part4,0.044854393121319336,658,lynott2020lancaster
Perception_ID_2890_part2,0.03056980678013399,700,lynott2020lancaster
Perception_ID_2980_part1,0.007824301132427602,406,lynott2020lancaster
Perception_ID_2982_part15,0.020520193917410723,350,lynott2020lancaster
Perception_ID_2987_part2,0.18078903924851186,42,lynott2020lancaster
Perception_ID_3035_part1,0.049797621853833185,406,lynott2020lancaster
Perception_ID_3072_part2,0.06104532877604174,378,lynott2020lancaster
Perception_ID_3074_part5,0.04093484061104913,700,lynott2020lancaster
Perception_ID_3075_part9,0.03515245710100451,700,lynott2020lancaster
Perception_ID_3108_part7,0.01486528669084819,700,lynott2020lancaster
Perception_ID_3180_part1,0.03855529785156253,700,lynott2020lancaster
Perception_ID_3182_part2,0.06422973309875168,378,lynott2020lancaster
Perception_ID_3239_part1,0.07130179268973214,700,lynott2020lancaster
Perception_ID_3248_part3,0.08145324707031243,350,lynott2020lancaster
Perception_ID_3272_part3,0.04530940464564731,700,lynott2020lancaster
Perception_ID_3363_part4,0.06205080530326346,203,lynott2020lancaster
Perception_ID_3421_part1,0.06688594273158488,700,lynott2020lancaster
Perception_ID_3476_part5,0.03847024100167412,700,lynott2020lancaster
Perception_ID_3476_part7,0.044676557268415185,700,lynott2020lancaster
Perception_ID_3551_part25,0.05137914540816324,392,lynott2020lancaster
Perception_ID_3552_part1,0.09964447773148866,406,lynott2020lancaster
07yMS,0.012607670309555591,398,marson2026_eplep
0d9lc,0.057524120245618815,403,marson2026_eplep
0jW0x,0.056458247335333556,1216,marson2026_eplep
0nqw3,0.06435097062558157,403,marson2026_eplep
1lmiV,0.03935577015817898,405,marson2026_eplep
1nojq,0.04779987643991282,803,marson2026_eplep
3PLwR,0.08012189462817929,403,marson2026_eplep
4YYTQ,0.049195170995607884,2412,marson2026_eplep
4s8BO,0.03619368365107614,2419,marson2026_eplep
589cz_chunk1,0.04161687169662448,2906,marson2026_eplep
5yyZn,0.03911023301111302,2012,marson2026_eplep
6eGWc,0.094266357421875,400,marson2026_eplep
7Pu36_chunk0,0.043433365851578726,2886,marson2026_eplep
7k5T8,0.07282580229871555,399,marson2026_eplep
7naMv,0.09832550048828126,400,marson2026_eplep
8BlYg,0.046519107000660365,1609,marson2026_eplep
8JFLQ,-0.008096495671058766,402,marson2026_eplep
8QzWg,0.05664676642565994,805,marson2026_eplep
8XrKE,0.048037404289578145,803,marson2026_eplep
8jLRH,0.03493543298309551,403,marson2026_eplep
8lwbq,0.05810953264859453,398,marson2026_eplep
9W7GJ,0.060276055012619456,811,marson2026_eplep
9u753,0.0660471943852915,1207,marson2026_eplep
AHIGM,0.06584975855522063,1612,marson2026_eplep
Ah6uh,0.09121171375759818,401,marson2026_eplep
BWsmO,0.038339293024256205,2815,marson2026_eplep
C9HlN,0.04080222856880414,808,marson2026_eplep
EL7CN,0.014070185908564806,405,marson2026_eplep
ELRHj,0.006907145182291685,405,marson2026_eplep
FfGtr,0.03061292186286879,805,marson2026_eplep
FjsyV,0.08430469654224537,405,marson2026_eplep
GgSeP,0.09590115017361109,405,marson2026_eplep
HyyfY,0.03482353956179507,399,marson2026_eplep
IZFvo,0.021718242753448663,811,marson2026_eplep
IdWud,0.05031061290807226,403,marson2026_eplep
JCQ2o,0.040547663434187975,401,marson2026_eplep
JWguk,0.011607358939620949,803,marson2026_eplep
KWnaw,0.04167719170598699,404,marson2026_eplep
KbqKZ,0.02678281869461288,402,marson2026_eplep
LKzGV,0.051335525512695324,400,marson2026_eplep
LwKDm,0.11881608374324848,405,marson2026_eplep
M6RsQ,0.047050363324545874,406,marson2026_eplep
Muqkl,0.03547462529502424,2423,marson2026_eplep
NLzJP,0.0932522529999612,403,marson2026_eplep
OD2jY,0.005103912353515622,400,marson2026_eplep
P5Wa0_chunk1,0.004788883829611845,578,marson2026_eplep
PwvtJ,0.06091181437174481,408,marson2026_eplep
S8HsR,0.08961160384600433,402,marson2026_eplep
SLiQm,0.06710837979622075,406,marson2026_eplep
Scn5d_chunk1,0.04993987123822169,1771,marson2026_eplep
TMa1R_chunk0,0.040854138330161854,2915,marson2026_eplep
TMa1R_chunk1,0.05756945244767406,966,marson2026_eplep
U7rCx,0.023462142129809793,2810,marson2026_eplep
VQjlz,0.06614831481317074,396,marson2026_eplep
Y9xCy,0.03276405952045064,803,marson2026_eplep
Ylbnv,0.06820693818649443,404,marson2026_eplep
Z0ltO,0.04275922632929097,402,marson2026_eplep
ZeFkb,0.022462992299524615,401,marson2026_eplep
auBON,0.0062129239858307594,805,marson2026_eplep
bZBtD,0.0827696468159464,807,marson2026_eplep
bo6h7,0.12254165649414067,400,marson2026_eplep
ccD5k,0.03558907951029919,399,marson2026_eplep
d93pE,0.09522402938918684,402,marson2026_eplep
dT0um,0.0919390869140625,400,marson2026_eplep
eTVqZ,0.04909399025960165,2013,marson2026_eplep
fQzye,0.06361302075255892,403,marson2026_eplep
fr1af,0.08076754829235508,401,marson2026_eplep
g2iqD,0.06196360646942517,810,marson2026_eplep
g6LTl,0.05617903725813883,407,marson2026_eplep
gGkpp_chunk0,0.04289852912622011,2907,marson2026_eplep
gWYcO,0.012776768060378085,405,marson2026_eplep
gw78E,0.036524921729606086,403,marson2026_eplep
h8jMa,0.029410878321773692,401,marson2026_eplep
hIqDS,0.04191230213360056,803,marson2026_eplep
ikHQ0,0.09743222668396301,402,marson2026_eplep
iwwvG,0.05356779192933944,404,marson2026_eplep
jqOnR,0.08841214996413621,403,marson2026_eplep
jys2Y_chunk0,0.058092096941741306,2903,marson2026_eplep
jys2Y_chunk2,0.04826566922776132,2887,marson2026_eplep
ku9df,0.04371951248845443,406,marson2026_eplep
lZZnL,0.08108535690687185,402,marson2026_eplep
nreJI,0.05719794849357984,404,marson2026_eplep
pqFUm,-0.003979886942241939,402,marson2026_eplep
qRIE7,0.04303600938417412,809,marson2026_eplep
qkiWE,0.051857088356111775,407,marson2026_eplep
qmp79,0.07148098415798615,405,marson2026_eplep
rgv2g,0.03125522578644535,1203,marson2026_eplep
rho2i,0.020171884990409228,391,marson2026_eplep
sC1yv,0.06362194961376405,801,marson2026_eplep
sDbbe,0.06136892098919611,807,marson2026_eplep
sIAM9,0.0492444683616311,1212,marson2026_eplep
sIqCe_chunk0,0.03997512549684756,2850,marson2026_eplep
sQNaC,0.013672772575827219,408,marson2026_eplep
shTSM,0.06587356983822823,2858,marson2026_eplep
tM4zC,0.08375553121590554,401,marson2026_eplep
tuZ3F,0.034906828979802795,393,marson2026_eplep
uOuOh,0.039129646263312334,804,marson2026_eplep
uwslh,0.04899890317118227,406,marson2026_eplep
vSESf,0.09281040779986782,402,marson2026_eplep
vagpO,0.06104180589626912,1207,marson2026_eplep
w2O3K,0.056261552539549536,401,marson2026_eplep
wGius,0.04530997075158966,403,marson2026_eplep
wKayD,0.08181600340782158,1203,marson2026_eplep
x5IQI,0.040271156712582246,2014,marson2026_eplep
P1,1.02197265625,4,pissani2026_metaphor
P10,2.98046875,2,pissani2026_metaphor
P11,-0.010214619252873591,609,pissani2026_metaphor
P12,0.01157763752052543,609,pissani2026_metaphor
P13,0.028908815681444988,609,pissani2026_metaphor
P14,-0.010775862068965525,609,pissani2026_metaphor
P15,0.010326867816091934,609,pissani2026_metaphor
P16,0.01853785021551735,609,pissani2026_metaphor
P17,-0.015325135981116622,609,pissani2026_metaphor
P18,-0.007446890394088523,609,pissani2026_metaphor
P19,0.04331992764778314,609,pissani2026_metaphor
P2,0.6337890625,8,pissani2026_metaphor
P20,-0.0005003078817733542,609,pissani2026_metaphor
P21,-0.010820761494252817,609,pissani2026_metaphor
P22,-0.01802070504926112,609,pissani2026_metaphor
P23,-0.06951713875205257,609,pissani2026_metaphor
P24,0.00953792077175697,609,pissani2026_metaphor
P25,0.022454122408661625,609,pissani2026_metaphor
P26,0.13739981543284796,309,pissani2026_metaphor
P27,0.07127800111245963,309,pissani2026_metaphor
P28,0.0630562297734627,309,pissani2026_metaphor
P29,0.07633305521844669,309,pissani2026_metaphor
P3,-0.32499999999999973,5,pissani2026_metaphor
P30,0.022009000809061652,309,pissani2026_metaphor
P31,0.0008469862459548061,309,pissani2026_metaphor
P32,0.08466544043284796,309,pissani2026_metaphor
P33,0.026010062702265246,309,pissani2026_metaphor
P34,0.012704793689320537,309,pissani2026_metaphor
P35,0.09444844761326854,309,pissani2026_metaphor
P36,0.06161508899676371,309,pissani2026_metaphor
P37,0.023905238673139095,309,pissani2026_metaphor
P38,0.004550970873786309,309,pissani2026_metaphor
P39,0.0018962378640776656,309,pissani2026_metaphor
P4,1.552083333333333,3,pissani2026_metaphor
P40,0.12178113622572817,309,pissani2026_metaphor
P41,0.14559472340210355,309,pissani2026_metaphor
P42,0.08652296344053378,309,pissani2026_metaphor
P43,0.0015675566343043013,309,pissani2026_metaphor
P44,0.05439674352750812,309,pissani2026_metaphor
P45,0.0034472024170710824,309,pissani2026_metaphor
P46,0.024785409081715226,309,pissani2026_metaphor
P47,0.028456209546925626,309,pissani2026_metaphor
P48,0.11189225576456319,309,pissani2026_metaphor
P49,0.09994595722087385,309,pissani2026_metaphor
P5,-0.14453125,8,pissani2026_metaphor
P50,0.030763298948220053,309,pissani2026_metaphor
P51,0.004146440129449758,309,pissani2026_metaphor
P52,-0.013121966019417508,309,pissani2026_metaphor
P53,0.002237560679611672,309,pissani2026_metaphor
P54,0.10123579401800153,309,pissani2026_metaphor
P6,-0.04616477272727293,11,pissani2026_metaphor
P7,-0.119140625,8,pissani2026_metaphor
P8,1.1078125,5,pissani2026_metaphor
P9,2.065104166666667,3,pissani2026_metaphor
S1,0.0859375,300,pissani2026_metaphor
S10,0.04514648437500002,300,pissani2026_metaphor
S11,0.05754557291666673,300,pissani2026_metaphor
S12,0.08983398437500001,300,pissani2026_metaphor
S13,0.043092447916666776,300,pissani2026_metaphor
S14,0.053906250000000044,300,pissani2026_metaphor
S15,0.06954427083333337,300,pissani2026_metaphor
S16,0.025737304687500018,300,pissani2026_metaphor
S17,0.11615234374999983,300,pissani2026_metaphor
S18,0.014921874999999973,300,pissani2026_metaphor
S19,0.04929687500000002,300,pissani2026_metaphor
S2,0.04655273437499985,300,pissani2026_metaphor
S20,0.060026041666666696,300,pissani2026_metaphor
S21,0.011132812500000089,300,pissani2026_metaphor
S22,0.004707031249999938,300,pissani2026_metaphor
S23,0.014348958333333162,300,pissani2026_metaphor
S24,0.012955729166666652,300,pissani2026_metaphor
S25,-0.006250000000000089,300,pissani2026_metaphor
S26,0.05428385416666659,300,pissani2026_metaphor
S27,0.014479166666666599,300,pissani2026_metaphor
S28,0.13641927083333338,300,pissani2026_metaphor
S29,0.012799479166666794,300,pissani2026_metaphor
S3,0.06494954427083344,300,pissani2026_metaphor
S30,0.01717773437499992,300,pissani2026_metaphor
S31,0.0730729166666666,300,pissani2026_metaphor
S32,0.008248697916666714,300,pissani2026_metaphor
S33,0.0774820963541667,300,pissani2026_metaphor
S34,0.025963541666666812,300,pissani2026_metaphor
S35,0.02145060221354167,300,pissani2026_metaphor
S36,0.05903645833333315,300,pissani2026_metaphor
S37,0.06464192708333316,300,pissani2026_metaphor
S38,0.013906250000000009,300,pissani2026_metaphor
S39,0.060924479166666545,300,pissani2026_metaphor
S4,0.0016406250000000622,300,pissani2026_metaphor
S40,0.02880208333333334,300,pissani2026_metaphor
S41,0.07247395833333337,300,pissani2026_metaphor
S42,0.0286116536458334,300,pissani2026_metaphor
S43,0.002031249999999929,300,pissani2026_metaphor
S44,0.05054524739583344,300,pissani2026_metaphor
S45,0.0015234374999999467,300,pissani2026_metaphor
S46,0.04453124999999991,300,pissani2026_metaphor
S47,0.045377604166666474,300,pissani2026_metaphor
S48,0.00951822916666667,300,pissani2026_metaphor
S49,0.024947916666666625,300,pissani2026_metaphor
S5,0.04851562500000006,300,pissani2026_metaphor
S6,0.01416666666666666,300,pissani2026_metaphor
S7,-0.006380208333333304,300,pissani2026_metaphor
S8,0.06781901041666671,300,pissani2026_metaphor
S9,-0.002343750000000089,300,pissani2026_metaphor
W1,0.06957682291666667,300,pissani2026_metaphor
W10,0.02815104166666682,300,pissani2026_metaphor
W11,0.038190104166666794,300,pissani2026_metaphor
W12,0.016393229166666634,300,pissani2026_metaphor
W13,0.0567903645833332,300,pissani2026_metaphor
W14,0.01985677083333348,300,pissani2026_metaphor
W15,0.046015625000000115,300,pissani2026_metaphor
W16,0.057578125000000036,300,pissani2026_metaphor
W17,0.02954427083333333,300,pissani2026_metaphor
W18,0.023880208333333375,300,pissani2026_metaphor
W19,0.01733072916666667,300,pissani2026_metaphor
W2,0.04126302083333333,300,pissani2026_metaphor
W20,0.06331380208333326,300,pissani2026_metaphor
W21,0.05886067708333331,300,pissani2026_metaphor
W22,0.05475260416666683,300,pissani2026_metaphor
W23,0.03188802083333342,300,pissani2026_metaphor
W24,0.033398437500000044,300,pissani2026_metaphor
W25,0.05477213541666659,300,pissani2026_metaphor
W26,0.050097656249999956,300,pissani2026_metaphor
W3,0.036015624999999885,300,pissani2026_metaphor
W4,0.029029947916666687,300,pissani2026_metaphor
W5,0.05005208333333333,300,pissani2026_metaphor
W6,0.03401448567708332,300,pissani2026_metaphor
W7,0.034876302083333366,300,pissani2026_metaphor
W8,0.022115885416666536,300,pissani2026_metaphor
W9,0.03580729166666652,300,pissani2026_metaphor
cfm_v4_1547111322f402483c37742ee80d6f713a63c33fbe_s,-0.0225067138671875,30,stella2026_formamentis_data
cfm_v4_1547118362b43475194133526d1eba26d34816b776_s,-0.4757603236607144,28,stella2026_formamentis_data
cfm_v5_154763206882bef3c418337cffed6a1dfe5e35158a_s,0.07951245989118227,28,stella2026_formamentis_data
cfm_v5_154763235417d293be3eda1969a27665eecf3ec084_s,-0.07303771972656214,30,stella2026_formamentis_data
cfm_v5_15476325894a39eca512686dcdaa339c6928c0a524_s,0.11104532877604179,30,stella2026_formamentis_data
cfm_v5_154763334237450bfff0761fe60bc0a61b2e2631b0_s,-0.04909667968750053,30,stella2026_formamentis_data
cfm_v5_1547634439d25dbce39603e1960e8c58acc9f2fe75_s,-0.060830688476562145,30,stella2026_formamentis_data
cfm_v5_15476352776f851df3191cf4593f6e500fb1eb3630_s,0.13262939453125,30,stella2026_formamentis_data
cfm_v5_1547640816bf87adf08aacb6f85e2883987b789aaf_s,-0.033267550998263395,27,stella2026_formamentis_data
cfm_v5_1547643158b1401f003b3f05fc8061e6cde19d4fc4_s,0.12843424479166643,30,stella2026_formamentis_data
cfm_v5_1547645553491cbb0859bbc0d65d63c656cd974f0a_s,0.1759379069010416,30,stella2026_formamentis_data
cfm_v5_1547646290379a0c4067f7e1d415109071bb4bb54a_s,-0.11465657552083464,30,stella2026_formamentis_data
cfm_v5_1547649923c85bb302fe9f31d5c175aad53be3be02_s,1.2319498697916664,30,stella2026_formamentis_data
cfm_v5_154765080351897d886b6d386b14dd16e72cf95c2d_s,0.014546712239583925,30,stella2026_formamentis_data
cfm_v5_15476765564892ca3d59bb149932f29fdbbc10e753_s,-0.29344685872395804,30,stella2026_formamentis_data
cfm_v5_15476794426cf898ca923546d66d8a428dd910e105_s,-0.03286437988281321,30,stella2026_formamentis_data
cfm_v5_1547693333d4e49bfbedbb3a417c274267396395d1_s,0.09814889090401735,28,stella2026_formamentis_data
cfm_v5_154769803152339ee0a5442727801a8b06f07caecb_s,0.10289713541666679,30,stella2026_formamentis_data
cfm_v5_15477005312fccf1624123b99ebacfebcffd812c65_s,-0.16404317220052,30,stella2026_formamentis_data
cfm_v5_1547708038c82901e8022dff3c45517dfc12a47300_s,0.28164062499999964,30,stella2026_formamentis_data
cfm_v5_15477112816f15017f681d465ac69d0a37c2f22e02_s,0.25660502115885464,30,stella2026_formamentis_data
cfm_v5_1547713820f17dfdcccb851b5aa67348f35e1fc5ac_s,-0.12584635416666679,30,stella2026_formamentis_data
cfm_v5_154771580951f897d31f6bd12e4618ac75bd35edbc_s,-0.06099446614583304,30,stella2026_formamentis_data
cfm_v5_1547717229c7d343d9996d49310f158ac190c7bf59_s,0.13373413085937536,30,stella2026_formamentis_data
cfm_v5_1547717687ed38c8c2db7391f8f36129a9dca6dcb9_s,-0.08200276692708286,30,stella2026_formamentis_data
cfm_v5_1547717696c90067715e08cd8e1bc3ddb15547db22_s,0.11652933756510375,30,stella2026_formamentis_data
cfm_v5_1547718192922b5958bfef8aa4cb4c6b39fe383954_s,0.36158955891927036,30,stella2026_formamentis_data
cfm_v5_15477195678ed9f57d9ec4e3242162d7bff58b6d1c_s,0.1211395263671875,30,stella2026_formamentis_data
cfm_v5_1547722343d7228bb99117d0196e895d7efe320dad_s,0.5164428710937496,30,stella2026_formamentis_data
cfm_v5_15477239485351859df947ed6b4b81f447043a825a_s,0.33171284993489625,30,stella2026_formamentis_data
cfm_v5_1547732907b65fd6db7b36cd4d8301318fa8183e37_s,-0.0888590494791659,30,stella2026_formamentis_data
cfm_v5_1547746117fa106e0bf35e34ee4c0b2c6dfecda836_s,-0.07151285807291607,30,stella2026_formamentis_data
cfm_v5_15477470436b11c6e3fea3e2cf6ba3a4be0678b182_s,0.28376871744791643,30,stella2026_formamentis_data
cfm_v5_1547753773d2f579c2b1a3c11744b828bca6e6795d_s,-0.1174284836341597,29,stella2026_formamentis_data
cfm_v5_1547758903fff574ff85e8c6472d2abd7cb8aa87c9_s,0.2405771891276034,30,stella2026_formamentis_data
cfm_v5_15477624854bd9eb6ed351cec6d7e289717d375053_s,-0.004016113281251066,30,stella2026_formamentis_data
cfm_v5_154778567130099649966f37c7791ff1693e0fc9d1_s,-0.19323628743489607,30,stella2026_formamentis_data
cfm_v5_15478060988dacfb766ff6e0053fc3ef86e690aa39_s,0.07247314453124964,30,stella2026_formamentis_data
cfm_v5_1547806606e035cc7a35dd2353bff71ec4c8e8ab78_s,-0.2771230061848957,30,stella2026_formamentis_data
cfm_v5_154780694177c6249ea2a687465febcfdc45dc0085_s,-0.07213810511997742,28,stella2026_formamentis_data
cfm_v5_1547895200ad8af7e154c694f79d4a2b3246f135bf_s,0.6417205810546882,30,stella2026_formamentis_data
cfm_v5_1547996070abec9304f048147f67b8dbd654f4bbb3_s,0.04830729166666714,30,stella2026_formamentis_data
cfm_v5_154800268127a02adadf2760cb230e439808dbe055_s,-0.062369791666666785,30,stella2026_formamentis_data
cfm_v5_15480073409d5514ebe0957d10a6a3bce14cc6f822_s,0.13846028645833375,30,stella2026_formamentis_data
cfm_v5_1548012099ba94a0270fad9e656c26280c2575cc11_s,-0.07148844401041643,30,stella2026_formamentis_data
cfm_v5_1548060440cf08d0f3f6b56a7c3f34de3e19045ef8_s,0.029850260416666607,30,stella2026_formamentis_data
cfm_v5_15481000876acc162f89381327b34a0cbd03dd66e1_s,0.13199869791666696,30,stella2026_formamentis_data
cfm_v5_154810705967347ae6f515d8108b96356043e80f0d_s,-0.07230733235677089,30,stella2026_formamentis_data
cfm_v5_154815209566677108d323479f5132fa2091715bcc_s,-0.038703409830729285,30,stella2026_formamentis_data
cfm_v5_1548157424f5c4ce6a8a5f4fb9411f14fd4bfb80c7_s,-0.3281168619791668,30,stella2026_formamentis_data
cfm_v5_1548162258daf06e03d00720df904d6b9b1aa72f72_s,-0.1431355794270841,30,stella2026_formamentis_data
cfm_v5_154816301513c8273e505fff9e4bdc70a9ed9645e3_s,0.1492120150862064,29,stella2026_formamentis_data
cfm_v5_1548331785597ba620fa8b353f8bfb7ff684ce03f8_s,0.25270182291666643,30,stella2026_formamentis_data
cfm_v5_1548361438e89ec10a59d4b2bbbbcf9ab0be70f574_s,0.0953758502828661,29,stella2026_formamentis_data
cfm_v5_154837130007567ce0c4d500606f41833136c9a865_s,0.07159932454427054,30,stella2026_formamentis_data
cfm_v5_1548421043399401446a65088f6f1d5f1cfcfe857d_s,0.08103841145833357,30,stella2026_formamentis_data
cfm_v5_1548451146a7beca6605600827b966d093e146cc37_s,-0.06472167968749964,30,stella2026_formamentis_data
cfm_v5_15486768919246c4ee770d1aed91a87be440f35194_s,-0.837391153971355,30,stella2026_formamentis_data
cfm_v5_1548676942922c7fb59fe37d3dc95ca81af63ac0ed_s,0.07364908854166696,30,stella2026_formamentis_data
cfm_v5_1548676963bf26952e96fd2015ee9ca6ed9a13d0d6_s,-0.0027587890624998224,30,stella2026_formamentis_data
cfm_v5_15486775158a4afe642e5c37f64c7bb0394b1a2b8f_s,-0.06272786458333357,30,stella2026_formamentis_data
cfm_v5_154867787311712c26e6a38669b47fadb6a20133fc_s,0.27535574776785765,28,stella2026_formamentis_data
cfm_v5_1548678288afd7e0077b6fde4db38cfc321cfce73a_s,-0.041373697916666785,30,stella2026_formamentis_data
cfm_v5_1548679898fd45e14c309cfd09dfdc577bb6a8eab6_s,0.07376912434895821,30,stella2026_formamentis_data
cfm_v5_15486810023ff508134a14a603a79ac4ddcba73a9c_s,0.2180592854817709,30,stella2026_formamentis_data
cfm_v5_1548682396720598e5f067861ed05dabaea33fa8c3_s,0.1367513722386855,29,stella2026_formamentis_data
cfm_v5_1548683737141cd20ca45c521d3c4562334dcb0714_s,0.0314218026620372,27,stella2026_formamentis_data
cfm_v5_1548688285e15f9af592163635d9d261548753474e_s,0.38033854166666625,30,stella2026_formamentis_data
cfm_v5_1548690599a47cb12530066044acc96d58cbc55f5d_s,-0.001778157552083215,30,stella2026_formamentis_data
cfm_v5_1548692568967bc6f895cfd61f498f9e5ffb8febc2_s,0.22745564778645821,30,stella2026_formamentis_data
cfm_v5_15487015618bf937cb466c4f4912bebcfa32d6e81c_s,0.2579121907552082,30,stella2026_formamentis_data
cfm_v5_154870383230527dbc653defe521d71ab978b593a7_s,-0.08306477864583339,30,stella2026_formamentis_data
cfm_v5_154872710841f94223d047ef13b4e0f9911288c6b3_s,-0.03133951822916714,30,stella2026_formamentis_data
cfm_v5_1548747721f758d1740d644aa532070bf2bc3cdf9a_s,0.24275716145833304,27,stella2026_formamentis_data
cfm_v5_154876637167c7b6c258f76260aeae010295394ecd_s,0.1560581752232144,28,stella2026_formamentis_data
cfm_v5_1548771359047ff650ec77dfaf208db497af883d18_s,-0.39695536295572964,30,stella2026_formamentis_data
cfm_v5_1548786336fa837ce0f044cabf10719ea134a63c35_s,-0.029705179148706407,29,stella2026_formamentis_data
cfm_v5_15487874456a9c6827da5e32ac36dd8902fa01e32c_s,0.11131998697916679,30,stella2026_formamentis_data
cfm_v5_15488811193d81543186730dad2d65bef4f51d8b55_s,0.16071777343749982,30,stella2026_formamentis_data
cfm_v5_154893858217bc8e409a57f547caa9d6067aa58e8d_s,-0.012386866978236988,28,stella2026_formamentis_data
cfm_v5_1548957343c58665461b61f06b28bf97b3495b9f82_s,-0.11832682291666696,30,stella2026_formamentis_data
cfm_v5_15489592687d7f22a713796966bf19b7e33fc431a8_s,0.12916768391927125,30,stella2026_formamentis_data
cfm_v5_1548972326335f1dbe99335955b6d3ea6b79d6e4e0_s,0.014763387044271603,30,stella2026_formamentis_data
cfm_v5_1549001945d09035b8bb5811bec531a5dc600718ff_s,0.1372639973958334,30,stella2026_formamentis_data
cfm_v5_1549022703dc3ec5d1ce0c6c7fdeeb30bfda867c35_s,0.29715169270833286,30,stella2026_formamentis_data
cfm_v5_154903508505290c490f2e24a7ccd047cb12bb88c9_s,0.04906005859375018,30,stella2026_formamentis_data
cfm_v5_1549101612137f2ae33bd9d74247cef86a34dba48b_s,0.27250569661458357,30,stella2026_formamentis_data
cfm_v5_154928264383dddafb612238807ed3900d016537cc_s,-0.14805908203125107,30,stella2026_formamentis_data
cfm_v5_1549471599585d586602eef47650b53403883481ac_s,0.2583852132161457,30,stella2026_formamentis_data
cfm_v5_1549629202f569962e46f6e170e9c8ba3bac5e41ce_s,-0.17836914062500053,30,stella2026_formamentis_data
cfm_v5_15496301728fd93d6e6d633a289a7fc1704f7e4023_s,-0.1278767903645841,30,stella2026_formamentis_data
cfm_v5_154963078558342b2f28dfb39fe494487411a17161_s,-0.15938822428385446,30,stella2026_formamentis_data
cfm_v5_154963082014332b2a6d8bee708109da3112965323_s,0.2321736653645834,30,stella2026_formamentis_data
cfm_v5_1549631805df994df60151498b2a864c9d3984c8eb_s,0.09689127604166625,30,stella2026_formamentis_data
cfm_v5_1549633791d61db81d5fd686e3e2f9f59ad033dc63_s,-0.07352701822916607,30,stella2026_formamentis_data
cfm_v5_1549907572c782a9a152fe6021108627f6c51ce43a_s,-0.10535380045572929,30,stella2026_formamentis_data
cfm_v5_15499093297f232b7cbfe51caf744a680af21290d2_s,0.044791666666666785,30,stella2026_formamentis_data
cfm_v5_154991217561ebeec7b641fee863803319c3236489_s,0.35068766276041696,30,stella2026_formamentis_data
cfm_v5_1549992377aee8377f9dc776a8dcd3048320aa6872_s,0.6432137324892233,29,stella2026_formamentis_data
cfm_v5_15501033208a8365ba3db784d497b97a26f8a523fd_s,0.10396016438802125,30,stella2026_formamentis_data
cfm_v5_15507870010f07427c8a10ddcc38c43790ebfeef22_s,0.10598144531249964,30,stella2026_formamentis_data
cfm_v6_1559211160b77bff5b10adfface9cba380da07f5cd_s,0.15357360839843803,30,stella2026_formamentis_data
cfm_v6_15592112062649e9fb122bc55d352d5d71bc9ef8fe_s,0.4398457845052084,30,stella2026_formamentis_data
cfm_v6_15592113719fab43ba665436fe676d311269e97c90_s,0.014424641927083925,30,stella2026_formamentis_data
cfm_v6_1559211383b583aaac283d71d5c2c81e3dcc1f3a8e_s,0.18473307291666696,30,stella2026_formamentis_data
cfm_v6_155921141341c8c255c3740f2d5a83e6efba47edeb_s,0.04612935384114625,30,stella2026_formamentis_data
cfm_v6_155921145452e25ba8b2507725ef2ff282c7a2ea1f_s,0.23561706542968786,30,stella2026_formamentis_data
cfm_v6_155921172809326d76bcaa9c415e753267bb8cc43d_s,0.3739176432291673,30,stella2026_formamentis_data
cfm_v6_15592119070a650f455c9d2d0fad999de5482d2d2d_s,0.12819620768229179,30,stella2026_formamentis_data
cfm_v6_15592122957f3312ff23953409dd744f41b79d1fba_s,0.06998799641927089,30,stella2026_formamentis_data
cfm_v6_15592124310c4fb13aa0960a9ec1a6b474df15d9b2_s,0.11359405517578125,28,stella2026_formamentis_data
cfm_v6_15592126059b7e5424ce5b6c0c73c5603a17d0ec0d_s,0.1804351806640625,30,stella2026_formamentis_data
cfm_v6_1559212644a3c728bfdb64f1e8ec6a4b96ccb59569_s,0.26907857259114554,30,stella2026_formamentis_data
cfm_v6_15592130557c57cb5acf8dd3fc7a273370ab6d0b81_s,0.08645528157552107,30,stella2026_formamentis_data
cfm_v6_1559213437e7c79f088bed2a15bd89b003c17a468c_s,0.15380859375,29,stella2026_formamentis_data
cfm_v6_1559213638d486d49ffc621367f20e64bc54028ced_s,0.32613699776785765,28,stella2026_formamentis_data
cfm_v6_15592142110439a8e411f7bf688b640c25521831ea_s,-0.0068698459201383955,27,stella2026_formamentis_data
cfm_v6_1559214328b688d89e3f7d32f2705b63af7515a2af_s,0.31923014322916643,30,stella2026_formamentis_data
cfm_v6_15592145501fa27aaf9f6cc53907e005d921b7ecce_s,-0.05969645182291661,30,stella2026_formamentis_data
cfm_v6_15592168252b42d8fb657d3bd05fd4d599c0abefd8_s,0.5764282226562498,30,stella2026_formamentis_data
cfm_v6_155921734824b1f7b9b8dbee549bd69007d8d85ea7_s,0.36093648274739554,30,stella2026_formamentis_data
cfm_v6_155921767727728bed3b2556527a9e9ecd7d71215a_s,0.4889902750651043,30,stella2026_formamentis_data
cfm_v6_15592195792a2d24fd9d37c9657f6ebc59d455915a_s,0.40102539062499964,30,stella2026_formamentis_data
cfm_v6_15592195895efcf5292c4e57d67a89f001f91851cd_s,0.27008565266927054,30,stella2026_formamentis_data
cfm_v6_1559223679f6242b830647bfd46145492fa484c816_s,0.6255859375000004,30,stella2026_formamentis_data
cfm_v6_155922444354b5c2d8007d23f769d9ad7807ad97d6_s,0.38102213541666696,30,stella2026_formamentis_data
cfm_v6_15592254694f0abd835973305702df0b3697abda4f_s,0.02099293675915881,29,stella2026_formamentis_data
cfm_v6_1559228219eca86e6d88eca722da3ff4bfc8e68ee1_s,0.3382914225260416,30,stella2026_formamentis_data
cfm_v6_1559235782892f90235f1162b9423854f7d7ec476c_s,0.08377990722656214,30,stella2026_formamentis_data
cfm_v6_1559239083eaee16b289ac5f3d7cf3ebdbd46a9f5b_s,0.3288085937500007,30,stella2026_formamentis_data
cfm_v6_15592453103ee5af94c62bc7a85e2ec8380a2e3a4c_s,0.5910196940104164,30,stella2026_formamentis_data
cfm_v6_1559249046ab6164e53b1f77403e807962d423eb80_s,-0.10770568847656214,30,stella2026_formamentis_data
cfm_v6_15592533789dc1a7caf1fe703a1f536019c0c3fd00_s,0.3280110677083332,30,stella2026_formamentis_data
cfm_v6_1559285272ae722af516e347a91dd3b9235c73de86_s,0.2876057942708332,30,stella2026_formamentis_data
cfm_v6_1559289405a40c49158437bd8849ae31cf52b6ca53_s,0.2503114897629315,29,stella2026_formamentis_data
cfm_v6_1559290147bc42af492b5ff5f031dd1c4a3b17f70f_s,0.13411458333333304,30,stella2026_formamentis_data
cfm_v6_1559300761b683e8f9ccd965926071c1df87b73f94_s,0.5323845999581467,28,stella2026_formamentis_data
cfm_v6_155933143077b4af059481a0337efb96dcac711155_s,0.1695935479525863,29,stella2026_formamentis_data
cfm_v6_1559429845768a83fd03d586e04985cf518d75ee1d_s,0.43405049641927107,30,stella2026_formamentis_data
cfm_v6_1559498591ea232ad1f9d1ca1529ddd5a9667c92d6_s,0.2075042724609375,30,stella2026_formamentis_data
cfm_v6_15595019642788a01e50363e070bfbb31e71459c7b_s,0.49293009440104196,30,stella2026_formamentis_data
cfm_v6_1559552285b48b919d7cad5aa9a412e6ef3b1038cf_s,0.3103759765625007,30,stella2026_formamentis_data
cfm_v6_15595646650eed8078dfa57335789705765b288baa_s,0.2679402669270834,30,stella2026_formamentis_data
cfm_v6_1559570667b06d0275441df4a91ffe91c6ea3a3aac_s,0.42490641276041696,30,stella2026_formamentis_data
cfm_v6_1559572173ab6926f501ed06694d2d7b9042cf8c7c_s,0.10948128535829671,29,stella2026_formamentis_data
cfm_v6_1559654151172c02ff31e9c64b012e6c39650ff0e8_s,0.181396484375,30,stella2026_formamentis_data
cfm_v6_1559655571d4d3ee4098ce5c6db47df5b532dfd6bf_s,0.5211425781249996,30,stella2026_formamentis_data
cfm_v6_1559826616bafd379e55bf8bfde552e5c610122959_s,0.3292236328125,28,stella2026_formamentis_data
cfm_v6_15598273832916e8f3a326a344597a768dc2405b8f_s,0.05075378417968768,30,stella2026_formamentis_data
cfm_v6_1560587755a2dfc8ddbd52e4f2a65b6742800648ad_s,0.0766538422683194,29,stella2026_formamentis_data
cfm_v6_156070061046d20c37527c1af5f17f418d40da520f_s,0.14727783203125,30,stella2026_formamentis_data
cfm_v6_15627476302368d4326137088540b8dd9b512577a3_s,0.10223286946614563,30,stella2026_formamentis_data
cfm_v6_15647654980e78356fbcb77f8044f726acd8f15029_s,-0.05962015787760411,30,stella2026_formamentis_data
cfm_v6_156646274217f425920bcf8a82c70097434c538603_s,-0.02607828776041643,30,stella2026_formamentis_data
cfm_v6_1568661956ed370125de91c49ef95315ff3f4fe1ce_s,0.18072713216145875,30,stella2026_formamentis_data
cfm_v6_1568823080a54c7145cc528f0bb5e404742d405961_s,0.3611409505208334,30,stella2026_formamentis_data
cfm_v6_15695554640977dbb23d08c795c797907cb4626263_s,-0.1287190755208334,30,stella2026_formamentis_data
cfm_v6_1571932592b4407ea06f08ae8828849d1042ef4a93_s,-0.1346588134765625,30,stella2026_formamentis_data
cfm_v6_1571932790ec6c6fa5437065451ea31743616a1e6b_s,0.1642687567349137,29,stella2026_formamentis_data
cfm_v6_1571932792ec6c6fa5437065451ea31743616a1e6b_s,0.1642687567349137,29,stella2026_formamentis_data
cfm_v6_15719332794de803f25f3e098ab5dfccdff2871861_s,0.17177734374999964,30,stella2026_formamentis_data
cfm_v6_1571933716320e27c9772e963f90e6968763a0f297_s,-0.029475911458333393,30,stella2026_formamentis_data
cfm_v6_1571934687a5c726ac5f3ca0228faf3d812a825cc3_s,0.35299072265624964,30,stella2026_formamentis_data
cfm_v6_1571941340a54eb116695f772f0d82ea25ef904e24_s,-0.0960845947265625,30,stella2026_formamentis_data
cfm_v6_157198192458c33681ff433c3a385abcc264b87fb0_s,0.15914611816406232,30,stella2026_formamentis_data
cfm_v6_1571994595b1347da34e28bebdd039e04b3df7ecb5_s,-0.03255208333333304,30,stella2026_formamentis_data
cfm_v6_157199716167d845aa1c42d8350ceb65567b2190fb_s,0.1882576778017242,29,stella2026_formamentis_data
cfm_v6_1571999747c11594cde0c10c351fc4cff1b26300f8_s,-0.033559163411458925,30,stella2026_formamentis_data
cfm_v6_1572002267aa6a8e263aee0a0f068647e63aff60dc_s,0.13116760253906268,30,stella2026_formamentis_data
cfm_v6_1572011248129e6594551f1fc5a4974f7c7bdfa3fa_s,0.04710286458333357,30,stella2026_formamentis_data
cfm_v6_15720126307eee87d66a7638e42cb20a19095a71ae_s,-0.09670817057291625,30,stella2026_formamentis_data
cfm_v6_1572033538f0491a7e7eba8c212f9d0c8f78c30f7b_s,0.12406412760416607,30,stella2026_formamentis_data
cfm_v6_1572056902ad3e81af9faddea95768515d16cfc089_s,0.4603312174479166,30,stella2026_formamentis_data
cfm_v6_1572074126fb20f3d26607cb3c4e5ad9badd240691_s,0.24088541666666696,30,stella2026_formamentis_data
cfm_v6_15721006105c4348ca777557b6773b2508045ccec9_s,0.23719075520833321,30,stella2026_formamentis_data
cfm_v6_1572254146342f9fae7b86fc8ab79cefe7149277b1_s,0.019283040364583393,30,stella2026_formamentis_data
cfm_v6_15744168119c5836fa5b175ce58ede4cb3c50fb8b7_s,0.18125813802083357,30,stella2026_formamentis_data
102803,0.10249921013327201,340,tsaregorodtseva2026_mousetracking
102811,0.14798144172219668,340,tsaregorodtseva2026_mousetracking
11766,0.042858527688419135,340,tsaregorodtseva2026_mousetracking
13349,0.007777853573069871,340,tsaregorodtseva2026_mousetracking
134853,0.15616356344784005,340,tsaregorodtseva2026_mousetracking
136176,0.10561173382927391,340,tsaregorodtseva2026_mousetracking
143306,0.12626665900735295,340,tsaregorodtseva2026_mousetracking
144077,0.0017787260167738683,340,tsaregorodtseva2026_mousetracking
14606,0.06468128877527574,340,tsaregorodtseva2026_mousetracking
146102,0.0378542731789982,340,tsaregorodtseva2026_mousetracking
147772,0.025061483944163576,340,tsaregorodtseva2026_mousetracking
150810,0.03964673210592834,340,tsaregorodtseva2026_mousetracking
158948,0.10171203613281249,340,tsaregorodtseva2026_mousetracking
16242,0.12767701990464153,340,tsaregorodtseva2026_mousetracking
165025,0.09128032011144299,340,tsaregorodtseva2026_mousetracking
176247,0.13494998707490807,340,tsaregorodtseva2026_mousetracking
181098,0.1369641472311581,340,tsaregorodtseva2026_mousetracking
181780,0.06756771312040444,340,tsaregorodtseva2026_mousetracking
189927,0.1091653262867647,340,tsaregorodtseva2026_mousetracking
190255,0.008027648925781228,340,tsaregorodtseva2026_mousetracking
191990,0.08091457591337314,340,tsaregorodtseva2026_mousetracking
196421,0.05844699635225181,340,tsaregorodtseva2026_mousetracking
197066,0.10099379595588237,340,tsaregorodtseva2026_mousetracking
197283,0.08871361227596508,340,tsaregorodtseva2026_mousetracking
210000,0.12625929888556986,340,tsaregorodtseva2026_mousetracking
236897,0.11583072437959557,340,tsaregorodtseva2026_mousetracking
241998,0.07023961684283092,340,tsaregorodtseva2026_mousetracking
247453,0.07094089283662686,340,tsaregorodtseva2026_mousetracking
251820,0.07602144129136029,340,tsaregorodtseva2026_mousetracking
256679,0.06994000603170958,340,tsaregorodtseva2026_mousetracking
257983,0.09536168715533089,340,tsaregorodtseva2026_mousetracking
258197,0.024953326056985248,340,tsaregorodtseva2026_mousetracking
265085,0.14508963192210475,340,tsaregorodtseva2026_mousetracking
270939,0.12578178854549632,340,tsaregorodtseva2026_mousetracking
27206,0.10398523667279413,340,tsaregorodtseva2026_mousetracking
275086,0.027935791015625044,340,tsaregorodtseva2026_mousetracking
275810,0.11238708496093752,340,tsaregorodtseva2026_mousetracking
286757,0.12828054989085477,340,tsaregorodtseva2026_mousetracking
296390,0.11594193402458641,340,tsaregorodtseva2026_mousetracking
299845,0.0723008099724265,340,tsaregorodtseva2026_mousetracking
308114,0.06798732981962313,340,tsaregorodtseva2026_mousetracking
311618,0.03732802447150735,340,tsaregorodtseva2026_mousetracking
316819,0.10363320743336396,340,tsaregorodtseva2026_mousetracking
317351,0.005188796099494464,340,tsaregorodtseva2026_mousetracking
320160,0.09822495404411763,340,tsaregorodtseva2026_mousetracking
344025,0.09497492173138788,340,tsaregorodtseva2026_mousetracking
344845,0.1690569709329044,340,tsaregorodtseva2026_mousetracking
345425,0.13416074865004596,340,tsaregorodtseva2026_mousetracking
356676,0.10321969424977023,340,tsaregorodtseva2026_mousetracking
358144,0.12579785515280334,340,tsaregorodtseva2026_mousetracking
359068,0.15598665125229783,340,tsaregorodtseva2026_mousetracking
36102,0.07254162956686572,340,tsaregorodtseva2026_mousetracking
362950,0.1508147295783548,340,tsaregorodtseva2026_mousetracking
367233,0.07073086009306068,340,tsaregorodtseva2026_mousetracking
36962,0.1165544397690717,340,tsaregorodtseva2026_mousetracking
372459,0.12148993997012869,340,tsaregorodtseva2026_mousetracking
377065,0.1109822890337776,340,tsaregorodtseva2026_mousetracking
381564,0.10945183249080886,340,tsaregorodtseva2026_mousetracking
392240,0.14083314783432904,340,tsaregorodtseva2026_mousetracking
400415,0.06704873477711393,340,tsaregorodtseva2026_mousetracking
40501,0.12390271355124077,340,tsaregorodtseva2026_mousetracking
411144,0.18630945542279415,340,tsaregorodtseva2026_mousetracking
419438,0.053084250057444826,340,tsaregorodtseva2026_mousetracking
427153,0.044734909955193025,340,tsaregorodtseva2026_mousetracking
429376,0.08193090102251838,340,tsaregorodtseva2026_mousetracking
432822,0.08572926240808826,340,tsaregorodtseva2026_mousetracking
43317,0.09835698744829968,340,tsaregorodtseva2026_mousetracking
440034,0.06268301571116724,340,tsaregorodtseva2026_mousetracking
447902,0.10453868192784926,340,tsaregorodtseva2026_mousetracking
450825,0.10818499396829043,340,tsaregorodtseva2026_mousetracking
452385,0.12424621582031253,340,tsaregorodtseva2026_mousetracking
454776,0.0743434232823989,340,tsaregorodtseva2026_mousetracking
461560,0.09156754437614889,340,tsaregorodtseva2026_mousetracking
473744,0.060666073069852944,340,tsaregorodtseva2026_mousetracking
475749,0.1231127570657169,340,tsaregorodtseva2026_mousetracking
4812,0.1304104075712316,340,tsaregorodtseva2026_mousetracking
491524,0.08499477610868567,340,tsaregorodtseva2026_mousetracking
503321,0.13471177045036764,340,tsaregorodtseva2026_mousetracking
504434,0.10627970975988055,340,tsaregorodtseva2026_mousetracking
505716,0.08653420840992648,340,tsaregorodtseva2026_mousetracking
506194,0.08089105942670038,340,tsaregorodtseva2026_mousetracking
507495,0.10402473000919116,340,tsaregorodtseva2026_mousetracking
507800,0.07790042652803314,340,tsaregorodtseva2026_mousetracking
50858,0.06364458869485301,340,tsaregorodtseva2026_mousetracking
510602,0.06430933335248162,340,tsaregorodtseva2026_mousetracking
516341,0.050082128188189357,340,tsaregorodtseva2026_mousetracking
535695,0.05344534481272978,340,tsaregorodtseva2026_mousetracking
541223,0.1064100377699908,340,tsaregorodtseva2026_mousetracking
545265,0.11274117862477023,340,tsaregorodtseva2026_mousetracking
5470,0.0637130737304687,340,tsaregorodtseva2026_mousetracking
551018,-0.008451573988970562,340,tsaregorodtseva2026_mousetracking
552667,0.08735791374655327,340,tsaregorodtseva2026_mousetracking
560324,0.09857132855583639,340,tsaregorodtseva2026_mousetracking
560389,0.03334637810202201,340,tsaregorodtseva2026_mousetracking
567112,0.054595318962545936,340,tsaregorodtseva2026_mousetracking
572009,0.09992864272173713,340,tsaregorodtseva2026_mousetracking
575616,0.1213200288660386,340,tsaregorodtseva2026_mousetracking
581473,0.07266028909122241,340,tsaregorodtseva2026_mousetracking
590224,0.0697985480813419,340,tsaregorodtseva2026_mousetracking
591462,0.08187659768497241,340,tsaregorodtseva2026_mousetracking
595341,0.12819204891429226,340,tsaregorodtseva2026_mousetracking
595454,0.06330422794117646,340,tsaregorodtseva2026_mousetracking
598764,0.12459223130170036,340,tsaregorodtseva2026_mousetracking
607162,0.0038172104779411464,340,tsaregorodtseva2026_mousetracking
61172,0.022404839010799593,340,tsaregorodtseva2026_mousetracking
614306,0.07416112563189337,340,tsaregorodtseva2026_mousetracking
621010,0.11354962517233455,340,tsaregorodtseva2026_mousetracking
622429,0.11101271685431985,340,tsaregorodtseva2026_mousetracking
626348,0.15444344913258273,340,tsaregorodtseva2026_mousetracking
689772,0.10563013413373162,340,tsaregorodtseva2026_mousetracking
696810,0.08281178193933825,340,tsaregorodtseva2026_mousetracking
70086,0.12560002944048715,340,tsaregorodtseva2026_mousetracking
703366,0.07740173339843748,340,tsaregorodtseva2026_mousetracking
727702,0.09818716610179229,340,tsaregorodtseva2026_mousetracking
729797,0.06418825037339154,340,tsaregorodtseva2026_mousetracking
730198,0.1313893935259651,340,tsaregorodtseva2026_mousetracking
752572,0.1003496057846967,340,tsaregorodtseva2026_mousetracking
759662,0.038416514677159896,340,tsaregorodtseva2026_mousetracking
760254,0.1938774557674632,340,tsaregorodtseva2026_mousetracking
77012,0.04294334860409005,340,tsaregorodtseva2026_mousetracking
773320,0.06442619772518388,340,tsaregorodtseva2026_mousetracking
780801,0.1015851189108456,340,tsaregorodtseva2026_mousetracking
782056,0.10765488568474263,340,tsaregorodtseva2026_mousetracking
797610,0.09150166231043194,340,tsaregorodtseva2026_mousetracking
801643,0.04598379696116728,340,tsaregorodtseva2026_mousetracking
804219,0.1122058644014246,340,tsaregorodtseva2026_mousetracking
813872,0.1172412647920496,340,tsaregorodtseva2026_mousetracking
814166,0.047211860207950374,340,tsaregorodtseva2026_mousetracking
818019,0.07884315041934742,340,tsaregorodtseva2026_mousetracking
822168,0.029622515510110303,340,tsaregorodtseva2026_mousetracking
829313,0.07842631620519303,340,tsaregorodtseva2026_mousetracking
838251,0.1491048476275276,340,tsaregorodtseva2026_mousetracking
852078,0.02085158404181986,340,tsaregorodtseva2026_mousetracking
853770,0.15355413100298715,340,tsaregorodtseva2026_mousetracking
854985,0.12429522346047794,340,tsaregorodtseva2026_mousetracking
868857,0.08488877240349268,340,tsaregorodtseva2026_mousetracking
871819,0.0976304895737592,340,tsaregorodtseva2026_mousetracking
875390,0.12304552863625917,340,tsaregorodtseva2026_mousetracking
876953,0.14418613209443937,340,tsaregorodtseva2026_mousetracking
896050,0.08584163890165436,340,tsaregorodtseva2026_mousetracking
898374,0.10098903880399818,340,tsaregorodtseva2026_mousetracking
900031,0.08792311724494484,340,tsaregorodtseva2026_mousetracking
903156,0.12499362721162682,340,tsaregorodtseva2026_mousetracking
915304,0.1722338508157169,340,tsaregorodtseva2026_mousetracking
915820,0.18253021240234377,340,tsaregorodtseva2026_mousetracking
920877,0.10121352251838234,340,tsaregorodtseva2026_mousetracking
923155,0.09093834372127757,340,tsaregorodtseva2026_mousetracking
924509,0.047016547707950385,340,tsaregorodtseva2026_mousetracking
935441,0.10001579733455884,340,tsaregorodtseva2026_mousetracking
937490,0.18277866139131438,340,tsaregorodtseva2026_mousetracking
938985,0.11263104607077207,340,tsaregorodtseva2026_mousetracking
940850,0.10498531565946695,340,tsaregorodtseva2026_mousetracking
948260,0.14518450568704044,340,tsaregorodtseva2026_mousetracking
954664,-0.03866613051470591,340,tsaregorodtseva2026_mousetracking
959334,0.06827365650850181,340,tsaregorodtseva2026_mousetracking
963870,0.06767219094669119,340,tsaregorodtseva2026_mousetracking
967706,0.06642689424402576,340,tsaregorodtseva2026_mousetracking
968143,0.05270511402803313,340,tsaregorodtseva2026_mousetracking
9706,0.10692749023437498,340,tsaregorodtseva2026_mousetracking
977849,0.1278852574965533,340,tsaregorodtseva2026_mousetracking
981771,0.06853521010454963,340,tsaregorodtseva2026_mousetracking
988901,0.05361067828010113,340,tsaregorodtseva2026_mousetracking
992144,0.09347875258501837,340,tsaregorodtseva2026_mousetracking
999911,0.12589596019071692,340,tsaregorodtseva2026_mousetracking
